taxonID,scientificName,taxonRank,threatStatus,kingdom,phylum,class,order,family,establishmentMeans,scientific_std,matched_any,matched_grid10,matched_grid50,n_grids
urn:lsid:dyntaxa.se:TaxonName:19809,Abia brevicornis,species,"",Animalia,Arthropoda,Insecta,Hymenoptera,Cimbicidae,"",abia brevicornis,FALSE,FALSE,FALSE,0
urn:lsid:dyntaxa.se:TaxonName:19812,Abia dorsalis,species,"",Animalia,Arthropoda,Insecta,Hymenoptera,Cimbicidae,"",abia dorsalis,FALSE,FALSE,FALSE,0
urn:lsid:dyntaxa.se:TaxonName:19807,Abia nigricornis,species,"",Animalia,Arthropoda,Insecta,Hymenoptera,Cimbicidae,"",abia nigricornis,FALSE,FALSE,FALSE,0
urn:lsid:dyntaxa.se:TaxonName:19811,Abia rossica,species,"",Animalia,Arthropoda,Insecta,Hymenoptera,Cimbicidae,"",abia rossica,FALSE,FALSE,FALSE,0
urn:lsid:dyntaxa.se:TaxonName:19813,Abia symballophthalma,species,"",Animalia,Arthropoda,Insecta,Hymenoptera,Cimbicidae,"",abia symballophthalma,FALSE,FALSE,FALSE,0
urn:lsid:dyntaxa.se:TaxonName:399958,Abortiporus wynneae,species,"",Fungi,Basidiomycota,Agaricomycetes,Polyporales,Steccherinaceae,"",abortiporus wynneae,FALSE,FALSE,FALSE,0
urn:lsid:dyntaxa.se:TaxonName:399959,Abortiporus wynnei,species,"",Fungi,Basidiomycota,Agaricomycetes,Polyporales,Steccherinaceae,"",abortiporus wynnei,FALSE,FALSE,FALSE,0
urn:lsid:dyntaxa.se:TaxonName:424702,Abraeus globulus,species,"",Animalia,Arthropoda,Insecta,Coleoptera,Histeridae,"",abraeus globulus,FALSE,FALSE,FALSE,0
urn:lsid:dyntaxa.se:TaxonName:47296,Abramis vimba,species,"",Animalia,Chordata,Actinopterygii,Cypriniformes,Cyprinidae,"",abramis vimba,FALSE,FALSE,FALSE,0
urn:lsid:dyntaxa.se:TaxonName:145593,Abrephia compositella,species,"",Animalia,Arthropoda,Insecta,Lepidoptera,Pyralidae,"",abrephia compositella,FALSE,FALSE,FALSE,0
urn:lsid:dyntaxa.se:TaxonName:2620,Abrothallus lobariellus,species,"",Fungi,Ascomycota,Eurotiomycetes,Sclerococcales,Sclerococcaceae,"",abrothallus lobariellus,FALSE,FALSE,FALSE,0
urn:lsid:dyntaxa.se:TaxonName:2621,Abrothallus viduus,species,"",Fungi,Ascomycota,Eurotiomycetes,Sclerococcales,Sclerococcaceae,"",abrothallus viduus,FALSE,FALSE,FALSE,0
urn:lsid:dyntaxa.se:TaxonName:157615,Absconditella modesta,species,"",Fungi,Ascomycota,Lecanoromycetes,Ostropales,Stictidaceae,"",absconditella modesta,FALSE,FALSE,FALSE,0
urn:lsid:dyntaxa.se:TaxonName:19179,Acalles navieresi,species,"",Animalia,Arthropoda,Insecta,Coleoptera,Curculionidae,"",acalles navieresi,FALSE,FALSE,FALSE,0
urn:lsid:dyntaxa.se:TaxonName:36224,Acalles parvulus,species,"",Animalia,Arthropoda,Insecta,Coleoptera,Curculionidae,"",acalles parvulus,FALSE,FALSE,FALSE,0
urn:lsid:dyntaxa.se:TaxonName:115181,Acalles roboris,species,"",Animalia,Arthropoda,Insecta,Coleoptera,Curculionidae,"",acalles roboris,FALSE,FALSE,FALSE,0
urn:lsid:dyntaxa.se:TaxonName:36225,Acalles turbatus,species,"",Animalia,Arthropoda,Insecta,Coleoptera,Curculionidae,"",acalles turbatus,FALSE,FALSE,FALSE,0
urn:lsid:dyntaxa.se:TaxonName:129970,Acanthiza trochiloides,species,"",Animalia,Chordata,Aves,Passeriformes,Phylloscopidae,"",acanthiza trochiloides,FALSE,FALSE,FALSE,0
urn:lsid:dyntaxa.se:Taxon:243657,Acanthocnema latipennis,species,DD,Animalia,Arthropoda,Insecta,Diptera,Scathophagidae,native,acanthocnema latipennis,FALSE,FALSE,FALSE,0
urn:lsid:dyntaxa.se:TaxonName:336730,Acanthocnema nigripes,species,"",Animalia,Arthropoda,Insecta,Diptera,Scathophagidae,"",acanthocnema nigripes,FALSE,FALSE,FALSE,0
urn:lsid:dyntaxa.se:TaxonName:395736,Acanthophysellum fennicum,species,"",Fungi,Basidiomycota,Agaricomycetes,Russulales,Stereaceae,"",acanthophysellum fennicum,FALSE,FALSE,FALSE,0
urn:lsid:dyntaxa.se:Taxon:1960,Acanthophysium fennicum,species,RE,Fungi,Basidiomycota,Agaricomycetes,Russulales,Stereaceae,native,acanthophysium fennicum,FALSE,FALSE,FALSE,0
urn:lsid:dyntaxa.se:TaxonName:142205,Acanthopyma gowerensis,species,"",Animalia,Arthropoda,Arachnida,Araneae,Linyphiidae,"",acanthopyma gowerensis,FALSE,FALSE,FALSE,0
urn:lsid:dyntaxa.se:TaxonName:128595,Acar nodulosa,species,"",Animalia,Mollusca,Bivalvia,Arcoida,Arcidae,"",acar nodulosa,FALSE,FALSE,FALSE,0
urn:lsid:dyntaxa.se:TaxonName:87332,Achroanthes monophyllos,species,"",Plantae,Tracheophyta,Liliopsida,Asparagales,Orchidaceae,"",achroanthes monophyllos,FALSE,FALSE,FALSE,0
urn:lsid:dyntaxa.se:TaxonName:269848,Achrysis unicolor,species,"",Animalia,Arthropoda,Insecta,Hymenoptera,Chrysididae,"",achrysis unicolor,FALSE,FALSE,FALSE,0
urn:lsid:dyntaxa.se:TaxonName:465488,Acia crinalis,species,"",Fungi,Basidiomycota,Agaricomycetes,Thelephorales,Thelephoraceae,"",acia crinalis,FALSE,FALSE,FALSE,0
urn:lsid:dyntaxa.se:TaxonName:161042,Acicula polita,species,"",Animalia,Mollusca,Gastropoda,Architaenioglossa,Aciculidae,"",acicula polita,FALSE,FALSE,FALSE,0
urn:lsid:dyntaxa.se:TaxonName:107503,Acmaeops marginata,species,"",Animalia,Arthropoda,Insecta,Coleoptera,Cerambycidae,"",acmaeops marginata,FALSE,FALSE,FALSE,0
urn:lsid:dyntaxa.se:TaxonName:107504,Acmaeops smaragdula,species,"",Animalia,Arthropoda,Insecta,Coleoptera,Cerambycidae,"",acmaeops smaragdula,FALSE,FALSE,FALSE,0
urn:lsid:dyntaxa.se:TaxonName:2595,Acolium lucidum,species,"",Fungi,Ascomycota,Lecanoromycetes,Caliciales,Caliciaceae,"",acolium lucidum,FALSE,FALSE,FALSE,0
urn:lsid:dyntaxa.se:TaxonName:424144,Acolium lucidum,species,"",Fungi,Ascomycota,Lecanoromycetes,Caliciales,Caliciaceae,"",acolium lucidum,FALSE,FALSE,FALSE,0
urn:lsid:dyntaxa.se:TaxonName:424072,Acolium notarisii,species,"",Fungi,Ascomycota,Lecanoromycetes,Caliciales,Caliciaceae,"",acolium notarisii,FALSE,FALSE,FALSE,0
urn:lsid:dyntaxa.se:Taxon:102363,Acosmetia caliginosa,species,RE,Animalia,Arthropoda,Insecta,Lepidoptera,Noctuidae,native,acosmetia caliginosa,FALSE,FALSE,FALSE,0
urn:lsid:dyntaxa.se:TaxonName:90159,Acritus atomarius,species,"",Animalia,Arthropoda,Insecta,Coleoptera,Histeridae,"",acritus atomarius,FALSE,FALSE,FALSE,0
urn:lsid:dyntaxa.se:TaxonName:131202,Acrocercops hofmanniella,species,"",Animalia,Arthropoda,Insecta,Lepidoptera,Gracillariidae,"",acrocercops hofmanniella,FALSE,FALSE,FALSE,0
urn:lsid:dyntaxa.se:Taxon:251461,Acrochaetium catenulatum,species,DD,Plantae,Rhodophyta,Florideophyceae,Acrochaetiales,Acrochaetiaceae,native,acrochaetium catenulatum,FALSE,FALSE,FALSE,0
urn:lsid:dyntaxa.se:TaxonName:27129,Acrochaetium densum,species,"",Plantae,Rhodophyta,Florideophyceae,Acrochaetiales,Acrochaetiaceae,"",acrochaetium densum,FALSE,FALSE,FALSE,0
urn:lsid:dyntaxa.se:TaxonName:32462,Acrochaetium polyidis,species,"",Plantae,Rhodophyta,Florideophyceae,Nemaliales,Liagoraceae,"",acrochaetium polyidis,FALSE,FALSE,FALSE,0
urn:lsid:dyntaxa.se:Taxon:232526,Acrochaetium stilophorae,species,DD,Plantae,Rhodophyta,Florideophyceae,Acrochaetiales,Acrochaetiaceae,native,acrochaetium stilophorae,FALSE,FALSE,FALSE,0
urn:lsid:dyntaxa.se:TaxonName:125399,Acrognathus mandibularis,species,"",Animalia,Arthropoda,Insecta,Coleoptera,Staphylinidae,"",acrognathus mandibularis,FALSE,FALSE,FALSE,0
urn:lsid:dyntaxa.se:Taxon:214214,Acrolepiopsis betulella,species,DD,Animalia,Arthropoda,Insecta,Lepidoptera,Glyphipterigidae,native,acrolepiopsis betulella,FALSE,FALSE,FALSE,0
urn:lsid:dyntaxa.se:TaxonName:20936,Acrolocha striata,species,"",Animalia,Arthropoda,Insecta,Coleoptera,Staphylinidae,"",acrolocha striata,FALSE,FALSE,FALSE,0
urn:lsid:dyntaxa.se:Taxon:250191,Acropsilus niger,species,DD,Animalia,Arthropoda,Insecta,Diptera,Dolichopodidae,native,acropsilus niger,FALSE,FALSE,FALSE,0
urn:lsid:dyntaxa.se:TaxonName:286163,Acrosorium reptans,species,"",Plantae,Rhodophyta,Florideophyceae,Ceramiales,Delesseriaceae,"",acrosorium reptans,FALSE,FALSE,FALSE,0
urn:lsid:dyntaxa.se:TaxonName:286164,Acrosorium uncinatum,species,"",Plantae,Rhodophyta,Florideophyceae,Ceramiales,Delesseriaceae,"",acrosorium uncinatum,FALSE,FALSE,FALSE,0
urn:lsid:dyntaxa.se:TaxonName:10541,Acrothrix norvegica,species,"",Chromista,Ochrophyta,Phaeophyceae,Ectocarpales,Chordariaceae,"",acrothrix norvegica,FALSE,FALSE,FALSE,0
urn:lsid:dyntaxa.se:TaxonName:10540,Acrothrix novae-angliae,species,"",Chromista,Ochrophyta,Phaeophyceae,Ectocarpales,Chordariaceae,"",acrothrix novae-angliae,FALSE,FALSE,FALSE,0
urn:lsid:dyntaxa.se:Taxon:102150,Actidium coarctatum,species,RE,Animalia,Arthropoda,Insecta,Coleoptera,Ptiliidae,native,actidium coarctatum,FALSE,FALSE,FALSE,0
urn:lsid:dyntaxa.se:TaxonName:96675,Actinotia hyperici,species,"",Animalia,Arthropoda,Insecta,Lepidoptera,Noctuidae,"",actinotia hyperici,FALSE,FALSE,FALSE,0
urn:lsid:dyntaxa.se:TaxonName:117343,Adela amatella,species,"",Animalia,Arthropoda,Insecta,Lepidoptera,Adelidae,"",adela amatella,FALSE,FALSE,FALSE,0
urn:lsid:dyntaxa.se:TaxonName:117344,Adela amurensis,species,"",Animalia,Arthropoda,Insecta,Lepidoptera,Adelidae,"",adela amurensis,FALSE,FALSE,FALSE,0
urn:lsid:dyntaxa.se:TaxonName:117354,Adela dumerilellus,species,"",Animalia,Arthropoda,Insecta,Lepidoptera,Adelidae,"",adela dumerilellus,FALSE,FALSE,FALSE,0
urn:lsid:dyntaxa.se:TaxonName:125407,Adelocera conspersa,species,"",Animalia,Arthropoda,Insecta,Coleoptera,Elateridae,"",adelocera conspersa,FALSE,FALSE,FALSE,0
urn:lsid:dyntaxa.se:TaxonName:125408,Adelocera fasciata,species,"",Animalia,Arthropoda,Insecta,Coleoptera,Elateridae,"",adelocera fasciata,FALSE,FALSE,FALSE,0
urn:lsid:dyntaxa.se:TaxonName:125409,Adelocera lepidoptera,species,"",Animalia,Arthropoda,Insecta,Coleoptera,Elateridae,"",adelocera lepidoptera,FALSE,FALSE,FALSE,0
urn:lsid:dyntaxa.se:TaxonName:125410,Adelocera quercea,species,"",Animalia,Arthropoda,Insecta,Coleoptera,Elateridae,"",adelocera quercea,FALSE,FALSE,FALSE,0
urn:lsid:dyntaxa.se:TaxonName:267686,Adeorbis exquisitus,species,"",Animalia,Mollusca,Gastropoda,Euthyneura ordo incertae sedis,Tjaernoeiidae,"",adeorbis exquisitus,FALSE,FALSE,FALSE,0
urn:lsid:dyntaxa.se:TaxonName:90119,Aderus pentatomus,species,"",Animalia,Arthropoda,Insecta,Coleoptera,Aderidae,"",aderus pentatomus,FALSE,FALSE,FALSE,0
urn:lsid:dyntaxa.se:TaxonName:25723,Aegialia rufa,species,"",Animalia,Arthropoda,Insecta,Coleoptera,Scarabaeidae,"",aegialia rufa,FALSE,FALSE,FALSE,0
urn:lsid:dyntaxa.se:TaxonName:106156,Aegialia rufina,species,"",Animalia,Arthropoda,Insecta,Coleoptera,Scarabaeidae,"",aegialia rufina,FALSE,FALSE,FALSE,0
urn:lsid:dyntaxa.se:TaxonName:95800,Aegialia spissipes,species,"",Animalia,Arthropoda,Insecta,Coleoptera,Scarabaeidae,"",aegialia spissipes,FALSE,FALSE,FALSE,0
urn:lsid:dyntaxa.se:TaxonName:110652,Aelia glebana,species,"",Animalia,Arthropoda,Insecta,Hemiptera,Pentatomidae,"",aelia glebana,FALSE,FALSE,FALSE,0
urn:lsid:dyntaxa.se:Taxon:100181,Aelia rostrata,species,CR,Animalia,Arthropoda,Insecta,Hemiptera,Pentatomidae,native,aelia rostrata,FALSE,FALSE,FALSE,0
urn:lsid:dyntaxa.se:TaxonName:141703,Aenoabia lonicerae,species,"",Animalia,Arthropoda,Insecta,Hymenoptera,Cimbicidae,"",aenoabia lonicerae,FALSE,FALSE,FALSE,0
urn:lsid:dyntaxa.se:TaxonName:426572,Aeruginospora atropuncta,species,"",Fungi,Basidiomycota,Agaricomycetes,Agaricales,Clavariaceae,"",aeruginospora atropuncta,FALSE,FALSE,FALSE,0
urn:lsid:dyntaxa.se:TaxonName:426545,Aeruginospora foetens,speciesAggregate,"",Fungi,Basidiomycota,Agaricomycetes,Agaricales,Clavariaceae,"",aeruginospora foetens,FALSE,FALSE,FALSE,0
urn:lsid:dyntaxa.se:TaxonName:426574,Aeruginospora hymenocephala,species,"",Fungi,Basidiomycota,Agaricomycetes,Agaricales,Clavariaceae,"",aeruginospora hymenocephala,FALSE,FALSE,FALSE,0
urn:lsid:dyntaxa.se:TaxonName:21023,Agaricochara laevicollis,species,"",Animalia,Arthropoda,Insecta,Coleoptera,Staphylinidae,"",agaricochara laevicollis,FALSE,FALSE,FALSE,0
urn:lsid:dyntaxa.se:TaxonName:99470,Agaricus abietinus,species,"",Fungi,Basidiomycota,Agaricomycetes,Gloeophyllales,Gloeophyllaceae,"",agaricus abietinus,FALSE,FALSE,FALSE,0
urn:lsid:dyntaxa.se:TaxonName:119561,Agaricus acerbus,species,"",Fungi,Basidiomycota,Agaricomycetes,Agaricales,Tricholomataceae,"",agaricus acerbus,FALSE,FALSE,FALSE,0
urn:lsid:dyntaxa.se:TaxonName:283714,Agaricus ammophilus,species,"",Fungi,Basidiomycota,Agaricomycetes,Agaricales,Psathyrellaceae,"",agaricus ammophilus,FALSE,FALSE,FALSE,0
urn:lsid:dyntaxa.se:TaxonName:271234,Agaricus arenicola,species,"",Fungi,Basidiomycota,Agaricomycetes,Agaricales,Agaricaceae,"",agaricus arenicola,FALSE,FALSE,FALSE,0
urn:lsid:dyntaxa.se:TaxonName:271233,Agaricus arenophilus,species,"",Fungi,Basidiomycota,Agaricomycetes,Agaricales,Agaricaceae,"",agaricus arenophilus,FALSE,FALSE,FALSE,0
urn:lsid:dyntaxa.se:TaxonName:295594,Agaricus atropunctus,species,"",Fungi,Basidiomycota,Agaricomycetes,Agaricales,Clavariaceae,"",agaricus atropunctus,FALSE,FALSE,FALSE,0
urn:lsid:dyntaxa.se:TaxonName:119476,Agaricus bucknallii,species,"",Fungi,Basidiomycota,Agaricomycetes,Agaricales,Agaricaceae,"",agaricus bucknallii,FALSE,FALSE,FALSE,0
urn:lsid:dyntaxa.se:TaxonName:103678,Agaricus bulliardii,species,"",Fungi,Basidiomycota,Agaricomycetes,Agaricales,Cortinariaceae,"",agaricus bulliardii,FALSE,FALSE,FALSE,0
urn:lsid:dyntaxa.se:TaxonName:108986,Agaricus caerulescens,species,"",Fungi,Basidiomycota,Agaricomycetes,Agaricales,Cortinariaceae,"",agaricus caerulescens,FALSE,FALSE,FALSE,0
urn:lsid:dyntaxa.se:TaxonName:300001,Agaricus camarophyllus var. atramentosus,species,"",Fungi,Basidiomycota,Agaricomycetes,Agaricales,Hygrophoraceae,"",agaricus camarophyllus,FALSE,FALSE,FALSE,0
urn:lsid:dyntaxa.se:TaxonName:119443,Agaricus ceciliae,species,"",Fungi,Basidiomycota,Agaricomycetes,Agaricales,Amanitaceae,"",agaricus ceciliae,FALSE,FALSE,FALSE,0
urn:lsid:dyntaxa.se:TaxonName:300059,Agaricus chrysodon,species,"",Fungi,Basidiomycota,Agaricomycetes,Agaricales,Hygrophoraceae,"",agaricus chrysodon,FALSE,FALSE,FALSE,0
urn:lsid:dyntaxa.se:TaxonName:231107,Agaricus colossus,species,"",Fungi,Basidiomycota,Agaricomycetes,Agaricales,Tricholomataceae,"",agaricus colossus,FALSE,FALSE,FALSE,0
urn:lsid:dyntaxa.se:TaxonName:109124,Agaricus comosus,species,"",Fungi,Basidiomycota,Agaricomycetes,Agaricales,Strophariaceae,"",agaricus comosus,FALSE,FALSE,FALSE,0
urn:lsid:dyntaxa.se:TaxonName:300082,Agaricus cossus,species,"",Fungi,Basidiomycota,Agaricomycetes,Agaricales,Hygrophoraceae,"",agaricus cossus,FALSE,FALSE,FALSE,0
urn:lsid:dyntaxa.se:TaxonName:109123,Agaricus destruens,species,"",Fungi,Basidiomycota,Agaricomycetes,Agaricales,Strophariaceae,"",agaricus destruens,FALSE,FALSE,FALSE,0
urn:lsid:dyntaxa.se:TaxonName:108836,Agaricus dichrous,species,"",Fungi,Basidiomycota,Agaricomycetes,Agaricales,Entolomataceae,"",agaricus dichrous,FALSE,FALSE,FALSE,0
urn:lsid:dyntaxa.se:TaxonName:119490,Agaricus fracidus,species,"",Fungi,Basidiomycota,Agaricomycetes,Agaricales,Agaricaceae,"",agaricus fracidus,FALSE,FALSE,FALSE,0
urn:lsid:dyntaxa.se:TaxonName:147016,Agaricus hercynicus,species,"",Fungi,Basidiomycota,Agaricomycetes,Agaricales,Cortinariaceae,"",agaricus hercynicus,FALSE,FALSE,FALSE,0
urn:lsid:dyntaxa.se:TaxonName:300844,Agaricus lacmus,species,"",Fungi,Basidiomycota,Agaricomycetes,Agaricales,Hygrophoraceae,"",agaricus lacmus,FALSE,FALSE,FALSE,0
urn:lsid:dyntaxa.se:TaxonName:283783,Agaricus leucotephrus,species,"",Fungi,Basidiomycota,Agaricomycetes,Agaricales,Psathyrellaceae,"",agaricus leucotephrus,FALSE,FALSE,FALSE,0
urn:lsid:dyntaxa.se:TaxonName:235792,Agaricus luteovirens,species,"",Fungi,Basidiomycota,Agaricomycetes,Agaricales,Agaricaceae,"",agaricus luteovirens,FALSE,FALSE,FALSE,0
urn:lsid:dyntaxa.se:TaxonName:234060,Agaricus meleagris,species,"",Fungi,Basidiomycota,Agaricomycetes,Agaricales,Agaricaceae,"",agaricus meleagris,FALSE,FALSE,FALSE,0
urn:lsid:dyntaxa.se:TaxonName:114203,Agaricus multiformis var. elegantior,species,"",Fungi,Basidiomycota,Agaricomycetes,Agaricales,Cortinariaceae,"",agaricus multiformis,FALSE,FALSE,FALSE,0
urn:lsid:dyntaxa.se:TaxonName:252892,Agaricus mussivus,species,"",Fungi,Basidiomycota,Agaricomycetes,Agaricales,Cortinariaceae,"",agaricus mussivus,FALSE,FALSE,FALSE,0
urn:lsid:dyntaxa.se:TaxonName:300100,Agaricus nemoreus,species,"",Fungi,Basidiomycota,Agaricomycetes,Agaricales,Hygrophoraceae,"",agaricus nemoreus,FALSE,FALSE,FALSE,0
urn:lsid:dyntaxa.se:TaxonName:300267,Agaricus nitratus,species,"",Fungi,Basidiomycota,Agaricomycetes,Agaricales,Hygrophoraceae,"",agaricus nitratus,FALSE,FALSE,FALSE,0
urn:lsid:dyntaxa.se:TaxonName:114326,Agaricus onychinus,species,"",Fungi,Basidiomycota,Agaricomycetes,Agaricales,Lyophyllaceae,"",agaricus onychinus,FALSE,FALSE,FALSE,0
urn:lsid:dyntaxa.se:TaxonName:300246,Agaricus ovinus,species,"",Fungi,Basidiomycota,Agaricomycetes,Agaricales,Hygrophoraceae,"",agaricus ovinus,FALSE,FALSE,FALSE,0
urn:lsid:dyntaxa.se:TaxonName:302054,Agaricus pelletieri,species,"",Fungi,Basidiomycota,Agaricomycetes,Boletales,Boletaceae,"",agaricus pelletieri,FALSE,FALSE,FALSE,0
urn:lsid:dyntaxa.se:TaxonName:323926,Agaricus placidus,species,"",Fungi,Basidiomycota,Agaricomycetes,Agaricales,Entolomataceae,"",agaricus placidus,FALSE,FALSE,FALSE,0
urn:lsid:dyntaxa.se:TaxonName:109122,Agaricus populneus,species,"",Fungi,Basidiomycota,Agaricomycetes,Agaricales,Strophariaceae,"",agaricus populneus,FALSE,FALSE,FALSE,0
urn:lsid:dyntaxa.se:TaxonName:108848,Agaricus porphyrophaeus,species,"",Fungi,Basidiomycota,Agaricomycetes,Agaricales,Entolomataceae,"",agaricus porphyrophaeus,FALSE,FALSE,FALSE,0
urn:lsid:dyntaxa.se:TaxonName:43640,Agaricus praeclaresquamosus,species,"",Fungi,Basidiomycota,Agaricomycetes,Agaricales,Agaricaceae,"",agaricus praeclaresquamosus,FALSE,FALSE,FALSE,0
urn:lsid:dyntaxa.se:TaxonName:234053,Agaricus praeclaresquamosus,species,"",Fungi,Basidiomycota,Agaricomycetes,Agaricales,Agaricaceae,"",agaricus praeclaresquamosus,FALSE,FALSE,FALSE,0
urn:lsid:dyntaxa.se:TaxonName:235455,Agaricus praeclaresquamosus var. terricolor,species,"",Fungi,Basidiomycota,Agaricomycetes,Agaricales,Agaricaceae,"",agaricus praeclaresquamosus,FALSE,FALSE,FALSE,0
urn:lsid:dyntaxa.se:TaxonName:109374,Agaricus praestans,species,"",Fungi,Basidiomycota,Agaricomycetes,Agaricales,Cortinariaceae,"",agaricus praestans,FALSE,FALSE,FALSE,0
urn:lsid:dyntaxa.se:TaxonName:108844,Agaricus prunuloides,species,"",Fungi,Basidiomycota,Agaricomycetes,Agaricales,Entolomataceae,"",agaricus prunuloides,FALSE,FALSE,FALSE,0
urn:lsid:dyntaxa.se:TaxonName:300091,Agaricus purpurascens,species,"",Fungi,Basidiomycota,Agaricomycetes,Agaricales,Hygrophoraceae,"",agaricus purpurascens,FALSE,FALSE,FALSE,0
urn:lsid:dyntaxa.se:TaxonName:300052,Agaricus russula,species,"",Fungi,Basidiomycota,Agaricomycetes,Agaricales,Hygrophoraceae,"",agaricus russula,FALSE,FALSE,FALSE,0
urn:lsid:dyntaxa.se:TaxonName:119517,Agaricus sejunctus,species,"",Fungi,Basidiomycota,Agaricomycetes,Agaricales,Tricholomataceae,"",agaricus sejunctus,FALSE,FALSE,FALSE,0
urn:lsid:dyntaxa.se:TaxonName:148103,Agaricus spissicaulis,species,"",Fungi,Basidiomycota,Agaricomycetes,Agaricales,Agaricaceae,"",agaricus spissicaulis,FALSE,FALSE,FALSE,0
urn:lsid:dyntaxa.se:TaxonName:235797,Agaricus stramineus,species,"",Fungi,Basidiomycota,Agaricomycetes,Agaricales,Agaricaceae,"",agaricus stramineus,FALSE,FALSE,FALSE,0
urn:lsid:dyntaxa.se:TaxonName:119381,Agaricus strobiliformis,species,"",Fungi,Basidiomycota,Agaricomycetes,Agaricales,Amanitaceae,"",agaricus strobiliformis,FALSE,FALSE,FALSE,0
urn:lsid:dyntaxa.se:TaxonName:300161,Agaricus subviscifer,species,"",Fungi,Basidiomycota,Agaricomycetes,Agaricales,Hygrophoraceae,"",agaricus subviscifer,FALSE,FALSE,FALSE,0
urn:lsid:dyntaxa.se:TaxonName:468159,Agaricus tigrinus,species,"",Fungi,Basidiomycota,Agaricomycetes,Polyporales,Polyporaceae,"",agaricus tigrinus,FALSE,FALSE,FALSE,0
urn:lsid:dyntaxa.se:TaxonName:448316,Agaricus vermicularis,species,"",Fungi,Basidiomycota,Agaricomycetes,Agaricales,"Agaricales, genera incertae sedis","",agaricus vermicularis,FALSE,FALSE,FALSE,0
urn:lsid:dyntaxa.se:TaxonName:101403,Agonum bogemanni,species,"",Animalia,Arthropoda,Insecta,Coleoptera,Carabidae,"",agonum bogemanni,FALSE,FALSE,FALSE,0
urn:lsid:dyntaxa.se:TaxonName:146744,Agonum krynicki,species,"",Animalia,Arthropoda,Insecta,Coleoptera,Carabidae,"",agonum krynicki,FALSE,FALSE,FALSE,0
urn:lsid:dyntaxa.se:TaxonName:234968,Agonum krynickii,species,"",Animalia,Arthropoda,Insecta,Coleoptera,Carabidae,"",agonum krynickii,FALSE,FALSE,FALSE,0
urn:lsid:dyntaxa.se:TaxonName:146745,Agonum longiventre,species,"",Animalia,Arthropoda,Insecta,Coleoptera,Carabidae,"",agonum longiventre,FALSE,FALSE,FALSE,0
urn:lsid:dyntaxa.se:TaxonName:146742,Agonum mannerheimi,species,"",Animalia,Arthropoda,Insecta,Coleoptera,Carabidae,"",agonum mannerheimi,FALSE,FALSE,FALSE,0
urn:lsid:dyntaxa.se:TaxonName:137095,Agraecina striata,species,"",Animalia,Arthropoda,Arachnida,Araneae,Liocranidae,"",agraecina striata,FALSE,FALSE,FALSE,0
urn:lsid:dyntaxa.se:TaxonName:139131,Agriades glandon,species,"",Animalia,Arthropoda,Insecta,Lepidoptera,Lycaenidae,"",agriades glandon,FALSE,FALSE,FALSE,0
urn:lsid:dyntaxa.se:TaxonName:228696,Agriades glandon aquilo,species,"",Animalia,Arthropoda,Insecta,Lepidoptera,Lycaenidae,"",agriades glandon,FALSE,FALSE,FALSE,0
urn:lsid:dyntaxa.se:TaxonName:105402,Agriades glandon,species,"",Animalia,Arthropoda,Insecta,Lepidoptera,Lycaenidae,"",agriades glandon,FALSE,FALSE,FALSE,0
urn:lsid:dyntaxa.se:TaxonName:25242,Agrilus aurichalceus,species,"",Animalia,Arthropoda,Insecta,Coleoptera,Buprestidae,"",agrilus aurichalceus,FALSE,FALSE,FALSE,0
urn:lsid:dyntaxa.se:TaxonName:25243,Agrilus communis,species,"",Animalia,Arthropoda,Insecta,Coleoptera,Buprestidae,"",agrilus communis,FALSE,FALSE,FALSE,0
urn:lsid:dyntaxa.se:Taxon:100219,Agrilus guerini,species,NT,Animalia,Arthropoda,Insecta,Coleoptera,Buprestidae,native,agrilus guerini,FALSE,FALSE,FALSE,0
urn:lsid:dyntaxa.se:TaxonName:25239,Agrilus scaberrimus,species,"",Animalia,Arthropoda,Insecta,Coleoptera,Buprestidae,"",agrilus scaberrimus,FALSE,FALSE,FALSE,0
urn:lsid:dyntaxa.se:Taxon:100225,Agriphila poliella,species,EN,Animalia,Arthropoda,Insecta,Lepidoptera,Crambidae,native,agriphila poliella,FALSE,FALSE,FALSE,0
urn:lsid:dyntaxa.se:TaxonName:146671,Agroeca striata,species,"",Animalia,Arthropoda,Arachnida,Araneae,Liocranidae,"",agroeca striata,FALSE,FALSE,FALSE,0
urn:lsid:dyntaxa.se:TaxonName:58788,Agrostemma involucratum,species,"",Plantae,Tracheophyta,Magnoliopsida,Caryophyllales,Caryophyllaceae,"",agrostemma involucratum,FALSE,FALSE,FALSE,0
urn:lsid:dyntaxa.se:TaxonName:90472,Agrostis interrupta,species,"",Plantae,Tracheophyta,Liliopsida,Poales,Poaceae,"",agrostis interrupta,FALSE,FALSE,FALSE,0
urn:lsid:dyntaxa.se:TaxonName:90475,Agrostis spica-venti,species,"",Plantae,Tracheophyta,Liliopsida,Poales,Poaceae,"",agrostis spica-venti,FALSE,FALSE,FALSE,0
urn:lsid:dyntaxa.se:TaxonName:90473,Agrostis spica-venti f. pygmaea,species,"",Plantae,Tracheophyta,Liliopsida,Poales,Poaceae,"",agrostis spica-venti,FALSE,FALSE,FALSE,0
urn:lsid:dyntaxa.se:TaxonName:14160,Agyrophora subglabra,species,"",Fungi,Ascomycota,Lecanoromycetes,Umbilicariales,Umbilicariaceae,"",agyrophora subglabra,FALSE,FALSE,FALSE,0
urn:lsid:dyntaxa.se:TaxonName:90622,Aira setacea,species,"",Plantae,Tracheophyta,Liliopsida,Poales,Poaceae,"",aira setacea,FALSE,FALSE,FALSE,0
urn:lsid:dyntaxa.se:TaxonName:129934,Alauda alpestris,species,"",Animalia,Chordata,Aves,Passeriformes,Alaudidae,"",alauda alpestris,FALSE,FALSE,FALSE,0
urn:lsid:dyntaxa.se:TaxonName:130035,Alauda campestris,species,"",Animalia,Chordata,Aves,Passeriformes,Motacillidae,"",alauda campestris,FALSE,FALSE,FALSE,0
urn:lsid:dyntaxa.se:TaxonName:129935,Alauda cristata,species,"",Animalia,Chordata,Aves,Passeriformes,Alaudidae,"",alauda cristata,FALSE,FALSE,FALSE,0
urn:lsid:dyntaxa.se:Taxon:19,Albatrellus cristatus,species,EN,Fungi,Basidiomycota,Agaricomycetes,Russulales,Albatrellaceae,native,albatrellus cristatus,FALSE,FALSE,FALSE,0
urn:lsid:dyntaxa.se:TaxonName:148122,Albatrellus cristatus,species,"",Fungi,Basidiomycota,Agaricomycetes,Russulales,Albatrellaceae,"",albatrellus cristatus,FALSE,FALSE,FALSE,0
urn:lsid:dyntaxa.se:TaxonName:300913,Albatrellus similis,species,"",Fungi,Basidiomycota,Agaricomycetes,Russulales,Albatrellaceae,"",albatrellus similis,FALSE,FALSE,FALSE,0
urn:lsid:dyntaxa.se:TaxonName:129809,Alca arctica,species,"",Animalia,Chordata,Aves,Charadriiformes,Alcidae,"",alca arctica,FALSE,FALSE,FALSE,0
urn:lsid:dyntaxa.se:TaxonName:129807,Alca Grylle,species,"",Animalia,Chordata,Aves,Charadriiformes,Alcidae,"",alca grylle,FALSE,FALSE,FALSE,0
urn:lsid:dyntaxa.se:TaxonName:65458,Alchemilla microcarpa,species,"",Plantae,Tracheophyta,Magnoliopsida,Rosales,Rosaceae,"",alchemilla microcarpa,FALSE,FALSE,FALSE,0
urn:lsid:dyntaxa.se:Taxon:1849,Alchemilla taernaënsis,species,NT,Plantae,Tracheophyta,Magnoliopsida,Rosales,Rosaceae,native,alchemilla taernaënsis,FALSE,FALSE,FALSE,0
urn:lsid:dyntaxa.se:TaxonName:65424,Alchemilla transpolaris,species,"",Plantae,Tracheophyta,Magnoliopsida,Rosales,Rosaceae,"",alchemilla transpolaris,FALSE,FALSE,FALSE,0
urn:lsid:dyntaxa.se:Taxon:218204,Alderia modesta,species,DD,Animalia,Mollusca,Gastropoda,"",Limapontiidae,native,alderia modesta,FALSE,FALSE,FALSE,0
urn:lsid:dyntaxa.se:TaxonName:246617,Alecto sarsii,species,"",Animalia,Echinodermata,Crinoidea,Comatulida,Antedonidae,"",alecto sarsii,FALSE,FALSE,FALSE,0
urn:lsid:dyntaxa.se:TaxonName:2067,Alectoria altaica,species,"",Fungi,Ascomycota,Lecanoromycetes,Lecanorales,Parmeliaceae,"",alectoria altaica,FALSE,FALSE,FALSE,0
urn:lsid:dyntaxa.se:TaxonName:2041,Alectoria bicolor,species,"",Fungi,Ascomycota,Lecanoromycetes,Lecanorales,Parmeliaceae,"",alectoria bicolor,FALSE,FALSE,FALSE,0
urn:lsid:dyntaxa.se:TaxonName:2070,Alectoria lanea,species,"",Fungi,Ascomycota,Lecanoromycetes,Lecanorales,Parmeliaceae,"",alectoria lanea,FALSE,FALSE,FALSE,0
urn:lsid:dyntaxa.se:TaxonName:2066,Alectoria nadvornikiana,species,"",Fungi,Ascomycota,Lecanoromycetes,Lecanorales,Parmeliaceae,"",alectoria nadvornikiana,FALSE,FALSE,FALSE,0
urn:lsid:dyntaxa.se:TaxonName:2069,Alectoria nitidula,species,"",Fungi,Ascomycota,Lecanoromycetes,Lecanorales,Parmeliaceae,"",alectoria nitidula,FALSE,FALSE,FALSE,0
urn:lsid:dyntaxa.se:TaxonName:2072,Alectoria smithii,species,"",Fungi,Ascomycota,Lecanoromycetes,Lecanorales,Parmeliaceae,"",alectoria smithii,FALSE,FALSE,FALSE,0
urn:lsid:dyntaxa.se:TaxonName:2068,Alectoria spinulosa,species,"",Fungi,Ascomycota,Lecanoromycetes,Lecanorales,Parmeliaceae,"",alectoria spinulosa,FALSE,FALSE,FALSE,0
urn:lsid:dyntaxa.se:TaxonName:2075,Alectoria tenuis,species,"",Fungi,Ascomycota,Lecanoromycetes,Lecanorales,Parmeliaceae,"",alectoria tenuis,FALSE,FALSE,FALSE,0
urn:lsid:dyntaxa.se:TaxonName:9409,Alectoria thrausta,species,"",Fungi,Ascomycota,Lecanoromycetes,Lecanorales,Ramalinaceae,"",alectoria thrausta,FALSE,FALSE,FALSE,0
urn:lsid:dyntaxa.se:TaxonName:77985,Alectorolophus apterus,subspecies,"",Plantae,Tracheophyta,Magnoliopsida,Lamiales,Orobanchaceae,"",alectorolophus apterus,FALSE,FALSE,FALSE,0
urn:lsid:dyntaxa.se:TaxonName:125415,Aleuonota gracilenta,species,"",Animalia,Arthropoda,Insecta,Coleoptera,Staphylinidae,"",aleuonota gracilenta,FALSE,FALSE,FALSE,0
urn:lsid:dyntaxa.se:TaxonName:125416,Aleuonota rufotestacea,species,"",Animalia,Arthropoda,Insecta,Coleoptera,Staphylinidae,"",aleuonota rufotestacea,FALSE,FALSE,FALSE,0
urn:lsid:dyntaxa.se:TaxonName:148130,Aleuria rhenana,species,"",Fungi,Ascomycota,Pezizomycetes,Pezizales,Pyronemataceae,"",aleuria rhenana,FALSE,FALSE,FALSE,0
urn:lsid:dyntaxa.se:TaxonName:89981,Aleuria unicolor,species,"",Fungi,Ascomycota,Pezizomycetes,Pezizales,Pyronemataceae,"",aleuria unicolor,FALSE,FALSE,FALSE,0
urn:lsid:dyntaxa.se:TaxonName:467076,Aleurocorticium griseocanum,species,"",Fungi,Basidiomycota,Agaricomycetes,Agaricales,"Agaricales, genera incertae sedis","",aleurocorticium griseocanum,FALSE,FALSE,FALSE,0
urn:lsid:dyntaxa.se:TaxonName:148134,Aleurodiscus fennicus,species,"",Fungi,Basidiomycota,Agaricomycetes,Russulales,Stereaceae,"",aleurodiscus fennicus,FALSE,FALSE,FALSE,0
urn:lsid:dyntaxa.se:TaxonName:87394,Alisma arcuatum,species,"",Plantae,Tracheophyta,Liliopsida,Alismatales,Alismataceae,"",alisma arcuatum,FALSE,FALSE,FALSE,0
urn:lsid:dyntaxa.se:TaxonName:87396,Alisma graminifolium,species,"",Plantae,Tracheophyta,Liliopsida,Alismatales,Alismataceae,"",alisma graminifolium,FALSE,FALSE,FALSE,0
urn:lsid:dyntaxa.se:TaxonName:87397,Alisma loeselii,species,"",Plantae,Tracheophyta,Liliopsida,Alismatales,Alismataceae,"",alisma loeselii,FALSE,FALSE,FALSE,0
urn:lsid:dyntaxa.se:TaxonName:87418,Alisma natans,species,"",Plantae,Tracheophyta,Liliopsida,Alismatales,Alismataceae,"",alisma natans,FALSE,FALSE,FALSE,0
urn:lsid:dyntaxa.se:TaxonName:17841,Allium senescens,species,"",Plantae,Tracheophyta,Liliopsida,Asparagales,Amaryllidaceae,"",allium senescens,FALSE,FALSE,FALSE,0
urn:lsid:dyntaxa.se:TaxonName:292953,Alloclemensia quadrimaculella,species,"",Animalia,Arthropoda,Insecta,Lepidoptera,Incurvariidae,"",alloclemensia quadrimaculella,FALSE,FALSE,FALSE,0
urn:lsid:dyntaxa.se:TaxonName:143646,Allopauropus helveticus,species,"",Animalia,Arthropoda,Pauropoda,Tetramerocerata,Pauropodidae,"",allopauropus helveticus,FALSE,FALSE,FALSE,0
urn:lsid:dyntaxa.se:TaxonName:143647,Allopauropus multiplex,species,"",Animalia,Arthropoda,Pauropoda,Tetramerocerata,Pauropodidae,"",allopauropus multiplex,FALSE,FALSE,FALSE,0
urn:lsid:dyntaxa.se:TaxonName:143649,Allopauropus tenellus,species,"",Animalia,Arthropoda,Pauropoda,Tetramerocerata,Pauropodidae,"",allopauropus tenellus,FALSE,FALSE,FALSE,0
urn:lsid:dyntaxa.se:TaxonName:143650,Allopauropus verticillatus,species,"",Animalia,Arthropoda,Pauropoda,Tetramerocerata,Pauropodidae,"",allopauropus verticillatus,FALSE,FALSE,FALSE,0
urn:lsid:dyntaxa.se:TaxonName:47124,Alopex lagopus,species,"",Animalia,Chordata,Mammalia,Carnivora,Canidae,"",alopex lagopus,FALSE,FALSE,FALSE,0
urn:lsid:dyntaxa.se:TaxonName:152974,Alpova cinnamomeus,species,"",Fungi,Basidiomycota,Agaricomycetes,Boletales,Paxillaceae,"",alpova cinnamomeus,FALSE,FALSE,FALSE,0
urn:lsid:dyntaxa.se:TaxonName:58723,Alsine hirta,species,"",Plantae,Tracheophyta,Magnoliopsida,Caryophyllales,Caryophyllaceae,"",alsine hirta,FALSE,FALSE,FALSE,0
urn:lsid:dyntaxa.se:TaxonName:58720,Alsine rubella,species,"",Plantae,Tracheophyta,Magnoliopsida,Caryophyllales,Caryophyllaceae,"",alsine rubella,FALSE,FALSE,FALSE,0
urn:lsid:dyntaxa.se:TaxonName:58728,Alsine tenuifolia,species,"",Plantae,Tracheophyta,Magnoliopsida,Caryophyllales,Caryophyllaceae,"",alsine tenuifolia,FALSE,FALSE,FALSE,0
urn:lsid:dyntaxa.se:TaxonName:58721,Alsine verna var. hirta,species,"",Plantae,Tracheophyta,Magnoliopsida,Caryophyllales,Caryophyllaceae,"",alsine verna,FALSE,FALSE,FALSE,0
urn:lsid:dyntaxa.se:TaxonName:58727,Alsine viscosa,species,"",Plantae,Tracheophyta,Magnoliopsida,Caryophyllales,Caryophyllaceae,"",alsine viscosa,FALSE,FALSE,FALSE,0
urn:lsid:dyntaxa.se:TaxonName:116186,Alvania abyssicola,species,"",Animalia,Mollusca,Gastropoda,Littorinimorpha,Rissoidae,"",alvania abyssicola,FALSE,FALSE,FALSE,0
urn:lsid:dyntaxa.se:TaxonName:81,Alvania beani,species,"",Animalia,Mollusca,Gastropoda,Littorinimorpha,Rissoidae,"",alvania beani,FALSE,FALSE,FALSE,0
urn:lsid:dyntaxa.se:TaxonName:65020,Alyssum calycinum,species,"",Plantae,Tracheophyta,Magnoliopsida,Brassicales,Brassicaceae,"",alyssum calycinum,FALSE,FALSE,FALSE,0
urn:lsid:dyntaxa.se:TaxonName:243896,Alyssum campestre,species,"",Plantae,Tracheophyta,Magnoliopsida,Brassicales,Brassicaceae,"",alyssum campestre,FALSE,FALSE,FALSE,0
urn:lsid:dyntaxa.se:TaxonName:119371,Amanita aspera var. franchetii,species,"",Fungi,Basidiomycota,Agaricomycetes,Agaricales,Amanitaceae,"",amanita aspera,FALSE,FALSE,FALSE,0
urn:lsid:dyntaxa.se:TaxonName:79796,Amanita aspera,species,"",Fungi,Basidiomycota,Agaricomycetes,Agaricales,Amanitaceae,"",amanita aspera,FALSE,FALSE,FALSE,0
urn:lsid:dyntaxa.se:TaxonName:79794,Amanita inaurata,species,"",Fungi,Basidiomycota,Agaricomycetes,Agaricales,Amanitaceae,"",amanita inaurata,FALSE,FALSE,FALSE,0
urn:lsid:dyntaxa.se:TaxonName:119444,Amanita inaurata,species,"",Fungi,Basidiomycota,Agaricomycetes,Agaricales,Amanitaceae,"",amanita inaurata,FALSE,FALSE,FALSE,0
urn:lsid:dyntaxa.se:TaxonName:79795,Amanita strangulata,species,"",Fungi,Basidiomycota,Agaricomycetes,Agaricales,Amanitaceae,"",amanita strangulata,FALSE,FALSE,FALSE,0
urn:lsid:dyntaxa.se:TaxonName:154586,Amaroucium pallidum,species,"",Animalia,Chordata,"",Aplousobranchiata,Polyclinidae,"",amaroucium pallidum,FALSE,FALSE,FALSE,0
urn:lsid:dyntaxa.se:Taxon:862,Amaurodon mustialaënsis,species,DD,Fungi,Basidiomycota,Agaricomycetes,Thelephorales,Thelephoraceae,native,amaurodon mustialaënsis,FALSE,FALSE,FALSE,0
urn:lsid:dyntaxa.se:TaxonName:246507,Amblystegiella confervoides,species,"",Plantae,Bryophyta,Bryopsida,Hypnales,Amblystegiaceae,"",amblystegiella confervoides,FALSE,FALSE,FALSE,0
urn:lsid:dyntaxa.se:TaxonName:145191,Amblystegium confervoides,species,"",Plantae,Bryophyta,Bryopsida,Hypnales,Amblystegiaceae,"",amblystegium confervoides,FALSE,FALSE,FALSE,0
urn:lsid:dyntaxa.se:TaxonName:223609,Amblystegium confervoides,species,"",Plantae,Bryophyta,Bryopsida,Hypnales,Amblystegiaceae,"",amblystegium confervoides,FALSE,FALSE,FALSE,0
urn:lsid:dyntaxa.se:TaxonName:223469,Amblystegium longicuspis,species,"",Plantae,Bryophyta,Bryopsida,Hypnales,Amblystegiaceae,"",amblystegium longicuspis,FALSE,FALSE,FALSE,0
urn:lsid:dyntaxa.se:TaxonName:223366,Amblystegium molle var. alpinum,species,"",Plantae,Bryophyta,Bryopsida,Hypnales,Amblystegiaceae,"",amblystegium molle,FALSE,FALSE,FALSE,0
urn:lsid:dyntaxa.se:TaxonName:223435,Amblystegium montanum,species,"",Plantae,Bryophyta,Bryopsida,Hypnales,Amblystegiaceae,"",amblystegium montanum,FALSE,FALSE,FALSE,0
urn:lsid:dyntaxa.se:TaxonName:25256,Ampedus borealis,species,"",Animalia,Arthropoda,Insecta,Coleoptera,Elateridae,"",ampedus borealis,FALSE,FALSE,FALSE,0
urn:lsid:dyntaxa.se:Taxon:100262,Ampedus elegantulus,species,RE,Animalia,Arthropoda,Insecta,Coleoptera,Elateridae,native,ampedus elegantulus,FALSE,FALSE,FALSE,0
urn:lsid:dyntaxa.se:TaxonName:106157,Ampedus nemoralis,species,"",Animalia,Arthropoda,Insecta,Coleoptera,Elateridae,"",ampedus nemoralis,FALSE,FALSE,FALSE,0
urn:lsid:dyntaxa.se:TaxonName:25257,Ampedus sorsakoskii,species,"",Animalia,Arthropoda,Insecta,Coleoptera,Elateridae,"",ampedus sorsakoskii,FALSE,FALSE,FALSE,0
urn:lsid:dyntaxa.se:Taxon:100270,Ampedus suecicus,species,VU,Animalia,Arthropoda,Insecta,Coleoptera,Elateridae,native,ampedus suecicus,FALSE,FALSE,FALSE,0
urn:lsid:dyntaxa.se:TaxonName:25754,Ampedus triangularis,species,"",Animalia,Arthropoda,Insecta,Coleoptera,Elateridae,"",ampedus triangularis,FALSE,FALSE,FALSE,0
urn:lsid:dyntaxa.se:TaxonName:78483,Ampelisca aquaicornis,species,"",Animalia,Arthropoda,Malacostraca,Amphipoda,Ampeliscidae,"",ampelisca aquaicornis,FALSE,FALSE,FALSE,0
urn:lsid:dyntaxa.se:TaxonName:435647,Ampelisca gaimardii,species,"",Animalia,Arthropoda,Malacostraca,Amphipoda,Ampeliscidae,"",ampelisca gaimardii,FALSE,FALSE,FALSE,0
urn:lsid:dyntaxa.se:TaxonName:130081,Amphicteis fragilis,species,"",Animalia,Annelida,Polychaeta,Terebellida,Ampharetidae,"",amphicteis fragilis,FALSE,FALSE,FALSE,0
urn:lsid:dyntaxa.se:TaxonName:80975,Amphicyllus globiformis,species,"",Animalia,Arthropoda,Insecta,Coleoptera,Leiodidae,"",amphicyllus globiformis,FALSE,FALSE,FALSE,0
urn:lsid:dyntaxa.se:TaxonName:25226,Amphimallon ochraceum,species,"",Animalia,Arthropoda,Insecta,Coleoptera,Scarabaeidae,"",amphimallon ochraceum,FALSE,FALSE,FALSE,0
urn:lsid:dyntaxa.se:Taxon:2992,Amphinema diadema,species,DD,Fungi,Basidiomycota,Agaricomycetes,Atheliales,Atheliaceae,native,amphinema diadema,FALSE,FALSE,FALSE,0
urn:lsid:dyntaxa.se:Taxon:200846,Amphipauropus rhenanus,species,DD,Animalia,Arthropoda,Pauropoda,Tetramerocerata,Pauropodidae,native,amphipauropus rhenanus,FALSE,FALSE,FALSE,0
urn:lsid:dyntaxa.se:TaxonName:247550,Amphipholis lineata,species,"",Animalia,Echinodermata,Ophiuroidea,Ophiurida,Amphiuridae,"",amphipholis lineata,FALSE,FALSE,FALSE,0
urn:lsid:dyntaxa.se:TaxonName:247549,Amphipholis tenera,species,"",Animalia,Echinodermata,Ophiuroidea,Ophiurida,Amphiuridae,"",amphipholis tenera,FALSE,FALSE,FALSE,0
urn:lsid:dyntaxa.se:TaxonName:247556,Amphipholis tenuispina,species,"",Animalia,Echinodermata,Ophiuroidea,Ophiurida,Amphiuridae,"",amphipholis tenuispina,FALSE,FALSE,FALSE,0
urn:lsid:dyntaxa.se:TaxonName:130110,Amphitrite nesidensis,species,"",Animalia,Annelida,Polychaeta,Terebellida,Terebellidae,"",amphitrite nesidensis,FALSE,FALSE,FALSE,0
urn:lsid:dyntaxa.se:TaxonName:247498,Amphiura balli,species,"",Animalia,Echinodermata,Ophiuroidea,Ophiurida,Ophiactidae,"",amphiura balli,FALSE,FALSE,FALSE,0
urn:lsid:dyntaxa.se:TaxonName:160730,Amphiura brachiata,species,"",Animalia,Echinodermata,Ophiuroidea,Ophiurida,Amphiuridae,"",amphiura brachiata,FALSE,FALSE,FALSE,0
urn:lsid:dyntaxa.se:TaxonName:247690,Amphiura norvegica,species,"",Animalia,Echinodermata,Ophiuroidea,Ophiurida,Amphilepididae,"",amphiura norvegica,FALSE,FALSE,FALSE,0
urn:lsid:dyntaxa.se:TaxonName:157665,Amphoroblastia allobata,species,"",Fungi,Ascomycota,Eurotiomycetes,Verrucariales,Verrucariaceae,"",amphoroblastia allobata,FALSE,FALSE,FALSE,0
urn:lsid:dyntaxa.se:TaxonName:335192,Amylocorticium cremeoisabellinum,species,"",Fungi,Basidiomycota,Agaricomycetes,Amylocorticiales,Amylocorticiaceae,"",amylocorticium cremeoisabellinum,FALSE,FALSE,FALSE,0
urn:lsid:dyntaxa.se:TaxonName:148172,Amylocorticium laceratum,species,"",Fungi,Basidiomycota,Agaricomycetes,Atheliales,Atheliaceae,"",amylocorticium laceratum,FALSE,FALSE,FALSE,0
urn:lsid:dyntaxa.se:TaxonName:152592,Amylocystis lapponicus,species,"",Fungi,Basidiomycota,Agaricomycetes,Polyporales,Dacryobolaceae,"",amylocystis lapponicus,FALSE,FALSE,FALSE,0
urn:lsid:dyntaxa.se:TaxonName:299916,Amyloporia crassa,species,"",Fungi,Basidiomycota,Agaricomycetes,Polyporales,Fomitopsidaceae,"",amyloporia crassa,FALSE,FALSE,FALSE,0
urn:lsid:dyntaxa.se:TaxonName:335037,Amylosporomyces subasperisporus,species,"",Fungi,Basidiomycota,Agaricomycetes,Russulales,"Russulales, genera incertae sedis","",amylosporomyces subasperisporus,FALSE,FALSE,FALSE,0
urn:lsid:dyntaxa.se:TaxonName:350423,Anabaena intricata,species,"",Bacteria,Cyanobacteria,Cyanophyceae,Nostocales,Nostocaceae,"",anabaena intricata,FALSE,FALSE,FALSE,0
urn:lsid:dyntaxa.se:TaxonName:350363,Anabaena rufescens,species,"",Bacteria,Cyanobacteria,Cyanophyceae,Nostocales,Nostocaceae,"",anabaena rufescens,FALSE,FALSE,FALSE,0
urn:lsid:dyntaxa.se:TaxonName:29743,Anagallis minima,species,"",Plantae,Tracheophyta,Magnoliopsida,Ericales,Primulaceae,"",anagallis minima,FALSE,FALSE,FALSE,0
urn:lsid:dyntaxa.se:TaxonName:6188,Anaptychia speciosa,species,"",Fungi,Ascomycota,Lecanoromycetes,Caliciales,Physciaceae,"",anaptychia speciosa,FALSE,FALSE,FALSE,0
urn:lsid:dyntaxa.se:TaxonName:40357,Anas clypeata,species,"",Animalia,Chordata,Aves,Anseriformes,Anatidae,"",anas clypeata,FALSE,FALSE,FALSE,0
urn:lsid:dyntaxa.se:TaxonName:129592,Anas erythropus,species,"",Animalia,Chordata,Aves,Anseriformes,Anatidae,"",anas erythropus,FALSE,FALSE,FALSE,0
urn:lsid:dyntaxa.se:TaxonName:129622,Anas ferina,species,"",Animalia,Chordata,Aves,Anseriformes,Anatidae,"",anas ferina,FALSE,FALSE,FALSE,0
urn:lsid:dyntaxa.se:TaxonName:129636,Anas fusca,species,"",Animalia,Chordata,Aves,Anseriformes,Anatidae,"",anas fusca,FALSE,FALSE,FALSE,0
urn:lsid:dyntaxa.se:TaxonName:129632,Anas hyemalis,species,"",Animalia,Chordata,Aves,Anseriformes,Anatidae,"",anas hyemalis,FALSE,FALSE,FALSE,0
urn:lsid:dyntaxa.se:TaxonName:129626,Anas Marila,species,"",Animalia,Chordata,Aves,Anseriformes,Anatidae,"",anas marila,FALSE,FALSE,FALSE,0
urn:lsid:dyntaxa.se:TaxonName:129628,Anas mollissima,species,"",Animalia,Chordata,Aves,Anseriformes,Anatidae,"",anas mollissima,FALSE,FALSE,FALSE,0
urn:lsid:dyntaxa.se:TaxonName:40350,Anas penelope,species,"",Animalia,Chordata,Aves,Anseriformes,Anatidae,"",anas penelope,FALSE,FALSE,FALSE,0
urn:lsid:dyntaxa.se:TaxonName:40356,Anas querquedula,species,"",Animalia,Chordata,Aves,Anseriformes,Anatidae,"",anas querquedula,FALSE,FALSE,FALSE,0
urn:lsid:dyntaxa.se:TaxonName:129604,Anas Tadorna,species,"",Animalia,Chordata,Aves,Anseriformes,Anatidae,"",anas tadorna,FALSE,FALSE,FALSE,0
urn:lsid:dyntaxa.se:Taxon:102167,Anaspis garneysi,species,DD,Animalia,Arthropoda,Insecta,Coleoptera,Scraptiidae,native,anaspis garneysi,FALSE,FALSE,FALSE,0
urn:lsid:dyntaxa.se:TaxonName:144917,Anastrophyllum cavifolium,species,"",Plantae,Marchantiophyta,Marchantiopsida,Jungermanniales,Anastrophyllaceae,"",anastrophyllum cavifolium,FALSE,FALSE,FALSE,0
urn:lsid:dyntaxa.se:TaxonName:144918,Anastrophyllum hellerianum,species,"",Plantae,Marchantiophyta,Marchantiopsida,Jungermanniales,Anastrophyllaceae,"",anastrophyllum hellerianum,FALSE,FALSE,FALSE,0
urn:lsid:dyntaxa.se:Taxon:55,Anastrophyllum sphenoloboides,species,DD,Plantae,Marchantiophyta,Marchantiopsida,Jungermanniales,Anastrophyllaceae,native,anastrophyllum sphenoloboides,FALSE,FALSE,FALSE,0
urn:lsid:dyntaxa.se:TaxonName:95947,Ancistronycha cyanipennis,species,"",Animalia,Arthropoda,Insecta,Coleoptera,Cantharidae,"",ancistronycha cyanipennis,FALSE,FALSE,FALSE,0
urn:lsid:dyntaxa.se:TaxonName:25265,Ancistronycha violacea,species,"",Animalia,Arthropoda,Insecta,Coleoptera,Cantharidae,"",ancistronycha violacea,FALSE,FALSE,FALSE,0
urn:lsid:dyntaxa.se:Taxon:103096,Andrena batava,species,VU,Animalia,Arthropoda,Insecta,Hymenoptera,Andrenidae,native,andrena batava,FALSE,FALSE,FALSE,0
urn:lsid:dyntaxa.se:Taxon:103124,Andrena bluethgeni,species,EN,Animalia,Arthropoda,Insecta,Hymenoptera,Andrenidae,native,andrena bluethgeni,FALSE,FALSE,FALSE,0
urn:lsid:dyntaxa.se:TaxonName:325632,Andrena decorata,species,"",Animalia,Arthropoda,Insecta,Hymenoptera,Andrenidae,"",andrena decorata,FALSE,FALSE,FALSE,0
urn:lsid:dyntaxa.se:Taxon:103125,Andrena morawitzi,species,CR,Animalia,Arthropoda,Insecta,Hymenoptera,Andrenidae,native,andrena morawitzi,FALSE,FALSE,FALSE,0
urn:lsid:dyntaxa.se:Taxon:102673,Andrena nigrospina,species,VU,Animalia,Arthropoda,Insecta,Hymenoptera,Andrenidae,native,andrena nigrospina,FALSE,FALSE,FALSE,0
urn:lsid:dyntaxa.se:TaxonName:324224,Andrena pillichi,species,"",Animalia,Arthropoda,Insecta,Hymenoptera,Andrenidae,"",andrena pillichi,FALSE,FALSE,FALSE,0
urn:lsid:dyntaxa.se:Taxon:100289,Andrenosoma atrum,species,RE,Animalia,Arthropoda,Insecta,Diptera,Asilidae,native,andrenosoma atrum,FALSE,FALSE,FALSE,0
urn:lsid:dyntaxa.se:TaxonName:77244,Andromeda calyculata,species,"",Plantae,Tracheophyta,Magnoliopsida,Ericales,Ericaceae,"",andromeda calyculata,FALSE,FALSE,FALSE,0
urn:lsid:dyntaxa.se:TaxonName:225875,Anema notarisii,species,"",Fungi,Ascomycota,Lichinomycetes,Lichinales,Lichinaceae,"",anema notarisii,FALSE,FALSE,FALSE,0
urn:lsid:dyntaxa.se:TaxonName:48301,Anemone patens,species,"",Plantae,Tracheophyta,Magnoliopsida,Ranunculales,Ranunculaceae,"",anemone patens,FALSE,FALSE,FALSE,0
urn:lsid:dyntaxa.se:TaxonName:58973,Anemone pulsatilla,species,"",Plantae,Tracheophyta,Magnoliopsida,Ranunculales,Ranunculaceae,"",anemone pulsatilla,FALSE,FALSE,FALSE,0
urn:lsid:dyntaxa.se:TaxonName:104615,Anemone pulsatilla ssp. gotlandica,subspecies,"",Plantae,Tracheophyta,Magnoliopsida,Ranunculales,Ranunculaceae,"",anemone pulsatilla,FALSE,FALSE,FALSE,0
urn:lsid:dyntaxa.se:TaxonName:104618,Anemone pulsatilla subsp. gotlandica,subspecies,"",Plantae,Tracheophyta,Magnoliopsida,Ranunculales,Ranunculaceae,"",anemone pulsatilla,FALSE,FALSE,FALSE,0
urn:lsid:dyntaxa.se:TaxonName:70095,Anemone vernalis,species,"",Plantae,Tracheophyta,Magnoliopsida,Ranunculales,Ranunculaceae,"",anemone vernalis,FALSE,FALSE,FALSE,0
urn:lsid:dyntaxa.se:TaxonName:13145,Anisocycla nitidissima,species,"",Animalia,Mollusca,Gastropoda,"",Murchisonellidae,"",anisocycla nitidissima,FALSE,FALSE,FALSE,0
urn:lsid:dyntaxa.se:Taxon:100292,Anisodactylus poeciloides,species,RE,Animalia,Arthropoda,Insecta,Coleoptera,Carabidae,native,anisodactylus poeciloides,FALSE,FALSE,FALSE,0
urn:lsid:dyntaxa.se:TaxonName:412869,Anitys cognata,species,"",Animalia,Arthropoda,Insecta,Coleoptera,Ptinidae,"",anitys cognata,FALSE,FALSE,FALSE,0
urn:lsid:dyntaxa.se:TaxonName:90065,Anobium confusum,species,"",Animalia,Arthropoda,Insecta,Coleoptera,Ptinidae,"",anobium confusum,FALSE,FALSE,FALSE,0
urn:lsid:dyntaxa.se:TaxonName:102111,Anobium costatum,species,"",Animalia,Arthropoda,Insecta,Coleoptera,Ptinidae,"",anobium costatum,FALSE,FALSE,FALSE,0
urn:lsid:dyntaxa.se:TaxonName:102112,Anobium fulvicorne,species,"",Animalia,Arthropoda,Insecta,Coleoptera,Ptinidae,"",anobium fulvicorne,FALSE,FALSE,FALSE,0
urn:lsid:dyntaxa.se:TaxonName:279949,Anoectangium striatum,species,"",Plantae,Bryophyta,Bryopsida,Hedwigiales,Hedwigiaceae,"",anoectangium striatum,FALSE,FALSE,FALSE,0
urn:lsid:dyntaxa.se:TaxonName:148179,Anomoporia albolutescens,species,"",Fungi,Basidiomycota,Agaricomycetes,Amylocorticiales,Amylocorticiaceae,"",anomoporia albolutescens,FALSE,FALSE,FALSE,0
urn:lsid:dyntaxa.se:TaxonName:152595,Anomoporia ambigua,species,"",Fungi,Basidiomycota,Agaricomycetes,Amylocorticiales,Amylocorticiaceae,"",anomoporia ambigua,FALSE,FALSE,FALSE,0
urn:lsid:dyntaxa.se:TaxonName:79806,Anomoporia myceliosa,species,"",Fungi,Basidiomycota,Agaricomycetes,Amylocorticiales,Amylocorticiaceae,"",anomoporia myceliosa,FALSE,FALSE,FALSE,0
urn:lsid:dyntaxa.se:TaxonName:335176,Anomoporia myceliosa f. albolutescens,species,"",Fungi,Basidiomycota,Agaricomycetes,Amylocorticiales,Amylocorticiaceae,"",anomoporia myceliosa,FALSE,FALSE,FALSE,0
urn:lsid:dyntaxa.se:TaxonName:106966,Anoncodes rufiventris,species,"",Animalia,Arthropoda,Insecta,Coleoptera,Oedemeridae,"",anoncodes rufiventris,FALSE,FALSE,FALSE,0
urn:lsid:dyntaxa.se:Taxon:252274,Anopheles atroparvus,species,DD,Animalia,Arthropoda,Insecta,Diptera,Culicidae,"",anopheles atroparvus,FALSE,FALSE,FALSE,0
urn:lsid:dyntaxa.se:TaxonName:95536,Anopleta janssoni,species,"",Animalia,Arthropoda,Insecta,Coleoptera,Staphylinidae,"",anopleta janssoni,FALSE,FALSE,FALSE,0
urn:lsid:dyntaxa.se:Taxon:100300,Anoplius aeruginosus,species,NT,Animalia,Arthropoda,Insecta,Hymenoptera,Pompilidae,native,anoplius aeruginosus,FALSE,FALSE,FALSE,0
urn:lsid:dyntaxa.se:TaxonName:158842,Anoplius diffinis,species,"",Animalia,Arthropoda,Insecta,Hymenoptera,Pompilidae,"",anoplius diffinis,FALSE,FALSE,FALSE,0
urn:lsid:dyntaxa.se:TaxonName:107522,Anoplodera scutellata,species,"",Animalia,Arthropoda,Insecta,Coleoptera,Cerambycidae,"",anoplodera scutellata,FALSE,FALSE,FALSE,0
urn:lsid:dyntaxa.se:TaxonName:243586,Anospilus hungaricus,species,"",Animalia,Arthropoda,Insecta,Hymenoptera,Pompilidae,"",anospilus hungaricus,FALSE,FALSE,FALSE,0
urn:lsid:dyntaxa.se:TaxonName:152548,Antalis abyssorum,species,"",Animalia,Mollusca,Scaphopoda,Dentaliida,Dentaliidae,"",antalis abyssorum,FALSE,FALSE,FALSE,0
urn:lsid:dyntaxa.se:TaxonName:152550,Antalis striolata,species,"",Animalia,Mollusca,Scaphopoda,Dentaliida,Dentaliidae,"",antalis striolata,FALSE,FALSE,FALSE,0
urn:lsid:dyntaxa.se:TaxonName:82361,Antennaria glabrata,subspecies,"",Plantae,Tracheophyta,Magnoliopsida,Asterales,Asteraceae,"",antennaria glabrata,FALSE,FALSE,FALSE,0
urn:lsid:dyntaxa.se:TaxonName:102458,Antherophagus canescens,species,"",Animalia,Arthropoda,Insecta,Coleoptera,Cryptophagidae,"",antherophagus canescens,FALSE,FALSE,FALSE,0
urn:lsid:dyntaxa.se:TaxonName:152948,Anthicus gracilis,species,"",Animalia,Arthropoda,Insecta,Coleoptera,Anthicidae,"",anthicus gracilis,FALSE,FALSE,FALSE,0
urn:lsid:dyntaxa.se:TaxonName:152950,Anthicus hispidus,species,"",Animalia,Arthropoda,Insecta,Coleoptera,Anthicidae,"",anthicus hispidus,FALSE,FALSE,FALSE,0
urn:lsid:dyntaxa.se:TaxonName:152947,Anthicus instabilis,species,"",Animalia,Arthropoda,Insecta,Coleoptera,Anthicidae,"",anthicus instabilis,FALSE,FALSE,FALSE,0
urn:lsid:dyntaxa.se:TaxonName:84530,Anthobium sorbicola,species,"",Animalia,Arthropoda,Insecta,Coleoptera,Staphylinidae,"",anthobium sorbicola,FALSE,FALSE,FALSE,0
urn:lsid:dyntaxa.se:TaxonName:90139,Anthonomus inversus,species,"",Animalia,Arthropoda,Insecta,Coleoptera,Curculionidae,"",anthonomus inversus,FALSE,FALSE,FALSE,0
urn:lsid:dyntaxa.se:TaxonName:327418,Anthophora conoidea,species,"",Animalia,Arthropoda,Insecta,Hymenoptera,Megachilidae,"",anthophora conoidea,FALSE,FALSE,FALSE,0
urn:lsid:dyntaxa.se:TaxonName:329679,Anthophora parietina,species,"",Animalia,Arthropoda,Insecta,Hymenoptera,Apidae,"",anthophora parietina,FALSE,FALSE,FALSE,0
urn:lsid:dyntaxa.se:Taxon:249109,Anthothela grandiflora,species,CR,Animalia,Cnidaria,Anthozoa,Alcyonacea,Anthothelidae,native,anthothela grandiflora,FALSE,FALSE,FALSE,0
urn:lsid:dyntaxa.se:TaxonName:104678,Anthrax leucogaster,species,"",Animalia,Arthropoda,Insecta,Diptera,Bombyliidae,"",anthrax leucogaster,FALSE,FALSE,FALSE,0
urn:lsid:dyntaxa.se:TaxonName:13464,Anthrax trifasciata,species,"",Animalia,Arthropoda,Insecta,Diptera,Bombyliidae,"",anthrax trifasciata,FALSE,FALSE,FALSE,0
urn:lsid:dyntaxa.se:TaxonName:72968,Anthriscus neglecta,species,"",Plantae,Tracheophyta,Magnoliopsida,Apiales,Apiaceae,"",anthriscus neglecta,FALSE,FALSE,FALSE,0
urn:lsid:dyntaxa.se:TaxonName:72969,Anthriscus neglecta var. scandix,species,"",Plantae,Tracheophyta,Magnoliopsida,Apiales,Apiaceae,"",anthriscus neglecta,FALSE,FALSE,FALSE,0
urn:lsid:dyntaxa.se:TaxonName:72974,Anthriscus scandicina,species,"",Plantae,Tracheophyta,Magnoliopsida,Apiales,Apiaceae,"",anthriscus scandicina,FALSE,FALSE,FALSE,0
urn:lsid:dyntaxa.se:TaxonName:72973,Anthriscus scandix,species,"",Plantae,Tracheophyta,Magnoliopsida,Apiales,Apiaceae,"",anthriscus scandix,FALSE,FALSE,FALSE,0
urn:lsid:dyntaxa.se:TaxonName:72970,Anthriscus vulgaris,species,"",Plantae,Tracheophyta,Magnoliopsida,Apiales,Apiaceae,"",anthriscus vulgaris,FALSE,FALSE,FALSE,0
urn:lsid:dyntaxa.se:TaxonName:77948,Antirrhinum orontium,species,"",Plantae,Tracheophyta,Magnoliopsida,Lamiales,Plantaginaceae,"",antirrhinum orontium,FALSE,FALSE,FALSE,0
urn:lsid:dyntaxa.se:TaxonName:148187,Antrodia albobrunnea,species,"",Fungi,Basidiomycota,Agaricomycetes,Polyporales,Fomitopsidaceae,"",antrodia albobrunnea,FALSE,FALSE,FALSE,0
urn:lsid:dyntaxa.se:TaxonName:395880,Antrodia carbonaria,species,"",Fungi,Basidiomycota,Agaricomycetes,Gloeophyllales,Gloeophyllaceae,"",antrodia carbonaria,FALSE,FALSE,FALSE,0
urn:lsid:dyntaxa.se:TaxonName:299909,Antrodia crassa,species,"",Fungi,Basidiomycota,Agaricomycetes,Polyporales,Fomitopsidaceae,"",antrodia crassa,FALSE,FALSE,FALSE,0
urn:lsid:dyntaxa.se:TaxonName:299892,Antrodia cretacea,species,"",Fungi,Basidiomycota,Agaricomycetes,Polyporales,Fomitopsidaceae,"",antrodia cretacea,FALSE,FALSE,FALSE,0
urn:lsid:dyntaxa.se:TaxonName:152623,Antrodia crustulina,species,"",Fungi,Basidiomycota,Agaricomycetes,Polyporales,"Polyporales, genera incertae sedis","",antrodia crustulina,FALSE,FALSE,FALSE,0
urn:lsid:dyntaxa.se:TaxonName:152624,Antrodia flavescens,species,"",Fungi,Basidiomycota,Agaricomycetes,Polyporales,"Polyporales, genera incertae sedis","",antrodia flavescens,FALSE,FALSE,FALSE,0
urn:lsid:dyntaxa.se:TaxonName:152626,Antrodia gossypina,species,"",Fungi,Basidiomycota,Agaricomycetes,Polyporales,"Polyporales, genera incertae sedis","",antrodia gossypina,FALSE,FALSE,FALSE,0
urn:lsid:dyntaxa.se:TaxonName:401298,Antrodia hexagonoides,species,"",Fungi,Basidiomycota,Agaricomycetes,Polyporales,Polyporaceae,"",antrodia hexagonoides,FALSE,FALSE,FALSE,0
urn:lsid:dyntaxa.se:TaxonName:148191,Antrodia infirma,species,"",Fungi,Basidiomycota,Agaricomycetes,Polyporales,Fomitopsidaceae,"",antrodia infirma,FALSE,FALSE,FALSE,0
urn:lsid:dyntaxa.se:TaxonName:152619,Antrodia lenis,species,"",Fungi,Basidiomycota,Agaricomycetes,Hymenochaetales,"Hymenochaetales, genera incertae sedis","",antrodia lenis,FALSE,FALSE,FALSE,0
urn:lsid:dyntaxa.se:TaxonName:148194,Antrodia mellita,species,"",Fungi,Basidiomycota,Agaricomycetes,Polyporales,Fomitopsidaceae,"",antrodia mellita,FALSE,FALSE,FALSE,0
urn:lsid:dyntaxa.se:TaxonName:404214,Antrodia odora,species,"",Fungi,Basidiomycota,Agaricomycetes,Polyporales,Incrustoporiaceae,"",antrodia odora,FALSE,FALSE,FALSE,0
urn:lsid:dyntaxa.se:TaxonName:299900,Antrodia piceata,species,"",Fungi,Basidiomycota,Agaricomycetes,Polyporales,Fomitopsidaceae,"",antrodia piceata,FALSE,FALSE,FALSE,0
urn:lsid:dyntaxa.se:TaxonName:148195,Antrodia primaeva,species,"",Fungi,Basidiomycota,Agaricomycetes,Polyporales,Fomitopsidaceae,"",antrodia primaeva,FALSE,FALSE,FALSE,0
urn:lsid:dyntaxa.se:TaxonName:148196,Antrodia pulvinascens,species,"",Fungi,Basidiomycota,Agaricomycetes,Polyporales,Fomitopsidaceae,"",antrodia pulvinascens,FALSE,FALSE,FALSE,0
urn:lsid:dyntaxa.se:TaxonName:374559,Antrodia quercina,species,"",Fungi,Basidiomycota,Agaricomycetes,Polyporales,Fomitopsidaceae,"",antrodia quercina,FALSE,FALSE,FALSE,0
urn:lsid:dyntaxa.se:TaxonName:152597,Antrodia salicina,species,"",Fungi,Basidiomycota,Agaricomycetes,Polyporales,Fomitopsidaceae,"",antrodia salicina,FALSE,FALSE,FALSE,0
urn:lsid:dyntaxa.se:TaxonName:148200,Antrodia sitchensis,species,"",Fungi,Basidiomycota,Agaricomycetes,Polyporales,Fomitopsidaceae,"",antrodia sitchensis,FALSE,FALSE,FALSE,0
urn:lsid:dyntaxa.se:Taxon:1965,Antrodiella citrinella,species,CR,Fungi,Basidiomycota,Agaricomycetes,Polyporales,Steccherinaceae,native,antrodiella citrinella,FALSE,FALSE,FALSE,0
urn:lsid:dyntaxa.se:TaxonName:152620,Antrodiella lenis,species,"",Fungi,Basidiomycota,Agaricomycetes,Hymenochaetales,"Hymenochaetales, genera incertae sedis","",antrodiella lenis,FALSE,FALSE,FALSE,0
urn:lsid:dyntaxa.se:TaxonName:399961,Antrodiella wynneae,species,"",Fungi,Basidiomycota,Agaricomycetes,Polyporales,Steccherinaceae,"",antrodiella wynneae,FALSE,FALSE,FALSE,0
urn:lsid:dyntaxa.se:TaxonName:399963,Antrodiella wynnei,species,"",Fungi,Basidiomycota,Agaricomycetes,Polyporales,Steccherinaceae,"",antrodiella wynnei,FALSE,FALSE,FALSE,0
urn:lsid:dyntaxa.se:TaxonName:266172,Apamea groenlandica,species,"",Animalia,Arthropoda,Insecta,Lepidoptera,Noctuidae,"",apamea groenlandica,FALSE,FALSE,FALSE,0
urn:lsid:dyntaxa.se:TaxonName:145603,Apamea pabulatricula,species,"",Animalia,Arthropoda,Insecta,Lepidoptera,Noctuidae,"",apamea pabulatricula,FALSE,FALSE,FALSE,0
urn:lsid:dyntaxa.se:TaxonName:139701,Apamea zeta,species,"",Animalia,Arthropoda,Insecta,Lepidoptera,Noctuidae,"",apamea zeta,FALSE,FALSE,FALSE,0
urn:lsid:dyntaxa.se:TaxonName:128045,Apateris kinkerella,species,"",Animalia,Arthropoda,Insecta,Lepidoptera,Gelechiidae,"",apateris kinkerella,FALSE,FALSE,FALSE,0
urn:lsid:dyntaxa.se:TaxonName:65459,Aphanes inexspectata,species,"",Plantae,Tracheophyta,Magnoliopsida,Rosales,Rosaceae,"",aphanes inexspectata,FALSE,FALSE,FALSE,0
urn:lsid:dyntaxa.se:TaxonName:259095,Aphanochaete hyalothecae,species,"",Plantae,Chlorophyta,Chlorophyceae,Chaetophorales,Aphanochaetaceae,"",aphanochaete hyalothecae,FALSE,FALSE,FALSE,0
urn:lsid:dyntaxa.se:Taxon:6003575,Aphanochaete vermiculoides,species,DD,Plantae,Chlorophyta,Chlorophyceae,Chaetophorales,Aphanochaetaceae,native,aphanochaete vermiculoides,FALSE,FALSE,FALSE,0
urn:lsid:dyntaxa.se:TaxonName:9929,Aphanorrhegma patens,species,"",Plantae,Bryophyta,Bryopsida,Funariales,Funariaceae,"",aphanorrhegma patens,FALSE,FALSE,FALSE,0
urn:lsid:dyntaxa.se:TaxonName:25213,Aphodius arenarius,species,"",Animalia,Arthropoda,Insecta,Coleoptera,Scarabaeidae,"",aphodius arenarius,FALSE,FALSE,FALSE,0
urn:lsid:dyntaxa.se:TaxonName:95814,Aphodius coenosus,species,"",Animalia,Arthropoda,Insecta,Coleoptera,Scarabaeidae,"",aphodius coenosus,FALSE,FALSE,FALSE,0
urn:lsid:dyntaxa.se:TaxonName:95845,Aphodius immundus,species,"",Animalia,Arthropoda,Insecta,Coleoptera,Scarabaeidae,"",aphodius immundus,FALSE,FALSE,FALSE,0
urn:lsid:dyntaxa.se:TaxonName:95810,Aphodius luridus,species,"",Animalia,Arthropoda,Insecta,Coleoptera,Scarabaeidae,"",aphodius luridus,FALSE,FALSE,FALSE,0
urn:lsid:dyntaxa.se:TaxonName:95831,Aphodius porcus,species,"",Animalia,Arthropoda,Insecta,Coleoptera,Scarabaeidae,"",aphodius porcus,FALSE,FALSE,FALSE,0
urn:lsid:dyntaxa.se:TaxonName:95807,Aphodius putridus,species,"",Animalia,Arthropoda,Insecta,Coleoptera,Scarabaeidae,"",aphodius putridus,FALSE,FALSE,FALSE,0
urn:lsid:dyntaxa.se:TaxonName:95815,Aphodius quadriguttatus,species,"",Animalia,Arthropoda,Insecta,Coleoptera,Scarabaeidae,"",aphodius quadriguttatus,FALSE,FALSE,FALSE,0
urn:lsid:dyntaxa.se:TaxonName:25214,Aphodius rhododactylus,species,"",Animalia,Arthropoda,Insecta,Coleoptera,Scarabaeidae,"",aphodius rhododactylus,FALSE,FALSE,FALSE,0
urn:lsid:dyntaxa.se:TaxonName:95832,Aphodius scrofa,species,"",Animalia,Arthropoda,Insecta,Coleoptera,Scarabaeidae,"",aphodius scrofa,FALSE,FALSE,FALSE,0
urn:lsid:dyntaxa.se:TaxonName:96565,Aphodius scybalarius,species,"",Animalia,Arthropoda,Insecta,Coleoptera,Scarabaeidae,"",aphodius scybalarius,FALSE,FALSE,FALSE,0
urn:lsid:dyntaxa.se:TaxonName:95844,Aphodius sordidus,species,"",Animalia,Arthropoda,Insecta,Coleoptera,Scarabaeidae,"",aphodius sordidus,FALSE,FALSE,FALSE,0
urn:lsid:dyntaxa.se:TaxonName:95803,Aphodius subterraneus,species,"",Animalia,Arthropoda,Insecta,Coleoptera,Scarabaeidae,"",aphodius subterraneus,FALSE,FALSE,FALSE,0
urn:lsid:dyntaxa.se:TaxonName:450548,Aphodius sus,species,"",Animalia,Arthropoda,Insecta,Coleoptera,Scarabaeidae,"",aphodius sus,FALSE,FALSE,FALSE,0
urn:lsid:dyntaxa.se:TaxonName:450550,Aphodius testudinarius,species,"",Animalia,Arthropoda,Insecta,Coleoptera,Scarabaeidae,"",aphodius testudinarius,FALSE,FALSE,FALSE,0
urn:lsid:dyntaxa.se:TaxonName:95829,Aphodius tomentosus,species,"",Animalia,Arthropoda,Insecta,Coleoptera,Scarabaeidae,"",aphodius tomentosus,FALSE,FALSE,FALSE,0
urn:lsid:dyntaxa.se:TaxonName:25215,Aphodius tristis,species,"",Animalia,Arthropoda,Insecta,Coleoptera,Scarabaeidae,"",aphodius tristis,FALSE,FALSE,FALSE,0
urn:lsid:dyntaxa.se:TaxonName:95850,Aphodius varians,species,"",Animalia,Arthropoda,Insecta,Coleoptera,Scarabaeidae,"",aphodius varians,FALSE,FALSE,FALSE,0
urn:lsid:dyntaxa.se:TaxonName:450549,Aphodius villosus,species,"",Animalia,Arthropoda,Insecta,Coleoptera,Scarabaeidae,"",aphodius villosus,FALSE,FALSE,FALSE,0
urn:lsid:dyntaxa.se:TaxonName:114742,Apion aethiops,species,"",Animalia,Arthropoda,Insecta,Coleoptera,Apionidae,"",apion aethiops,FALSE,FALSE,FALSE,0
urn:lsid:dyntaxa.se:TaxonName:25416,Apion alliariae,species,"",Animalia,Arthropoda,Insecta,Coleoptera,Apionidae,"",apion alliariae,FALSE,FALSE,FALSE,0
urn:lsid:dyntaxa.se:TaxonName:114693,Apion atomarium,species,"",Animalia,Arthropoda,Insecta,Coleoptera,Apionidae,"",apion atomarium,FALSE,FALSE,FALSE,0
urn:lsid:dyntaxa.se:TaxonName:114676,Apion basicorne,species,"",Animalia,Arthropoda,Insecta,Coleoptera,Apionidae,"",apion basicorne,FALSE,FALSE,FALSE,0
urn:lsid:dyntaxa.se:TaxonName:90157,Apion caullei,species,"",Animalia,Arthropoda,Insecta,Coleoptera,Apionidae,"",apion caullei,FALSE,FALSE,FALSE,0
urn:lsid:dyntaxa.se:TaxonName:114689,Apion cineraceum,species,"",Animalia,Arthropoda,Insecta,Coleoptera,Apionidae,"",apion cineraceum,FALSE,FALSE,FALSE,0
urn:lsid:dyntaxa.se:TaxonName:114672,Apion dispar,species,"",Animalia,Arthropoda,Insecta,Coleoptera,Apionidae,"",apion dispar,FALSE,FALSE,FALSE,0
urn:lsid:dyntaxa.se:TaxonName:114690,Apion flavimanum,species,"",Animalia,Arthropoda,Insecta,Coleoptera,Apionidae,"",apion flavimanum,FALSE,FALSE,FALSE,0
urn:lsid:dyntaxa.se:TaxonName:25420,Apion interjectum ssp. boreum,species,"",Animalia,Arthropoda,Insecta,Coleoptera,Apionidae,"",apion interjectum,FALSE,FALSE,FALSE,0
urn:lsid:dyntaxa.se:TaxonName:114709,Apion interjectum,species,"",Animalia,Arthropoda,Insecta,Coleoptera,Apionidae,"",apion interjectum,FALSE,FALSE,FALSE,0
urn:lsid:dyntaxa.se:TaxonName:114671,Apion laevigatum,species,"",Animalia,Arthropoda,Insecta,Coleoptera,Apionidae,"",apion laevigatum,FALSE,FALSE,FALSE,0
urn:lsid:dyntaxa.se:TaxonName:114761,Apion melancholicum,species,"",Animalia,Arthropoda,Insecta,Coleoptera,Apionidae,"",apion melancholicum,FALSE,FALSE,FALSE,0
urn:lsid:dyntaxa.se:TaxonName:114736,Apion modestum,species,"",Animalia,Arthropoda,Insecta,Coleoptera,Apionidae,"",apion modestum,FALSE,FALSE,FALSE,0
urn:lsid:dyntaxa.se:TaxonName:114694,Apion oblivium,species,"",Animalia,Arthropoda,Insecta,Coleoptera,Apionidae,"",apion oblivium,FALSE,FALSE,FALSE,0
urn:lsid:dyntaxa.se:TaxonName:114743,Apion ononis,species,"",Animalia,Arthropoda,Insecta,Coleoptera,Apionidae,"",apion ononis,FALSE,FALSE,FALSE,0
urn:lsid:dyntaxa.se:TaxonName:114692,Apion origani,species,"",Animalia,Arthropoda,Insecta,Coleoptera,Apionidae,"",apion origani,FALSE,FALSE,FALSE,0
urn:lsid:dyntaxa.se:TaxonName:114675,Apion penetrans,species,"",Animalia,Arthropoda,Insecta,Coleoptera,Apionidae,"",apion penetrans,FALSE,FALSE,FALSE,0
urn:lsid:dyntaxa.se:TaxonName:25426,Apion plumbeomicans,species,"",Animalia,Arthropoda,Insecta,Coleoptera,Apionidae,"",apion plumbeomicans,FALSE,FALSE,FALSE,0
urn:lsid:dyntaxa.se:TaxonName:25427,Apion sicardi,species,"",Animalia,Arthropoda,Insecta,Coleoptera,Apionidae,"",apion sicardi,FALSE,FALSE,FALSE,0
urn:lsid:dyntaxa.se:TaxonName:25415,Apion sorbi,species,"",Animalia,Arthropoda,Insecta,Coleoptera,Apionidae,"",apion sorbi,FALSE,FALSE,FALSE,0
urn:lsid:dyntaxa.se:TaxonName:114684,Apion sulcifrons,species,"",Animalia,Arthropoda,Insecta,Coleoptera,Apionidae,"",apion sulcifrons,FALSE,FALSE,FALSE,0
urn:lsid:dyntaxa.se:TaxonName:114691,Apion vicinum,species,"",Animalia,Arthropoda,Insecta,Coleoptera,Apionidae,"",apion vicinum,FALSE,FALSE,FALSE,0
urn:lsid:dyntaxa.se:TaxonName:329709,Apis alpina,species,"",Animalia,Arthropoda,Insecta,Hymenoptera,Apidae,"",apis alpina,FALSE,FALSE,FALSE,0
urn:lsid:dyntaxa.se:TaxonName:326315,Apis banksiana,species,"",Animalia,Arthropoda,Insecta,Hymenoptera,Andrenidae,"",apis banksiana,FALSE,FALSE,FALSE,0
urn:lsid:dyntaxa.se:TaxonName:329723,Apis cullumana,species,"",Animalia,Arthropoda,Insecta,Hymenoptera,Apidae,"",apis cullumana,FALSE,FALSE,FALSE,0
urn:lsid:dyntaxa.se:TaxonName:323000,Apis fodiens,species,"",Animalia,Arthropoda,Insecta,Hymenoptera,Colletidae,"",apis fodiens,FALSE,FALSE,FALSE,0
urn:lsid:dyntaxa.se:TaxonName:29020,Apis hirta,species,"",Animalia,Arthropoda,Insecta,Hymenoptera,Scoliidae,"",apis hirta,FALSE,FALSE,FALSE,0
urn:lsid:dyntaxa.se:TaxonName:327502,Apis lagopoda,species,"",Animalia,Arthropoda,Insecta,Hymenoptera,Megachilidae,"",apis lagopoda,FALSE,FALSE,FALSE,0
urn:lsid:dyntaxa.se:TaxonName:329953,Apis lapponica,species,"",Animalia,Arthropoda,Insecta,Hymenoptera,Apidae,"",apis lapponica,FALSE,FALSE,FALSE,0
urn:lsid:dyntaxa.se:TaxonName:329701,Apis luctuosa,species,"",Animalia,Arthropoda,Insecta,Hymenoptera,Apidae,"",apis luctuosa,FALSE,FALSE,FALSE,0
urn:lsid:dyntaxa.se:TaxonName:329968,Apis muscorum,species,"",Animalia,Arthropoda,Insecta,Hymenoptera,Apidae,"",apis muscorum,FALSE,FALSE,FALSE,0
urn:lsid:dyntaxa.se:TaxonName:326205,Apis nitida,species,"",Animalia,Arthropoda,Insecta,Hymenoptera,Andrenidae,"",apis nitida,FALSE,FALSE,FALSE,0
urn:lsid:dyntaxa.se:TaxonName:329242,Apis phaeoptera,species,"",Animalia,Arthropoda,Insecta,Hymenoptera,Megachilidae,"",apis phaeoptera,FALSE,FALSE,FALSE,0
urn:lsid:dyntaxa.se:TaxonName:326424,Apis quadricincta,species,"",Animalia,Arthropoda,Insecta,Hymenoptera,Halictidae,"",apis quadricincta,FALSE,FALSE,FALSE,0
urn:lsid:dyntaxa.se:TaxonName:329691,Apis retusa,species,"",Animalia,Arthropoda,Insecta,Hymenoptera,Apidae,"",apis retusa,FALSE,FALSE,FALSE,0
urn:lsid:dyntaxa.se:TaxonName:329985,Apis ruderata,species,"",Animalia,Arthropoda,Insecta,Hymenoptera,Apidae,"",apis ruderata,FALSE,FALSE,FALSE,0
urn:lsid:dyntaxa.se:TaxonName:326442,Apis sexcincta,species,"",Animalia,Arthropoda,Insecta,Hymenoptera,Halictidae,"",apis sexcincta,FALSE,FALSE,FALSE,0
urn:lsid:dyntaxa.se:TaxonName:329552,Apis subcornuta,species,"",Animalia,Arthropoda,Insecta,Hymenoptera,Apidae,"",apis subcornuta,FALSE,FALSE,FALSE,0
urn:lsid:dyntaxa.se:TaxonName:327043,Apis suripes,species,"",Animalia,Arthropoda,Insecta,Hymenoptera,Melittidae,"",apis suripes,FALSE,FALSE,FALSE,0
urn:lsid:dyntaxa.se:TaxonName:326256,Apis thoracica,species,"",Animalia,Arthropoda,Insecta,Hymenoptera,Andrenidae,"",apis thoracica,FALSE,FALSE,FALSE,0
urn:lsid:dyntaxa.se:TaxonName:268729,Apis trispinosus,species,"",Animalia,Arthropoda,Insecta,Hymenoptera,Crabronidae,"",apis trispinosus,FALSE,FALSE,FALSE,0
urn:lsid:dyntaxa.se:TaxonName:330016,Apis veterana,species,"",Animalia,Arthropoda,Insecta,Hymenoptera,Apidae,"",apis veterana,FALSE,FALSE,FALSE,0
urn:lsid:dyntaxa.se:TaxonName:12761,Apium inundatum,species,"",Plantae,Tracheophyta,Magnoliopsida,Apiales,Apiaceae,"",apium inundatum,FALSE,FALSE,FALSE,0
urn:lsid:dyntaxa.se:TaxonName:276257,Aplidium lacteum,species,"",Animalia,Chordata,"",Aplousobranchiata,Polyclinidae,"",aplidium lacteum,FALSE,FALSE,FALSE,0
urn:lsid:dyntaxa.se:TaxonName:276256,Aplidium zostericola,species,"",Animalia,Chordata,"",Aplousobranchiata,Polyclinidae,"",aplidium zostericola,FALSE,FALSE,FALSE,0
urn:lsid:dyntaxa.se:TaxonName:13136,Apomarsupella revoluta,species,"",Plantae,Marchantiophyta,Marchantiopsida,Jungermanniales,Gymnomitriaceae,"",apomarsupella revoluta,FALSE,FALSE,FALSE,0
urn:lsid:dyntaxa.se:TaxonName:144927,Apometzgeria pubescens,species,"",Plantae,Marchantiophyta,Marchantiopsida,Metzgeriales,Metzgeriaceae,"",apometzgeria pubescens,FALSE,FALSE,FALSE,0
urn:lsid:dyntaxa.se:TaxonName:131528,Apomyelois cirrigerella,species,"",Animalia,Arthropoda,Insecta,Lepidoptera,Pyralidae,"",apomyelois cirrigerella,FALSE,FALSE,FALSE,0
urn:lsid:dyntaxa.se:TaxonName:131527,Apomyelois rosella,species,"",Animalia,Arthropoda,Insecta,Lepidoptera,Pyralidae,"",apomyelois rosella,FALSE,FALSE,FALSE,0
urn:lsid:dyntaxa.se:TaxonName:284312,Apora polymorpha,species,"",Plantae,Rhodophyta,Florideophyceae,Corallinales,Lithothamniaceae,"",apora polymorpha,FALSE,FALSE,FALSE,0
urn:lsid:dyntaxa.se:Taxon:2047,Aporpium canescens,species,VU,Fungi,Basidiomycota,Agaricomycetes,Auriculariales,"Auriculariales, genera incertae sedis",native,aporpium canescens,FALSE,FALSE,FALSE,0
urn:lsid:dyntaxa.se:TaxonName:152804,Aporpium caryae,species,"",Fungi,Basidiomycota,Agaricomycetes,Auriculariales,"Auriculariales, genera incertae sedis","",aporpium caryae,FALSE,FALSE,FALSE,0
urn:lsid:dyntaxa.se:Taxon:102778,Aporrhais serresianus,species,DD,Animalia,Mollusca,Gastropoda,Littorinimorpha,Aporrhaidae,native,aporrhais serresianus,FALSE,FALSE,FALSE,0
urn:lsid:dyntaxa.se:Taxon:102644,Arachnospila westerlundi,species,NT,Animalia,Arthropoda,Insecta,Hymenoptera,Pompilidae,native,arachnospila westerlundi,FALSE,FALSE,FALSE,0
urn:lsid:dyntaxa.se:Taxon:100380,Aradus aterrimus,species,RE,Animalia,Arthropoda,Insecta,Hemiptera,Aradidae,native,aradus aterrimus,FALSE,FALSE,FALSE,0
urn:lsid:dyntaxa.se:TaxonName:76575,Aranea angulata,species,"",Animalia,Arthropoda,Arachnida,Araneae,Araneidae,"",aranea angulata,FALSE,FALSE,FALSE,0
urn:lsid:dyntaxa.se:TaxonName:146579,Araneus inconspicuus,species,"",Animalia,Arthropoda,Arachnida,Araneae,Araneidae,"",araneus inconspicuus,FALSE,FALSE,FALSE,0
urn:lsid:dyntaxa.se:TaxonName:146572,Araneus zimmermanni,species,"",Animalia,Arthropoda,Arachnida,Araneae,Araneidae,"",araneus zimmermanni,FALSE,FALSE,FALSE,0
urn:lsid:dyntaxa.se:TaxonName:329150,Arca minuta,species,"",Animalia,Mollusca,Bivalvia,Nuculanoida,Nuculanidae,"",arca minuta,FALSE,FALSE,FALSE,0
urn:lsid:dyntaxa.se:TaxonName:329149,Arca pernula,species,"",Animalia,Mollusca,Bivalvia,Nuculanoida,Nuculanidae,"",arca pernula,FALSE,FALSE,FALSE,0
urn:lsid:dyntaxa.se:Taxon:102713,Arca tetragona,species,DD,Animalia,Mollusca,Bivalvia,Arcoida,Arcidae,native,arca tetragona,FALSE,FALSE,FALSE,0
urn:lsid:dyntaxa.se:TaxonName:153048,Arcangeliella asterosperma,species,"",Fungi,Basidiomycota,Agaricomycetes,Boletales,Boletaceae,"",arcangeliella asterosperma,FALSE,FALSE,FALSE,0
urn:lsid:dyntaxa.se:TaxonName:139745,Archanara sparganii,species,"",Animalia,Arthropoda,Insecta,Lepidoptera,Noctuidae,"",archanara sparganii,FALSE,FALSE,FALSE,0
urn:lsid:dyntaxa.se:TaxonName:235844,Archidoris nobilis,species,"",Animalia,Mollusca,Gastropoda,Nudibranchia,Dorididae,"",archidoris nobilis,FALSE,FALSE,FALSE,0
urn:lsid:dyntaxa.se:Taxon:102577,Arctobius agelenoides,species,DD,Animalia,Arthropoda,Arachnida,Araneae,Amaurobiidae,native,arctobius agelenoides,FALSE,FALSE,FALSE,0
urn:lsid:dyntaxa.se:TaxonName:157567,Arctophila bombiforme,species,"",Animalia,Arthropoda,Insecta,Diptera,Syrphidae,"",arctophila bombiforme,FALSE,FALSE,FALSE,0
urn:lsid:dyntaxa.se:Taxon:100394,Arctophila bombiformis,species,CR,Animalia,Arthropoda,Insecta,Diptera,Syrphidae,native,arctophila bombiformis,FALSE,FALSE,FALSE,0
urn:lsid:dyntaxa.se:Taxon:83,Arctophila fulva,species,VU,Plantae,Tracheophyta,Liliopsida,Poales,Poaceae,native,arctophila fulva,FALSE,FALSE,FALSE,0
urn:lsid:dyntaxa.se:TaxonName:146620,Arctosa sabulonum,species,"",Animalia,Arthropoda,Arachnida,Araneae,Lycosidae,"",arctosa sabulonum,FALSE,FALSE,FALSE,0
urn:lsid:dyntaxa.se:TaxonName:129669,Ardea Ciconia,species,"",Animalia,Chordata,Aves,Ciconiiformes,Ciconiidae,"",ardea ciconia,FALSE,FALSE,FALSE,0
urn:lsid:dyntaxa.se:TaxonName:129668,Ardea nigra,species,"",Animalia,Chordata,Aves,Ciconiiformes,Ciconiidae,"",ardea nigra,FALSE,FALSE,FALSE,0
urn:lsid:dyntaxa.se:TaxonName:129680,Ardea stellaris,species,"",Animalia,Chordata,Aves,Pelecaniformes,Ardeidae,"",ardea stellaris,FALSE,FALSE,FALSE,0
urn:lsid:dyntaxa.se:TaxonName:58740,Arenaria caespitosa,species,"",Plantae,Tracheophyta,Magnoliopsida,Caryophyllales,Caryophyllaceae,"",arenaria caespitosa,FALSE,FALSE,FALSE,0
urn:lsid:dyntaxa.se:TaxonName:58620,Arenaria cylindrocarpa,species,"",Plantae,Tracheophyta,Magnoliopsida,Caryophyllales,Caryophyllaceae,"",arenaria cylindrocarpa,FALSE,FALSE,FALSE,0
urn:lsid:dyntaxa.se:TaxonName:58724,Arenaria hirta,species,"",Plantae,Tracheophyta,Magnoliopsida,Caryophyllales,Caryophyllaceae,"",arenaria hirta,FALSE,FALSE,FALSE,0
urn:lsid:dyntaxa.se:TaxonName:58729,Arenaria lateriflora,species,"",Plantae,Tracheophyta,Magnoliopsida,Caryophyllales,Caryophyllaceae,"",arenaria lateriflora,FALSE,FALSE,FALSE,0
urn:lsid:dyntaxa.se:TaxonName:58628,Arenaria lloydii,subspecies,"",Plantae,Tracheophyta,Magnoliopsida,Caryophyllales,Caryophyllaceae,"",arenaria lloydii,FALSE,FALSE,FALSE,0
urn:lsid:dyntaxa.se:TaxonName:105401,Argus aquilo,species,"",Animalia,Arthropoda,Insecta,Lepidoptera,Lycaenidae,"",argus aquilo,FALSE,FALSE,FALSE,0
urn:lsid:dyntaxa.se:TaxonName:105559,Argynnis eris,species,"",Animalia,Arthropoda,Insecta,Lepidoptera,Nymphalidae,"",argynnis eris,FALSE,FALSE,FALSE,0
urn:lsid:dyntaxa.se:TaxonName:105673,Argynnis improba,species,"",Animalia,Arthropoda,Insecta,Lepidoptera,Nymphalidae,"",argynnis improba,FALSE,FALSE,FALSE,0
urn:lsid:dyntaxa.se:Taxon:100977,Argynnis niobe,species,VU,Animalia,Arthropoda,Insecta,Lepidoptera,Nymphalidae,native,argynnis niobe,FALSE,FALSE,FALSE,0
urn:lsid:dyntaxa.se:TaxonName:228713,Argynnis niobe f. eris,species,"",Animalia,Arthropoda,Insecta,Lepidoptera,Nymphalidae,"",argynnis niobe,FALSE,FALSE,FALSE,0
urn:lsid:dyntaxa.se:TaxonName:105634,Argynnis polaris,species,"",Animalia,Arthropoda,Insecta,Lepidoptera,Nymphalidae,"",argynnis polaris,FALSE,FALSE,FALSE,0
urn:lsid:dyntaxa.se:Taxon:239927,Argyra loewi,species,NT,Animalia,Arthropoda,Insecta,Diptera,Dolichopodidae,native,argyra loewi,FALSE,FALSE,FALSE,0
urn:lsid:dyntaxa.se:TaxonName:107483,Arhopalus tristis,species,"",Animalia,Arthropoda,Insecta,Coleoptera,Cerambycidae,"",arhopalus tristis,FALSE,FALSE,FALSE,0
urn:lsid:dyntaxa.se:TaxonName:105375,Aricia eumedon arenicola,subspecies,"",Animalia,Arthropoda,Insecta,Lepidoptera,Lycaenidae,"",aricia eumedon,FALSE,FALSE,FALSE,0
urn:lsid:dyntaxa.se:TaxonName:105376,Aricia eumedon praticola,subspecies,"",Animalia,Arthropoda,Insecta,Lepidoptera,Lycaenidae,"",aricia eumedon,FALSE,FALSE,FALSE,0
urn:lsid:dyntaxa.se:Taxon:100399,Aricia nicias,species,VU,Animalia,Arthropoda,Insecta,Lepidoptera,Lycaenidae,native,aricia nicias,FALSE,FALSE,FALSE,0
urn:lsid:dyntaxa.se:TaxonName:239701,Aristavena setacea,species,"",Plantae,Tracheophyta,Liliopsida,Poales,Poaceae,"",aristavena setacea,FALSE,FALSE,FALSE,0
urn:lsid:dyntaxa.se:TaxonName:117615,Aristotelia inconditella,species,"",Animalia,Arthropoda,Insecta,Lepidoptera,Tineidae,"",aristotelia inconditella,FALSE,FALSE,FALSE,0
urn:lsid:dyntaxa.se:TaxonName:449684,Armadillo opacum,species,"",Animalia,Arthropoda,Malacostraca,Isopoda,Armadillidiidae,"",armadillo opacum,FALSE,FALSE,FALSE,0
urn:lsid:dyntaxa.se:TaxonName:247321,Armeria labradorica,species,"",Plantae,Tracheophyta,Magnoliopsida,Caryophyllales,Plumbaginaceae,"",armeria labradorica,FALSE,FALSE,FALSE,0
urn:lsid:dyntaxa.se:TaxonName:77347,Armeria sibirica,species,"",Plantae,Tracheophyta,Magnoliopsida,Caryophyllales,Plumbaginaceae,"",armeria sibirica,FALSE,FALSE,FALSE,0
urn:lsid:dyntaxa.se:TaxonName:45645,Armillaria matsutake,species,"",Fungi,Basidiomycota,Agaricomycetes,Agaricales,Tricholomataceae,"",armillaria matsutake,FALSE,FALSE,FALSE,0
urn:lsid:dyntaxa.se:TaxonName:426575,Armillariella hymenocephala,species,"",Fungi,Basidiomycota,Agaricomycetes,Agaricales,Clavariaceae,"",armillariella hymenocephala,FALSE,FALSE,FALSE,0
urn:lsid:dyntaxa.se:TaxonName:82389,Arnica alpina,species,"",Plantae,Tracheophyta,Magnoliopsida,Asterales,Asteraceae,"",arnica alpina,FALSE,FALSE,FALSE,0
urn:lsid:dyntaxa.se:Taxon:1767,Arthonia anombrophila,species,CR,Fungi,Ascomycota,Arthoniomycetes,Arthoniales,Arthoniaceae,native,arthonia anombrophila,FALSE,FALSE,FALSE,0
urn:lsid:dyntaxa.se:TaxonName:157752,Arthonia aspersa,species,"",Fungi,Ascomycota,Arthoniomycetes,Arthoniales,Arthoniaceae,"",arthonia aspersa,FALSE,FALSE,FALSE,0
urn:lsid:dyntaxa.se:TaxonName:130530,Arthonia byssacea,species,"",Fungi,Ascomycota,Arthoniomycetes,Arthoniales,Arthoniaceae,"",arthonia byssacea,FALSE,FALSE,FALSE,0
urn:lsid:dyntaxa.se:TaxonName:130533,Arthonia cinnabarina,species,"",Fungi,Ascomycota,Arthoniomycetes,Arthoniales,Arthoniaceae,"",arthonia cinnabarina,FALSE,FALSE,FALSE,0
urn:lsid:dyntaxa.se:TaxonName:8763,Arthonia granulosa,species,"",Fungi,Ascomycota,Arthoniomycetes,Arthoniales,Lecanographaceae,"",arthonia granulosa,FALSE,FALSE,FALSE,0
urn:lsid:dyntaxa.se:TaxonName:157756,Arthonia gregaria,species,"",Fungi,Ascomycota,Arthoniomycetes,Arthoniales,Arthoniaceae,"",arthonia gregaria,FALSE,FALSE,FALSE,0
urn:lsid:dyntaxa.se:TaxonName:157788,Arthonia impolita,species,"",Fungi,Ascomycota,Arthoniomycetes,Arthoniales,Arthoniaceae,"",arthonia impolita,FALSE,FALSE,FALSE,0
urn:lsid:dyntaxa.se:TaxonName:130566,Arthonia pruinata,species,"",Fungi,Ascomycota,Arthoniomycetes,Arthoniales,Arthoniaceae,"",arthonia pruinata,FALSE,FALSE,FALSE,0
urn:lsid:dyntaxa.se:TaxonName:9079,Arthonia stictarum,species,"",Fungi,Ascomycota,Arthoniomycetes,Arthoniales,Lecanographaceae,"",arthonia stictarum,FALSE,FALSE,FALSE,0
urn:lsid:dyntaxa.se:TaxonName:157755,Arthonia tumidula,species,"",Fungi,Ascomycota,Arthoniomycetes,Arthoniales,Arthoniaceae,"",arthonia tumidula,FALSE,FALSE,FALSE,0
urn:lsid:dyntaxa.se:TaxonName:130575,Arthonia zwackhii,species,"",Fungi,Ascomycota,Arthoniomycetes,Arthoniales,Arthoniaceae,"",arthonia zwackhii,FALSE,FALSE,FALSE,0
urn:lsid:dyntaxa.se:TaxonName:149431,Arthopyrenia antecellens,species,"",Fungi,Ascomycota,Dothideomycetes,Pleosporales,Mycoporaceae,"",arthopyrenia antecellens,FALSE,FALSE,FALSE,0
urn:lsid:dyntaxa.se:TaxonName:13963,Arthopyrenia faginea,species,"",Fungi,Ascomycota,Dothideomycetes,Strigulales,Strigulaceae,"",arthopyrenia faginea,FALSE,FALSE,FALSE,0
urn:lsid:dyntaxa.se:TaxonName:13962,Arthopyrenia stigmatella,species,"",Fungi,Ascomycota,Dothideomycetes,Strigulales,Strigulaceae,"",arthopyrenia stigmatella,FALSE,FALSE,FALSE,0
urn:lsid:dyntaxa.se:Taxon:100403,Arthrolips obscura,species,RE,Animalia,Arthropoda,Insecta,Coleoptera,Corylophidae,native,arthrolips obscura,FALSE,FALSE,FALSE,0
urn:lsid:dyntaxa.se:TaxonName:102674,Arthrolips obscurus,species,"",Animalia,Arthropoda,Insecta,Coleoptera,Corylophidae,"",arthrolips obscurus,FALSE,FALSE,FALSE,0
urn:lsid:dyntaxa.se:TaxonName:18065,Arum alpinum,species,"",Plantae,Tracheophyta,Liliopsida,Alismatales,Araceae,"",arum alpinum,FALSE,FALSE,FALSE,0
urn:lsid:dyntaxa.se:TaxonName:87377,Arum alpinum ssp. danicum,species,"",Plantae,Tracheophyta,Liliopsida,Alismatales,Araceae,"",arum alpinum,FALSE,FALSE,FALSE,0
urn:lsid:dyntaxa.se:TaxonName:450797,Arum alpinum subsp. danicum,species,"",Plantae,Tracheophyta,Liliopsida,Alismatales,Araceae,"",arum alpinum,FALSE,FALSE,FALSE,0
urn:lsid:dyntaxa.se:TaxonName:87380,Arum orientale ssp. danicum,species,"",Plantae,Tracheophyta,Liliopsida,Alismatales,Araceae,"",arum orientale,FALSE,FALSE,FALSE,0
urn:lsid:dyntaxa.se:TaxonName:87379,Arum orientale,species,"",Plantae,Tracheophyta,Liliopsida,Alismatales,Araceae,"",arum orientale,FALSE,FALSE,FALSE,0
urn:lsid:dyntaxa.se:TaxonName:124078,Ascidia ampulloides,species,"",Animalia,Chordata,"",Stolidobranchiata,Molgulidae,"",ascidia ampulloides,FALSE,FALSE,FALSE,0
urn:lsid:dyntaxa.se:Taxon:234237,Ascidia prunum,species,VU,Animalia,Chordata,"",Phlebobranchiata,Ascidiidae,native,ascidia prunum,FALSE,FALSE,FALSE,0
urn:lsid:dyntaxa.se:TaxonName:124076,Ascidia tubifera,species,"",Animalia,Chordata,"",Stolidobranchiata,Molgulidae,"",ascidia tubifera,FALSE,FALSE,FALSE,0
urn:lsid:dyntaxa.se:TaxonName:125422,Asclera cinerascens,species,"",Animalia,Arthropoda,Insecta,Coleoptera,Oedemeridae,"",asclera cinerascens,FALSE,FALSE,FALSE,0
urn:lsid:dyntaxa.se:TaxonName:90168,Asclera cyanea,species,"",Animalia,Arthropoda,Insecta,Coleoptera,Oedemeridae,"",asclera cyanea,FALSE,FALSE,FALSE,0
urn:lsid:dyntaxa.se:TaxonName:125421,Asclera sanguinicollis,species,"",Animalia,Arthropoda,Insecta,Coleoptera,Oedemeridae,"",asclera sanguinicollis,FALSE,FALSE,FALSE,0
urn:lsid:dyntaxa.se:TaxonName:89951,Ascocorynium vitellinum,species,"",Fungi,Ascomycota,Neolectomycetes,Neolectales,Neolectaceae,"",ascocorynium vitellinum,FALSE,FALSE,FALSE,0
urn:lsid:dyntaxa.se:TaxonName:11029,Ascocyclus foecundus var. seriatus,species,"",Chromista,Ochrophyta,Phaeophyceae,Ectocarpales,Chordariaceae,"",ascocyclus foecundus,FALSE,FALSE,FALSE,0
urn:lsid:dyntaxa.se:TaxonName:439498,Asellus coxalis,species,"",Animalia,Arthropoda,Malacostraca,Isopoda,Asellidae,"",asellus coxalis,FALSE,FALSE,FALSE,0
urn:lsid:dyntaxa.se:TaxonName:146,Aspersina brambelli,species,"",Animalia,Mollusca,Gastropoda,"",Asperspinidae,"",aspersina brambelli,FALSE,FALSE,FALSE,0
urn:lsid:dyntaxa.se:Taxon:218093,Asperspina brambelli,species,DD,Animalia,Mollusca,Gastropoda,"",Asperspinidae,native,asperspina brambelli,FALSE,FALSE,FALSE,0
urn:lsid:dyntaxa.se:TaxonName:51920,Aspidium aculeatum var. braunii,species,"",Plantae,Tracheophyta,Polypodiopsida,Polypodiales,Dryopteridaceae,"",aspidium aculeatum,FALSE,FALSE,FALSE,0
urn:lsid:dyntaxa.se:TaxonName:51915,Aspidium aculeatum,species,"",Plantae,Tracheophyta,Polypodiopsida,Polypodiales,Dryopteridaceae,"",aspidium aculeatum,FALSE,FALSE,FALSE,0
urn:lsid:dyntaxa.se:TaxonName:51921,Aspidium angulare,species,"",Plantae,Tracheophyta,Polypodiopsida,Polypodiales,Dryopteridaceae,"",aspidium angulare,FALSE,FALSE,FALSE,0
urn:lsid:dyntaxa.se:TaxonName:51922,Aspidium braunii,species,"",Plantae,Tracheophyta,Polypodiopsida,Polypodiales,Dryopteridaceae,"",aspidium braunii,FALSE,FALSE,FALSE,0
urn:lsid:dyntaxa.se:TaxonName:51916,Aspidium lobatum,species,"",Plantae,Tracheophyta,Polypodiopsida,Polypodiales,Dryopteridaceae,"",aspidium lobatum,FALSE,FALSE,FALSE,0
urn:lsid:dyntaxa.se:TaxonName:51864,Aspidium robertianum,species,"",Plantae,Tracheophyta,Polypodiopsida,Polypodiales,Cystopteridaceae,"",aspidium robertianum,FALSE,FALSE,FALSE,0
urn:lsid:dyntaxa.se:TaxonName:47298,Aspius aspius,species,"",Animalia,Chordata,Actinopterygii,Cypriniformes,Cyprinidae,"",aspius aspius,FALSE,FALSE,FALSE,0
urn:lsid:dyntaxa.se:TaxonName:51851,Asplenium crenatum,species,"",Plantae,Tracheophyta,Polypodiopsida,Polypodiales,Athyriaceae,"",asplenium crenatum,FALSE,FALSE,FALSE,0
urn:lsid:dyntaxa.se:TaxonName:51850,Asplenium sibiricum,species,"",Plantae,Tracheophyta,Polypodiopsida,Polypodiales,Athyriaceae,"",asplenium sibiricum,FALSE,FALSE,FALSE,0
urn:lsid:dyntaxa.se:TaxonName:270349,Astacus bamffius,species,"",Animalia,Arthropoda,Malacostraca,Decapoda,Munididae,"",astacus bamffius,FALSE,FALSE,FALSE,0
urn:lsid:dyntaxa.se:TaxonName:115751,Astacus fluviatilis,species,"",Animalia,Arthropoda,Malacostraca,Decapoda,Astacidae,"",astacus fluviatilis,FALSE,FALSE,FALSE,0
urn:lsid:dyntaxa.se:TaxonName:247568,Asterias brachiata,species,"",Animalia,Echinodermata,Ophiuroidea,Ophiurida,Amphiuridae,"",asterias brachiata,FALSE,FALSE,FALSE,0
urn:lsid:dyntaxa.se:TaxonName:247246,Asterias caput-medusae,species,"",Animalia,Echinodermata,Ophiuroidea,Euryalida,Gorgonocephalidae,"",asterias caput-medusae,FALSE,FALSE,FALSE,0
urn:lsid:dyntaxa.se:TaxonName:247191,Asterias endeca,species,"",Animalia,Echinodermata,Asteroidea,Velatida,Solasteridae,"",asterias endeca,FALSE,FALSE,FALSE,0
urn:lsid:dyntaxa.se:TaxonName:247088,Asterias granularis,species,"",Animalia,Echinodermata,Asteroidea,Valvatida,Goniasteridae,"",asterias granularis,FALSE,FALSE,FALSE,0
urn:lsid:dyntaxa.se:TaxonName:247202,Asterias militaris,species,"",Animalia,Echinodermata,Asteroidea,Velatida,Pterasteridae,"",asterias militaris,FALSE,FALSE,FALSE,0
urn:lsid:dyntaxa.se:TaxonName:247192,Asterias rumphii,species,"",Animalia,Echinodermata,Asteroidea,Velatida,Solasteridae,"",asterias rumphii,FALSE,FALSE,FALSE,0
urn:lsid:dyntaxa.se:TaxonName:247546,Asterias squamata,species,"",Animalia,Echinodermata,Ophiuroidea,Ophiurida,Amphiuridae,"",asterias squamata,FALSE,FALSE,FALSE,0
urn:lsid:dyntaxa.se:TaxonName:465689,Asterodon ferruginosum,species,"",Fungi,Basidiomycota,Agaricomycetes,Hymenochaetales,Hymenochaetaceae,"",asterodon ferruginosum,FALSE,FALSE,FALSE,0
urn:lsid:dyntaxa.se:TaxonName:247239,Asteronyx dispar,species,"",Animalia,Echinodermata,Ophiuroidea,Euryalida,Asteronychidae,"",asteronyx dispar,FALSE,FALSE,FALSE,0
urn:lsid:dyntaxa.se:TaxonName:247238,Asteronyx lymani,species,"",Animalia,Echinodermata,Ophiuroidea,Euryalida,Asteronychidae,"",asteronyx lymani,FALSE,FALSE,FALSE,0
urn:lsid:dyntaxa.se:TaxonName:119995,Asterostromella ochroleuca,species,"",Fungi,Basidiomycota,Agaricomycetes,Russulales,Peniophoraceae,"",asterostromella ochroleuca,FALSE,FALSE,FALSE,0
urn:lsid:dyntaxa.se:TaxonName:155984,Astomum crispum,species,"",Plantae,Bryophyta,Bryopsida,Pottiales,Pottiaceae,"",astomum crispum,FALSE,FALSE,FALSE,0
urn:lsid:dyntaxa.se:TaxonName:247090,Astrogonium granulare,species,"",Animalia,Echinodermata,Asteroidea,Valvatida,Goniasteridae,"",astrogonium granulare,FALSE,FALSE,FALSE,0
urn:lsid:dyntaxa.se:TaxonName:247049,Astropecten andromeda,species,"",Animalia,Echinodermata,Asteroidea,Paxillosida,Astropectinidae,"",astropecten andromeda,FALSE,FALSE,FALSE,0
urn:lsid:dyntaxa.se:TaxonName:247050,Astropecten cristii,species,"",Animalia,Echinodermata,Asteroidea,Paxillosida,Astropectinidae,"",astropecten cristii,FALSE,FALSE,FALSE,0
urn:lsid:dyntaxa.se:TaxonName:247101,Astropecten parelii,species,"",Animalia,Echinodermata,Asteroidea,Valvatida,Goniasteridae,"",astropecten parelii,FALSE,FALSE,FALSE,0
urn:lsid:dyntaxa.se:TaxonName:247080,Astropecten tenuispinus,species,"",Animalia,Echinodermata,Asteroidea,Notomyotida,Benthopectinidae,"",astropecten tenuispinus,FALSE,FALSE,FALSE,0
urn:lsid:dyntaxa.se:TaxonName:247247,Astrophyton linckii,species,"",Animalia,Echinodermata,Ophiuroidea,Euryalida,Gorgonocephalidae,"",astrophyton linckii,FALSE,FALSE,FALSE,0
urn:lsid:dyntaxa.se:TaxonName:247248,Astrophyton scutatum,species,"",Animalia,Echinodermata,Ophiuroidea,Euryalida,Gorgonocephalidae,"",astrophyton scutatum,FALSE,FALSE,FALSE,0
urn:lsid:dyntaxa.se:TaxonName:77221,Athamanta libanotis,species,"",Plantae,Tracheophyta,Magnoliopsida,Apiales,Apiaceae,"",athamanta libanotis,FALSE,FALSE,FALSE,0
urn:lsid:dyntaxa.se:TaxonName:95446,Atheta confusa,species,"",Animalia,Arthropoda,Insecta,Coleoptera,Staphylinidae,"",atheta confusa,FALSE,FALSE,FALSE,0
urn:lsid:dyntaxa.se:TaxonName:19118,Atheta delicatula,species,"",Animalia,Arthropoda,Insecta,Coleoptera,Staphylinidae,"",atheta delicatula,FALSE,FALSE,FALSE,0
urn:lsid:dyntaxa.se:Taxon:104828,Atheta europaea,species,DD,Animalia,Arthropoda,Insecta,Coleoptera,Staphylinidae,native,atheta europaea,FALSE,FALSE,FALSE,0
urn:lsid:dyntaxa.se:Taxon:101324,Atheta inquinula,species,VU,Animalia,Arthropoda,Insecta,Coleoptera,Staphylinidae,native,atheta inquinula,FALSE,FALSE,FALSE,0
urn:lsid:dyntaxa.se:TaxonName:21002,Atheta livida,species,"",Animalia,Arthropoda,Insecta,Coleoptera,Staphylinidae,"",atheta livida,FALSE,FALSE,FALSE,0
urn:lsid:dyntaxa.se:TaxonName:96019,Athous mutilatus,species,"",Animalia,Arthropoda,Insecta,Coleoptera,Elateridae,"",athous mutilatus,FALSE,FALSE,FALSE,0
urn:lsid:dyntaxa.se:TaxonName:90136,Athous rufus,species,"",Animalia,Arthropoda,Insecta,Coleoptera,Elateridae,"",athous rufus,FALSE,FALSE,FALSE,0
urn:lsid:dyntaxa.se:TaxonName:90135,Athous villosus,species,"",Animalia,Arthropoda,Insecta,Coleoptera,Elateridae,"",athous villosus,FALSE,FALSE,FALSE,0
urn:lsid:dyntaxa.se:Taxon:102383,Athrips amoenellus,species,EN,Animalia,Arthropoda,Insecta,Lepidoptera,Gelechiidae,native,athrips amoenellus,FALSE,FALSE,FALSE,0
urn:lsid:dyntaxa.se:TaxonName:51852,Athyrium crenatum,species,"",Plantae,Tracheophyta,Polypodiopsida,Polypodiales,Athyriaceae,"",athyrium crenatum,FALSE,FALSE,FALSE,0
urn:lsid:dyntaxa.se:TaxonName:25340,Atomaria norica,species,"",Animalia,Arthropoda,Insecta,Coleoptera,Cryptophagidae,"",atomaria norica,FALSE,FALSE,FALSE,0
urn:lsid:dyntaxa.se:TaxonName:25342,Atomaria sahlbergi,species,"",Animalia,Arthropoda,Insecta,Coleoptera,Cryptophagidae,"",atomaria sahlbergi,FALSE,FALSE,FALSE,0
urn:lsid:dyntaxa.se:Taxon:105551,Atomaria scutellaris,species,DD,Animalia,Arthropoda,Insecta,Coleoptera,Cryptophagidae,native,atomaria scutellaris,FALSE,FALSE,FALSE,0
urn:lsid:dyntaxa.se:TaxonName:102491,Atomaria semitestacea,species,"",Animalia,Arthropoda,Insecta,Coleoptera,Cryptophagidae,"",atomaria semitestacea,FALSE,FALSE,FALSE,0
urn:lsid:dyntaxa.se:TaxonName:58443,Atriplex arenaria,species,"",Plantae,Tracheophyta,Magnoliopsida,Caryophyllales,Amaranthaceae,"",atriplex arenaria,FALSE,FALSE,FALSE,0
urn:lsid:dyntaxa.se:TaxonName:58441,Atriplex farinosa,species,"",Plantae,Tracheophyta,Magnoliopsida,Caryophyllales,Amaranthaceae,"",atriplex farinosa,FALSE,FALSE,FALSE,0
urn:lsid:dyntaxa.se:TaxonName:58442,Atriplex maritima,species,"",Plantae,Tracheophyta,Magnoliopsida,Caryophyllales,Amaranthaceae,"",atriplex maritima,FALSE,FALSE,FALSE,0
urn:lsid:dyntaxa.se:TaxonName:29338,Atriplex pedunculata,species,"",Plantae,Tracheophyta,Magnoliopsida,Caryophyllales,Amaranthaceae,"",atriplex pedunculata,FALSE,FALSE,FALSE,0
urn:lsid:dyntaxa.se:TaxonName:29340,Atriplex portulacoides,species,"",Plantae,Tracheophyta,Magnoliopsida,Caryophyllales,Amaranthaceae,"",atriplex portulacoides,FALSE,FALSE,FALSE,0
urn:lsid:dyntaxa.se:TaxonName:58444,Atriplex sabulosa,species,"",Plantae,Tracheophyta,Magnoliopsida,Caryophyllales,Amaranthaceae,"",atriplex sabulosa,FALSE,FALSE,FALSE,0
urn:lsid:dyntaxa.se:TaxonName:114863,Attactogenus plumbeus,species,"",Animalia,Arthropoda,Insecta,Coleoptera,Curculionidae,"",attactogenus plumbeus,FALSE,FALSE,FALSE,0
urn:lsid:dyntaxa.se:TaxonName:125432,Attalus cardiacae,species,"",Animalia,Arthropoda,Insecta,Coleoptera,Malachiidae,"",attalus cardiacae,FALSE,FALSE,FALSE,0
urn:lsid:dyntaxa.se:TaxonName:27131,Audouinella catenulata,species,"",Plantae,Rhodophyta,Florideophyceae,Acrochaetiales,Acrochaetiaceae,"",audouinella catenulata,FALSE,FALSE,FALSE,0
urn:lsid:dyntaxa.se:TaxonName:283853,Audouinella cytophaga,species,"",Plantae,Rhodophyta,Florideophyceae,Acrochaetiales,Acrochaetiaceae,"",audouinella cytophaga,FALSE,FALSE,FALSE,0
urn:lsid:dyntaxa.se:TaxonName:27132,Audouinella densa,species,"",Plantae,Rhodophyta,Florideophyceae,Acrochaetiales,Acrochaetiaceae,"",audouinella densa,FALSE,FALSE,FALSE,0
urn:lsid:dyntaxa.se:TaxonName:27123,Audouinella dumontiae,species,"",Plantae,Rhodophyta,Florideophyceae,Acrochaetiales,Acrochaetiaceae,"",audouinella dumontiae,FALSE,FALSE,FALSE,0
urn:lsid:dyntaxa.se:TaxonName:283866,Audouinella immersa,species,"",Plantae,Rhodophyta,Florideophyceae,Acrochaetiales,Acrochaetiaceae,"",audouinella immersa,FALSE,FALSE,FALSE,0
urn:lsid:dyntaxa.se:TaxonName:284573,Audouinella investiens,species,"",Plantae,Rhodophyta,Florideophyceae,Balbianiales,Balbianiaceae,"",audouinella investiens,FALSE,FALSE,FALSE,0
urn:lsid:dyntaxa.se:TaxonName:283951,Audouinella stilophorae,species,"",Plantae,Rhodophyta,Florideophyceae,Acrochaetiales,Acrochaetiaceae,"",audouinella stilophorae,FALSE,FALSE,FALSE,0
urn:lsid:dyntaxa.se:Taxon:100433,Augasma aeratellum,species,EN,Animalia,Arthropoda,Insecta,Lepidoptera,Coleophoridae,native,augasma aeratellum,FALSE,FALSE,FALSE,0
urn:lsid:dyntaxa.se:TaxonName:399045,Aurantioporus alborubescens,species,"",Fungi,Basidiomycota,Agaricomycetes,Polyporales,Meruliaceae,"",aurantioporus alborubescens,FALSE,FALSE,FALSE,0
urn:lsid:dyntaxa.se:TaxonName:399082,Aurantioporus croceus,species,"",Fungi,Basidiomycota,Agaricomycetes,Polyporales,Meruliaceae,"",aurantioporus croceus,FALSE,FALSE,FALSE,0
urn:lsid:dyntaxa.se:TaxonName:399093,Aurantioporus fissilis,species,"",Fungi,Basidiomycota,Agaricomycetes,Polyporales,Meruliaceae,"",aurantioporus fissilis,FALSE,FALSE,FALSE,0
urn:lsid:dyntaxa.se:TaxonName:90204,Aurantiporus alborubescens,species,"",Fungi,Basidiomycota,Agaricomycetes,Polyporales,Meruliaceae,"",aurantiporus alborubescens,FALSE,FALSE,FALSE,0
urn:lsid:dyntaxa.se:Taxon:121,Aurantiporus croceus,species,CR,Fungi,Basidiomycota,Agaricomycetes,Polyporales,Meruliaceae,native,aurantiporus croceus,FALSE,FALSE,FALSE,0
urn:lsid:dyntaxa.se:TaxonName:399068,Aurantiporus croceus,species,"",Fungi,Basidiomycota,Agaricomycetes,Polyporales,Meruliaceae,"",aurantiporus croceus,FALSE,FALSE,FALSE,0
urn:lsid:dyntaxa.se:Taxon:1619,Aurantiporus fissilis,species,VU,Fungi,Basidiomycota,Agaricomycetes,Polyporales,Meruliaceae,native,aurantiporus fissilis,FALSE,FALSE,FALSE,0
urn:lsid:dyntaxa.se:TaxonName:100105,Aureoboletus cramesinus,species,"",Fungi,Basidiomycota,Agaricomycetes,Boletales,Boletaceae,"",aureoboletus cramesinus,FALSE,FALSE,FALSE,0
urn:lsid:dyntaxa.se:TaxonName:79810,Auriculariopsis albomellea,species,"",Fungi,Basidiomycota,Agaricomycetes,Polyporales,Irpicaceae,"",auriculariopsis albomellea,FALSE,FALSE,FALSE,0
urn:lsid:dyntaxa.se:TaxonName:398843,Auriculariopsis melzeri,species,"",Fungi,Basidiomycota,Agaricomycetes,Polyporales,Irpicaceae,"",auriculariopsis melzeri,FALSE,FALSE,FALSE,0
urn:lsid:dyntaxa.se:TaxonName:91025,Avena subalpestris,species,"",Plantae,Tracheophyta,Liliopsida,Poales,Poaceae,"",avena subalpestris,FALSE,FALSE,FALSE,0
urn:lsid:dyntaxa.se:TaxonName:5476,Axinulus eumyaria,species,"",Animalia,Mollusca,Bivalvia,Lucinida,Thyasiridae,"",axinulus eumyaria,FALSE,FALSE,FALSE,0
urn:lsid:dyntaxa.se:TaxonName:150779,Axinulus eumyarius,species,"",Animalia,Mollusca,Bivalvia,Lucinida,Thyasiridae,"",axinulus eumyarius,FALSE,FALSE,FALSE,0
urn:lsid:dyntaxa.se:TaxonName:428870,Axinus eumyarius,species,"",Animalia,Mollusca,Bivalvia,Lucinida,Thyasiridae,"",axinus eumyarius,FALSE,FALSE,FALSE,0
urn:lsid:dyntaxa.se:TaxonName:124302,Axionice maculata,species,"",Animalia,Annelida,Polychaeta,Terebellida,Terebellidae,"",axionice maculata,FALSE,FALSE,FALSE,0
urn:lsid:dyntaxa.se:TaxonName:158002,Bacidia acerina,species,"",Fungi,Ascomycota,Lecanoromycetes,Lecanorales,Ramalinaceae,"",bacidia acerina,FALSE,FALSE,FALSE,0
urn:lsid:dyntaxa.se:TaxonName:157999,Bacidia acerina,species,"",Fungi,Ascomycota,Lecanoromycetes,Lecanorales,Ramalinaceae,"",bacidia acerina,FALSE,FALSE,FALSE,0
urn:lsid:dyntaxa.se:TaxonName:158020,Bacidia albescens,species,"",Fungi,Ascomycota,Lecanoromycetes,Lecanorales,Ramalinaceae,"",bacidia albescens,FALSE,FALSE,FALSE,0
urn:lsid:dyntaxa.se:TaxonName:157997,Bacidia atrogrisea,species,"",Fungi,Ascomycota,Lecanoromycetes,Lecanorales,Ramalinaceae,"",bacidia atrogrisea,FALSE,FALSE,FALSE,0
urn:lsid:dyntaxa.se:TaxonName:130677,Bacidia auerswaldii,species,"",Fungi,Ascomycota,Lecanoromycetes,Lecanorales,Pilocarpaceae,"",bacidia auerswaldii,FALSE,FALSE,FALSE,0
urn:lsid:dyntaxa.se:TaxonName:226183,Bacidia chlorotica,species,"",Fungi,Ascomycota,Lecanoromycetes,Lecanorales,Ramalinaceae,"",bacidia chlorotica,FALSE,FALSE,FALSE,0
urn:lsid:dyntaxa.se:TaxonName:138430,Bacidia delicata,species,"",Fungi,Ascomycota,Lecanoromycetes,Lecanorales,Ramalinaceae,"",bacidia delicata,FALSE,FALSE,FALSE,0
urn:lsid:dyntaxa.se:TaxonName:158015,Bacidia delicatula,species,"",Fungi,Ascomycota,Lecanoromycetes,Lecanorales,Ramalinaceae,"",bacidia delicatula,FALSE,FALSE,FALSE,0
urn:lsid:dyntaxa.se:TaxonName:157979,Bacidia effusella,species,"",Fungi,Ascomycota,Lecanoromycetes,Lecanorales,Pilocarpaceae,"",bacidia effusella,FALSE,FALSE,FALSE,0
urn:lsid:dyntaxa.se:TaxonName:157998,Bacidia endoleuca,species,"",Fungi,Ascomycota,Lecanoromycetes,Lecanorales,Ramalinaceae,"",bacidia endoleuca,FALSE,FALSE,FALSE,0
urn:lsid:dyntaxa.se:TaxonName:158001,Bacidia fuscorubella,species,"",Fungi,Ascomycota,Lecanoromycetes,Lecanorales,Ramalinaceae,"",bacidia fuscorubella,FALSE,FALSE,FALSE,0
urn:lsid:dyntaxa.se:TaxonName:368404,Bacidia fuscorubella,species,"",Fungi,Ascomycota,Lecanoromycetes,Lecanorales,Ramalinaceae,"",bacidia fuscorubella,FALSE,FALSE,FALSE,0
urn:lsid:dyntaxa.se:TaxonName:130689,Bacidia incompta,species,"",Fungi,Ascomycota,Lecanoromycetes,Lecanorales,Ramalinaceae,"",bacidia incompta,FALSE,FALSE,FALSE,0
urn:lsid:dyntaxa.se:TaxonName:157977,Bacidia intermissa,species,"",Fungi,Ascomycota,Lecanoromycetes,Lecanorales,Ramalinaceae,"",bacidia intermissa,FALSE,FALSE,FALSE,0
urn:lsid:dyntaxa.se:TaxonName:2111,Bacidia marginata,species,"",Fungi,Ascomycota,Lecanoromycetes,Lecanorales,Pilocarpaceae,"",bacidia marginata,FALSE,FALSE,FALSE,0
urn:lsid:dyntaxa.se:TaxonName:2112,Bacidia micromma,species,"",Fungi,Ascomycota,Lecanoromycetes,Lecanorales,Pilocarpaceae,"",bacidia micromma,FALSE,FALSE,FALSE,0
urn:lsid:dyntaxa.se:TaxonName:138433,Bacidia phacodes,species,"",Fungi,Ascomycota,Lecanoromycetes,Lecanorales,Ramalinaceae,"",bacidia phacodes,FALSE,FALSE,FALSE,0
urn:lsid:dyntaxa.se:TaxonName:14069,Bacidia plumbina,species,"",Fungi,Ascomycota,Lecanoromycetes,Lecanorales,Ramalinaceae,"",bacidia plumbina,FALSE,FALSE,FALSE,0
urn:lsid:dyntaxa.se:TaxonName:157996,Bacidia subacerina,species,"",Fungi,Ascomycota,Lecanoromycetes,Lecanorales,Ramalinaceae,"",bacidia subacerina,FALSE,FALSE,FALSE,0
urn:lsid:dyntaxa.se:TaxonName:149439,Bacidia vezdae,species,"",Fungi,Ascomycota,Lecanoromycetes,Lecanorales,Pilocarpaceae,"",bacidia vezdae,FALSE,FALSE,FALSE,0
urn:lsid:dyntaxa.se:TaxonName:158000,Bacidia violacea,species,"",Fungi,Ascomycota,Lecanoromycetes,Lecanorales,Ramalinaceae,"",bacidia violacea,FALSE,FALSE,FALSE,0
urn:lsid:dyntaxa.se:TaxonName:122823,Bacotia sepium,species,"",Animalia,Arthropoda,Insecta,Lepidoptera,Psychidae,"",bacotia sepium,FALSE,FALSE,FALSE,0
urn:lsid:dyntaxa.se:TaxonName:10111,Baeckmanniolus dimidiatus,species,"",Animalia,Arthropoda,Insecta,Coleoptera,Histeridae,"",baeckmanniolus dimidiatus,FALSE,FALSE,FALSE,0
urn:lsid:dyntaxa.se:TaxonName:115101,Bagous angustus,species,"",Animalia,Arthropoda,Insecta,Coleoptera,Curculionidae,"",bagous angustus,FALSE,FALSE,FALSE,0
urn:lsid:dyntaxa.se:Taxon:100443,Bagous argillaceus,species,RE,Animalia,Arthropoda,Insecta,Coleoptera,Curculionidae,native,bagous argillaceus,FALSE,FALSE,FALSE,0
urn:lsid:dyntaxa.se:TaxonName:25480,Bagous brevitarsis,species,"",Animalia,Arthropoda,Insecta,Coleoptera,Curculionidae,"",bagous brevitarsis,FALSE,FALSE,FALSE,0
urn:lsid:dyntaxa.se:TaxonName:25479,Bagous curtus,species,"",Animalia,Arthropoda,Insecta,Coleoptera,Curculionidae,"",bagous curtus,FALSE,FALSE,FALSE,0
urn:lsid:dyntaxa.se:TaxonName:101389,Bagous cylindrus,species,"",Animalia,Arthropoda,Insecta,Coleoptera,Curculionidae,"",bagous cylindrus,FALSE,FALSE,FALSE,0
urn:lsid:dyntaxa.se:TaxonName:316796,Balanus hameri,species,"",Animalia,Arthropoda,Maxillopoda,Thoracica,Archaeobalanidae,"",balanus hameri,FALSE,FALSE,FALSE,0
urn:lsid:dyntaxa.se:TaxonName:316795,Balanus hammeri,species,"",Animalia,Arthropoda,Maxillopoda,Thoracica,Archaeobalanidae,"",balanus hammeri,FALSE,FALSE,FALSE,0
urn:lsid:dyntaxa.se:Taxon:232919,Balbiania investiens,species,DD,Plantae,Rhodophyta,Florideophyceae,Balbianiales,Balbianiaceae,native,balbiania investiens,FALSE,FALSE,FALSE,0
urn:lsid:dyntaxa.se:TaxonName:96619,Balbiania investiens,species,"",Plantae,Rhodophyta,Florideophyceae,Balbianiales,Balbianiaceae,"",balbiania investiens,FALSE,FALSE,FALSE,0
urn:lsid:dyntaxa.se:TaxonName:305975,Balcis devians,species,"",Animalia,Mollusca,Gastropoda,Littorinimorpha,Eulimidae,"",balcis devians,FALSE,FALSE,FALSE,0
urn:lsid:dyntaxa.se:TaxonName:116727,Balcis philippi,species,"",Animalia,Mollusca,Gastropoda,Littorinimorpha,Eulimidae,"",balcis philippi,FALSE,FALSE,FALSE,0
urn:lsid:dyntaxa.se:TaxonName:97382,Balea biplicata,species,"",Animalia,Mollusca,Gastropoda,Stylommatophora,Clausiliidae,"",balea biplicata,FALSE,FALSE,FALSE,0
urn:lsid:dyntaxa.se:TaxonName:259733,Balea heydeni,species,"",Animalia,Mollusca,Gastropoda,Stylommatophora,Clausiliidae,"",balea heydeni,FALSE,FALSE,FALSE,0
urn:lsid:dyntaxa.se:Taxon:3100,Bankera fuligineoalba,species,NT,Fungi,Basidiomycota,Agaricomycetes,Thelephorales,Bankeraceae,native,bankera fuligineoalba,FALSE,FALSE,FALSE,0
urn:lsid:dyntaxa.se:Taxon:1968,Bankera violascens,species,NT,Fungi,Basidiomycota,Agaricomycetes,Thelephorales,Bankeraceae,native,bankera violascens,FALSE,FALSE,FALSE,0
urn:lsid:dyntaxa.se:TaxonName:155975,Barbula acuta,species,"",Plantae,Bryophyta,Bryopsida,Pottiales,Pottiaceae,"",barbula acuta,FALSE,FALSE,FALSE,0
urn:lsid:dyntaxa.se:TaxonName:9919,Barbula asperifolia,species,"",Plantae,Bryophyta,Bryopsida,Pottiales,Pottiaceae,"",barbula asperifolia,FALSE,FALSE,FALSE,0
urn:lsid:dyntaxa.se:TaxonName:155966,Barbula glauca,species,"",Plantae,Bryophyta,Bryopsida,Pottiales,Pottiaceae,"",barbula glauca,FALSE,FALSE,FALSE,0
urn:lsid:dyntaxa.se:TaxonName:155977,Barbula icmadophila,species,"",Plantae,Bryophyta,Bryopsida,Pottiales,Pottiaceae,"",barbula icmadophila,FALSE,FALSE,FALSE,0
urn:lsid:dyntaxa.se:TaxonName:9992,Barbula lurida,species,"",Plantae,Bryophyta,Bryopsida,Pottiales,Pottiaceae,"",barbula lurida,FALSE,FALSE,FALSE,0
urn:lsid:dyntaxa.se:TaxonName:155980,Barbula revoluta,species,"",Plantae,Bryophyta,Bryopsida,Pottiales,Pottiaceae,"",barbula revoluta,FALSE,FALSE,FALSE,0
urn:lsid:dyntaxa.se:TaxonName:155974,Barbula rufa,species,"",Plantae,Bryophyta,Bryopsida,Pottiales,Pottiaceae,"",barbula rufa,FALSE,FALSE,FALSE,0
urn:lsid:dyntaxa.se:TaxonName:155967,Barbula sinuosa,species,"",Plantae,Bryophyta,Bryopsida,Pottiales,Pottiaceae,"",barbula sinuosa,FALSE,FALSE,FALSE,0
urn:lsid:dyntaxa.se:TaxonName:155972,Barbula spadicea,species,"",Plantae,Bryophyta,Bryopsida,Pottiales,Pottiaceae,"",barbula spadicea,FALSE,FALSE,FALSE,0
urn:lsid:dyntaxa.se:TaxonName:155978,Barbula trifaria,species,"",Plantae,Bryophyta,Bryopsida,Pottiales,Pottiaceae,"",barbula trifaria,FALSE,FALSE,FALSE,0
urn:lsid:dyntaxa.se:TaxonName:155976,Barbula valida,species,"",Plantae,Bryophyta,Bryopsida,Pottiales,Pottiaceae,"",barbula valida,FALSE,FALSE,FALSE,0
urn:lsid:dyntaxa.se:TaxonName:115189,Baris laticollis,species,"",Animalia,Arthropoda,Insecta,Coleoptera,Curculionidae,"",baris laticollis,FALSE,FALSE,FALSE,0
urn:lsid:dyntaxa.se:TaxonName:35867,Bassia hirsuta,species,"",Plantae,Tracheophyta,Magnoliopsida,Caryophyllales,Amaranthaceae,"",bassia hirsuta,FALSE,FALSE,FALSE,0
urn:lsid:dyntaxa.se:TaxonName:128594,Bathyarca grenophia,species,"",Animalia,Mollusca,Bivalvia,Arcoida,Arcidae,"",bathyarca grenophia,FALSE,FALSE,FALSE,0
urn:lsid:dyntaxa.se:TaxonName:64841,Batrachium fluitans,species,"",Plantae,Tracheophyta,Magnoliopsida,Ranunculales,Ranunculaceae,"",batrachium fluitans,FALSE,FALSE,FALSE,0
urn:lsid:dyntaxa.se:TaxonName:64844,Batrachium hederaceum,species,"",Plantae,Tracheophyta,Magnoliopsida,Ranunculales,Ranunculaceae,"",batrachium hederaceum,FALSE,FALSE,FALSE,0
urn:lsid:dyntaxa.se:TaxonName:27095,Batrachospermum globosporum,species,"",Plantae,Rhodophyta,Florideophyceae,Batrachospermales,Batrachospermaceae,"",batrachospermum globosporum,FALSE,FALSE,FALSE,0
urn:lsid:dyntaxa.se:TaxonName:284724,Batrachospermum mikrogyne,species,"",Plantae,Rhodophyta,Florideophyceae,Batrachospermales,Batrachospermaceae,"",batrachospermum mikrogyne,FALSE,FALSE,FALSE,0
urn:lsid:dyntaxa.se:TaxonName:284572,Batrachospermum rubrum,species,"",Plantae,Rhodophyta,Florideophyceae,Balbianiales,Balbianiaceae,"",batrachospermum rubrum,FALSE,FALSE,FALSE,0
urn:lsid:dyntaxa.se:TaxonName:96621,Batrachospermum virgato-decaisneanum,species,"",Plantae,Rhodophyta,Florideophyceae,Batrachospermales,Batrachospermaceae,"",batrachospermum virgato-decaisneanum,FALSE,FALSE,FALSE,0
urn:lsid:dyntaxa.se:TaxonName:27101,Batrachospermum vogesiacum,species,"",Plantae,Rhodophyta,Florideophyceae,Batrachospermales,Batrachospermaceae,"",batrachospermum vogesiacum,FALSE,FALSE,FALSE,0
urn:lsid:dyntaxa.se:TaxonName:64517,Baëtis liebenauae,species,"",Animalia,Arthropoda,Insecta,Ephemeroptera,Baetidae,"",baëtis liebenauae,FALSE,FALSE,FALSE,0
urn:lsid:dyntaxa.se:TaxonName:64523,Baëtis tracheatus,species,"",Animalia,Arthropoda,Insecta,Ephemeroptera,Baetidae,"",baëtis tracheatus,FALSE,FALSE,FALSE,0
urn:lsid:dyntaxa.se:Taxon:244018,Bellardia vespillo,species,DD,Animalia,Arthropoda,Insecta,Diptera,Calliphoridae,native,bellardia vespillo,FALSE,FALSE,FALSE,0
urn:lsid:dyntaxa.se:TaxonName:130723,Belonia incarnata,species,"",Fungi,Ascomycota,Lecanoromycetes,Ostropales,Gyalectaceae,"",belonia incarnata,FALSE,FALSE,FALSE,0
urn:lsid:dyntaxa.se:TaxonName:252992,Belonia incarnata,species,"",Fungi,Ascomycota,Lecanoromycetes,Ostropales,Gyalectaceae,"",belonia incarnata,FALSE,FALSE,FALSE,0
urn:lsid:dyntaxa.se:TaxonName:226198,Belonia nidarosiensis,species,"",Fungi,Ascomycota,Lecanoromycetes,Ostropales,Gyalectaceae,"",belonia nidarosiensis,FALSE,FALSE,FALSE,0
urn:lsid:dyntaxa.se:TaxonName:158055,Belonia russula v. terrigena,species,"",Fungi,Ascomycota,Lecanoromycetes,Ostropales,Gyalectaceae,"",belonia russula,FALSE,FALSE,FALSE,0
urn:lsid:dyntaxa.se:TaxonName:253123,Belonia russula var. terrigena,species,"",Fungi,Ascomycota,Lecanoromycetes,Ostropales,Gyalectaceae,"",belonia russula,FALSE,FALSE,FALSE,0
urn:lsid:dyntaxa.se:TaxonName:253124,Belonia terrigena,species,"",Fungi,Ascomycota,Lecanoromycetes,Ostropales,Gyalectaceae,"",belonia terrigena,FALSE,FALSE,FALSE,0
urn:lsid:dyntaxa.se:TaxonName:74007,Bembidion andreae,species,"",Animalia,Arthropoda,Insecta,Coleoptera,Carabidae,"",bembidion andreae,FALSE,FALSE,FALSE,0
urn:lsid:dyntaxa.se:TaxonName:314929,Bembidion quinquestriatum,species,"",Animalia,Arthropoda,Insecta,Coleoptera,Carabidae,"",bembidion quinquestriatum,FALSE,FALSE,FALSE,0
urn:lsid:dyntaxa.se:TaxonName:74000,Bembidion stephensi,species,"",Animalia,Arthropoda,Insecta,Coleoptera,Carabidae,"",bembidion stephensi,FALSE,FALSE,FALSE,0
urn:lsid:dyntaxa.se:Taxon:102885,Beraea maura,species,VU,Animalia,Arthropoda,Insecta,Trichoptera,Beraeidae,native,beraea maura,FALSE,FALSE,FALSE,0
urn:lsid:dyntaxa.se:TaxonName:33314,Bertia bombarda,species,"",Fungi,Ascomycota,Sordariomycetes,Sordariales,Lasiosphaeriaceae,"",bertia bombarda,FALSE,FALSE,FALSE,0
urn:lsid:dyntaxa.se:TaxonName:77766,Betonica danica,species,"",Plantae,Tracheophyta,Magnoliopsida,Lamiales,Lamiaceae,"",betonica danica,FALSE,FALSE,FALSE,0
urn:lsid:dyntaxa.se:TaxonName:329643,Biastes punctatus,species,"",Animalia,Arthropoda,Insecta,Hymenoptera,Apidae,"",biastes punctatus,FALSE,FALSE,FALSE,0
urn:lsid:dyntaxa.se:TaxonName:6215,Biatora anthracophila,species,"",Fungi,Ascomycota,Lecanoromycetes,Lecanorales,Carbonicolaceae,"",biatora anthracophila,FALSE,FALSE,FALSE,0
urn:lsid:dyntaxa.se:TaxonName:127212,Biatora botryosa,species,"",Fungi,Ascomycota,Lecanoromycetes,Lecanorales,Squamarinaceae,"",biatora botryosa,FALSE,FALSE,FALSE,0
urn:lsid:dyntaxa.se:TaxonName:133103,Biatora cyclospora,species,"",Fungi,Ascomycota,Lecanoromycetes,Lecanorales,Psoraceae,"",biatora cyclospora,FALSE,FALSE,FALSE,0
urn:lsid:dyntaxa.se:TaxonName:127442,Biatora friesiana,species,"",Fungi,Ascomycota,Lecanoromycetes,Lecanorales,Ramalinaceae,"",biatora friesiana,FALSE,FALSE,FALSE,0
urn:lsid:dyntaxa.se:TaxonName:14113,Biatora glebulosa,species,"",Fungi,Ascomycota,Lecanoromycetes,Baeomycetales,Trapeliaceae,"",biatora glebulosa,FALSE,FALSE,FALSE,0
urn:lsid:dyntaxa.se:TaxonName:132992,Biatora humida,species,"",Fungi,Ascomycota,Lecanoromycetes,Baeomycetales,Arctomiaceae,"",biatora humida,FALSE,FALSE,FALSE,0
urn:lsid:dyntaxa.se:TaxonName:226858,Biatora hypoleuca,species,"",Fungi,Ascomycota,Lecanoromycetes,Ostropales,Gyalectaceae,"",biatora hypoleuca,FALSE,FALSE,FALSE,0
urn:lsid:dyntaxa.se:TaxonName:127451,Biatora polychroa,species,"",Fungi,Ascomycota,Lecanoromycetes,Lecanorales,Ramalinaceae,"",biatora polychroa,FALSE,FALSE,FALSE,0
urn:lsid:dyntaxa.se:TaxonName:6412,Biatora straminea,species,"",Fungi,Ascomycota,Lecanoromycetes,Lecanorales,Lecanoraceae,"",biatora straminea,FALSE,FALSE,FALSE,0
urn:lsid:dyntaxa.se:TaxonName:138435,Biatorella monasteriensis,species,"",Fungi,Ascomycota,Lecanoromycetes,"Lecanoromycetes, families incertae sedis","Lecanoromycetes, genera incertae sedis","",biatorella monasteriensis,FALSE,FALSE,FALSE,0
urn:lsid:dyntaxa.se:TaxonName:13751,Biatorella platycarpoides,species,"",Fungi,Ascomycota,Lecanoromycetes,Acarosporales,Acarosporaceae,"",biatorella platycarpoides,FALSE,FALSE,FALSE,0
urn:lsid:dyntaxa.se:TaxonName:249182,Biatorina arnoldii,species,"",Fungi,Ascomycota,Lecanoromycetes,Lecanorales,Catillariaceae,"",biatorina arnoldii,FALSE,FALSE,FALSE,0
urn:lsid:dyntaxa.se:TaxonName:249180,Biatorina minuta,species,"",Fungi,Ascomycota,Lecanoromycetes,Lecanorales,Catillariaceae,"",biatorina minuta,FALSE,FALSE,FALSE,0
urn:lsid:dyntaxa.se:Taxon:102068,Bibio leucopterus,species,DD,Animalia,Arthropoda,Insecta,Diptera,Bibionidae,native,bibio leucopterus,FALSE,FALSE,FALSE,0
urn:lsid:dyntaxa.se:TaxonName:429754,Bilimbia effusa,species,"",Fungi,Ascomycota,Lecanoromycetes,Lecanorales,Pilocarpaceae,"",bilimbia effusa,FALSE,FALSE,FALSE,0
urn:lsid:dyntaxa.se:TaxonName:133087,Bilimbia marginata,species,"",Fungi,Ascomycota,Lecanoromycetes,Lecanorales,Pilocarpaceae,"",bilimbia marginata,FALSE,FALSE,FALSE,0
urn:lsid:dyntaxa.se:TaxonName:226584,Bilimbia premnea,species,"",Fungi,Ascomycota,Arthoniomycetes,Arthoniales,Opegraphaceae,"",bilimbia premnea,FALSE,FALSE,FALSE,0
urn:lsid:dyntaxa.se:TaxonName:33331,Biscogniauxia discreta,species,"",Fungi,Ascomycota,Sordariomycetes,Xylariales,Graphostromataceae,"",biscogniauxia discreta,FALSE,FALSE,FALSE,0
urn:lsid:dyntaxa.se:TaxonName:12996,Biselachista abiskoella,species,"",Animalia,Arthropoda,Insecta,Lepidoptera,Elachistidae,"",biselachista abiskoella,FALSE,FALSE,FALSE,0
urn:lsid:dyntaxa.se:TaxonName:131214,Biselachista cinereopunctella,species,"",Animalia,Arthropoda,Insecta,Lepidoptera,Elachistidae,"",biselachista cinereopunctella,FALSE,FALSE,FALSE,0
urn:lsid:dyntaxa.se:TaxonName:12994,Biselachista kebneella,species,"",Animalia,Arthropoda,Insecta,Lepidoptera,Elachistidae,"",biselachista kebneella,FALSE,FALSE,FALSE,0
urn:lsid:dyntaxa.se:TaxonName:157433,Bithynia troschelii,species,"",Animalia,Mollusca,Gastropoda,Littorinimorpha,Bithyniidae,"",bithynia troschelii,FALSE,FALSE,FALSE,0
urn:lsid:dyntaxa.se:TaxonName:450381,Bjerkandera mollis,species,"",Fungi,Basidiomycota,Agaricomycetes,Polyporales,Irpicaceae,"",bjerkandera mollis,FALSE,FALSE,FALSE,0
urn:lsid:dyntaxa.se:TaxonName:405008,Bjerkandera roseomaculata,species,"",Fungi,Basidiomycota,Agaricomycetes,Polyporales,"Polyporales, genera incertae sedis","",bjerkandera roseomaculata,FALSE,FALSE,FALSE,0
urn:lsid:dyntaxa.se:TaxonName:471957,Bjerkandera squalens,species,"",Fungi,Basidiomycota,Agaricomycetes,Polyporales,Polyporaceae,"",bjerkandera squalens,FALSE,FALSE,FALSE,0
urn:lsid:dyntaxa.se:TaxonName:106817,Blaps sinuaticollis ssp. suecica,species,"",Animalia,Arthropoda,Insecta,Coleoptera,Tenebrionidae,"",blaps sinuaticollis,FALSE,FALSE,FALSE,0
urn:lsid:dyntaxa.se:TaxonName:9801,Blaps sinuatocollis ssp. suecica,species,"",Animalia,Arthropoda,Insecta,Coleoptera,Tenebrionidae,"",blaps sinuatocollis,FALSE,FALSE,FALSE,0
urn:lsid:dyntaxa.se:TaxonName:88427,Bledius bosnicus,species,"",Animalia,Arthropoda,Insecta,Coleoptera,Staphylinidae,"",bledius bosnicus,FALSE,FALSE,FALSE,0
urn:lsid:dyntaxa.se:TaxonName:25164,Bledius germanicus,species,"",Animalia,Arthropoda,Insecta,Coleoptera,Staphylinidae,"",bledius germanicus,FALSE,FALSE,FALSE,0
urn:lsid:dyntaxa.se:TaxonName:88389,Bledius limicola,species,"",Animalia,Arthropoda,Insecta,Coleoptera,Staphylinidae,"",bledius limicola,FALSE,FALSE,FALSE,0
urn:lsid:dyntaxa.se:TaxonName:88402,Bledius praetermissus,species,"",Animalia,Arthropoda,Insecta,Coleoptera,Staphylinidae,"",bledius praetermissus,FALSE,FALSE,FALSE,0
urn:lsid:dyntaxa.se:Taxon:200443,Blera eoa,species,EN,Animalia,Arthropoda,Insecta,Diptera,Syrphidae,native,blera eoa,FALSE,FALSE,FALSE,0
urn:lsid:dyntaxa.se:TaxonName:157302,Blitophaga undata,species,"",Animalia,Arthropoda,Insecta,Coleoptera,Silphidae,"",blitophaga undata,FALSE,FALSE,FALSE,0
urn:lsid:dyntaxa.se:Taxon:102176,Bodilopsis sordida,species,NT,Animalia,Arthropoda,Insecta,Coleoptera,Scarabaeidae,native,bodilopsis sordida,FALSE,FALSE,FALSE,0
urn:lsid:dyntaxa.se:TaxonName:335042,Boidinia subasperispora,species,"",Fungi,Basidiomycota,Agaricomycetes,Russulales,"Russulales, genera incertae sedis","",boidinia subasperispora,FALSE,FALSE,FALSE,0
urn:lsid:dyntaxa.se:TaxonName:102884,Boletus albidus,species,"",Fungi,Basidiomycota,Agaricomycetes,Boletales,Boletaceae,"",boletus albidus,FALSE,FALSE,FALSE,0
urn:lsid:dyntaxa.se:TaxonName:301776,Boletus appendiculatus subsp. pallescens,species,"",Fungi,Basidiomycota,Agaricomycetes,Boletales,Boletaceae,"",boletus appendiculatus,FALSE,FALSE,FALSE,0
urn:lsid:dyntaxa.se:TaxonName:153284,Boletus appendiculatus,species,"",Fungi,Basidiomycota,Agaricomycetes,Boletales,Boletaceae,"",boletus appendiculatus,FALSE,FALSE,FALSE,0
urn:lsid:dyntaxa.se:TaxonName:468013,Boletus badius,species,"",Fungi,Basidiomycota,Agaricomycetes,Polyporales,Polyporaceae,"",boletus badius,FALSE,FALSE,FALSE,0
urn:lsid:dyntaxa.se:TaxonName:470583,Boletus cinnamomeus,species,"",Fungi,Basidiomycota,Agaricomycetes,Hymenochaetales,Hymenochaetaceae,"",boletus cinnamomeus,FALSE,FALSE,FALSE,0
urn:lsid:dyntaxa.se:TaxonName:467755,Boletus cristatus,species,"",Fungi,Basidiomycota,Agaricomycetes,Russulales,Albatrellaceae,"",boletus cristatus,FALSE,FALSE,FALSE,0
urn:lsid:dyntaxa.se:TaxonName:399071,Boletus croceus,species,"",Fungi,Basidiomycota,Agaricomycetes,Polyporales,Meruliaceae,"",boletus croceus,FALSE,FALSE,FALSE,0
urn:lsid:dyntaxa.se:TaxonName:302116,Boletus crocipodius,species,"",Fungi,Basidiomycota,Agaricomycetes,Boletales,Boletaceae,"",boletus crocipodius,FALSE,FALSE,FALSE,0
urn:lsid:dyntaxa.se:TaxonName:258734,Boletus depilatus,species,"",Fungi,Basidiomycota,Agaricomycetes,Boletales,Boletaceae,"",boletus depilatus,FALSE,FALSE,FALSE,0
urn:lsid:dyntaxa.se:TaxonName:153291,Boletus fechtneri,species,"",Fungi,Basidiomycota,Agaricomycetes,Boletales,Boletaceae,"",boletus fechtneri,FALSE,FALSE,FALSE,0
urn:lsid:dyntaxa.se:TaxonName:403606,Boletus fraxineus,species,"",Fungi,Basidiomycota,Agaricomycetes,Polyporales,Polyporaceae,"",boletus fraxineus,FALSE,FALSE,FALSE,0
urn:lsid:dyntaxa.se:TaxonName:103739,Boletus frondosus,species,"",Fungi,Basidiomycota,Agaricomycetes,Polyporales,Grifolaceae,"",boletus frondosus,FALSE,FALSE,FALSE,0
urn:lsid:dyntaxa.se:TaxonName:471707,Boletus frondosus,species,"",Fungi,Basidiomycota,Agaricomycetes,Polyporales,Grifolaceae,"",boletus frondosus,FALSE,FALSE,FALSE,0
urn:lsid:dyntaxa.se:TaxonName:470605,Boletus hepaticus,species,"",Fungi,Basidiomycota,Agaricomycetes,Agaricales,"Agaricales, genera incertae sedis","",boletus hepaticus,FALSE,FALSE,FALSE,0
urn:lsid:dyntaxa.se:TaxonName:153293,Boletus impolitus,species,"",Fungi,Basidiomycota,Agaricomycetes,Boletales,Boletaceae,"",boletus impolitus,FALSE,FALSE,FALSE,0
urn:lsid:dyntaxa.se:TaxonName:302152,Boletus le-galiae,species,"",Fungi,Basidiomycota,Agaricomycetes,Boletales,Boletaceae,"",boletus le-galiae,FALSE,FALSE,FALSE,0
urn:lsid:dyntaxa.se:TaxonName:153295,Boletus legaliae,species,"",Fungi,Basidiomycota,Agaricomycetes,Boletales,Boletaceae,"",boletus legaliae,FALSE,FALSE,FALSE,0
urn:lsid:dyntaxa.se:TaxonName:100213,Boletus leonis,species,"",Fungi,Basidiomycota,Agaricomycetes,Boletales,Boletaceae,"",boletus leonis,FALSE,FALSE,FALSE,0
urn:lsid:dyntaxa.se:TaxonName:467806,Boletus leucomelas,species,"",Fungi,Basidiomycota,Agaricomycetes,Thelephorales,Bankeraceae,"",boletus leucomelas,FALSE,FALSE,FALSE,0
urn:lsid:dyntaxa.se:TaxonName:364354,Boletus lignicola,species,"",Fungi,Basidiomycota,Agaricomycetes,Boletales,Boletaceae,"",boletus lignicola,FALSE,FALSE,FALSE,0
urn:lsid:dyntaxa.se:TaxonName:472148,Boletus medulla-panis,species,"",Fungi,Basidiomycota,Agaricomycetes,Polyporales,Polyporaceae,"",boletus medulla-panis,FALSE,FALSE,FALSE,0
urn:lsid:dyntaxa.se:TaxonName:450357,Boletus mollis,species,"",Fungi,Basidiomycota,Agaricomycetes,Polyporales,Irpicaceae,"",boletus mollis,FALSE,FALSE,FALSE,0
urn:lsid:dyntaxa.se:TaxonName:302117,Boletus nigrescens,species,"",Fungi,Basidiomycota,Agaricomycetes,Boletales,Boletaceae,"",boletus nigrescens,FALSE,FALSE,FALSE,0
urn:lsid:dyntaxa.se:TaxonName:301777,Boletus pallescens,species,"",Fungi,Basidiomycota,Agaricomycetes,Boletales,Boletaceae,"",boletus pallescens,FALSE,FALSE,FALSE,0
urn:lsid:dyntaxa.se:TaxonName:120056,Boletus pini,species,"",Fungi,Basidiomycota,Agaricomycetes,Hymenochaetales,Hymenochaetaceae,"",boletus pini,FALSE,FALSE,FALSE,0
urn:lsid:dyntaxa.se:TaxonName:364445,Boletus porphyrosporus,species,"",Fungi,Basidiomycota,Agaricomycetes,Boletales,Boletaceae,"",boletus porphyrosporus,FALSE,FALSE,FALSE,0
urn:lsid:dyntaxa.se:TaxonName:374579,Boletus pulvinus,species,"",Fungi,Basidiomycota,Agaricomycetes,Polyporales,Fomitopsidaceae,"",boletus pulvinus,FALSE,FALSE,FALSE,0
urn:lsid:dyntaxa.se:TaxonName:302169,Boletus purpureus,species,"",Fungi,Basidiomycota,Agaricomycetes,Boletales,Boletaceae,"",boletus purpureus,FALSE,FALSE,FALSE,0
urn:lsid:dyntaxa.se:TaxonName:153305,Boletus queletii,species,"",Fungi,Basidiomycota,Agaricomycetes,Boletales,Boletaceae,"",boletus queletii,FALSE,FALSE,FALSE,0
urn:lsid:dyntaxa.se:TaxonName:374556,Boletus quercinus,species,"",Fungi,Basidiomycota,Agaricomycetes,Polyporales,Fomitopsidaceae,"",boletus quercinus,FALSE,FALSE,FALSE,0
urn:lsid:dyntaxa.se:TaxonName:153306,Boletus radicans,species,"",Fungi,Basidiomycota,Agaricomycetes,Boletales,Boletaceae,"",boletus radicans,FALSE,FALSE,FALSE,0
urn:lsid:dyntaxa.se:TaxonName:13452,Boletus rhodopurpureus s.lat.,species,"",Fungi,Basidiomycota,Agaricomycetes,Boletales,Boletaceae,"",boletus rhodopurpureus,FALSE,FALSE,FALSE,0
urn:lsid:dyntaxa.se:TaxonName:100203,Boletus rhodopurpureus,species,"",Fungi,Basidiomycota,Agaricomycetes,Boletales,Boletaceae,"",boletus rhodopurpureus,FALSE,FALSE,FALSE,0
urn:lsid:dyntaxa.se:TaxonName:302166,Boletus rhodopurpureus var. rhodoxanthus,species,"",Fungi,Basidiomycota,Agaricomycetes,Boletales,Boletaceae,"",boletus rhodopurpureus,FALSE,FALSE,FALSE,0
urn:lsid:dyntaxa.se:TaxonName:301924,Boletus rhodoxanthus p.p.,species,"",Fungi,Basidiomycota,Agaricomycetes,Boletales,Boletaceae,"",boletus rhodoxanthus,FALSE,FALSE,FALSE,0
urn:lsid:dyntaxa.se:TaxonName:153308,Boletus rhodoxanthus,species,"",Fungi,Basidiomycota,Agaricomycetes,Boletales,Boletaceae,"",boletus rhodoxanthus,FALSE,FALSE,FALSE,0
urn:lsid:dyntaxa.se:TaxonName:301927,Boletus rhodoxanthus p.p.,species,"",Fungi,Basidiomycota,Agaricomycetes,Boletales,Boletaceae,"",boletus rhodoxanthus,FALSE,FALSE,FALSE,0
urn:lsid:dyntaxa.se:TaxonName:374627,Boletus roseus,species,"",Fungi,Basidiomycota,Agaricomycetes,Polyporales,Fomitopsidaceae,"",boletus roseus,FALSE,FALSE,FALSE,0
urn:lsid:dyntaxa.se:TaxonName:302164,Boletus sanguineus var. rhodoxanthus,species,"",Fungi,Basidiomycota,Agaricomycetes,Boletales,Boletaceae,"",boletus sanguineus,FALSE,FALSE,FALSE,0
urn:lsid:dyntaxa.se:TaxonName:153310,Boletus satanas,species,"",Fungi,Basidiomycota,Agaricomycetes,Boletales,Boletaceae,"",boletus satanas,FALSE,FALSE,FALSE,0
urn:lsid:dyntaxa.se:TaxonName:302161,Boletus satanoides,species,"",Fungi,Basidiomycota,Agaricomycetes,Boletales,Boletaceae,"",boletus satanoides,FALSE,FALSE,FALSE,0
urn:lsid:dyntaxa.se:TaxonName:102885,Boletus subappendiculatus,species,"",Fungi,Basidiomycota,Agaricomycetes,Boletales,Boletaceae,"",boletus subappendiculatus,FALSE,FALSE,FALSE,0
urn:lsid:dyntaxa.se:TaxonName:100210,Boletus suspectus,species,"",Fungi,Basidiomycota,Agaricomycetes,Boletales,Boletaceae,"",boletus suspectus,FALSE,FALSE,FALSE,0
urn:lsid:dyntaxa.se:TaxonName:302118,Boletus tessellatus,species,"",Fungi,Basidiomycota,Agaricomycetes,Boletales,Boletaceae,"",boletus tessellatus,FALSE,FALSE,FALSE,0
urn:lsid:dyntaxa.se:TaxonName:470521,Boletus triqueter,species,"",Fungi,Basidiomycota,Agaricomycetes,Hymenochaetales,Hymenochaetaceae,"",boletus triqueter,FALSE,FALSE,FALSE,0
urn:lsid:dyntaxa.se:TaxonName:395783,Boletus tuberaster,species,"",Fungi,Basidiomycota,Agaricomycetes,Polyporales,Polyporaceae,"",boletus tuberaster,FALSE,FALSE,FALSE,0
urn:lsid:dyntaxa.se:TaxonName:467958,Boletus tuberaster,species,"",Fungi,Basidiomycota,Agaricomycetes,Polyporales,Polyporaceae,"",boletus tuberaster,FALSE,FALSE,FALSE,0
urn:lsid:dyntaxa.se:TaxonName:470236,Boletus umbellatus,species,"",Fungi,Basidiomycota,Agaricomycetes,Polyporales,Polyporaceae,"",boletus umbellatus,FALSE,FALSE,FALSE,0
urn:lsid:dyntaxa.se:TaxonName:89660,Bolinia lutea,species,"",Fungi,Ascomycota,Sordariomycetes,Boliniales,Boliniaceae,"",bolinia lutea,FALSE,FALSE,FALSE,0
urn:lsid:dyntaxa.se:TaxonName:89890,Bolinia tubulina,species,"",Fungi,Ascomycota,Sordariomycetes,Boliniales,Boliniaceae,"",bolinia tubulina,FALSE,FALSE,FALSE,0
urn:lsid:dyntaxa.se:TaxonName:19109,Bolitobius pulchellus,species,"",Animalia,Arthropoda,Insecta,Coleoptera,Staphylinidae,"",bolitobius pulchellus,FALSE,FALSE,FALSE,0
urn:lsid:dyntaxa.se:TaxonName:19100,Bolitobius striatus,species,"",Animalia,Arthropoda,Insecta,Coleoptera,Staphylinidae,"",bolitobius striatus,FALSE,FALSE,FALSE,0
urn:lsid:dyntaxa.se:Taxon:102396,Boloria improba,species,VU,Animalia,Arthropoda,Insecta,Lepidoptera,Nymphalidae,native,boloria improba,FALSE,FALSE,FALSE,0
urn:lsid:dyntaxa.se:Taxon:102397,Boloria polaris,species,EN,Animalia,Arthropoda,Insecta,Lepidoptera,Nymphalidae,native,boloria polaris,FALSE,FALSE,FALSE,0
urn:lsid:dyntaxa.se:TaxonName:89636,Bombardia fasciculata,species,"",Fungi,Ascomycota,Sordariomycetes,Sordariales,Lasiosphaeriaceae,"",bombardia fasciculata,FALSE,FALSE,FALSE,0
urn:lsid:dyntaxa.se:TaxonName:460025,Bombus arcticus,species,"",Animalia,Arthropoda,Insecta,Hymenoptera,Apidae,"",bombus arcticus,FALSE,FALSE,FALSE,0
urn:lsid:dyntaxa.se:TaxonName:460008,Bombus nivalis,species,"",Animalia,Arthropoda,Insecta,Hymenoptera,Apidae,"",bombus nivalis,FALSE,FALSE,FALSE,0
urn:lsid:dyntaxa.se:Taxon:103264,Bombus pomorum,species,RE,Animalia,Arthropoda,Insecta,Hymenoptera,Apidae,native,bombus pomorum,FALSE,FALSE,FALSE,0
urn:lsid:dyntaxa.se:TaxonName:460014,Bombus tricolor,species,"",Animalia,Arthropoda,Insecta,Hymenoptera,Apidae,"",bombus tricolor,FALSE,FALSE,FALSE,0
urn:lsid:dyntaxa.se:TaxonName:112056,Bombyx alpina,species,"",Animalia,Arthropoda,Insecta,Lepidoptera,Erebidae,"",bombyx alpina,FALSE,FALSE,FALSE,0
urn:lsid:dyntaxa.se:TaxonName:105985,Bombyx anachoreta,species,"",Animalia,Arthropoda,Insecta,Lepidoptera,Notodontidae,"",bombyx anachoreta,FALSE,FALSE,FALSE,0
urn:lsid:dyntaxa.se:TaxonName:260154,Bombyx asella,species,"",Animalia,Arthropoda,Insecta,Lepidoptera,Limacodidae,"",bombyx asella,FALSE,FALSE,FALSE,0
urn:lsid:dyntaxa.se:TaxonName:111968,Bombyx cereola,species,"",Animalia,Arthropoda,Insecta,Lepidoptera,Erebidae,"",bombyx cereola,FALSE,FALSE,FALSE,0
urn:lsid:dyntaxa.se:TaxonName:259940,Bombyx ganna,species,"",Animalia,Arthropoda,Insecta,Lepidoptera,Hepialidae,"",bombyx ganna,FALSE,FALSE,FALSE,0
urn:lsid:dyntaxa.se:TaxonName:262467,Bombyx harpagula,species,"",Animalia,Arthropoda,Insecta,Lepidoptera,Drepanidae,"",bombyx harpagula,FALSE,FALSE,FALSE,0
urn:lsid:dyntaxa.se:TaxonName:260335,Bombyx terebra,species,"",Animalia,Arthropoda,Insecta,Lepidoptera,Cossidae,"",bombyx terebra,FALSE,FALSE,FALSE,0
urn:lsid:dyntaxa.se:TaxonName:105982,Bombyx timon,species,"",Animalia,Arthropoda,Insecta,Lepidoptera,Notodontidae,"",bombyx timon,FALSE,FALSE,FALSE,0
urn:lsid:dyntaxa.se:TaxonName:40401,Bonasa bonasia,species,"",Animalia,Chordata,Aves,Galliformes,Phasianidae,"",bonasa bonasia,FALSE,FALSE,FALSE,0
urn:lsid:dyntaxa.se:TaxonName:95578,Borboropora kraatzi,species,"",Animalia,Arthropoda,Insecta,Coleoptera,Staphylinidae,"",borboropora kraatzi,FALSE,FALSE,FALSE,0
urn:lsid:dyntaxa.se:Taxon:6001729,Borealea nobilis,species,VU,Animalia,Mollusca,Gastropoda,Nudibranchia,Coryphellidae,native,borealea nobilis,FALSE,FALSE,FALSE,0
urn:lsid:dyntaxa.se:TaxonName:121134,Boreophila manualis,species,"",Animalia,Arthropoda,Insecta,Lepidoptera,Crambidae,"",boreophila manualis,FALSE,FALSE,FALSE,0
urn:lsid:dyntaxa.se:TaxonName:394512,Bostrichus acuminatus,species,"",Animalia,Arthropoda,Insecta,Coleoptera,Curculionidae,"",bostrichus acuminatus,FALSE,FALSE,FALSE,0
urn:lsid:dyntaxa.se:TaxonName:394509,Bostrichus crenatus,species,"",Animalia,Arthropoda,Insecta,Coleoptera,Curculionidae,"",bostrichus crenatus,FALSE,FALSE,FALSE,0
urn:lsid:dyntaxa.se:TaxonName:125441,Bostrychus capucinus,species,"",Animalia,Arthropoda,Insecta,Coleoptera,Bostrichidae,"",bostrychus capucinus,FALSE,FALSE,FALSE,0
urn:lsid:dyntaxa.se:TaxonName:102570,Bothrideres contractus,species,"",Animalia,Arthropoda,Insecta,Coleoptera,Bothrideridae,"",bothrideres contractus,FALSE,FALSE,FALSE,0
urn:lsid:dyntaxa.se:TaxonName:51769,Botrychium matricariae,species,"",Plantae,Tracheophyta,Psilotopsida,Ophioglossales,Ophioglossaceae,"",botrychium matricariae,FALSE,FALSE,FALSE,0
urn:lsid:dyntaxa.se:Taxon:167,Botrychium multifidum,species,NT,Plantae,Tracheophyta,Psilotopsida,Ophioglossales,Ophioglossaceae,native,botrychium multifidum,FALSE,FALSE,FALSE,0
urn:lsid:dyntaxa.se:TaxonName:51763,Botrychium ramosum,species,"",Plantae,Tracheophyta,Psilotopsida,Ophioglossales,Ophioglossaceae,"",botrychium ramosum,FALSE,FALSE,FALSE,0
urn:lsid:dyntaxa.se:TaxonName:51768,Botrychium rutaceum,species,"",Plantae,Tracheophyta,Psilotopsida,Ophioglossales,Ophioglossaceae,"",botrychium rutaceum,FALSE,FALSE,FALSE,0
urn:lsid:dyntaxa.se:TaxonName:51764,Botrychium rutaceum,species,"",Plantae,Tracheophyta,Psilotopsida,Ophioglossales,Ophioglossaceae,"",botrychium rutaceum,FALSE,FALSE,FALSE,0
urn:lsid:dyntaxa.se:TaxonName:51766,Botrychum rutaefolium,species,"",Plantae,Tracheophyta,Psilotopsida,Ophioglossales,Ophioglossaceae,"",botrychum rutaefolium,FALSE,FALSE,FALSE,0
urn:lsid:dyntaxa.se:TaxonName:51767,Botrychum ternatum,species,"",Plantae,Tracheophyta,Psilotopsida,Ophioglossales,Ophioglossaceae,"",botrychum ternatum,FALSE,FALSE,FALSE,0
urn:lsid:dyntaxa.se:TaxonName:405738,Botryodiplodia hypodermia,species,"",Fungi,Ascomycota,Sordariomycetes,Diaporthales,Gnomoniaceae,"",botryodiplodia hypodermia,FALSE,FALSE,FALSE,0
urn:lsid:dyntaxa.se:TaxonName:235361,Bovista candida,species,"",Fungi,Basidiomycota,Agaricomycetes,Agaricales,Agaricaceae,"",bovista candida,FALSE,FALSE,FALSE,0
urn:lsid:dyntaxa.se:TaxonName:235366,Bovista circumscissa,species,"",Fungi,Basidiomycota,Agaricomycetes,Agaricales,Agaricaceae,"",bovista circumscissa,FALSE,FALSE,FALSE,0
urn:lsid:dyntaxa.se:TaxonName:152985,Bovistella paludosa,species,"",Fungi,Basidiomycota,Agaricomycetes,Agaricales,Lycoperdaceae,"",bovistella paludosa,FALSE,FALSE,FALSE,0
urn:lsid:dyntaxa.se:TaxonName:153021,Bovistella pedicellata,species,"",Fungi,Basidiomycota,Agaricomycetes,Agaricales,Lycoperdaceae,"",bovistella pedicellata,FALSE,FALSE,FALSE,0
urn:lsid:dyntaxa.se:TaxonName:234854,Bovistella pedicellatum,species,"",Fungi,Basidiomycota,Agaricomycetes,Agaricales,Lycoperdaceae,"",bovistella pedicellatum,FALSE,FALSE,FALSE,0
urn:lsid:dyntaxa.se:TaxonName:142277,Brachycentrum radicicola,species,"",Animalia,Arthropoda,Arachnida,Araneae,Linyphiidae,"",brachycentrum radicicola,FALSE,FALSE,FALSE,0
urn:lsid:dyntaxa.se:TaxonName:118108,Brachycercus harrisellus,species,"",Animalia,Arthropoda,Insecta,Ephemeroptera,Caenidae,"",brachycercus harrisellus,FALSE,FALSE,FALSE,0
urn:lsid:dyntaxa.se:Taxon:233422,Brachydiastylis resima,species,DD,Animalia,Arthropoda,Malacostraca,Cumacea,Diastylidae,native,brachydiastylis resima,FALSE,FALSE,FALSE,0
urn:lsid:dyntaxa.se:TaxonName:96081,Brachygonus dubius,species,"",Animalia,Arthropoda,Insecta,Coleoptera,Elateridae,"",brachygonus dubius,FALSE,FALSE,FALSE,0
urn:lsid:dyntaxa.se:TaxonName:25258,Brachygonus megerlei,species,"",Animalia,Arthropoda,Insecta,Coleoptera,Elateridae,"",brachygonus megerlei,FALSE,FALSE,FALSE,0
urn:lsid:dyntaxa.se:TaxonName:111753,Brachynus crepitans,species,"",Animalia,Arthropoda,Insecta,Coleoptera,Carabidae,"",brachynus crepitans,FALSE,FALSE,FALSE,0
urn:lsid:dyntaxa.se:TaxonName:145237,Brachythecium collinum,species,"",Plantae,Bryophyta,Bryopsida,Hypnales,Brachytheciaceae,"",brachythecium collinum,FALSE,FALSE,FALSE,0
urn:lsid:dyntaxa.se:TaxonName:224857,Brachythecium collinum,species,"",Plantae,Bryophyta,Bryopsida,Hypnales,Brachytheciaceae,"",brachythecium collinum,FALSE,FALSE,FALSE,0
urn:lsid:dyntaxa.se:TaxonName:246862,Brachythecium collinum var. subjulaceum,species,"",Plantae,Bryophyta,Bryopsida,Hypnales,Brachytheciaceae,"",brachythecium collinum,FALSE,FALSE,FALSE,0
urn:lsid:dyntaxa.se:TaxonName:145238,Brachythecium coruscum,species,"",Plantae,Bryophyta,Bryopsida,Hypnales,Brachytheciaceae,"",brachythecium coruscum,FALSE,FALSE,FALSE,0
urn:lsid:dyntaxa.se:TaxonName:224778,Brachythecium coruscum,species,"",Plantae,Bryophyta,Bryopsida,Hypnales,Brachytheciaceae,"",brachythecium coruscum,FALSE,FALSE,FALSE,0
urn:lsid:dyntaxa.se:TaxonName:147216,Brachythecium fendleri,species,"",Plantae,Bryophyta,Bryopsida,Hypnales,Brachytheciaceae,"",brachythecium fendleri,FALSE,FALSE,FALSE,0
urn:lsid:dyntaxa.se:TaxonName:224860,Brachythecium fendleri,species,"",Plantae,Bryophyta,Bryopsida,Hypnales,Brachytheciaceae,"",brachythecium fendleri,FALSE,FALSE,FALSE,0
urn:lsid:dyntaxa.se:TaxonName:246785,Brachythecium gelidum,species,"",Plantae,Bryophyta,Bryopsida,Hypnales,Brachytheciaceae,"",brachythecium gelidum,FALSE,FALSE,FALSE,0
urn:lsid:dyntaxa.se:TaxonName:145240,Brachythecium glaciale,species,"",Plantae,Bryophyta,Bryopsida,Hypnales,Brachytheciaceae,"",brachythecium glaciale,FALSE,FALSE,FALSE,0
urn:lsid:dyntaxa.se:TaxonName:246786,Brachythecium glaciale var. gelidum,species,"",Plantae,Bryophyta,Bryopsida,Hypnales,Brachytheciaceae,"",brachythecium glaciale,FALSE,FALSE,FALSE,0
urn:lsid:dyntaxa.se:TaxonName:29049,Brachythecium glaciale var. dovrense,species,"",Plantae,Bryophyta,Bryopsida,Hypnales,Brachytheciaceae,"",brachythecium glaciale,FALSE,FALSE,FALSE,0
urn:lsid:dyntaxa.se:TaxonName:224782,Brachythecium groenlandicum,species,"",Plantae,Bryophyta,Bryopsida,Hypnales,Brachytheciaceae,"",brachythecium groenlandicum,FALSE,FALSE,FALSE,0
urn:lsid:dyntaxa.se:TaxonName:224385,Brachythecium lapponicum,species,"",Plantae,Bryophyta,Bryopsida,Hypnales,Plagiotheciaceae,"",brachythecium lapponicum,FALSE,FALSE,FALSE,0
urn:lsid:dyntaxa.se:TaxonName:148238,Brachythecium trachypodium,species,"",Plantae,Bryophyta,Bryopsida,Hypnales,Brachytheciaceae,"",brachythecium trachypodium,FALSE,FALSE,FALSE,0
urn:lsid:dyntaxa.se:TaxonName:224869,Brachythecium trachypodium,species,"",Plantae,Bryophyta,Bryopsida,Hypnales,Brachytheciaceae,"",brachythecium trachypodium,FALSE,FALSE,FALSE,0
urn:lsid:dyntaxa.se:TaxonName:392855,Brassicogethes czwalinai,species,"",Animalia,Arthropoda,Insecta,Coleoptera,Nitidulidae,"",brassicogethes czwalinai,FALSE,FALSE,FALSE,0
urn:lsid:dyntaxa.se:TaxonName:329977,Bremus pomorum,species,"",Animalia,Arthropoda,Insecta,Hymenoptera,Apidae,"",bremus pomorum,FALSE,FALSE,FALSE,0
urn:lsid:dyntaxa.se:TaxonName:283415,Bresadolina pallida,species,"",Fungi,Basidiomycota,Agaricomycetes,Hymenochaetales,Rickenellaceae,"",bresadolina pallida,FALSE,FALSE,FALSE,0
urn:lsid:dyntaxa.se:TaxonName:142081,Briareum grandiflorum,species,"",Animalia,Cnidaria,Anthozoa,Alcyonacea,Anthothelidae,"",briareum grandiflorum,FALSE,FALSE,FALSE,0
urn:lsid:dyntaxa.se:TaxonName:146660,Brommella notabilis,species,"",Animalia,Arthropoda,Arachnida,Araneae,Dictynidae,"",brommella notabilis,FALSE,FALSE,FALSE,0
urn:lsid:dyntaxa.se:Taxon:178,Bromopsis ramosa,species,NT,Plantae,Tracheophyta,Liliopsida,Poales,Poaceae,native,bromopsis ramosa,FALSE,FALSE,FALSE,0
urn:lsid:dyntaxa.se:TaxonName:90525,Bromus asper var. serotinus,species,"",Plantae,Tracheophyta,Liliopsida,Poales,Poaceae,"",bromus asper,FALSE,FALSE,FALSE,0
urn:lsid:dyntaxa.se:TaxonName:90526,Bromus asper,species,"",Plantae,Tracheophyta,Liliopsida,Poales,Poaceae,"",bromus asper,FALSE,FALSE,FALSE,0
urn:lsid:dyntaxa.se:TaxonName:90552,Bromus pratensis,species,"",Plantae,Tracheophyta,Liliopsida,Poales,Poaceae,"",bromus pratensis,FALSE,FALSE,FALSE,0
urn:lsid:dyntaxa.se:TaxonName:90533,Bromus pratensis,species,"",Plantae,Tracheophyta,Liliopsida,Poales,Poaceae,"",bromus pratensis,FALSE,FALSE,FALSE,0
urn:lsid:dyntaxa.se:TaxonName:90529,Bromus serotinus,species,"",Plantae,Tracheophyta,Liliopsida,Poales,Poaceae,"",bromus serotinus,FALSE,FALSE,FALSE,0
urn:lsid:dyntaxa.se:TaxonName:261240,Bruchia palustris,species,"",Plantae,Bryophyta,Bryopsida,Dicranales,Ditrichaceae,"",bruchia palustris,FALSE,FALSE,FALSE,0
urn:lsid:dyntaxa.se:Taxon:100513,Bryodema tuberculata,species,VU,Animalia,Arthropoda,Insecta,Orthoptera,Acrididae,native,bryodema tuberculata,FALSE,FALSE,FALSE,0
urn:lsid:dyntaxa.se:TaxonName:294,Bryohaplocladium microphyllum,species,"",Plantae,Bryophyta,Bryopsida,Hypnales,Thuidiaceae,"",bryohaplocladium microphyllum,FALSE,FALSE,FALSE,0
urn:lsid:dyntaxa.se:TaxonName:223888,Bryohaplocladium microphyllum,species,"",Plantae,Bryophyta,Bryopsida,Hypnales,Thuidiaceae,"",bryohaplocladium microphyllum,FALSE,FALSE,FALSE,0
urn:lsid:dyntaxa.se:TaxonName:127262,Bryopogon jubatus var. nitidulum,species,"",Fungi,Ascomycota,Lecanoromycetes,Lecanorales,Parmeliaceae,"",bryopogon jubatus,FALSE,FALSE,FALSE,0
urn:lsid:dyntaxa.se:TaxonName:106305,Bryum acutiforme,species,"",Plantae,Bryophyta,Bryopsida,Bryales,Bryaceae,"",bryum acutiforme,FALSE,FALSE,FALSE,0
urn:lsid:dyntaxa.se:TaxonName:9845,Bryum acutum,species,"",Plantae,Bryophyta,Bryopsida,Bryales,Bryaceae,"",bryum acutum,FALSE,FALSE,FALSE,0
urn:lsid:dyntaxa.se:TaxonName:106306,Bryum axel-blyttii,species,"",Plantae,Bryophyta,Bryopsida,Bryales,Bryaceae,"",bryum axel-blyttii,FALSE,FALSE,FALSE,0
urn:lsid:dyntaxa.se:Taxon:192,Bryum bornholmense,species,NT,Plantae,Bryophyta,Bryopsida,Bryales,Bryaceae,native,bryum bornholmense,FALSE,FALSE,FALSE,0
urn:lsid:dyntaxa.se:TaxonName:148257,Bryum bornholmense,species,"",Plantae,Bryophyta,Bryopsida,Bryales,Bryaceae,"",bryum bornholmense,FALSE,FALSE,FALSE,0
urn:lsid:dyntaxa.se:Taxon:233204,Bryum calophyllum,species,VU,Plantae,Bryophyta,Bryopsida,Bryales,Bryaceae,native,bryum calophyllum,FALSE,FALSE,FALSE,0
urn:lsid:dyntaxa.se:TaxonName:9847,Bryum cernuum,species,"",Plantae,Bryophyta,Bryopsida,Bryales,Bryaceae,"",bryum cernuum,FALSE,FALSE,FALSE,0
urn:lsid:dyntaxa.se:TaxonName:243607,Bryum crudoides,species,"",Plantae,Bryophyta,Bryopsida,Bryales,Mielichhoferiaceae,"",bryum crudoides,FALSE,FALSE,FALSE,0
urn:lsid:dyntaxa.se:Taxon:2308,Bryum cryophilum,species,VU,Plantae,Bryophyta,Bryopsida,Bryales,Bryaceae,native,bryum cryophilum,FALSE,FALSE,FALSE,0
urn:lsid:dyntaxa.se:TaxonName:243774,Bryum cucullatum,species,"",Plantae,Bryophyta,Bryopsida,Bryales,Mielichhoferiaceae,"",bryum cucullatum,FALSE,FALSE,FALSE,0
urn:lsid:dyntaxa.se:TaxonName:9863,Bryum erythrocarpon,species,"",Plantae,Bryophyta,Bryopsida,Bryales,Bryaceae,"",bryum erythrocarpon,FALSE,FALSE,FALSE,0
urn:lsid:dyntaxa.se:Taxon:195,Bryum funkii,species,EN,Plantae,Bryophyta,Bryopsida,Bryales,Bryaceae,native,bryum funkii,FALSE,FALSE,FALSE,0
urn:lsid:dyntaxa.se:Taxon:259205,Bryum gemmilucens,species,DD,Plantae,Bryophyta,Bryopsida,Bryales,Bryaceae,native,bryum gemmilucens,FALSE,FALSE,FALSE,0
urn:lsid:dyntaxa.se:Taxon:2317,Bryum knowltonii,species,EN,Plantae,Bryophyta,Bryopsida,Bryales,Bryaceae,native,bryum knowltonii,FALSE,FALSE,FALSE,0
urn:lsid:dyntaxa.se:TaxonName:9851,Bryum lacustre,species,"",Plantae,Bryophyta,Bryopsida,Bryales,Bryaceae,"",bryum lacustre,FALSE,FALSE,FALSE,0
urn:lsid:dyntaxa.se:Taxon:2318,Bryum longisetum,species,NT,Plantae,Bryophyta,Bryopsida,Bryales,Bryaceae,native,bryum longisetum,FALSE,FALSE,FALSE,0
urn:lsid:dyntaxa.se:TaxonName:243686,Bryum ludwigii,species,"",Plantae,Bryophyta,Bryopsida,Bryales,Mielichhoferiaceae,"",bryum ludwigii,FALSE,FALSE,FALSE,0
urn:lsid:dyntaxa.se:Taxon:2296,Bryum marratii,species,EN,Plantae,Bryophyta,Bryopsida,Bryales,Bryaceae,native,bryum marratii,FALSE,FALSE,FALSE,0
urn:lsid:dyntaxa.se:TaxonName:148275,Bryum marratii,species,"",Plantae,Bryophyta,Bryopsida,Bryales,Bryaceae,"",bryum marratii,FALSE,FALSE,FALSE,0
urn:lsid:dyntaxa.se:Taxon:2333,Bryum mildeanum,species,NT,Plantae,Bryophyta,Bryopsida,Bryales,Bryaceae,native,bryum mildeanum,FALSE,FALSE,FALSE,0
urn:lsid:dyntaxa.se:Taxon:2335,Bryum muehlenbeckii,species,NT,Plantae,Bryophyta,Bryopsida,Bryales,Bryaceae,native,bryum muehlenbeckii,FALSE,FALSE,FALSE,0
urn:lsid:dyntaxa.se:TaxonName:9854,Bryum mühlenbeckii,species,"",Plantae,Bryophyta,Bryopsida,Bryales,Bryaceae,"",bryum mühlenbeckii,FALSE,FALSE,FALSE,0
urn:lsid:dyntaxa.se:TaxonName:243771,Bryum obtusifolium,species,"",Plantae,Bryophyta,Bryopsida,Bryales,Mielichhoferiaceae,"",bryum obtusifolium,FALSE,FALSE,FALSE,0
urn:lsid:dyntaxa.se:TaxonName:243564,Bryum pulchellum var. atropurpureum,species,"",Plantae,Bryophyta,Bryopsida,Bryales,Mielichhoferiaceae,"",bryum pulchellum,FALSE,FALSE,FALSE,0
urn:lsid:dyntaxa.se:Taxon:2903,Bryum sauteri,species,NT,Plantae,Bryophyta,Bryopsida,Bryales,Bryaceae,native,bryum sauteri,FALSE,FALSE,FALSE,0
urn:lsid:dyntaxa.se:TaxonName:97131,Bryum sauteri,species,"",Plantae,Bryophyta,Bryopsida,Bryales,Bryaceae,"",bryum sauteri,FALSE,FALSE,FALSE,0
urn:lsid:dyntaxa.se:Taxon:204,Bryum turbinatum,species,VU,Plantae,Bryophyta,Bryopsida,Bryales,Bryaceae,native,bryum turbinatum,FALSE,FALSE,FALSE,0
urn:lsid:dyntaxa.se:Taxon:2301,Bryum uliginosum,species,DD,Plantae,Bryophyta,Bryopsida,Bryales,Bryaceae,native,bryum uliginosum,FALSE,FALSE,FALSE,0
urn:lsid:dyntaxa.se:Taxon:233266,Bryum warneum,species,VU,Plantae,Bryophyta,Bryopsida,Bryales,Bryaceae,native,bryum warneum,FALSE,FALSE,FALSE,0
urn:lsid:dyntaxa.se:Taxon:207,Bryum wrightii,species,EN,Plantae,Bryophyta,Bryopsida,Bryales,Bryaceae,native,bryum wrightii,FALSE,FALSE,FALSE,0
urn:lsid:dyntaxa.se:Taxon:102797,Buccinum humphreysianum,species,VU,Animalia,Mollusca,Gastropoda,Neogastropoda,Buccinidae,native,buccinum humphreysianum,FALSE,FALSE,FALSE,0
urn:lsid:dyntaxa.se:Taxon:214027,Bucculatrix ratisbonensis,species,VU,Animalia,Arthropoda,Insecta,Lepidoptera,Bucculatricidae,native,bucculatrix ratisbonensis,FALSE,FALSE,FALSE,0
urn:lsid:dyntaxa.se:TaxonName:2654,Buellia canescens,species,"",Fungi,Ascomycota,Lecanoromycetes,Caliciales,Caliciaceae,"",buellia canescens,FALSE,FALSE,FALSE,0
urn:lsid:dyntaxa.se:TaxonName:13683,Buellia coniopta,species,"",Fungi,Ascomycota,Lecanoromycetes,Caliciales,Physciaceae,"",buellia coniopta,FALSE,FALSE,FALSE,0
urn:lsid:dyntaxa.se:TaxonName:13697,Buellia polysporella,species,"",Fungi,Ascomycota,Lecanoromycetes,Caliciales,Physciaceae,"",buellia polysporella,FALSE,FALSE,FALSE,0
urn:lsid:dyntaxa.se:TaxonName:335767,Bufo (Bufotes) variabilis,species,"",Animalia,Chordata,Amphibia,Anura,Bufonidae,"",bufo (bufotes) variabilis,FALSE,FALSE,FALSE,0
urn:lsid:dyntaxa.se:TaxonName:66228,Bufo calamita,species,"",Animalia,Chordata,Amphibia,Anura,Bufonidae,"",bufo calamita,FALSE,FALSE,FALSE,0
urn:lsid:dyntaxa.se:TaxonName:66229,Bufo viridis,species,"",Animalia,Chordata,Amphibia,Anura,Bufonidae,"",bufo viridis,FALSE,FALSE,FALSE,0
urn:lsid:dyntaxa.se:Taxon:100022,Bufotes variabilis,species,VU,Animalia,Chordata,Amphibia,Anura,Bufonidae,native,bufotes variabilis,FALSE,FALSE,FALSE,0
urn:lsid:dyntaxa.se:TaxonName:152770,Buglossoporus pulvinus,species,"",Fungi,Basidiomycota,Agaricomycetes,Polyporales,Fomitopsidaceae,"",buglossoporus pulvinus,FALSE,FALSE,FALSE,0
urn:lsid:dyntaxa.se:TaxonName:471634,Buglossus quercinus,species,"",Fungi,Basidiomycota,Agaricomycetes,Agaricales,"Agaricales, genera incertae sedis","",buglossus quercinus,FALSE,FALSE,FALSE,0
urn:lsid:dyntaxa.se:TaxonName:89972,Bulgaria globosa,species,"",Fungi,Ascomycota,Pezizomycetes,Pezizales,Sarcosomataceae,"",bulgaria globosa,FALSE,FALSE,FALSE,0
urn:lsid:dyntaxa.se:Taxon:100514,Bulgarica cana,species,VU,Animalia,Mollusca,Gastropoda,Stylommatophora,Clausiliidae,native,bulgarica cana,FALSE,FALSE,FALSE,0
urn:lsid:dyntaxa.se:TaxonName:277845,Bulla acuminata,species,"",Animalia,Mollusca,Gastropoda,Cephalaspidea,Rhizoridae,"",bulla acuminata,FALSE,FALSE,FALSE,0
urn:lsid:dyntaxa.se:TaxonName:338758,Bulla quadrata,species,"",Animalia,Mollusca,Gastropoda,Cephalaspidea,Laonidae,"",bulla quadrata,FALSE,FALSE,FALSE,0
urn:lsid:dyntaxa.se:TaxonName:73014,Bunium flexuosum,species,"",Plantae,Tracheophyta,Magnoliopsida,Apiales,Apiaceae,"",bunium flexuosum,FALSE,FALSE,FALSE,0
urn:lsid:dyntaxa.se:TaxonName:392775,Buprestis chrysostigma,species,"",Animalia,Arthropoda,Insecta,Coleoptera,Buprestidae,"",buprestis chrysostigma,FALSE,FALSE,FALSE,0
urn:lsid:dyntaxa.se:Taxon:100518,Buprestis splendens,species,RE,Animalia,Arthropoda,Insecta,Coleoptera,Buprestidae,native,buprestis splendens,FALSE,FALSE,FALSE,0
urn:lsid:dyntaxa.se:TaxonName:392779,Buprestis variolosa,species,"",Animalia,Arthropoda,Insecta,Coleoptera,Buprestidae,"",buprestis variolosa,FALSE,FALSE,FALSE,0
urn:lsid:dyntaxa.se:TaxonName:144762,Burcardia globosa,species,"",Fungi,Ascomycota,Pezizomycetes,Pezizales,Sarcosomataceae,"",burcardia globosa,FALSE,FALSE,FALSE,0
urn:lsid:dyntaxa.se:Taxon:101591,Buszkoiana capnodactyla,species,VU,Animalia,Arthropoda,Insecta,Lepidoptera,Pterophoridae,introduced,buszkoiana capnodactyla,FALSE,FALSE,FALSE,0
urn:lsid:dyntaxa.se:TaxonName:127843,Buvatina obscurella,species,"",Animalia,Arthropoda,Insecta,Lepidoptera,Oecophoridae,"",buvatina obscurella,FALSE,FALSE,FALSE,0
urn:lsid:dyntaxa.se:TaxonName:127842,Buvatina stroemella,species,"",Animalia,Arthropoda,Insecta,Lepidoptera,Oecophoridae,"",buvatina stroemella,FALSE,FALSE,FALSE,0
urn:lsid:dyntaxa.se:TaxonName:116731,Byblis gaimardi,species,"",Animalia,Arthropoda,Malacostraca,Amphipoda,Ampeliscidae,"",byblis gaimardi,FALSE,FALSE,FALSE,0
urn:lsid:dyntaxa.se:TaxonName:153352,Byssocorticium lutescens,species,"",Fungi,Basidiomycota,Agaricomycetes,Atheliales,Atheliaceae,"",byssocorticium lutescens,FALSE,FALSE,FALSE,0
urn:lsid:dyntaxa.se:Taxon:102758,Cadulus subfusiformis,species,DD,Animalia,Mollusca,Scaphopoda,Gadilida,Gadilidae,native,cadulus subfusiformis,FALSE,FALSE,FALSE,0
urn:lsid:dyntaxa.se:TaxonName:465489,Caldesiella crinalis,species,"",Fungi,Basidiomycota,Agaricomycetes,Thelephorales,Thelephoraceae,"",caldesiella crinalis,FALSE,FALSE,FALSE,0
urn:lsid:dyntaxa.se:TaxonName:465518,Caldesiella ferruginosa,species,"",Fungi,Basidiomycota,Agaricomycetes,Thelephorales,Thelephoraceae,"",caldesiella ferruginosa,FALSE,FALSE,FALSE,0
urn:lsid:dyntaxa.se:TaxonName:50202,Caldesiella italica,species,"",Fungi,Basidiomycota,Agaricomycetes,Thelephorales,Thelephoraceae,"",caldesiella italica,FALSE,FALSE,FALSE,0
urn:lsid:dyntaxa.se:TaxonName:2362,Calicium aciculare,species,"",Fungi,Ascomycota,Coniocybomycetes,Coniocybales,Coniocybaceae,"",calicium aciculare,FALSE,FALSE,FALSE,0
urn:lsid:dyntaxa.se:TaxonName:2127,Calicium amylocaule,species,"",Fungi,Ascomycota,Lecanoromycetes,Caliciales,Caliciaceae,"",calicium amylocaule,FALSE,FALSE,FALSE,0
urn:lsid:dyntaxa.se:TaxonName:2124,Calicium curtum v. denigratum,species,"",Fungi,Ascomycota,Lecanoromycetes,Caliciales,Caliciaceae,"",calicium curtum,FALSE,FALSE,FALSE,0
urn:lsid:dyntaxa.se:TaxonName:2115,Calicium curtum,species,"",Fungi,Ascomycota,Lecanoromycetes,Caliciales,Caliciaceae,"",calicium curtum,FALSE,FALSE,FALSE,0
urn:lsid:dyntaxa.se:TaxonName:226283,Calicium minutum,species,"",Fungi,Ascomycota,Lecanoromycetes,Caliciales,Caliciaceae,"",calicium minutum,FALSE,FALSE,FALSE,0
urn:lsid:dyntaxa.se:TaxonName:226292,Calicium nigronitidum,species,"",Fungi,Ascomycota,Lecanoromycetes,Caliciales,Caliciaceae,"",calicium nigronitidum,FALSE,FALSE,FALSE,0
urn:lsid:dyntaxa.se:TaxonName:226293,Calicium nigrum,species,"",Fungi,Ascomycota,Lecanoromycetes,Caliciales,Caliciaceae,"",calicium nigrum,FALSE,FALSE,FALSE,0
urn:lsid:dyntaxa.se:TaxonName:226282,Calicium nigrum var. minutum,species,"",Fungi,Ascomycota,Lecanoromycetes,Caliciales,Caliciaceae,"",calicium nigrum,FALSE,FALSE,FALSE,0
urn:lsid:dyntaxa.se:TaxonName:226281,Calicium nigrum,species,"",Fungi,Ascomycota,Lecanoromycetes,Caliciales,Caliciaceae,"",calicium nigrum,FALSE,FALSE,FALSE,0
urn:lsid:dyntaxa.se:TaxonName:2126,Calicium schaereri,species,"",Fungi,Ascomycota,Lecanoromycetes,Caliciales,Caliciaceae,"",calicium schaereri,FALSE,FALSE,FALSE,0
urn:lsid:dyntaxa.se:TaxonName:2598,Calicium sessile,species,"",Fungi,Ascomycota,Lecanoromycetes,Caliciales,Caliciaceae,"",calicium sessile,FALSE,FALSE,FALSE,0
urn:lsid:dyntaxa.se:TaxonName:13841,Calicium stigonellum,species,"",Fungi,Ascomycota,Eurotiomycetes,Mycocaliciales,Sphinctrinaceae,"",calicium stigonellum,FALSE,FALSE,FALSE,0
urn:lsid:dyntaxa.se:TaxonName:2125,Calicium subquercinum,species,"",Fungi,Ascomycota,Lecanoromycetes,Caliciales,Caliciaceae,"",calicium subquercinum,FALSE,FALSE,FALSE,0
urn:lsid:dyntaxa.se:TaxonName:2386,Calicium viridialbum,species,"",Fungi,Ascomycota,Eurotiomycetes,Mycocaliciales,Mycocaliciaceae,"",calicium viridialbum,FALSE,FALSE,FALSE,0
urn:lsid:dyntaxa.se:Taxon:200457,Caliprobola speciosa,species,EN,Animalia,Arthropoda,Insecta,Diptera,Syrphidae,native,caliprobola speciosa,FALSE,FALSE,FALSE,0
urn:lsid:dyntaxa.se:TaxonName:128461,Callichiton achatinus,species,"",Animalia,Mollusca,Polyplacophora,Chitonida,Callochitonidae,"",callichiton achatinus,FALSE,FALSE,FALSE,0
urn:lsid:dyntaxa.se:Taxon:100534,Callisthenes reticulatus,species,EN,Animalia,Arthropoda,Insecta,Coleoptera,Carabidae,native,callisthenes reticulatus,FALSE,FALSE,FALSE,0
urn:lsid:dyntaxa.se:TaxonName:101575,Callisthenes reticulatus,species,"",Animalia,Arthropoda,Insecta,Coleoptera,Carabidae,"",callisthenes reticulatus,FALSE,FALSE,FALSE,0
urn:lsid:dyntaxa.se:TaxonName:27051,Callithamnion barbatum,species,"",Plantae,Rhodophyta,Florideophyceae,Ceramiales,Wrangeliaceae,"",callithamnion barbatum,FALSE,FALSE,FALSE,0
urn:lsid:dyntaxa.se:TaxonName:27049,Callithamnion mesocarpum,species,"",Plantae,Rhodophyta,Florideophyceae,Ceramiales,Wrangeliaceae,"",callithamnion mesocarpum,FALSE,FALSE,FALSE,0
urn:lsid:dyntaxa.se:TaxonName:27052,Callithamnion pluma,species,"",Plantae,Rhodophyta,Florideophyceae,Ceramiales,Wrangeliaceae,"",callithamnion pluma,FALSE,FALSE,FALSE,0
urn:lsid:dyntaxa.se:TaxonName:128462,Callochiton laevis,species,"",Animalia,Mollusca,Polyplacophora,Chitonida,Callochitonidae,"",callochiton laevis,FALSE,FALSE,FALSE,0
urn:lsid:dyntaxa.se:Taxon:225,Calogaya lobulata,species,CR,Fungi,Ascomycota,Lecanoromycetes,Teloschistales,Teloschistaceae,native,calogaya lobulata,FALSE,FALSE,FALSE,0
urn:lsid:dyntaxa.se:TaxonName:249358,Calogaya lobulata,species,"",Fungi,Ascomycota,Lecanoromycetes,Teloschistales,Teloschistaceae,"",calogaya lobulata,FALSE,FALSE,FALSE,0
urn:lsid:dyntaxa.se:Taxon:228428,Caloplaca albolutescens,species,VU,Fungi,Ascomycota,Lecanoromycetes,Teloschistales,Teloschistaceae,native,caloplaca albolutescens,FALSE,FALSE,FALSE,0
urn:lsid:dyntaxa.se:TaxonName:2172,Caloplaca arenaria,species,"",Fungi,Ascomycota,Lecanoromycetes,Teloschistales,Teloschistaceae,"",caloplaca arenaria,FALSE,FALSE,FALSE,0
urn:lsid:dyntaxa.se:Taxon:228401,Caloplaca atroalba,species,CR,Fungi,Ascomycota,Lecanoromycetes,Teloschistales,Teloschistaceae,native,caloplaca atroalba,FALSE,FALSE,FALSE,0
urn:lsid:dyntaxa.se:TaxonName:2151,Caloplaca baumgartneri,species,"",Fungi,Ascomycota,Lecanoromycetes,Teloschistales,Teloschistaceae,"",caloplaca baumgartneri,FALSE,FALSE,FALSE,0
urn:lsid:dyntaxa.se:TaxonName:130834,Caloplaca biatorina,species,"",Fungi,Ascomycota,Lecanoromycetes,Teloschistales,Teloschistaceae,"",caloplaca biatorina,FALSE,FALSE,FALSE,0
urn:lsid:dyntaxa.se:TaxonName:2185,Caloplaca boulyi,species,"",Fungi,Ascomycota,Lecanoromycetes,Teloschistales,Teloschistaceae,"",caloplaca boulyi,FALSE,FALSE,FALSE,0
urn:lsid:dyntaxa.se:TaxonName:2209,Caloplaca caeruleoatra,species,"",Fungi,Ascomycota,Lecanoromycetes,Teloschistales,Teloschistaceae,"",caloplaca caeruleoatra,FALSE,FALSE,FALSE,0
urn:lsid:dyntaxa.se:TaxonName:80243,Caloplaca coralliza,species,"",Fungi,Ascomycota,Lecanoromycetes,Teloschistales,Teloschistaceae,"",caloplaca coralliza,FALSE,FALSE,FALSE,0
urn:lsid:dyntaxa.se:TaxonName:138480,Caloplaca ferruginea,species,"",Fungi,Ascomycota,Lecanoromycetes,Teloschistales,Teloschistaceae,"",caloplaca ferruginea,FALSE,FALSE,FALSE,0
urn:lsid:dyntaxa.se:TaxonName:138485,Caloplaca furfuracea,species,"",Fungi,Ascomycota,Lecanoromycetes,Teloschistales,Teloschistaceae,"",caloplaca furfuracea,FALSE,FALSE,FALSE,0
urn:lsid:dyntaxa.se:TaxonName:138497,Caloplaca lobulata,species,"",Fungi,Ascomycota,Lecanoromycetes,Teloschistales,Teloschistaceae,"",caloplaca lobulata,FALSE,FALSE,FALSE,0
urn:lsid:dyntaxa.se:Taxon:226,Caloplaca lucifuga,species,NT,Fungi,Ascomycota,Lecanoromycetes,Teloschistales,Teloschistaceae,native,caloplaca lucifuga,FALSE,FALSE,FALSE,0
urn:lsid:dyntaxa.se:TaxonName:138499,Caloplaca luteoalba,species,"",Fungi,Ascomycota,Lecanoromycetes,Teloschistales,Teloschistaceae,"",caloplaca luteoalba,FALSE,FALSE,FALSE,0
urn:lsid:dyntaxa.se:TaxonName:138512,Caloplaca proteus,species,"",Fungi,Ascomycota,Lecanoromycetes,Teloschistales,Teloschistaceae,"",caloplaca proteus,FALSE,FALSE,FALSE,0
urn:lsid:dyntaxa.se:TaxonName:2798,Caloplaca schistidii,species,"",Fungi,Ascomycota,Lecanoromycetes,Teloschistales,Teloschistaceae,"",caloplaca schistidii,FALSE,FALSE,FALSE,0
urn:lsid:dyntaxa.se:TaxonName:138521,Caloplaca suspiciosa,species,"",Fungi,Ascomycota,Lecanoromycetes,Teloschistales,Teloschistaceae,"",caloplaca suspiciosa,FALSE,FALSE,FALSE,0
urn:lsid:dyntaxa.se:TaxonName:138526,Caloplaca tristiuscula,species,"",Fungi,Ascomycota,Lecanoromycetes,Teloschistales,Teloschistaceae,"",caloplaca tristiuscula,FALSE,FALSE,FALSE,0
urn:lsid:dyntaxa.se:Taxon:228,Caloplaca ulcerosa,species,EN,Fungi,Ascomycota,Lecanoromycetes,Teloschistales,Teloschistaceae,native,caloplaca ulcerosa,FALSE,FALSE,FALSE,0
urn:lsid:dyntaxa.se:TaxonName:467757,Caloporus cristatus,species,"",Fungi,Basidiomycota,Agaricomycetes,Russulales,Albatrellaceae,"",caloporus cristatus,FALSE,FALSE,FALSE,0
urn:lsid:dyntaxa.se:TaxonName:467808,Caloporus leucomelas,species,"",Fungi,Basidiomycota,Agaricomycetes,Thelephorales,Bankeraceae,"",caloporus leucomelas,FALSE,FALSE,FALSE,0
urn:lsid:dyntaxa.se:Taxon:102586,Calositticus inexpectus,species,NT,Animalia,Arthropoda,Arachnida,Araneae,Salticidae,native,calositticus inexpectus,FALSE,FALSE,FALSE,0
urn:lsid:dyntaxa.se:Taxon:100533,Calosoma auropunctatum,species,CR,Animalia,Arthropoda,Insecta,Coleoptera,Carabidae,native,calosoma auropunctatum,FALSE,FALSE,FALSE,0
urn:lsid:dyntaxa.se:TaxonName:66451,Calosoma maderae ssp. auropunctatum,species,"",Animalia,Arthropoda,Insecta,Coleoptera,Carabidae,"",calosoma maderae,FALSE,FALSE,FALSE,0
urn:lsid:dyntaxa.se:Taxon:102489,Calyciphora albodactyla,species,VU,Animalia,Arthropoda,Insecta,Lepidoptera,Pterophoridae,native,calyciphora albodactyla,FALSE,FALSE,FALSE,0
urn:lsid:dyntaxa.se:TaxonName:87198,Calypso borealis,species,"",Plantae,Tracheophyta,Liliopsida,Asparagales,Orchidaceae,"",calypso borealis,FALSE,FALSE,FALSE,0
urn:lsid:dyntaxa.se:Taxon:234,Camarophyllopsis atropuncta,species,NT,Fungi,Basidiomycota,Agaricomycetes,Agaricales,Clavariaceae,native,camarophyllopsis atropuncta,FALSE,FALSE,FALSE,0
urn:lsid:dyntaxa.se:TaxonName:153390,Camarophyllopsis foetens,speciesAggregate,"",Fungi,Basidiomycota,Agaricomycetes,Agaricales,Clavariaceae,"",camarophyllopsis foetens,FALSE,FALSE,FALSE,0
urn:lsid:dyntaxa.se:Taxon:236,Camarophyllopsis hymenocephala,species,VU,Fungi,Basidiomycota,Agaricomycetes,Agaricales,Clavariaceae,native,camarophyllopsis hymenocephala,FALSE,FALSE,FALSE,0
urn:lsid:dyntaxa.se:Taxon:237,Camarophyllopsis micacea,species,NT,Fungi,Basidiomycota,Agaricomycetes,Agaricales,Clavariaceae,native,camarophyllopsis micacea,FALSE,FALSE,FALSE,0
urn:lsid:dyntaxa.se:TaxonName:295606,Camarophyllopsis phaeophylla,species,"",Fungi,Basidiomycota,Agaricomycetes,Agaricales,Clavariaceae,"",camarophyllopsis phaeophylla,FALSE,FALSE,FALSE,0
urn:lsid:dyntaxa.se:TaxonName:295601,Camarophyllopsis phaeoxantha,species,"",Fungi,Basidiomycota,Agaricomycetes,Agaricales,Clavariaceae,"",camarophyllopsis phaeoxantha,FALSE,FALSE,FALSE,0
urn:lsid:dyntaxa.se:TaxonName:300883,Camarophyllus cinerellus,species,"",Fungi,Basidiomycota,Agaricomycetes,Agaricales,Hygrophoraceae,"",camarophyllus cinerellus,FALSE,FALSE,FALSE,0
urn:lsid:dyntaxa.se:TaxonName:300832,Camarophyllus colemannianus,species,"",Fungi,Basidiomycota,Agaricomycetes,Agaricales,Hygrophoraceae,"",camarophyllus colemannianus,FALSE,FALSE,FALSE,0
urn:lsid:dyntaxa.se:TaxonName:300869,Camarophyllus flavipes,species,"",Fungi,Basidiomycota,Agaricomycetes,Agaricales,Hygrophoraceae,"",camarophyllus flavipes,FALSE,FALSE,FALSE,0
urn:lsid:dyntaxa.se:TaxonName:426546,Camarophyllus foetens,speciesAggregate,"",Fungi,Basidiomycota,Agaricomycetes,Agaricales,Clavariaceae,"",camarophyllus foetens,FALSE,FALSE,FALSE,0
urn:lsid:dyntaxa.se:TaxonName:300673,Camarophyllus fornicatus,species,"",Fungi,Basidiomycota,Agaricomycetes,Agaricales,Hygrophoraceae,"",camarophyllus fornicatus,FALSE,FALSE,FALSE,0
urn:lsid:dyntaxa.se:TaxonName:300685,Camarophyllus fornicatus var. clivalis,species,"",Fungi,Basidiomycota,Agaricomycetes,Agaricales,Hygrophoraceae,"",camarophyllus fornicatus,FALSE,FALSE,FALSE,0
urn:lsid:dyntaxa.se:TaxonName:300785,Camarophyllus fuscescens,species,"",Fungi,Basidiomycota,Agaricomycetes,Agaricales,Hygrophoraceae,"",camarophyllus fuscescens,FALSE,FALSE,FALSE,0
urn:lsid:dyntaxa.se:TaxonName:473390,Camarophyllus hygrocyboides,species,"",Fungi,Basidiomycota,Agaricomycetes,Agaricales,Hygrophoraceae,"",camarophyllus hygrocyboides,FALSE,FALSE,FALSE,0
urn:lsid:dyntaxa.se:TaxonName:295604,Camarophyllus hymenocephalus,species,"",Fungi,Basidiomycota,Agaricomycetes,Agaricales,Clavariaceae,"",camarophyllus hymenocephalus,FALSE,FALSE,FALSE,0
urn:lsid:dyntaxa.se:TaxonName:300873,Camarophyllus lacmus,species,"",Fungi,Basidiomycota,Agaricomycetes,Agaricales,Hygrophoraceae,"",camarophyllus lacmus,FALSE,FALSE,FALSE,0
urn:lsid:dyntaxa.se:TaxonName:300249,Camarophyllus ovinus,species,"",Fungi,Basidiomycota,Agaricomycetes,Agaricales,Hygrophoraceae,"",camarophyllus ovinus,FALSE,FALSE,FALSE,0
urn:lsid:dyntaxa.se:TaxonName:300823,Camarophyllus russocoriaceus,species,"",Fungi,Basidiomycota,Agaricomycetes,Agaricales,Hygrophoraceae,"",camarophyllus russocoriaceus,FALSE,FALSE,FALSE,0
urn:lsid:dyntaxa.se:TaxonName:300836,Camarophyllus subradiatus,species,"",Fungi,Basidiomycota,Agaricomycetes,Agaricales,Hygrophoraceae,"",camarophyllus subradiatus,FALSE,FALSE,FALSE,0
urn:lsid:dyntaxa.se:TaxonName:300858,Camarophyllus subviolaceus,species,"",Fungi,Basidiomycota,Agaricomycetes,Agaricales,Hygrophoraceae,"",camarophyllus subviolaceus,FALSE,FALSE,FALSE,0
urn:lsid:dyntaxa.se:TaxonName:300795,Camarophyllus virgineus var. fuscescens,species,"",Fungi,Basidiomycota,Agaricomycetes,Agaricales,Hygrophoraceae,"",camarophyllus virgineus,FALSE,FALSE,FALSE,0
urn:lsid:dyntaxa.se:Taxon:239,Camarops lutea,species,NT,Fungi,Ascomycota,Sordariomycetes,Boliniales,Boliniaceae,native,camarops lutea,FALSE,FALSE,FALSE,0
urn:lsid:dyntaxa.se:Taxon:240,Camarops pugillus,species,DD,Fungi,Ascomycota,Sordariomycetes,Boliniales,Boliniaceae,native,camarops pugillus,FALSE,FALSE,FALSE,0
urn:lsid:dyntaxa.se:TaxonName:65097,Camelina glabrata,species,"",Plantae,Tracheophyta,Magnoliopsida,Brassicales,Brassicaceae,"",camelina glabrata,FALSE,FALSE,FALSE,0
urn:lsid:dyntaxa.se:TaxonName:358436,Cancer (Astacus) stellatus,species,"",Animalia,Arthropoda,Malacostraca,Decapoda,Upogebiidae,"",cancer (astacus) stellatus,FALSE,FALSE,FALSE,0
urn:lsid:dyntaxa.se:TaxonName:436840,Cancer (Gammarus) saltator,species,"",Animalia,Arthropoda,Malacostraca,Amphipoda,Talitridae,"",cancer (gammarus) saltator,FALSE,FALSE,FALSE,0
urn:lsid:dyntaxa.se:TaxonName:443857,Cancer asper,species,"",Animalia,Arthropoda,Malacostraca,Decapoda,Majidae,"",cancer asper,FALSE,FALSE,FALSE,0
urn:lsid:dyntaxa.se:TaxonName:358205,Cancer aspera,species,"",Animalia,Arthropoda,Malacostraca,Decapoda,Majidae,"",cancer aspera,FALSE,FALSE,FALSE,0
urn:lsid:dyntaxa.se:TaxonName:441182,Cancer astacus,species,"",Animalia,Arthropoda,Malacostraca,Decapoda,Astacidae,"",cancer astacus,FALSE,FALSE,FALSE,0
urn:lsid:dyntaxa.se:TaxonName:358131,Cancer cassivelaunus,species,"",Animalia,Arthropoda,Malacostraca,Decapoda,Corystidae,"",cancer cassivelaunus,FALSE,FALSE,FALSE,0
urn:lsid:dyntaxa.se:TaxonName:358229,Cancer denticulata,species,"",Animalia,Arthropoda,Malacostraca,Decapoda,Pirimelidae,"",cancer denticulata,FALSE,FALSE,FALSE,0
urn:lsid:dyntaxa.se:TaxonName:358170,Cancer dorsettensis,species,"",Animalia,Arthropoda,Malacostraca,Decapoda,Inachidae,"",cancer dorsettensis,FALSE,FALSE,FALSE,0
urn:lsid:dyntaxa.se:TaxonName:358182,Cancer phalangium,species,"",Animalia,Arthropoda,Malacostraca,Decapoda,Inachidae,"",cancer phalangium,FALSE,FALSE,FALSE,0
urn:lsid:dyntaxa.se:TaxonName:358282,Cancer pisum,species,"",Animalia,Arthropoda,Malacostraca,Decapoda,Pinnotheridae,"",cancer pisum,FALSE,FALSE,FALSE,0
urn:lsid:dyntaxa.se:TaxonName:358121,Cancer rotundatus,species,"",Animalia,Arthropoda,Malacostraca,Decapoda,Atelecyclidae,"",cancer rotundatus,FALSE,FALSE,FALSE,0
urn:lsid:dyntaxa.se:TaxonName:358268,Cancer scutellata,species,"",Animalia,Arthropoda,Malacostraca,Decapoda,Thiidae,"",cancer scutellata,FALSE,FALSE,FALSE,0
urn:lsid:dyntaxa.se:TaxonName:115732,Cancer spinus,species,"",Animalia,Arthropoda,Malacostraca,Decapoda,Thoridae,"",cancer spinus,FALSE,FALSE,FALSE,0
urn:lsid:dyntaxa.se:TaxonName:358227,Cancer trispinosus,species,"",Animalia,Arthropoda,Malacostraca,Decapoda,Geryonidae,"",cancer trispinosus,FALSE,FALSE,FALSE,0
urn:lsid:dyntaxa.se:Taxon:3209,Candelabrochaete septocystidia,species,NT,Fungi,Basidiomycota,Agaricomycetes,Polyporales,"Polyporales, genera incertae sedis",native,candelabrochaete septocystidia,FALSE,FALSE,FALSE,0
urn:lsid:dyntaxa.se:TaxonName:20090,Candelabrochaete septocystidiata,species,"",Fungi,Basidiomycota,Agaricomycetes,Polyporales,"Polyporales, genera incertae sedis","",candelabrochaete septocystidiata,FALSE,FALSE,FALSE,0
urn:lsid:dyntaxa.se:TaxonName:2186,Candelariella luteoalba,species,"",Fungi,Ascomycota,Lecanoromycetes,Teloschistales,Teloschistaceae,"",candelariella luteoalba,FALSE,FALSE,FALSE,0
urn:lsid:dyntaxa.se:TaxonName:117580,Canis lagopus,species,"",Animalia,Chordata,Mammalia,Carnivora,Canidae,"",canis lagopus,FALSE,FALSE,FALSE,0
urn:lsid:dyntaxa.se:TaxonName:295531,Cantharellus ianthinoxanthus,species,"",Fungi,Basidiomycota,Agaricomycetes,Cantharellales,Hydnaceae,"",cantharellus ianthinoxanthus,FALSE,FALSE,FALSE,0
urn:lsid:dyntaxa.se:TaxonName:270996,Cantharellus morganii,species,"",Fungi,Basidiomycota,Agaricomycetes,Agaricales,Hygrophoraceae,"",cantharellus morganii,FALSE,FALSE,FALSE,0
urn:lsid:dyntaxa.se:TaxonName:270994,Cantharellus olidus,species,"",Fungi,Basidiomycota,Agaricomycetes,Agaricales,Hygrophoraceae,"",cantharellus olidus,FALSE,FALSE,FALSE,0
urn:lsid:dyntaxa.se:TaxonName:392840,Cantharis navale,species,"",Animalia,Arthropoda,Insecta,Coleoptera,Lymexylidae,"",cantharis navale,FALSE,FALSE,FALSE,0
urn:lsid:dyntaxa.se:TaxonName:392841,Cantharis navalis,species,"",Animalia,Arthropoda,Insecta,Coleoptera,Lymexylidae,"",cantharis navalis,FALSE,FALSE,FALSE,0
urn:lsid:dyntaxa.se:TaxonName:90115,Cantharis violacea,species,"",Animalia,Arthropoda,Insecta,Coleoptera,Cantharidae,"",cantharis violacea,FALSE,FALSE,FALSE,0
urn:lsid:dyntaxa.se:TaxonName:266156,Capsula sparganii,species,"",Animalia,Arthropoda,Insecta,Lepidoptera,Noctuidae,"",capsula sparganii,FALSE,FALSE,FALSE,0
urn:lsid:dyntaxa.se:TaxonName:392664,Carabus auropunctatus,species,"",Animalia,Arthropoda,Insecta,Coleoptera,Carabidae,"",carabus auropunctatus,FALSE,FALSE,FALSE,0
urn:lsid:dyntaxa.se:TaxonName:392662,Carabus crepitans,species,"",Animalia,Arthropoda,Insecta,Coleoptera,Carabidae,"",carabus crepitans,FALSE,FALSE,FALSE,0
urn:lsid:dyntaxa.se:TaxonName:392674,Carabus reticulatus,species,"",Animalia,Arthropoda,Insecta,Coleoptera,Carabidae,"",carabus reticulatus,FALSE,FALSE,FALSE,0
urn:lsid:dyntaxa.se:TaxonName:392701,Carabus tenebrioides,species,"",Animalia,Arthropoda,Insecta,Coleoptera,Carabidae,"",carabus tenebrioides,FALSE,FALSE,FALSE,0
urn:lsid:dyntaxa.se:TaxonName:316750,Cardium hauniense,species,"",Animalia,Mollusca,Bivalvia,Veneroida,Cardiidae,"",cardium hauniense,FALSE,FALSE,FALSE,0
urn:lsid:dyntaxa.se:TaxonName:275987,Cardium humanus,species,"",Animalia,Mollusca,Bivalvia,Veneroida,Glossidae,"",cardium humanus,FALSE,FALSE,FALSE,0
urn:lsid:dyntaxa.se:TaxonName:40726,Carduelis chloris,species,"",Animalia,Chordata,Aves,Passeriformes,Fringillidae,"",carduelis chloris,FALSE,FALSE,FALSE,0
urn:lsid:dyntaxa.se:TaxonName:40730,Carduelis flavirostris,species,"",Animalia,Chordata,Aves,Passeriformes,Fringillidae,"",carduelis flavirostris,FALSE,FALSE,FALSE,0
urn:lsid:dyntaxa.se:TaxonName:87612,Carex aristata,species,"",Plantae,Tracheophyta,Liliopsida,Poales,Cyperaceae,"",carex aristata,FALSE,FALSE,FALSE,0
urn:lsid:dyntaxa.se:TaxonName:87703,Carex emasculata,species,"",Plantae,Tracheophyta,Liliopsida,Poales,Cyperaceae,"",carex emasculata,FALSE,FALSE,FALSE,0
urn:lsid:dyntaxa.se:Taxon:259,Carex hartmanii,species,VU,Plantae,Tracheophyta,Liliopsida,Poales,Cyperaceae,native,carex hartmanii,FALSE,FALSE,FALSE,0
urn:lsid:dyntaxa.se:TaxonName:87741,Carex hepburnii,species,"",Plantae,Tracheophyta,Liliopsida,Poales,Cyperaceae,"",carex hepburnii,FALSE,FALSE,FALSE,0
urn:lsid:dyntaxa.se:TaxonName:87705,Carex hornschuchiana,species,"",Plantae,Tracheophyta,Liliopsida,Poales,Cyperaceae,"",carex hornschuchiana,FALSE,FALSE,FALSE,0
urn:lsid:dyntaxa.se:TaxonName:87737,Carex incurva,species,"",Plantae,Tracheophyta,Liliopsida,Poales,Cyperaceae,"",carex incurva,FALSE,FALSE,FALSE,0
urn:lsid:dyntaxa.se:TaxonName:87786,Carex laevirostris,species,"",Plantae,Tracheophyta,Liliopsida,Poales,Cyperaceae,"",carex laevirostris,FALSE,FALSE,FALSE,0
urn:lsid:dyntaxa.se:TaxonName:48829,Carex pallens,species,"",Plantae,Tracheophyta,Liliopsida,Poales,Cyperaceae,"",carex pallens,FALSE,FALSE,FALSE,0
urn:lsid:dyntaxa.se:TaxonName:87785,Carex pallidior,species,"",Plantae,Tracheophyta,Liliopsida,Poales,Cyperaceae,"",carex pallidior,FALSE,FALSE,FALSE,0
urn:lsid:dyntaxa.se:TaxonName:87774,Carex paralia,species,"",Plantae,Tracheophyta,Liliopsida,Poales,Cyperaceae,"",carex paralia,FALSE,FALSE,FALSE,0
urn:lsid:dyntaxa.se:TaxonName:87736,Carex setina,species,"",Plantae,Tracheophyta,Liliopsida,Poales,Cyperaceae,"",carex setina,FALSE,FALSE,FALSE,0
urn:lsid:dyntaxa.se:TaxonName:87655,Carex verna,species,"",Plantae,Tracheophyta,Liliopsida,Poales,Cyperaceae,"",carex verna,FALSE,FALSE,FALSE,0
urn:lsid:dyntaxa.se:TaxonName:25161,Carpelimus strandi,species,"",Animalia,Arthropoda,Insecta,Coleoptera,Staphylinidae,"",carpelimus strandi,FALSE,FALSE,FALSE,0
urn:lsid:dyntaxa.se:TaxonName:88346,Carpelimus subtilicornis,species,"",Animalia,Arthropoda,Insecta,Coleoptera,Staphylinidae,"",carpelimus subtilicornis,FALSE,FALSE,FALSE,0
urn:lsid:dyntaxa.se:TaxonName:20958,Carphacis angularis,species,"",Animalia,Arthropoda,Insecta,Coleoptera,Staphylinidae,"",carphacis angularis,FALSE,FALSE,FALSE,0
urn:lsid:dyntaxa.se:TaxonName:121932,Carphoborus cholodkowskyi,species,"",Animalia,Arthropoda,Insecta,Coleoptera,Curculionidae,"",carphoborus cholodkowskyi,FALSE,FALSE,FALSE,0
urn:lsid:dyntaxa.se:Taxon:100553,Caryocolum arenariellum,species,EN,Animalia,Arthropoda,Insecta,Lepidoptera,Gelechiidae,native,caryocolum arenariellum,FALSE,FALSE,FALSE,0
urn:lsid:dyntaxa.se:Taxon:100550,Caryocolum cauligenellum,species,EN,Animalia,Arthropoda,Insecta,Lepidoptera,Gelechiidae,native,caryocolum cauligenellum,FALSE,FALSE,FALSE,0
urn:lsid:dyntaxa.se:TaxonName:128190,Caryocolum marmorea,species,"",Animalia,Arthropoda,Insecta,Lepidoptera,Gelechiidae,"",caryocolum marmorea,FALSE,FALSE,FALSE,0
urn:lsid:dyntaxa.se:Taxon:214741,Caryocolum marmoreum,species,DD,Animalia,Arthropoda,Insecta,Lepidoptera,Gelechiidae,native,caryocolum marmoreum,FALSE,FALSE,FALSE,0
urn:lsid:dyntaxa.se:TaxonName:128189,Caryocolum schleichi,species,"",Animalia,Arthropoda,Insecta,Lepidoptera,Gelechiidae,"",caryocolum schleichi,FALSE,FALSE,FALSE,0
urn:lsid:dyntaxa.se:Taxon:214733,Caryocolum tischeriellum,species,VU,Animalia,Arthropoda,Insecta,Lepidoptera,Gelechiidae,native,caryocolum tischeriellum,FALSE,FALSE,FALSE,0
urn:lsid:dyntaxa.se:Taxon:214735,Caryocolum viscariellum,species,NT,Animalia,Arthropoda,Insecta,Lepidoptera,Gelechiidae,native,caryocolum viscariellum,FALSE,FALSE,FALSE,0
urn:lsid:dyntaxa.se:TaxonName:77242,Cassandra calyculata,species,"",Plantae,Tracheophyta,Magnoliopsida,Ericales,Ericaceae,"",cassandra calyculata,FALSE,FALSE,FALSE,0
urn:lsid:dyntaxa.se:TaxonName:90889,Catabrosa algida,species,"",Plantae,Tracheophyta,Liliopsida,Poales,Poaceae,"",catabrosa algida,FALSE,FALSE,FALSE,0
urn:lsid:dyntaxa.se:TaxonName:90890,Catabrosa concinna,species,"",Plantae,Tracheophyta,Liliopsida,Poales,Poaceae,"",catabrosa concinna,FALSE,FALSE,FALSE,0
urn:lsid:dyntaxa.se:TaxonName:131216,Cataplectica profugella,species,"",Animalia,Arthropoda,Insecta,Lepidoptera,Epermeniidae,"",cataplectica profugella,FALSE,FALSE,FALSE,0
urn:lsid:dyntaxa.se:TaxonName:281159,Catillaria alba,species,"",Fungi,Ascomycota,Lecanoromycetes,Lecanorales,Ramalinaceae,"",catillaria alba,FALSE,FALSE,FALSE,0
urn:lsid:dyntaxa.se:TaxonName:2280,Catillaria arnoldii,species,"",Fungi,Ascomycota,Lecanoromycetes,Lecanorales,Catillariaceae,"",catillaria arnoldii,FALSE,FALSE,FALSE,0
urn:lsid:dyntaxa.se:TaxonName:2492,Catillaria chalybeioides,species,"",Fungi,Ascomycota,Lecanoromycetes,Lecanorales,Lecanoraceae,"",catillaria chalybeioides,FALSE,FALSE,FALSE,0
urn:lsid:dyntaxa.se:TaxonName:2509,Catillaria graniformis,species,"",Fungi,Ascomycota,Lecanoromycetes,Lecanorales,Ramalinaceae,"",catillaria graniformis,FALSE,FALSE,FALSE,0
urn:lsid:dyntaxa.se:TaxonName:6708,Catillaria grossa,species,"",Fungi,Ascomycota,Lecanoromycetes,Lecanorales,Ramalinaceae,"",catillaria grossa,FALSE,FALSE,FALSE,0
urn:lsid:dyntaxa.se:TaxonName:6712,Catillaria intermixta,species,"",Fungi,Ascomycota,Lecanoromycetes,Lecanorales,Ramalinaceae,"",catillaria intermixta,FALSE,FALSE,FALSE,0
urn:lsid:dyntaxa.se:TaxonName:149462,Catillaria laureri,species,"",Fungi,Ascomycota,Lecanoromycetes,Lecanorales,Ramalinaceae,"",catillaria laureri,FALSE,FALSE,FALSE,0
urn:lsid:dyntaxa.se:TaxonName:132880,Catillaria laureri,species,"",Fungi,Ascomycota,Lecanoromycetes,Lecanorales,Lecanoraceae,"",catillaria laureri,FALSE,FALSE,FALSE,0
urn:lsid:dyntaxa.se:TaxonName:2516,Catillaria leprosa,species,"",Fungi,Ascomycota,Lecanoromycetes,Lecanorales,Ramalinaceae,"",catillaria leprosa,FALSE,FALSE,FALSE,0
urn:lsid:dyntaxa.se:TaxonName:6709,Catillaria leucoplaca,species,"",Fungi,Ascomycota,Lecanoromycetes,Lecanorales,Ramalinaceae,"",catillaria leucoplaca,FALSE,FALSE,FALSE,0
urn:lsid:dyntaxa.se:TaxonName:2291,Catillaria pulverea,species,"",Fungi,Ascomycota,Lecanoromycetes,Lecanorales,Ramalinaceae,"",catillaria pulverea,FALSE,FALSE,FALSE,0
urn:lsid:dyntaxa.se:TaxonName:2289,Catillochroma pulverea,species,"",Fungi,Ascomycota,Lecanoromycetes,Lecanorales,Ramalinaceae,"",catillochroma pulverea,FALSE,FALSE,FALSE,0
urn:lsid:dyntaxa.se:TaxonName:6707,Catinaria grossa,species,"",Fungi,Ascomycota,Lecanoromycetes,Lecanorales,Ramalinaceae,"",catinaria grossa,FALSE,FALSE,FALSE,0
urn:lsid:dyntaxa.se:TaxonName:6713,Catinaria intermixta,species,"",Fungi,Ascomycota,Lecanoromycetes,Lecanorales,Ramalinaceae,"",catinaria intermixta,FALSE,FALSE,FALSE,0
urn:lsid:dyntaxa.se:TaxonName:149463,Catinaria laureri,species,"",Fungi,Ascomycota,Lecanoromycetes,Lecanorales,Ramalinaceae,"",catinaria laureri,FALSE,FALSE,FALSE,0
urn:lsid:dyntaxa.se:TaxonName:2290,Catinaria pulverea,species,"",Fungi,Ascomycota,Lecanoromycetes,Lecanorales,Ramalinaceae,"",catinaria pulverea,FALSE,FALSE,FALSE,0
urn:lsid:dyntaxa.se:TaxonName:138581,Cavernularia hultenii,species,"",Fungi,Ascomycota,Lecanoromycetes,Lecanorales,Parmeliaceae,"",cavernularia hultenii,FALSE,FALSE,FALSE,0
urn:lsid:dyntaxa.se:TaxonName:45742,Ceipomyces terrigenus,species,"",Fungi,Basidiomycota,Agaricomycetes,Cantharellales,Ceratobasidiaceae,"",ceipomyces terrigenus,FALSE,FALSE,FALSE,0
urn:lsid:dyntaxa.se:Taxon:284,Cejpomyces terrigenus,species,DD,Fungi,Basidiomycota,Agaricomycetes,Cantharellales,Ceratobasidiaceae,native,cejpomyces terrigenus,FALSE,FALSE,FALSE,0
urn:lsid:dyntaxa.se:TaxonName:106059,Celama karelica,species,"",Animalia,Arthropoda,Insecta,Lepidoptera,Nolidae,"",celama karelica,FALSE,FALSE,FALSE,0
urn:lsid:dyntaxa.se:TaxonName:9077,Celidium lichenum,species,"",Fungi,Ascomycota,Arthoniomycetes,Arthoniales,Lecanographaceae,"",celidium lichenum,FALSE,FALSE,FALSE,0
urn:lsid:dyntaxa.se:TaxonName:9078,Celidium stictarum,species,"",Fungi,Ascomycota,Arthoniomycetes,Arthoniales,Lecanographaceae,"",celidium stictarum,FALSE,FALSE,FALSE,0
urn:lsid:dyntaxa.se:TaxonName:9082,Celidium stictarum v. nephromea,species,"",Fungi,Ascomycota,Arthoniomycetes,Arthoniales,Lecanographaceae,"",celidium stictarum,FALSE,FALSE,FALSE,0
urn:lsid:dyntaxa.se:TaxonName:89988,Cenangium craterium,species,"",Fungi,Ascomycota,Pezizomycetes,Pezizales,Sarcosomataceae,"",cenangium craterium,FALSE,FALSE,FALSE,0
urn:lsid:dyntaxa.se:TaxonName:77366,Centaurium capitatum,variety,"",Plantae,Tracheophyta,Magnoliopsida,Gentianales,Gentianaceae,"",centaurium capitatum,FALSE,FALSE,FALSE,0
urn:lsid:dyntaxa.se:TaxonName:77362,Centaurium minus,species,"",Plantae,Tracheophyta,Magnoliopsida,Gentianales,Gentianaceae,"",centaurium minus,FALSE,FALSE,FALSE,0
urn:lsid:dyntaxa.se:TaxonName:77363,Centaurium umbellatum,species,"",Plantae,Tracheophyta,Magnoliopsida,Gentianales,Gentianaceae,"",centaurium umbellatum,FALSE,FALSE,FALSE,0
urn:lsid:dyntaxa.se:Taxon:100569,Centromerus pabulator,species,NT,Animalia,Arthropoda,Arachnida,Araneae,Linyphiidae,native,centromerus pabulator,FALSE,FALSE,FALSE,0
urn:lsid:dyntaxa.se:TaxonName:77312,Centunculus minimus,species,"",Plantae,Tracheophyta,Magnoliopsida,Ericales,Primulaceae,"",centunculus minimus,FALSE,FALSE,FALSE,0
urn:lsid:dyntaxa.se:TaxonName:87201,Cephalanthera grandiflora,species,"",Plantae,Tracheophyta,Liliopsida,Asparagales,Orchidaceae,"",cephalanthera grandiflora,FALSE,FALSE,FALSE,0
urn:lsid:dyntaxa.se:TaxonName:87200,Cephalanthera latifolia,species,"",Plantae,Tracheophyta,Liliopsida,Asparagales,Orchidaceae,"",cephalanthera latifolia,FALSE,FALSE,FALSE,0
urn:lsid:dyntaxa.se:TaxonName:87199,Cephalanthera lonchophyllum,species,"",Plantae,Tracheophyta,Liliopsida,Asparagales,Orchidaceae,"",cephalanthera lonchophyllum,FALSE,FALSE,FALSE,0
urn:lsid:dyntaxa.se:TaxonName:87203,Cephalanthera pallens,species,"",Plantae,Tracheophyta,Liliopsida,Asparagales,Orchidaceae,"",cephalanthera pallens,FALSE,FALSE,FALSE,0
urn:lsid:dyntaxa.se:TaxonName:144954,Cephalozia affinis,species,"",Plantae,Marchantiophyta,Marchantiopsida,Jungermanniales,Cephaloziaceae,"",cephalozia affinis,FALSE,FALSE,FALSE,0
urn:lsid:dyntaxa.se:TaxonName:242250,Cephalozia affinis,species,"",Plantae,Marchantiophyta,Marchantiopsida,Jungermanniales,Cephaloziaceae,"",cephalozia affinis,FALSE,FALSE,FALSE,0
urn:lsid:dyntaxa.se:TaxonName:144957,Cephalozia catenulata,species,"",Plantae,Marchantiophyta,Marchantiopsida,Jungermanniales,Cephaloziaceae,"",cephalozia catenulata,FALSE,FALSE,FALSE,0
urn:lsid:dyntaxa.se:TaxonName:242279,Cephalozia catenulata,species,"",Plantae,Marchantiophyta,Marchantiopsida,Jungermanniales,Cephaloziaceae,"",cephalozia catenulata,FALSE,FALSE,FALSE,0
urn:lsid:dyntaxa.se:Taxon:6003763,Cephaloziella aspericaulis,species,DD,Plantae,Marchantiophyta,Marchantiopsida,Jungermanniales,Cephaloziellaceae,native,cephaloziella aspericaulis,FALSE,FALSE,FALSE,0
urn:lsid:dyntaxa.se:TaxonName:282010,Cephaloziella byssacea var. aspericaulis,species,"",Plantae,Marchantiophyta,Marchantiopsida,Jungermanniales,Cephaloziellaceae,"",cephaloziella byssacea,FALSE,FALSE,FALSE,0
urn:lsid:dyntaxa.se:TaxonName:153416,Ceraceomerulius albostramineus,species,"",Fungi,Basidiomycota,Agaricomycetes,Polyporales,Irpicaceae,"",ceraceomerulius albostramineus,FALSE,FALSE,FALSE,0
urn:lsid:dyntaxa.se:TaxonName:52738,Ceraceomerulius rubicundus,species,"",Fungi,Basidiomycota,Agaricomycetes,Polyporales,Irpicaceae,"",ceraceomerulius rubicundus,FALSE,FALSE,FALSE,0
urn:lsid:dyntaxa.se:TaxonName:153421,Ceraceomyces sulphurinus,species,"",Fungi,Basidiomycota,Agaricomycetes,Polyporales,Phanerochaetaceae,"",ceraceomyces sulphurinus,FALSE,FALSE,FALSE,0
urn:lsid:dyntaxa.se:TaxonName:25729,Cerambyx scopoli,species,"",Animalia,Arthropoda,Insecta,Coleoptera,Cerambycidae,"",cerambyx scopoli,FALSE,FALSE,FALSE,0
urn:lsid:dyntaxa.se:TaxonName:58637,Cerastium strigosum,species,"",Plantae,Tracheophyta,Magnoliopsida,Caryophyllales,Caryophyllaceae,"",cerastium strigosum,FALSE,FALSE,FALSE,0
urn:lsid:dyntaxa.se:TaxonName:58660,Cerastium vulgatum var. kajanense,variety,"",Plantae,Tracheophyta,Magnoliopsida,Caryophyllales,Caryophyllaceae,"",cerastium vulgatum,FALSE,FALSE,FALSE,0
urn:lsid:dyntaxa.se:TaxonName:316748,Cerastobyssum hauniense,species,"",Animalia,Mollusca,Bivalvia,Veneroida,Cardiidae,"",cerastobyssum hauniense,FALSE,FALSE,FALSE,0
urn:lsid:dyntaxa.se:Taxon:248571,Ceratinella major,species,DD,Animalia,Arthropoda,Arachnida,Araneae,Linyphiidae,native,ceratinella major,FALSE,FALSE,FALSE,0
urn:lsid:dyntaxa.se:TaxonName:72972,Cerefolium vulgare,species,"",Plantae,Tracheophyta,Magnoliopsida,Apiales,Apiaceae,"",cerefolium vulgare,FALSE,FALSE,FALSE,0
urn:lsid:dyntaxa.se:TaxonName:470611,Ceriomyces hepaticus,species,"",Fungi,Basidiomycota,Agaricomycetes,Agaricales,"Agaricales, genera incertae sedis","",ceriomyces hepaticus,FALSE,FALSE,FALSE,0
urn:lsid:dyntaxa.se:Taxon:3238,Ceriporiopsis gilvescens,species,VU,Fungi,Basidiomycota,Agaricomycetes,Polyporales,Meruliaceae,native,ceriporiopsis gilvescens,FALSE,FALSE,FALSE,0
urn:lsid:dyntaxa.se:TaxonName:153436,Ceriporiopsis gilvescens,species,"",Fungi,Basidiomycota,Agaricomycetes,Polyporales,Meruliaceae,"",ceriporiopsis gilvescens,FALSE,FALSE,FALSE,0
urn:lsid:dyntaxa.se:TaxonName:79805,Ceriporiopsis myceliosa,species,"",Fungi,Basidiomycota,Agaricomycetes,Amylocorticiales,Amylocorticiaceae,"",ceriporiopsis myceliosa,FALSE,FALSE,FALSE,0
urn:lsid:dyntaxa.se:TaxonName:153438,Ceriporiopsis myceliosa,species,"",Fungi,Basidiomycota,Agaricomycetes,Amylocorticiales,Amylocorticiaceae,"",ceriporiopsis myceliosa,FALSE,FALSE,FALSE,0
urn:lsid:dyntaxa.se:TaxonName:153439,Ceriporiopsis pannocincta,species,"",Fungi,Basidiomycota,Agaricomycetes,Polyporales,Irpicaceae,"",ceriporiopsis pannocincta,FALSE,FALSE,FALSE,0
urn:lsid:dyntaxa.se:TaxonName:404967,Ceriporiopsis placenta,species,"",Fungi,Basidiomycota,Agaricomycetes,Polyporales,"Polyporales, genera incertae sedis","",ceriporiopsis placenta,FALSE,FALSE,FALSE,0
urn:lsid:dyntaxa.se:TaxonName:405017,Ceriporiopsis placenta f. roseomaculata,species,"",Fungi,Basidiomycota,Agaricomycetes,Polyporales,"Polyporales, genera incertae sedis","",ceriporiopsis placenta,FALSE,FALSE,FALSE,0
urn:lsid:dyntaxa.se:TaxonName:243294,Ceropales destefanii,species,"",Animalia,Arthropoda,Insecta,Hymenoptera,Pompilidae,"",ceropales destefanii,FALSE,FALSE,FALSE,0
urn:lsid:dyntaxa.se:TaxonName:46238,Ceroplatus sesioides,species,"",Animalia,Arthropoda,Insecta,Diptera,Keroplatidae,"",ceroplatus sesioides,FALSE,FALSE,FALSE,0
urn:lsid:dyntaxa.se:TaxonName:23774,Cerostoma annulatella,species,"",Animalia,Arthropoda,Insecta,Lepidoptera,Plutellidae,"",cerostoma annulatella,FALSE,FALSE,FALSE,0
urn:lsid:dyntaxa.se:TaxonName:401278,Cerrena gallica,species,"",Fungi,Basidiomycota,Agaricomycetes,Polyporales,Polyporaceae,"",cerrena gallica,FALSE,FALSE,FALSE,0
urn:lsid:dyntaxa.se:TaxonName:401308,Cerrena trogii,species,"",Fungi,Basidiomycota,Agaricomycetes,Polyporales,Polyporaceae,"",cerrena trogii,FALSE,FALSE,FALSE,0
urn:lsid:dyntaxa.se:TaxonName:318412,Cervus tarandus,species,"",Animalia,Chordata,Mammalia,Artiodactyla,Cervidae,"",cervus tarandus,FALSE,FALSE,FALSE,0
urn:lsid:dyntaxa.se:TaxonName:51813,Ceterach officinarum,species,"",Plantae,Tracheophyta,Polypodiopsida,Polypodiales,Aspleniaceae,"",ceterach officinarum,FALSE,FALSE,FALSE,0
urn:lsid:dyntaxa.se:TaxonName:9068,Cetraria lacunosa,species,"",Fungi,Ascomycota,Lecanoromycetes,Lecanorales,Parmeliaceae,"",cetraria lacunosa,FALSE,FALSE,FALSE,0
urn:lsid:dyntaxa.se:TaxonName:9069,Cetraria lacunosa f. norvegica,species,"",Fungi,Ascomycota,Lecanoromycetes,Lecanorales,Parmeliaceae,"",cetraria lacunosa,FALSE,FALSE,FALSE,0
urn:lsid:dyntaxa.se:TaxonName:9067,Cetraria norvegica,species,"",Fungi,Ascomycota,Lecanoromycetes,Lecanorales,Parmeliaceae,"",cetraria norvegica,FALSE,FALSE,FALSE,0
urn:lsid:dyntaxa.se:TaxonName:2347,Cetrelia monachorum,speciesAggregate,"",Fungi,Ascomycota,Lecanoromycetes,Lecanorales,Parmeliaceae,"",cetrelia monachorum,FALSE,FALSE,FALSE,0
urn:lsid:dyntaxa.se:TaxonName:234970,Ceuthorhynchidius thalhammeri,species,"",Animalia,Arthropoda,Insecta,Coleoptera,Curculionidae,"",ceuthorhynchidius thalhammeri,FALSE,FALSE,FALSE,0
urn:lsid:dyntaxa.se:TaxonName:121873,Ceutorhynchus angulosus,species,"",Animalia,Arthropoda,Insecta,Coleoptera,Curculionidae,"",ceutorhynchus angulosus,FALSE,FALSE,FALSE,0
urn:lsid:dyntaxa.se:TaxonName:129323,Ceutorhynchus chalibaeus,species,"",Animalia,Arthropoda,Insecta,Coleoptera,Curculionidae,"",ceutorhynchus chalibaeus,FALSE,FALSE,FALSE,0
urn:lsid:dyntaxa.se:TaxonName:25730,Ceutorhynchus crucifer,species,"",Animalia,Arthropoda,Insecta,Coleoptera,Curculionidae,"",ceutorhynchus crucifer,FALSE,FALSE,FALSE,0
urn:lsid:dyntaxa.se:TaxonName:121886,Ceutorhynchus cruciger,species,"",Animalia,Arthropoda,Insecta,Coleoptera,Curculionidae,"",ceutorhynchus cruciger,FALSE,FALSE,FALSE,0
urn:lsid:dyntaxa.se:TaxonName:121883,Ceutorhynchus euphorbiae,species,"",Animalia,Arthropoda,Insecta,Coleoptera,Curculionidae,"",ceutorhynchus euphorbiae,FALSE,FALSE,FALSE,0
urn:lsid:dyntaxa.se:TaxonName:25731,Ceutorhynchus gerhardti,species,"",Animalia,Arthropoda,Insecta,Coleoptera,Curculionidae,"",ceutorhynchus gerhardti,FALSE,FALSE,FALSE,0
urn:lsid:dyntaxa.se:TaxonName:121887,Ceutorhynchus javeti,species,"",Animalia,Arthropoda,Insecta,Coleoptera,Curculionidae,"",ceutorhynchus javeti,FALSE,FALSE,FALSE,0
urn:lsid:dyntaxa.se:TaxonName:25732,Ceutorhynchus javetii,species,"",Animalia,Arthropoda,Insecta,Coleoptera,Curculionidae,"",ceutorhynchus javetii,FALSE,FALSE,FALSE,0
urn:lsid:dyntaxa.se:TaxonName:121869,Ceutorhynchus molleri,species,"",Animalia,Arthropoda,Insecta,Coleoptera,Curculionidae,"",ceutorhynchus molleri,FALSE,FALSE,FALSE,0
urn:lsid:dyntaxa.se:TaxonName:121884,Ceutorhynchus pallidicornis,species,"",Animalia,Arthropoda,Insecta,Coleoptera,Curculionidae,"",ceutorhynchus pallidicornis,FALSE,FALSE,FALSE,0
urn:lsid:dyntaxa.se:TaxonName:121843,Ceutorhynchus pleurostigma,species,"",Animalia,Arthropoda,Insecta,Coleoptera,Curculionidae,"",ceutorhynchus pleurostigma,FALSE,FALSE,FALSE,0
urn:lsid:dyntaxa.se:Taxon:106513,Ceutorhynchus pumilio,species,NT,Animalia,Arthropoda,Insecta,Coleoptera,Curculionidae,native,ceutorhynchus pumilio,FALSE,FALSE,FALSE,0
urn:lsid:dyntaxa.se:TaxonName:121866,Ceutorhynchus pyrrhorrhynchus,species,"",Animalia,Arthropoda,Insecta,Coleoptera,Curculionidae,"",ceutorhynchus pyrrhorrhynchus,FALSE,FALSE,FALSE,0
urn:lsid:dyntaxa.se:TaxonName:234973,Ceutorrhynchidius thalhammeri,species,"",Animalia,Arthropoda,Insecta,Coleoptera,Curculionidae,"",ceutorrhynchidius thalhammeri,FALSE,FALSE,FALSE,0
urn:lsid:dyntaxa.se:Taxon:6419,Chaenocarpus setosus,species,RE,Fungi,Ascomycota,Sordariomycetes,Xylariales,"Xylariales, genera incertae sedis",native,chaenocarpus setosus,FALSE,FALSE,FALSE,0
urn:lsid:dyntaxa.se:TaxonName:2357,Chaenotheca albida,species,"",Fungi,Ascomycota,Coniocybomycetes,Coniocybales,Coniocybaceae,"",chaenotheca albida,FALSE,FALSE,FALSE,0
urn:lsid:dyntaxa.se:TaxonName:2356,Chaenotheca schaereri,species,"",Fungi,Ascomycota,Coniocybomycetes,Coniocybales,Coniocybaceae,"",chaenotheca schaereri,FALSE,FALSE,FALSE,0
urn:lsid:dyntaxa.se:TaxonName:72971,Chaerefolium anthriscus,species,"",Plantae,Tracheophyta,Magnoliopsida,Apiales,Apiaceae,"",chaerefolium anthriscus,FALSE,FALSE,FALSE,0
urn:lsid:dyntaxa.se:TaxonName:153443,Chaetoderma luna,species,"",Fungi,Basidiomycota,Agaricomycetes,Gloeophyllales,Gloeophyllaceae,"",chaetoderma luna,FALSE,FALSE,FALSE,0
urn:lsid:dyntaxa.se:Taxon:262092,Chaetophora flagellifera,species,DD,Plantae,Chlorophyta,Chlorophyceae,Chaetophorales,Chaetophoraceae,native,chaetophora flagellifera,FALSE,FALSE,FALSE,0
urn:lsid:dyntaxa.se:Taxon:262093,Chaetophora punctiformis,species,DD,Plantae,Chlorophyta,Chlorophyceae,Chaetophorales,Chaetophoraceae,native,chaetophora punctiformis,FALSE,FALSE,FALSE,0
urn:lsid:dyntaxa.se:Taxon:318,Chaetoporellus curvisporus,species,VU,Fungi,Basidiomycota,Agaricomycetes,Hymenochaetales,Schizoporaceae,native,chaetoporellus curvisporus,FALSE,FALSE,FALSE,0
urn:lsid:dyntaxa.se:TaxonName:399874,Chaetoporus collabens,species,"",Fungi,Basidiomycota,Agaricomycetes,Polyporales,Steccherinaceae,"",chaetoporus collabens,FALSE,FALSE,FALSE,0
urn:lsid:dyntaxa.se:TaxonName:399896,Chaetoporus separabilimus,species,"",Fungi,Basidiomycota,Agaricomycetes,Polyporales,Steccherinaceae,"",chaetoporus separabilimus,FALSE,FALSE,FALSE,0
urn:lsid:dyntaxa.se:Taxon:261037,Chalcosyrphus rufipes,species,DD,Animalia,Arthropoda,Insecta,Diptera,Syrphidae,native,chalcosyrphus rufipes,FALSE,FALSE,FALSE,0
urn:lsid:dyntaxa.se:TaxonName:143273,Chamaesyrphus lusitanicus,species,"",Animalia,Arthropoda,Insecta,Diptera,Syrphidae,"",chamaesyrphus lusitanicus,FALSE,FALSE,FALSE,0
urn:lsid:dyntaxa.se:TaxonName:157427,Chamaesyrphus lusitanicus,species,"",Animalia,Arthropoda,Insecta,Diptera,Syrphidae,"",chamaesyrphus lusitanicus,FALSE,FALSE,FALSE,0
urn:lsid:dyntaxa.se:TaxonName:27125,Chantransia catenulata,species,"",Plantae,Rhodophyta,Florideophyceae,Acrochaetiales,Acrochaetiaceae,"",chantransia catenulata,FALSE,FALSE,FALSE,0
urn:lsid:dyntaxa.se:TaxonName:32408,Chantransia cytophaga,species,"",Plantae,Rhodophyta,Florideophyceae,Acrochaetiales,Acrochaetiaceae,"",chantransia cytophaga,FALSE,FALSE,FALSE,0
urn:lsid:dyntaxa.se:TaxonName:27120,Chantransia dumontiae,species,"",Plantae,Rhodophyta,Florideophyceae,Acrochaetiales,Acrochaetiaceae,"",chantransia dumontiae,FALSE,FALSE,FALSE,0
urn:lsid:dyntaxa.se:TaxonName:32422,Chantransia immersa,species,"",Plantae,Rhodophyta,Florideophyceae,Acrochaetiales,Acrochaetiaceae,"",chantransia immersa,FALSE,FALSE,FALSE,0
urn:lsid:dyntaxa.se:TaxonName:269910,Chantransia investiens,species,"",Plantae,Rhodophyta,Florideophyceae,Balbianiales,Balbianiaceae,"",chantransia investiens,FALSE,FALSE,FALSE,0
urn:lsid:dyntaxa.se:TaxonName:32463,Chantransia polyidis,species,"",Plantae,Rhodophyta,Florideophyceae,Nemaliales,Liagoraceae,"",chantransia polyidis,FALSE,FALSE,FALSE,0
urn:lsid:dyntaxa.se:TaxonName:284004,Chantransia serpens,species,"",Plantae,Rhodophyta,Florideophyceae,Acrochaetiales,Acrochaetiaceae,"",chantransia serpens,FALSE,FALSE,FALSE,0
urn:lsid:dyntaxa.se:TaxonName:32446,Chantransia stilophorae,species,"",Plantae,Rhodophyta,Florideophyceae,Acrochaetiales,Acrochaetiaceae,"",chantransia stilophorae,FALSE,FALSE,FALSE,0
urn:lsid:dyntaxa.se:Taxon:235055,Chara curta,species,DD,Plantae,"",Charophyceae,Charales,Characeae,native,chara curta,FALSE,FALSE,FALSE,0
urn:lsid:dyntaxa.se:Taxon:332,Chara rudis,species,VU,Plantae,"",Charophyceae,Charales,Characeae,native,chara rudis,FALSE,FALSE,FALSE,0
urn:lsid:dyntaxa.se:TaxonName:12993,Cheimophila salicella,species,"",Animalia,Arthropoda,Insecta,Lepidoptera,Chimabachidae,"",cheimophila salicella,FALSE,FALSE,FALSE,0
urn:lsid:dyntaxa.se:TaxonName:146668,Cheiracanthium abbreviatum,species,"",Animalia,Arthropoda,Arachnida,Araneae,Eutichuridae,"",cheiracanthium abbreviatum,FALSE,FALSE,FALSE,0
urn:lsid:dyntaxa.se:TaxonName:64965,Chelidonium glaucium,species,"",Plantae,Tracheophyta,Magnoliopsida,Ranunculales,Papaveraceae,"",chelidonium glaucium,FALSE,FALSE,FALSE,0
urn:lsid:dyntaxa.se:TaxonName:29383,Chenopodium bonus-henricus,species,"",Plantae,Tracheophyta,Magnoliopsida,Caryophyllales,Amaranthaceae,"",chenopodium bonus-henricus,FALSE,FALSE,FALSE,0
urn:lsid:dyntaxa.se:TaxonName:58477,Chenopodium hirsutum,species,"",Plantae,Tracheophyta,Magnoliopsida,Caryophyllales,Amaranthaceae,"",chenopodium hirsutum,FALSE,FALSE,FALSE,0
urn:lsid:dyntaxa.se:TaxonName:58563,Chenopodium maritimum,species,"",Plantae,Tracheophyta,Magnoliopsida,Caryophyllales,Amaranthaceae,"",chenopodium maritimum,FALSE,FALSE,FALSE,0
urn:lsid:dyntaxa.se:TaxonName:29403,Chenopodium murale,species,"",Plantae,Tracheophyta,Magnoliopsida,Caryophyllales,Amaranthaceae,"",chenopodium murale,FALSE,FALSE,FALSE,0
urn:lsid:dyntaxa.se:TaxonName:35324,Chenopodium strictum striatiforme,species,"",Plantae,Tracheophyta,Magnoliopsida,Caryophyllales,Amaranthaceae,"",chenopodium strictum,FALSE,FALSE,FALSE,0
urn:lsid:dyntaxa.se:TaxonName:58529,Chenopodium strictum ssp. microphyllum,species,"",Plantae,Tracheophyta,Magnoliopsida,Caryophyllales,Amaranthaceae,"",chenopodium strictum,FALSE,FALSE,FALSE,0
urn:lsid:dyntaxa.se:TaxonName:58530,Chenopodium strictum ssp. striatiforme,species,"",Plantae,Tracheophyta,Magnoliopsida,Caryophyllales,Amaranthaceae,"",chenopodium strictum,FALSE,FALSE,FALSE,0
urn:lsid:dyntaxa.se:TaxonName:97556,Cheridium museorum,species,"",Animalia,Arthropoda,Arachnida,Pseudoscorpiones,Cheiridiidae,"",cheridium museorum,FALSE,FALSE,FALSE,0
urn:lsid:dyntaxa.se:TaxonName:2715,Chiodecton crassum,species,"",Fungi,Ascomycota,Arthoniomycetes,Arthoniales,Roccellaceae,"",chiodecton crassum,FALSE,FALSE,FALSE,0
urn:lsid:dyntaxa.se:TaxonName:2716,Chiodecton hutchinsiae,species,"",Fungi,Ascomycota,Arthoniomycetes,Arthoniales,Roccellaceae,"",chiodecton hutchinsiae,FALSE,FALSE,FALSE,0
urn:lsid:dyntaxa.se:Taxon:102393,Chionodes ignorantellus,species,NT,Animalia,Arthropoda,Insecta,Lepidoptera,Gelechiidae,native,chionodes ignorantellus,FALSE,FALSE,FALSE,0
urn:lsid:dyntaxa.se:Taxon:100614,Chionodes violaceus,species,EN,Animalia,Arthropoda,Insecta,Lepidoptera,Gelechiidae,native,chionodes violaceus,FALSE,FALSE,FALSE,0
urn:lsid:dyntaxa.se:TaxonName:93769,Chirona hammeri,species,"",Animalia,Arthropoda,Maxillopoda,Thoracica,Archaeobalanidae,"",chirona hammeri,FALSE,FALSE,FALSE,0
urn:lsid:dyntaxa.se:TaxonName:421465,Chiton hanleyi,species,"",Animalia,Mollusca,Polyplacophora,Lepidopleurida,Hanleyidae,"",chiton hanleyi,FALSE,FALSE,FALSE,0
urn:lsid:dyntaxa.se:TaxonName:5519,Chlamys sulcata,species,"",Animalia,Mollusca,Bivalvia,Pectinoida,Pectinidae,"",chlamys sulcata,FALSE,FALSE,FALSE,0
urn:lsid:dyntaxa.se:Taxon:585,Chlorophyllum agaricoides,species,RE,Fungi,Basidiomycota,Agaricomycetes,Agaricales,Agaricaceae,uncertain,chlorophyllum agaricoides,FALSE,FALSE,FALSE,0
urn:lsid:dyntaxa.se:TaxonName:104457,Choerades ignea,species,"",Animalia,Arthropoda,Insecta,Diptera,Asilidae,"",choerades ignea,FALSE,FALSE,FALSE,0
urn:lsid:dyntaxa.se:Taxon:100624,Choerades igneus,species,VU,Animalia,Arthropoda,Insecta,Diptera,Asilidae,native,choerades igneus,FALSE,FALSE,FALSE,0
urn:lsid:dyntaxa.se:TaxonName:104458,Choerades lapponica,species,"",Animalia,Arthropoda,Insecta,Diptera,Asilidae,"",choerades lapponica,FALSE,FALSE,FALSE,0
urn:lsid:dyntaxa.se:Taxon:100625,Choerades lapponicus,species,EN,Animalia,Arthropoda,Insecta,Diptera,Asilidae,native,choerades lapponicus,FALSE,FALSE,FALSE,0
urn:lsid:dyntaxa.se:Taxon:100626,Choerades rufipes,species,RE,Animalia,Arthropoda,Insecta,Diptera,Asilidae,native,choerades rufipes,FALSE,FALSE,FALSE,0
urn:lsid:dyntaxa.se:TaxonName:89953,Choiromyces melanoxanthus,species,"",Fungi,Ascomycota,Pezizomycetes,Pezizales,Pezizaceae,"",choiromyces melanoxanthus,FALSE,FALSE,FALSE,0
urn:lsid:dyntaxa.se:TaxonName:286159,Chondrus laceratus,species,"",Plantae,Rhodophyta,Florideophyceae,Ceramiales,Delesseriaceae,"",chondrus laceratus,FALSE,FALSE,FALSE,0
urn:lsid:dyntaxa.se:TaxonName:15481,Chordaria villosa,species,"",Chromista,Ochrophyta,Phaeophyceae,Desmarestiales,Arthrocladiaceae,"",chordaria villosa,FALSE,FALSE,FALSE,0
urn:lsid:dyntaxa.se:Taxon:232537,Choreonema thuretii,species,DD,Plantae,Rhodophyta,Florideophyceae,Hapalidiales,Hapalidiaceae,native,choreonema thuretii,FALSE,FALSE,FALSE,0
urn:lsid:dyntaxa.se:TaxonName:139754,Chortodes brevilinea,species,"",Animalia,Arthropoda,Insecta,Lepidoptera,Noctuidae,"",chortodes brevilinea,FALSE,FALSE,FALSE,0
urn:lsid:dyntaxa.se:TaxonName:139752,Chortodes morrisii,species,"",Animalia,Arthropoda,Insecta,Lepidoptera,Noctuidae,"",chortodes morrisii,FALSE,FALSE,FALSE,0
urn:lsid:dyntaxa.se:TaxonName:27130,Chromastrum catenulatum,species,"",Plantae,Rhodophyta,Florideophyceae,Acrochaetiales,Acrochaetiaceae,"",chromastrum catenulatum,FALSE,FALSE,FALSE,0
urn:lsid:dyntaxa.se:TaxonName:283850,Chromastrum cystophagum,species,"",Plantae,Rhodophyta,Florideophyceae,Acrochaetiales,Acrochaetiaceae,"",chromastrum cystophagum,FALSE,FALSE,FALSE,0
urn:lsid:dyntaxa.se:TaxonName:27133,Chromastrum densum,species,"",Plantae,Rhodophyta,Florideophyceae,Acrochaetiales,Acrochaetiaceae,"",chromastrum densum,FALSE,FALSE,FALSE,0
urn:lsid:dyntaxa.se:TaxonName:27121,Chromastrum dumontiae,species,"",Plantae,Rhodophyta,Florideophyceae,Acrochaetiales,Acrochaetiaceae,"",chromastrum dumontiae,FALSE,FALSE,FALSE,0
urn:lsid:dyntaxa.se:TaxonName:283949,Chromastrum stilophorae,species,"",Plantae,Rhodophyta,Florideophyceae,Acrochaetiales,Acrochaetiaceae,"",chromastrum stilophorae,FALSE,FALSE,FALSE,0
urn:lsid:dyntaxa.se:TaxonName:141862,Chromatoiulus sjaelandicus,species,"",Animalia,Arthropoda,Diplopoda,Julida,Julidae,"",chromatoiulus sjaelandicus,FALSE,FALSE,FALSE,0
urn:lsid:dyntaxa.se:TaxonName:157321,Chrysallida interstincta,species,"",Animalia,Mollusca,Gastropoda,"",Pyramidellidae,"",chrysallida interstincta,FALSE,FALSE,FALSE,0
urn:lsid:dyntaxa.se:TaxonName:153165,Chrysallida pellucida,species,"",Animalia,Mollusca,Gastropoda,"",Pyramidellidae,"",chrysallida pellucida,FALSE,FALSE,FALSE,0
urn:lsid:dyntaxa.se:TaxonName:72657,Chrysaspis aurea,species,"",Plantae,Tracheophyta,Magnoliopsida,Fabales,Fabaceae,"",chrysaspis aurea,FALSE,FALSE,FALSE,0
urn:lsid:dyntaxa.se:TaxonName:72678,Chrysaspis spadicea,species,"",Plantae,Tracheophyta,Magnoliopsida,Fabales,Fabaceae,"",chrysaspis spadicea,FALSE,FALSE,FALSE,0
urn:lsid:dyntaxa.se:TaxonName:269196,Chrysellampus truncatus,species,"",Animalia,Arthropoda,Insecta,Hymenoptera,Chrysididae,"",chrysellampus truncatus,FALSE,FALSE,FALSE,0
urn:lsid:dyntaxa.se:TaxonName:269838,Chrysis austriaca,species,"",Animalia,Arthropoda,Insecta,Hymenoptera,Chrysididae,"",chrysis austriaca,FALSE,FALSE,FALSE,0
urn:lsid:dyntaxa.se:TaxonName:152367,Chrysis dichroa,species,"",Animalia,Arthropoda,Insecta,Hymenoptera,Chrysididae,"",chrysis dichroa,FALSE,FALSE,FALSE,0
urn:lsid:dyntaxa.se:TaxonName:142134,Chrysis fasciata,species,"",Animalia,Arthropoda,Insecta,Hymenoptera,Chrysididae,"",chrysis fasciata,FALSE,FALSE,FALSE,0
urn:lsid:dyntaxa.se:TaxonName:279260,Chrysis fasciata zetterstedti,species,"",Animalia,Arthropoda,Insecta,Hymenoptera,Chrysididae,"",chrysis fasciata,FALSE,FALSE,FALSE,0
urn:lsid:dyntaxa.se:TaxonName:279258,Chrysis fasciata fasciata,species,"",Animalia,Arthropoda,Insecta,Hymenoptera,Chrysididae,"",chrysis fasciata,FALSE,FALSE,FALSE,0
urn:lsid:dyntaxa.se:TaxonName:270582,Chrysis Gyllenhali,species,"",Animalia,Arthropoda,Insecta,Hymenoptera,Chrysididae,"",chrysis gyllenhali,FALSE,FALSE,FALSE,0
urn:lsid:dyntaxa.se:Taxon:6005291,Chrysis indigotea,species,RE,Animalia,Arthropoda,Insecta,Hymenoptera,Chrysididae,native,chrysis indigotea,FALSE,FALSE,FALSE,0
urn:lsid:dyntaxa.se:TaxonName:151509,Chrysis integrella,species,"",Animalia,Arthropoda,Insecta,Hymenoptera,Chrysididae,"",chrysis integrella,FALSE,FALSE,FALSE,0
urn:lsid:dyntaxa.se:TaxonName:269839,Chrysis neglecta,species,"",Animalia,Arthropoda,Insecta,Hymenoptera,Chrysididae,"",chrysis neglecta,FALSE,FALSE,FALSE,0
urn:lsid:dyntaxa.se:TaxonName:152346,Chrysis nitidula,species,"",Animalia,Arthropoda,Insecta,Hymenoptera,Chrysididae,"",chrysis nitidula,FALSE,FALSE,FALSE,0
urn:lsid:dyntaxa.se:TaxonName:269859,Chrysis purpurata,species,"",Animalia,Arthropoda,Insecta,Hymenoptera,Chrysididae,"",chrysis purpurata,FALSE,FALSE,FALSE,0
urn:lsid:dyntaxa.se:TaxonName:270554,Chrysis segmentata,species,"",Animalia,Arthropoda,Insecta,Hymenoptera,Chrysididae,"",chrysis segmentata,FALSE,FALSE,FALSE,0
urn:lsid:dyntaxa.se:TaxonName:269855,Chrysis soluta,species,"",Animalia,Arthropoda,Insecta,Hymenoptera,Chrysididae,"",chrysis soluta,FALSE,FALSE,FALSE,0
urn:lsid:dyntaxa.se:TaxonName:269192,Chrysis truncata,species,"",Animalia,Arthropoda,Insecta,Hymenoptera,Chrysididae,"",chrysis truncata,FALSE,FALSE,FALSE,0
urn:lsid:dyntaxa.se:TaxonName:269846,Chrysis unicolor,species,"",Animalia,Arthropoda,Insecta,Hymenoptera,Chrysididae,"",chrysis unicolor,FALSE,FALSE,FALSE,0
urn:lsid:dyntaxa.se:Taxon:100635,Chrysoclista linneella,species,VU,Animalia,Arthropoda,Insecta,Lepidoptera,Parametriotidae,native,chrysoclista linneella,FALSE,FALSE,FALSE,0
urn:lsid:dyntaxa.se:TaxonName:269856,Chrysogona soluta,species,"",Animalia,Arthropoda,Insecta,Hymenoptera,Chrysididae,"",chrysogona soluta,FALSE,FALSE,FALSE,0
urn:lsid:dyntaxa.se:TaxonName:25398,Chrysolina diversipes,species,"",Animalia,Arthropoda,Insecta,Coleoptera,Chrysomelidae,"",chrysolina diversipes,FALSE,FALSE,FALSE,0
urn:lsid:dyntaxa.se:TaxonName:25399,Chrysolina violacea,species,"",Animalia,Arthropoda,Insecta,Coleoptera,Chrysomelidae,"",chrysolina violacea,FALSE,FALSE,FALSE,0
urn:lsid:dyntaxa.se:TaxonName:116158,Chrysomela analis,species,"",Animalia,Arthropoda,Insecta,Coleoptera,Chrysomelidae,"",chrysomela analis,FALSE,FALSE,FALSE,0
urn:lsid:dyntaxa.se:TaxonName:116162,Chrysomela gypsophilae,species,"",Animalia,Arthropoda,Insecta,Coleoptera,Chrysomelidae,"",chrysomela gypsophilae,FALSE,FALSE,FALSE,0
urn:lsid:dyntaxa.se:TaxonName:116165,Chrysomela limbata,species,"",Animalia,Arthropoda,Insecta,Coleoptera,Chrysomelidae,"",chrysomela limbata,FALSE,FALSE,FALSE,0
urn:lsid:dyntaxa.se:TaxonName:116173,Chrysomela violacea,species,"",Animalia,Arthropoda,Insecta,Coleoptera,Chrysomelidae,"",chrysomela violacea,FALSE,FALSE,FALSE,0
urn:lsid:dyntaxa.se:TaxonName:362512,Chrysophanus eurydame,species,"",Animalia,Arthropoda,Insecta,Lepidoptera,Lycaenidae,"",chrysophanus eurydame,FALSE,FALSE,FALSE,0
urn:lsid:dyntaxa.se:TaxonName:9320,Chrysopsora testacea,species,"",Fungi,Ascomycota,Lecanoromycetes,Lecanorales,Psoraceae,"",chrysopsora testacea,FALSE,FALSE,FALSE,0
urn:lsid:dyntaxa.se:Taxon:249116,Chrysura dichroa,species,RE,Animalia,Arthropoda,Insecta,Hymenoptera,Chrysididae,native,chrysura dichroa,FALSE,FALSE,FALSE,0
urn:lsid:dyntaxa.se:TaxonName:270583,Chrysura gyllenhali,species,"",Animalia,Arthropoda,Insecta,Hymenoptera,Chrysididae,"",chrysura gyllenhali,FALSE,FALSE,FALSE,0
urn:lsid:dyntaxa.se:TaxonName:269843,Chrysura neglecta,species,"",Animalia,Arthropoda,Insecta,Hymenoptera,Chrysididae,"",chrysura neglecta,FALSE,FALSE,FALSE,0
urn:lsid:dyntaxa.se:TaxonName:269847,Chrysura unicolor,species,"",Animalia,Arthropoda,Insecta,Hymenoptera,Chrysididae,"",chrysura unicolor,FALSE,FALSE,FALSE,0
urn:lsid:dyntaxa.se:TaxonName:106938,Cicones variegatus,species,"",Animalia,Arthropoda,Insecta,Coleoptera,Zopheridae,"",cicones variegatus,FALSE,FALSE,FALSE,0
urn:lsid:dyntaxa.se:TaxonName:19810,Cimbex splendida,species,"",Animalia,Arthropoda,Insecta,Hymenoptera,Cimbicidae,"",cimbex splendida,FALSE,FALSE,FALSE,0
urn:lsid:dyntaxa.se:TaxonName:10004,Cinclidotus aquaticus,species,"",Plantae,Bryophyta,Bryopsida,Pottiales,Pottiaceae,"",cinclidotus aquaticus,FALSE,FALSE,FALSE,0
urn:lsid:dyntaxa.se:TaxonName:82889,Cineraria campestris,species,"",Plantae,Tracheophyta,Magnoliopsida,Asterales,Asteraceae,"",cineraria campestris,FALSE,FALSE,FALSE,0
urn:lsid:dyntaxa.se:TaxonName:82887,Cineraria integrifolia,species,"",Plantae,Tracheophyta,Magnoliopsida,Asterales,Asteraceae,"",cineraria integrifolia,FALSE,FALSE,FALSE,0
urn:lsid:dyntaxa.se:TaxonName:82893,Cineraria palustris,species,"",Plantae,Tracheophyta,Magnoliopsida,Asterales,Asteraceae,"",cineraria palustris,FALSE,FALSE,FALSE,0
urn:lsid:dyntaxa.se:TaxonName:82894,Cineraria palustris ssp. congesta,species,"",Plantae,Tracheophyta,Magnoliopsida,Asterales,Asteraceae,"",cineraria palustris,FALSE,FALSE,FALSE,0
urn:lsid:dyntaxa.se:TaxonName:152577,Cinereomyces lenis,species,"",Fungi,Basidiomycota,Agaricomycetes,Hymenochaetales,"Hymenochaetales, genera incertae sedis","",cinereomyces lenis,FALSE,FALSE,FALSE,0
urn:lsid:dyntaxa.se:TaxonName:430204,Cingula beanii,species,"",Animalia,Mollusca,Gastropoda,Littorinimorpha,Rissoidae,"",cingula beanii,FALSE,FALSE,FALSE,0
urn:lsid:dyntaxa.se:TaxonName:90589,Cinna pendula,species,"",Plantae,Tracheophyta,Liliopsida,Poales,Poaceae,"",cinna pendula,FALSE,FALSE,FALSE,0
urn:lsid:dyntaxa.se:TaxonName:154567,Circinalium concrescens,species,"",Animalia,Chordata,"",Aplousobranchiata,Polyclinidae,"",circinalium concrescens,FALSE,FALSE,FALSE,0
urn:lsid:dyntaxa.se:Taxon:216044,Cirrhia gilvago,species,NT,Animalia,Arthropoda,Insecta,Lepidoptera,Noctuidae,native,cirrhia gilvago,FALSE,FALSE,FALSE,0
urn:lsid:dyntaxa.se:TaxonName:148334,Cirriphyllum cirrosum,species,"",Plantae,Bryophyta,Bryopsida,Hypnales,Brachytheciaceae,"",cirriphyllum cirrosum,FALSE,FALSE,FALSE,0
urn:lsid:dyntaxa.se:TaxonName:224754,Cirriphyllum cirrosum,species,"",Plantae,Bryophyta,Bryopsida,Hypnales,Brachytheciaceae,"",cirriphyllum cirrosum,FALSE,FALSE,FALSE,0
urn:lsid:dyntaxa.se:TaxonName:224767,Cirriphyllum tenuinerve,species,"",Plantae,Bryophyta,Bryopsida,Hypnales,Brachytheciaceae,"",cirriphyllum tenuinerve,FALSE,FALSE,FALSE,0
urn:lsid:dyntaxa.se:TaxonName:224768,Cirriphyllum tenuinerve,species,"",Plantae,Bryophyta,Bryopsida,Hypnales,Brachytheciaceae,"",cirriphyllum tenuinerve,FALSE,FALSE,FALSE,0
urn:lsid:dyntaxa.se:TaxonName:148337,Cirriphyllum tommasinii,species,"",Plantae,Bryophyta,Bryopsida,Hypnales,Brachytheciaceae,"",cirriphyllum tommasinii,FALSE,FALSE,FALSE,0
urn:lsid:dyntaxa.se:TaxonName:224760,Cirriphyllum tommasinii,species,"",Plantae,Bryophyta,Bryopsida,Hypnales,Brachytheciaceae,"",cirriphyllum tommasinii,FALSE,FALSE,FALSE,0
urn:lsid:dyntaxa.se:TaxonName:224765,Cirriphyllum tommasinii,species,"",Plantae,Bryophyta,Bryopsida,Hypnales,Brachytheciaceae,"",cirriphyllum tommasinii,FALSE,FALSE,FALSE,0
urn:lsid:dyntaxa.se:TaxonName:25363,Cis petropolitanus,species,"",Animalia,Arthropoda,Insecta,Coleoptera,Ciidae,"",cis petropolitanus,FALSE,FALSE,FALSE,0
urn:lsid:dyntaxa.se:TaxonName:248778,Cis rhododactylus,species,"",Animalia,Arthropoda,Insecta,Coleoptera,Ciidae,"",cis rhododactylus,FALSE,FALSE,FALSE,0
urn:lsid:dyntaxa.se:TaxonName:102769,Cis setiger,species,"",Animalia,Arthropoda,Insecta,Coleoptera,Ciidae,"",cis setiger,FALSE,FALSE,FALSE,0
urn:lsid:dyntaxa.se:Taxon:1267,Cladomeris umbellata,species,VU,Fungi,Basidiomycota,Agaricomycetes,Polyporales,Polyporaceae,native,cladomeris umbellata,FALSE,FALSE,FALSE,0
urn:lsid:dyntaxa.se:TaxonName:2447,Cladonia capitata,species,"",Fungi,Ascomycota,Lecanoromycetes,Lecanorales,Cladoniaceae,"",cladonia capitata,FALSE,FALSE,FALSE,0
urn:lsid:dyntaxa.se:TaxonName:2446,Cladonia delicata,species,"",Fungi,Ascomycota,Lecanoromycetes,Lecanorales,Cladoniaceae,"",cladonia delicata,FALSE,FALSE,FALSE,0
urn:lsid:dyntaxa.se:TaxonName:127394,Cladonia leptophylla,species,"",Fungi,Ascomycota,Lecanoromycetes,Lecanorales,Cladoniaceae,"",cladonia leptophylla,FALSE,FALSE,FALSE,0
urn:lsid:dyntaxa.se:Taxon:355,Cladonia polycarpoides,species,VU,Fungi,Ascomycota,Lecanoromycetes,Lecanorales,Cladoniaceae,native,cladonia polycarpoides,FALSE,FALSE,FALSE,0
urn:lsid:dyntaxa.se:TaxonName:127060,Cladosporium arthoniae,species,"",Fungi,Ascomycota,Dothideomycetes,Kirschsteiniotheliales,Kirschsteiniotheliaceae,"",cladosporium arthoniae,FALSE,FALSE,FALSE,0
urn:lsid:dyntaxa.se:TaxonName:226201,Clathroporina calcarea,species,"",Fungi,Ascomycota,Lecanoromycetes,Ostropales,Gyalectaceae,"",clathroporina calcarea,FALSE,FALSE,FALSE,0
urn:lsid:dyntaxa.se:TaxonName:116732,Clathrus turtonis,species,"",Animalia,Mollusca,Gastropoda,"Caenogastropoda, ordo incertae sedis",Epitoniidae,"",clathrus turtonis,FALSE,FALSE,FALSE,0
urn:lsid:dyntaxa.se:TaxonName:129287,Clausilia connectens,species,"",Animalia,Mollusca,Gastropoda,Stylommatophora,Clausiliidae,"",clausilia connectens,FALSE,FALSE,FALSE,0
urn:lsid:dyntaxa.se:TaxonName:295682,Clavaria asperulispora s.lat.,speciesAggregate,"",Fungi,Basidiomycota,Agaricomycetes,Agaricales,Clavariaceae,"",clavaria asperulispora,FALSE,FALSE,FALSE,0
urn:lsid:dyntaxa.se:Taxon:357,Clavaria asperulispora/atrofusca,speciesAggregate,VU,Fungi,Basidiomycota,Agaricomycetes,Agaricales,Clavariaceae,native,clavaria asperulispora/atrofusca,FALSE,FALSE,FALSE,0
urn:lsid:dyntaxa.se:TaxonName:153483,Clavaria asperulospora,speciesAggregate,"",Fungi,Basidiomycota,Agaricomycetes,Agaricales,Clavariaceae,"",clavaria asperulospora,FALSE,FALSE,FALSE,0
urn:lsid:dyntaxa.se:TaxonName:295628,Clavaria atrobadia,species,"",Fungi,Basidiomycota,Agaricomycetes,Agaricales,Clavariaceae,"",clavaria atrobadia,FALSE,FALSE,FALSE,0
urn:lsid:dyntaxa.se:TaxonName:89924,Clavaria atropurpurea,species,"",Fungi,Ascomycota,Leotiomycetes,Leotiales,Leotiaceae,"",clavaria atropurpurea,FALSE,FALSE,FALSE,0
urn:lsid:dyntaxa.se:TaxonName:120124,Clavaria bataillei,species,"",Fungi,Basidiomycota,Agaricomycetes,Gomphales,Gomphaceae,"",clavaria bataillei,FALSE,FALSE,FALSE,0
urn:lsid:dyntaxa.se:TaxonName:467233,Clavaria bizzozeriana,species,"",Fungi,Basidiomycota,Agaricomycetes,Agaricales,Clavariaceae,"",clavaria bizzozeriana,FALSE,FALSE,FALSE,0
urn:lsid:dyntaxa.se:TaxonName:253216,Clavaria botrytis,species,"",Fungi,Basidiomycota,Agaricomycetes,Gomphales,Gomphaceae,"",clavaria botrytis,FALSE,FALSE,FALSE,0
urn:lsid:dyntaxa.se:TaxonName:353223,Clavaria broomei,species,"",Fungi,Basidiomycota,Agaricomycetes,Gomphales,Gomphaceae,"",clavaria broomei,FALSE,FALSE,FALSE,0
urn:lsid:dyntaxa.se:TaxonName:467258,Clavaria crocea,species,"",Fungi,Basidiomycota,Agaricomycetes,Agaricales,Clavariaceae,"",clavaria crocea,FALSE,FALSE,FALSE,0
urn:lsid:dyntaxa.se:TaxonName:144847,Clavaria epichnoa,species,"",Fungi,Basidiomycota,Agaricomycetes,Gomphales,Lentariaceae,"",clavaria epichnoa,FALSE,FALSE,FALSE,0
urn:lsid:dyntaxa.se:TaxonName:271531,Clavaria fennica,species,"",Fungi,Basidiomycota,Agaricomycetes,Gomphales,Gomphaceae,"",clavaria fennica,FALSE,FALSE,FALSE,0
urn:lsid:dyntaxa.se:TaxonName:440561,Clavaria formosa,species,"",Fungi,Basidiomycota,Agaricomycetes,Gomphales,Gomphaceae,"",clavaria formosa,FALSE,FALSE,FALSE,0
urn:lsid:dyntaxa.se:TaxonName:271539,Clavaria fumigata,species,"",Fungi,Basidiomycota,Agaricomycetes,Gomphales,Gomphaceae,"",clavaria fumigata,FALSE,FALSE,FALSE,0
urn:lsid:dyntaxa.se:TaxonName:104083,Clavaria glossoides,species,"",Fungi,Basidiomycota,Dacrymycetes,Dacrymycetales,Dacrymycetaceae,"",clavaria glossoides,FALSE,FALSE,FALSE,0
urn:lsid:dyntaxa.se:TaxonName:271556,Clavaria karstenii,species,"",Fungi,Basidiomycota,Agaricomycetes,Gomphales,Gomphaceae,"",clavaria karstenii,FALSE,FALSE,FALSE,0
urn:lsid:dyntaxa.se:TaxonName:6953,Clavaria mucida,species,"",Fungi,Basidiomycota,Agaricomycetes,Cantharellales,Hydnaceae,"",clavaria mucida,FALSE,FALSE,FALSE,0
urn:lsid:dyntaxa.se:TaxonName:269870,Clavaria pallida,species,"",Fungi,Basidiomycota,Agaricomycetes,Gomphales,Gomphaceae,"",clavaria pallida,FALSE,FALSE,FALSE,0
urn:lsid:dyntaxa.se:TaxonName:269873,Clavaria paludosa,species,"",Fungi,Basidiomycota,Agaricomycetes,Gomphales,Gomphaceae,"",clavaria paludosa,FALSE,FALSE,FALSE,0
urn:lsid:dyntaxa.se:TaxonName:467228,Clavaria pulchella,species,"",Fungi,Basidiomycota,Agaricomycetes,Agaricales,Clavariaceae,"",clavaria pulchella,FALSE,FALSE,FALSE,0
urn:lsid:dyntaxa.se:TaxonName:153489,Clavaria purpurea,species,"",Fungi,Basidiomycota,Agaricomycetes,Hymenochaetales,Rickenellaceae,"",clavaria purpurea,FALSE,FALSE,FALSE,0
urn:lsid:dyntaxa.se:TaxonName:258346,Clavaria purpurea,species,"",Fungi,Basidiomycota,Agaricomycetes,Hymenochaetales,Rickenellaceae,"",clavaria purpurea,FALSE,FALSE,FALSE,0
urn:lsid:dyntaxa.se:TaxonName:258092,Clavaria rufescens,species,"",Fungi,Basidiomycota,Agaricomycetes,Gomphales,Gomphaceae,"",clavaria rufescens,FALSE,FALSE,FALSE,0
urn:lsid:dyntaxa.se:TaxonName:295633,Clavaria schaefferi,species,"",Fungi,Basidiomycota,Agaricomycetes,Agaricales,Clavariaceae,"",clavaria schaefferi,FALSE,FALSE,FALSE,0
urn:lsid:dyntaxa.se:TaxonName:271612,Clavaria spinulosa,species,"",Fungi,Basidiomycota,Agaricomycetes,Gomphales,Gomphaceae,"",clavaria spinulosa,FALSE,FALSE,FALSE,0
urn:lsid:dyntaxa.se:TaxonName:295652,Clavaria stellifera,species,"",Fungi,Basidiomycota,Agaricomycetes,Agaricales,Clavariaceae,"",clavaria stellifera,FALSE,FALSE,FALSE,0
urn:lsid:dyntaxa.se:TaxonName:283117,Clavaria subtilis,species,"",Fungi,Basidiomycota,Agaricomycetes,Agaricales,Clavariaceae,"",clavaria subtilis,FALSE,FALSE,FALSE,0
urn:lsid:dyntaxa.se:TaxonName:271535,Clavariella fennica,species,"",Fungi,Basidiomycota,Agaricomycetes,Gomphales,Gomphaceae,"",clavariella fennica,FALSE,FALSE,FALSE,0
urn:lsid:dyntaxa.se:TaxonName:153504,Clavicorona cristata,species,"",Fungi,Basidiomycota,Agaricomycetes,Russulales,Auriscalpiaceae,"",clavicorona cristata,FALSE,FALSE,FALSE,0
urn:lsid:dyntaxa.se:TaxonName:153505,Clavicorona pyxidata,species,"",Fungi,Basidiomycota,Agaricomycetes,Russulales,Auriscalpiaceae,"",clavicorona pyxidata,FALSE,FALSE,FALSE,0
urn:lsid:dyntaxa.se:TaxonName:64780,Clavulicium vinososcabens,species,"",Fungi,Basidiomycota,Agaricomycetes,Cantharellales,"Cantharellales, genera incertae sedis","",clavulicium vinososcabens,FALSE,FALSE,FALSE,0
urn:lsid:dyntaxa.se:TaxonName:295625,Clavulinopsis atroumbrina,species,"",Fungi,Basidiomycota,Agaricomycetes,Agaricales,Clavariaceae,"",clavulinopsis atroumbrina,FALSE,FALSE,FALSE,0
urn:lsid:dyntaxa.se:TaxonName:467232,Clavulinopsis bizzozeriana,species,"",Fungi,Basidiomycota,Agaricomycetes,Agaricales,Clavariaceae,"",clavulinopsis bizzozeriana,FALSE,FALSE,FALSE,0
urn:lsid:dyntaxa.se:TaxonName:467262,Clavulinopsis crocea,species,"",Fungi,Basidiomycota,Agaricomycetes,Agaricales,Clavariaceae,"",clavulinopsis crocea,FALSE,FALSE,FALSE,0
urn:lsid:dyntaxa.se:TaxonName:467231,Clavulinopsis pulchella,species,"",Fungi,Basidiomycota,Agaricomycetes,Agaricales,Clavariaceae,"",clavulinopsis pulchella,FALSE,FALSE,FALSE,0
urn:lsid:dyntaxa.se:TaxonName:153518,Clavulinopsis subtilis,species,"",Fungi,Basidiomycota,Agaricomycetes,Agaricales,Clavariaceae,"",clavulinopsis subtilis,FALSE,FALSE,FALSE,0
urn:lsid:dyntaxa.se:TaxonName:101398,Cleonus glaucus,species,"",Animalia,Arthropoda,Insecta,Coleoptera,Curculionidae,"",cleonus glaucus,FALSE,FALSE,FALSE,0
urn:lsid:dyntaxa.se:TaxonName:101397,Cleonus nebulosus,species,"",Animalia,Arthropoda,Insecta,Coleoptera,Curculionidae,"",cleonus nebulosus,FALSE,FALSE,FALSE,0
urn:lsid:dyntaxa.se:Taxon:102305,Cleopomiarus micros,species,NT,Animalia,Arthropoda,Insecta,Coleoptera,Curculionidae,native,cleopomiarus micros,FALSE,FALSE,FALSE,0
urn:lsid:dyntaxa.se:Taxon:100663,Clepsis illustrana,species,DD,Animalia,Arthropoda,Insecta,Lepidoptera,Tortricidae,native,clepsis illustrana,FALSE,FALSE,FALSE,0
urn:lsid:dyntaxa.se:Taxon:249113,Cleptes nitidulus,species,NT,Animalia,Arthropoda,Insecta,Hymenoptera,Chrysididae,native,cleptes nitidulus,FALSE,FALSE,FALSE,0
urn:lsid:dyntaxa.se:TaxonName:2510,Cliostomum ehrhartiana,species,"",Fungi,Ascomycota,Lecanoromycetes,Lecanorales,Ramalinaceae,"",cliostomum ehrhartiana,FALSE,FALSE,FALSE,0
urn:lsid:dyntaxa.se:TaxonName:2511,Cliostomum graniforme,species,"",Fungi,Ascomycota,Lecanoromycetes,Lecanorales,Ramalinaceae,"",cliostomum graniforme,FALSE,FALSE,FALSE,0
urn:lsid:dyntaxa.se:TaxonName:153524,Clitocybe alexandri,species,"",Fungi,Basidiomycota,Agaricomycetes,Agaricales,Pseudoclitocybaceae,"",clitocybe alexandri,FALSE,FALSE,FALSE,0
urn:lsid:dyntaxa.se:TaxonName:352343,Clitocybe morganii,species,"",Fungi,Basidiomycota,Agaricomycetes,Agaricales,Hygrophoraceae,"",clitocybe morganii,FALSE,FALSE,FALSE,0
urn:lsid:dyntaxa.se:TaxonName:44144,Clitocybe rhizophora,species,"",Fungi,Basidiomycota,Agaricomycetes,Agaricales,"Agaricales, genera incertae sedis","",clitocybe rhizophora,FALSE,FALSE,FALSE,0
urn:lsid:dyntaxa.se:TaxonName:448323,Clitocybe rhizophora,species,"",Fungi,Basidiomycota,Agaricomycetes,Agaricales,"Agaricales, genera incertae sedis","",clitocybe rhizophora,FALSE,FALSE,FALSE,0
urn:lsid:dyntaxa.se:TaxonName:153564,Clitocybe vermicularis,species,"",Fungi,Basidiomycota,Agaricomycetes,Agaricales,"Agaricales, genera incertae sedis","",clitocybe vermicularis,FALSE,FALSE,FALSE,0
urn:lsid:dyntaxa.se:TaxonName:434115,Clitopilus stanglianus,species,"",Fungi,Basidiomycota,Agaricomycetes,Agaricales,Entolomataceae,"",clitopilus stanglianus,FALSE,FALSE,FALSE,0
urn:lsid:dyntaxa.se:TaxonName:139634,Cloantha hyperici,species,"",Animalia,Arthropoda,Insecta,Lepidoptera,Noctuidae,"",cloantha hyperici,FALSE,FALSE,FALSE,0
urn:lsid:dyntaxa.se:TaxonName:237407,Cloelia formosa,species,"",Animalia,Mollusca,Gastropoda,Nudibranchia,Heroidae,"",cloelia formosa,FALSE,FALSE,FALSE,0
urn:lsid:dyntaxa.se:TaxonName:64550,Cloëon schoenemundi,species,"",Animalia,Arthropoda,Insecta,Ephemeroptera,Baetidae,"",cloëon schoenemundi,FALSE,FALSE,FALSE,0
urn:lsid:dyntaxa.se:TaxonName:146674,Clubiona clandestina,species,"",Animalia,Arthropoda,Arachnida,Araneae,Clubionidae,"",clubiona clandestina,FALSE,FALSE,FALSE,0
urn:lsid:dyntaxa.se:TaxonName:12052,Clubiona genevensis,species,"",Animalia,Arthropoda,Arachnida,Araneae,Clubionidae,"",clubiona genevensis,FALSE,FALSE,FALSE,0
urn:lsid:dyntaxa.se:TaxonName:270911,Clusia miki,species,"",Animalia,Arthropoda,Insecta,Diptera,Clusiidae,"",clusia miki,FALSE,FALSE,FALSE,0
urn:lsid:dyntaxa.se:TaxonName:243873,Clypeola alyssoides,species,"",Plantae,Tracheophyta,Magnoliopsida,Brassicales,Brassicaceae,"",clypeola alyssoides,FALSE,FALSE,FALSE,0
urn:lsid:dyntaxa.se:TaxonName:243898,Clypeola campestris,species,"",Plantae,Tracheophyta,Magnoliopsida,Brassicales,Brassicaceae,"",clypeola campestris,FALSE,FALSE,FALSE,0
urn:lsid:dyntaxa.se:TaxonName:380860,Clythia obscuripennis,species,"",Animalia,Arthropoda,Insecta,Diptera,Platypezidae,"",clythia obscuripennis,FALSE,FALSE,FALSE,0
urn:lsid:dyntaxa.se:Taxon:234261,Cnemidocarpa devia,species,VU,Animalia,Chordata,"",Stolidobranchiata,Styelidae,native,cnemidocarpa devia,FALSE,FALSE,FALSE,0
urn:lsid:dyntaxa.se:Taxon:234258,Cnemidocarpa mollispina,species,VU,Animalia,Chordata,"",Stolidobranchiata,Styelidae,native,cnemidocarpa mollispina,FALSE,FALSE,FALSE,0
urn:lsid:dyntaxa.se:Taxon:234260,Cnemidocarpa rhizopus,species,DD,Animalia,Chordata,"",Stolidobranchiata,Styelidae,native,cnemidocarpa rhizopus,FALSE,FALSE,FALSE,0
urn:lsid:dyntaxa.se:TaxonName:101386,Cneorrhinus exaratus,species,"",Animalia,Arthropoda,Insecta,Coleoptera,Curculionidae,"",cneorrhinus exaratus,FALSE,FALSE,FALSE,0
urn:lsid:dyntaxa.se:TaxonName:13000,Cnephasia rigana,species,"",Animalia,Arthropoda,Insecta,Lepidoptera,Tortricidae,"",cnephasia rigana,FALSE,FALSE,FALSE,0
urn:lsid:dyntaxa.se:Taxon:243671,Cochliarium cuneiventris,species,VU,Animalia,Arthropoda,Insecta,Diptera,Scathophagidae,native,cochliarium cuneiventris,FALSE,FALSE,FALSE,0
urn:lsid:dyntaxa.se:Taxon:100674,Cochylis epilinana,species,RE,Animalia,Arthropoda,Insecta,Lepidoptera,Tortricidae,native,cochylis epilinana,FALSE,FALSE,FALSE,0
urn:lsid:dyntaxa.se:TaxonName:12392,Coelioxys conoidea,species,"",Animalia,Arthropoda,Insecta,Hymenoptera,Megachilidae,"",coelioxys conoidea,FALSE,FALSE,FALSE,0
urn:lsid:dyntaxa.se:TaxonName:12395,Coelioxys lanceolata,species,"",Animalia,Arthropoda,Insecta,Hymenoptera,Megachilidae,"",coelioxys lanceolata,FALSE,FALSE,FALSE,0
urn:lsid:dyntaxa.se:TaxonName:316821,Coelioxys tridentata,species,"",Animalia,Arthropoda,Insecta,Hymenoptera,Megachilidae,"",coelioxys tridentata,FALSE,FALSE,FALSE,0
urn:lsid:dyntaxa.se:TaxonName:284197,Colaconema polyidis,species,"",Plantae,Rhodophyta,Florideophyceae,Nemaliales,Liagoraceae,"",colaconema polyidis,FALSE,FALSE,FALSE,0
urn:lsid:dyntaxa.se:Taxon:100687,Coleophora albella,species,EN,Animalia,Arthropoda,Insecta,Lepidoptera,Coleophoridae,native,coleophora albella,FALSE,FALSE,FALSE,0
urn:lsid:dyntaxa.se:TaxonName:131234,Coleophora bilineatella,species,"",Animalia,Arthropoda,Insecta,Lepidoptera,Coleophoridae,"",coleophora bilineatella,FALSE,FALSE,FALSE,0
urn:lsid:dyntaxa.se:Taxon:102405,Coleophora hackmani,species,VU,Animalia,Arthropoda,Insecta,Lepidoptera,Coleophoridae,native,coleophora hackmani,FALSE,FALSE,FALSE,0
urn:lsid:dyntaxa.se:Taxon:214510,Coleophora lassella,species,DD,Animalia,Arthropoda,Insecta,Lepidoptera,Coleophoridae,native,coleophora lassella,FALSE,FALSE,FALSE,0
urn:lsid:dyntaxa.se:Taxon:214550,Coleophora nutantella,species,VU,Animalia,Arthropoda,Insecta,Lepidoptera,Coleophoridae,native,coleophora nutantella,FALSE,FALSE,FALSE,0
urn:lsid:dyntaxa.se:TaxonName:127974,Coleophora paeltsaella,species,"",Animalia,Arthropoda,Insecta,Lepidoptera,Coleophoridae,"",coleophora paeltsaella,FALSE,FALSE,FALSE,0
urn:lsid:dyntaxa.se:Taxon:100695,Coleophora solitariella,species,VU,Animalia,Arthropoda,Insecta,Lepidoptera,Coleophoridae,native,coleophora solitariella,FALSE,FALSE,FALSE,0
urn:lsid:dyntaxa.se:TaxonName:2538,Collema aggregatum,species,"",Fungi,Ascomycota,Lecanoromycetes,Baeomycetales,Arctomiaceae,"",collema aggregatum,FALSE,FALSE,FALSE,0
urn:lsid:dyntaxa.se:TaxonName:2537,Collema ascaridosporum,species,"",Fungi,Ascomycota,Lecanoromycetes,Baeomycetales,Arctomiaceae,"",collema ascaridosporum,FALSE,FALSE,FALSE,0
urn:lsid:dyntaxa.se:TaxonName:138740,Collema bachmanianum,species,"",Fungi,Ascomycota,Lecanoromycetes,Peltigerales,Collemataceae,"",collema bachmanianum,FALSE,FALSE,FALSE,0
urn:lsid:dyntaxa.se:TaxonName:260791,Collema bachmanianum var. bachmanianum,species,"",Fungi,Ascomycota,Lecanoromycetes,Peltigerales,Collemataceae,"",collema bachmanianum,FALSE,FALSE,FALSE,0
urn:lsid:dyntaxa.se:TaxonName:260792,Collema bachmanianum var. millegranum,species,"",Fungi,Ascomycota,Lecanoromycetes,Peltigerales,Collemataceae,"",collema bachmanianum,FALSE,FALSE,FALSE,0
urn:lsid:dyntaxa.se:TaxonName:149579,Collema bachmannianum,species,"",Fungi,Ascomycota,Lecanoromycetes,Peltigerales,Collemataceae,"",collema bachmannianum,FALSE,FALSE,FALSE,0
urn:lsid:dyntaxa.se:TaxonName:2738,Collema byssinum,species,"",Fungi,Ascomycota,Lecanoromycetes,Peltigerales,Collemataceae,"",collema byssinum,FALSE,FALSE,FALSE,0
urn:lsid:dyntaxa.se:TaxonName:260863,Collema coccophylloides,species,"",Fungi,Ascomycota,Lecanoromycetes,Peltigerales,Collemataceae,"",collema coccophylloides,FALSE,FALSE,FALSE,0
urn:lsid:dyntaxa.se:TaxonName:248953,Collema cyanescens,species,"",Fungi,Ascomycota,Lecanoromycetes,Peltigerales,Collemataceae,"",collema cyanescens,FALSE,FALSE,FALSE,0
urn:lsid:dyntaxa.se:TaxonName:227619,Collema exasperatum,species,"",Fungi,Ascomycota,Lecanoromycetes,Lecanorales,Parmeliaceae,"",collema exasperatum,FALSE,FALSE,FALSE,0
urn:lsid:dyntaxa.se:TaxonName:138747,Collema fasciculare,species,"",Fungi,Ascomycota,Lecanoromycetes,Baeomycetales,Arctomiaceae,"",collema fasciculare,FALSE,FALSE,FALSE,0
urn:lsid:dyntaxa.se:TaxonName:138749,Collema fragrans,species,"",Fungi,Ascomycota,Lecanoromycetes,Peltigerales,Collemataceae,"",collema fragrans,FALSE,FALSE,FALSE,0
urn:lsid:dyntaxa.se:TaxonName:2547,Collema glaucescens,species,"",Fungi,Ascomycota,Lecanoromycetes,Peltigerales,Collemataceae,"",collema glaucescens,FALSE,FALSE,FALSE,0
urn:lsid:dyntaxa.se:TaxonName:138753,Collema limosum,species,"",Fungi,Ascomycota,Lecanoromycetes,Peltigerales,Collemataceae,"",collema limosum,FALSE,FALSE,FALSE,0
urn:lsid:dyntaxa.se:TaxonName:2540,Collema microphyllum,species,"",Fungi,Ascomycota,Lecanoromycetes,Peltigerales,Collemataceae,"",collema microphyllum,FALSE,FALSE,FALSE,0
urn:lsid:dyntaxa.se:TaxonName:225870,Collema nummularium,species,"",Fungi,Ascomycota,Lichinomycetes,Lichinales,Lichinaceae,"",collema nummularium,FALSE,FALSE,FALSE,0
urn:lsid:dyntaxa.se:TaxonName:138756,Collema occultatum,species,"",Fungi,Ascomycota,Lecanoromycetes,Peltigerales,Collemataceae,"",collema occultatum,FALSE,FALSE,FALSE,0
urn:lsid:dyntaxa.se:TaxonName:260861,Collema occultatum var. occultatum,species,"",Fungi,Ascomycota,Lecanoromycetes,Peltigerales,Collemataceae,"",collema occultatum,FALSE,FALSE,FALSE,0
urn:lsid:dyntaxa.se:TaxonName:260865,Collema occultatum var. populinum,species,"",Fungi,Ascomycota,Lecanoromycetes,Peltigerales,Collemataceae,"",collema occultatum,FALSE,FALSE,FALSE,0
urn:lsid:dyntaxa.se:TaxonName:248080,Collema quadratum,species,"",Fungi,Ascomycota,Lecanoromycetes,Peltigerales,Collemataceae,"",collema quadratum,FALSE,FALSE,FALSE,0
urn:lsid:dyntaxa.se:TaxonName:2554,Collema subfurvum,species,"",Fungi,Ascomycota,Lecanoromycetes,Peltigerales,Collemataceae,"",collema subfurvum,FALSE,FALSE,FALSE,0
urn:lsid:dyntaxa.se:TaxonName:248949,Collema tremelloides var. caesium,species,"",Fungi,Ascomycota,Lecanoromycetes,Peltigerales,Collemataceae,"",collema tremelloides,FALSE,FALSE,FALSE,0
urn:lsid:dyntaxa.se:TaxonName:260864,Collema verruciforme f. populinum,species,"",Fungi,Ascomycota,Lecanoromycetes,Peltigerales,Collemataceae,"",collema verruciforme,FALSE,FALSE,FALSE,0
urn:lsid:dyntaxa.se:TaxonName:2548,Collema vespertilio,species,"",Fungi,Ascomycota,Lecanoromycetes,Peltigerales,Collemataceae,"",collema vespertilio,FALSE,FALSE,FALSE,0
urn:lsid:dyntaxa.se:TaxonName:133182,Collemodes bachmanianum,species,"",Fungi,Ascomycota,Lecanoromycetes,Peltigerales,Collemataceae,"",collemodes bachmanianum,FALSE,FALSE,FALSE,0
urn:lsid:dyntaxa.se:TaxonName:153587,Collybia erythropus,species,"",Fungi,Basidiomycota,Agaricomycetes,Agaricales,Omphalotaceae,"",collybia erythropus,FALSE,FALSE,FALSE,0
urn:lsid:dyntaxa.se:TaxonName:153590,Collybia fusipes,species,"",Fungi,Basidiomycota,Agaricomycetes,Agaricales,Omphalotaceae,"",collybia fusipes,FALSE,FALSE,FALSE,0
urn:lsid:dyntaxa.se:TaxonName:153591,Collybia hariolorum,species,"",Fungi,Basidiomycota,Agaricomycetes,Agaricales,Omphalotaceae,"",collybia hariolorum,FALSE,FALSE,FALSE,0
urn:lsid:dyntaxa.se:TaxonName:43854,Collybia marasmioides,species,"",Fungi,Basidiomycota,Agaricomycetes,Agaricales,Omphalotaceae,"",collybia marasmioides,FALSE,FALSE,FALSE,0
urn:lsid:dyntaxa.se:TaxonName:448325,Collybia rhizophora,species,"",Fungi,Basidiomycota,Agaricomycetes,Agaricales,"Agaricales, genera incertae sedis","",collybia rhizophora,FALSE,FALSE,FALSE,0
urn:lsid:dyntaxa.se:TaxonName:90478,Colpodium fulvum,species,"",Plantae,Tracheophyta,Liliopsida,Poales,Poaceae,"",colpodium fulvum,FALSE,FALSE,FALSE,0
urn:lsid:dyntaxa.se:TaxonName:90477,Colpodium malmgrenii,species,"",Plantae,Tracheophyta,Liliopsida,Poales,Poaceae,"",colpodium malmgrenii,FALSE,FALSE,FALSE,0
urn:lsid:dyntaxa.se:TaxonName:129663,Colymbus ruficollis,species,"",Animalia,Chordata,Aves,Podicipediformes,Podicipedidae,"",colymbus ruficollis,FALSE,FALSE,FALSE,0
urn:lsid:dyntaxa.se:TaxonName:129650,Colymbus Stellatus,species,"",Animalia,Chordata,Aves,Gaviiformes,Gaviidae,"",colymbus stellatus,FALSE,FALSE,FALSE,0
urn:lsid:dyntaxa.se:TaxonName:285974,Conferva flosculosa,species,"",Plantae,Rhodophyta,Florideophyceae,Ceramiales,Wrangeliaceae,"",conferva flosculosa,FALSE,FALSE,FALSE,0
urn:lsid:dyntaxa.se:TaxonName:117310,Conferva mertensii,species,"",Chromista,Ochrophyta,Phaeophyceae,Tilopteridales,Tilopteridaceae,"",conferva mertensii,FALSE,FALSE,FALSE,0
urn:lsid:dyntaxa.se:TaxonName:286929,Conferva nigra,species,"",Plantae,Rhodophyta,Florideophyceae,Ceramiales,Rhodomelaceae,"",conferva nigra,FALSE,FALSE,FALSE,0
urn:lsid:dyntaxa.se:TaxonName:27050,Conferva pluma,species,"",Plantae,Rhodophyta,Florideophyceae,Ceramiales,Wrangeliaceae,"",conferva pluma,FALSE,FALSE,FALSE,0
urn:lsid:dyntaxa.se:TaxonName:15604,Conferva scoparia,species,"",Chromista,Ochrophyta,Phaeophyceae,Sphacelariales,Stypocaulaceae,"",conferva scoparia,FALSE,FALSE,FALSE,0
urn:lsid:dyntaxa.se:TaxonName:15480,Conferva villosa,species,"",Chromista,Ochrophyta,Phaeophyceae,Desmarestiales,Arthrocladiaceae,"",conferva villosa,FALSE,FALSE,FALSE,0
urn:lsid:dyntaxa.se:TaxonName:470610,Confistulina hepatica,species,"",Fungi,Basidiomycota,Agaricomycetes,Agaricales,"Agaricales, genera incertae sedis","",confistulina hepatica,FALSE,FALSE,FALSE,0
urn:lsid:dyntaxa.se:TaxonName:25449,Coniocleonus glaucus,species,"",Animalia,Arthropoda,Insecta,Coleoptera,Curculionidae,"",coniocleonus glaucus,FALSE,FALSE,FALSE,0
urn:lsid:dyntaxa.se:TaxonName:114908,Coniocleonus hollbergi,species,"",Animalia,Arthropoda,Insecta,Coleoptera,Curculionidae,"",coniocleonus hollbergi,FALSE,FALSE,FALSE,0
urn:lsid:dyntaxa.se:TaxonName:274293,Coniocleonus hollbergii,species,"",Animalia,Arthropoda,Insecta,Coleoptera,Curculionidae,"",coniocleonus hollbergii,FALSE,FALSE,FALSE,0
urn:lsid:dyntaxa.se:TaxonName:13787,Coniocybe amabilis,species,"",Fungi,Ascomycota,Coniocybomycetes,Coniocybales,Coniocybaceae,"",coniocybe amabilis,FALSE,FALSE,FALSE,0
urn:lsid:dyntaxa.se:TaxonName:13788,Coniocybe coniophaea,species,"",Fungi,Ascomycota,Coniocybomycetes,Coniocybales,Coniocybaceae,"",coniocybe coniophaea,FALSE,FALSE,FALSE,0
urn:lsid:dyntaxa.se:TaxonName:13793,Coniocybe curta,species,"",Fungi,Ascomycota,Coniocybomycetes,Coniocybales,Coniocybaceae,"",coniocybe curta,FALSE,FALSE,FALSE,0
urn:lsid:dyntaxa.se:TaxonName:13790,Coniocybe farinacea,species,"",Fungi,Ascomycota,Coniocybomycetes,Coniocybales,Coniocybaceae,"",coniocybe farinacea,FALSE,FALSE,FALSE,0
urn:lsid:dyntaxa.se:TaxonName:2360,Coniocybe gracilenta,species,"",Fungi,Ascomycota,Coniocybomycetes,Coniocybales,Coniocybaceae,"",coniocybe gracilenta,FALSE,FALSE,FALSE,0
urn:lsid:dyntaxa.se:TaxonName:2361,Coniocybe gracillima,species,"",Fungi,Ascomycota,Coniocybomycetes,Coniocybales,Coniocybaceae,"",coniocybe gracillima,FALSE,FALSE,FALSE,0
urn:lsid:dyntaxa.se:TaxonName:13796,Coniocybe hyalinella,species,"",Fungi,Ascomycota,Coniocybomycetes,Coniocybales,Coniocybaceae,"",coniocybe hyalinella,FALSE,FALSE,FALSE,0
urn:lsid:dyntaxa.se:TaxonName:13792,Coniocybe nivea,species,"",Fungi,Ascomycota,Coniocybomycetes,Coniocybales,Coniocybaceae,"",coniocybe nivea,FALSE,FALSE,FALSE,0
urn:lsid:dyntaxa.se:TaxonName:13791,Coniocybe nivea v. farinacea,species,"",Fungi,Ascomycota,Coniocybomycetes,Coniocybales,Coniocybaceae,"",coniocybe nivea,FALSE,FALSE,FALSE,0
urn:lsid:dyntaxa.se:TaxonName:13789,Coniocybe obscuripes,species,"",Fungi,Ascomycota,Coniocybomycetes,Coniocybales,Coniocybaceae,"",coniocybe obscuripes,FALSE,FALSE,FALSE,0
urn:lsid:dyntaxa.se:TaxonName:13795,Coniocybe peronella,species,"",Fungi,Ascomycota,Coniocybomycetes,Coniocybales,Coniocybaceae,"",coniocybe peronella,FALSE,FALSE,FALSE,0
urn:lsid:dyntaxa.se:TaxonName:374733,Coniophora crocea,species,"",Fungi,Basidiomycota,Agaricomycetes,Polyporales,Sparassidaceae,"",coniophora crocea,FALSE,FALSE,FALSE,0
urn:lsid:dyntaxa.se:TaxonName:374731,Coniophora laeticolor,species,"",Fungi,Basidiomycota,Agaricomycetes,Polyporales,Sparassidaceae,"",coniophora laeticolor,FALSE,FALSE,FALSE,0
urn:lsid:dyntaxa.se:TaxonName:374734,Coniophorella crocea,species,"",Fungi,Basidiomycota,Agaricomycetes,Polyporales,Sparassidaceae,"",coniophorella crocea,FALSE,FALSE,FALSE,0
urn:lsid:dyntaxa.se:Taxon:243673,Conisternum lapponicum,species,RE,Animalia,Arthropoda,Insecta,Diptera,Scathophagidae,native,conisternum lapponicum,FALSE,FALSE,FALSE,0
urn:lsid:dyntaxa.se:TaxonName:131518,Conobathra tumidana,species,"",Animalia,Arthropoda,Insecta,Lepidoptera,Pyralidae,"",conobathra tumidana,FALSE,FALSE,FALSE,0
urn:lsid:dyntaxa.se:TaxonName:73015,Conopodium denudatum,species,"",Plantae,Tracheophyta,Magnoliopsida,Apiales,Apiaceae,"",conopodium denudatum,FALSE,FALSE,FALSE,0
urn:lsid:dyntaxa.se:TaxonName:116754,Conosoma bipustulatum,species,"",Animalia,Arthropoda,Insecta,Coleoptera,Staphylinidae,"",conosoma bipustulatum,FALSE,FALSE,FALSE,0
urn:lsid:dyntaxa.se:Taxon:408,Consolida regalis,species,NT,Plantae,Tracheophyta,Magnoliopsida,Ranunculales,Ranunculaceae,introduced,consolida regalis,FALSE,FALSE,FALSE,0
urn:lsid:dyntaxa.se:TaxonName:153670,Coprinus alopecia,species,"",Fungi,Basidiomycota,Agaricomycetes,Agaricales,Psathyrellaceae,"",coprinus alopecia,FALSE,FALSE,FALSE,0
urn:lsid:dyntaxa.se:TaxonName:103036,Coprinus insignis,species,"",Fungi,Basidiomycota,Agaricomycetes,Agaricales,Psathyrellaceae,"",coprinus insignis,FALSE,FALSE,FALSE,0
urn:lsid:dyntaxa.se:TaxonName:129901,Coracias Oriolus,species,"",Animalia,Chordata,Aves,Passeriformes,Oriolidae,"",coracias oriolus,FALSE,FALSE,FALSE,0
urn:lsid:dyntaxa.se:TaxonName:32475,Corallina rubens,species,"",Plantae,Rhodophyta,Florideophyceae,Corallinales,Corallinaceae,"",corallina rubens,FALSE,FALSE,FALSE,0
urn:lsid:dyntaxa.se:Taxon:100310,Cordicollis gracilis,species,VU,Animalia,Arthropoda,Insecta,Coleoptera,Anthicidae,native,cordicollis gracilis,FALSE,FALSE,FALSE,0
urn:lsid:dyntaxa.se:TaxonName:116400,Cordicollis sellatus,species,"",Animalia,Arthropoda,Insecta,Coleoptera,Anthicidae,"",cordicollis sellatus,FALSE,FALSE,FALSE,0
urn:lsid:dyntaxa.se:TaxonName:107026,Cordicomus instabilis,species,"",Animalia,Arthropoda,Insecta,Coleoptera,Anthicidae,"",cordicomus instabilis,FALSE,FALSE,FALSE,0
urn:lsid:dyntaxa.se:TaxonName:25882,Cordicomus sellatus,species,"",Animalia,Arthropoda,Insecta,Coleoptera,Anthicidae,"",cordicomus sellatus,FALSE,FALSE,FALSE,0
urn:lsid:dyntaxa.se:TaxonName:153754,Cordyceps gracilis,species,"",Fungi,Ascomycota,Sordariomycetes,Hypocreales,Ophiocordycipitaceae,"",cordyceps gracilis,FALSE,FALSE,FALSE,0
urn:lsid:dyntaxa.se:TaxonName:403755,Coriolellus albobrunneus,species,"",Fungi,Basidiomycota,Agaricomycetes,Polyporales,Fomitopsidaceae,"",coriolellus albobrunneus,FALSE,FALSE,FALSE,0
urn:lsid:dyntaxa.se:TaxonName:395881,Coriolellus carbonarius,species,"",Fungi,Basidiomycota,Agaricomycetes,Gloeophyllales,Gloeophyllaceae,"",coriolellus carbonarius,FALSE,FALSE,FALSE,0
urn:lsid:dyntaxa.se:TaxonName:400855,Coriolellus crustulinus,species,"",Fungi,Basidiomycota,Agaricomycetes,Polyporales,"Polyporales, genera incertae sedis","",coriolellus crustulinus,FALSE,FALSE,FALSE,0
urn:lsid:dyntaxa.se:TaxonName:471958,Coriolellus squalens,species,"",Fungi,Basidiomycota,Agaricomycetes,Polyporales,Polyporaceae,"",coriolellus squalens,FALSE,FALSE,FALSE,0
urn:lsid:dyntaxa.se:TaxonName:401288,Coriolopsis extenuata,species,"",Fungi,Basidiomycota,Agaricomycetes,Polyporales,Polyporaceae,"",coriolopsis extenuata,FALSE,FALSE,FALSE,0
urn:lsid:dyntaxa.se:TaxonName:153762,Coriolopsis trogii,species,"",Fungi,Basidiomycota,Agaricomycetes,Polyporales,Polyporaceae,"",coriolopsis trogii,FALSE,FALSE,FALSE,0
urn:lsid:dyntaxa.se:TaxonName:401309,Coriolopsis trogii,species,"",Fungi,Basidiomycota,Agaricomycetes,Polyporales,Polyporaceae,"",coriolopsis trogii,FALSE,FALSE,FALSE,0
urn:lsid:dyntaxa.se:TaxonName:119916,Coriolus obducens,species,"",Fungi,Basidiomycota,Agaricomycetes,Polyporales,Meripilaceae,"",coriolus obducens,FALSE,FALSE,FALSE,0
urn:lsid:dyntaxa.se:TaxonName:285202,Coronopifolia cartilaginea,species,"",Plantae,Rhodophyta,Florideophyceae,Gigartinales,Sphaerococcaceae,"",coronopifolia cartilaginea,FALSE,FALSE,FALSE,0
urn:lsid:dyntaxa.se:TaxonName:285204,Coronopifolia coronopifolia,species,"",Plantae,Rhodophyta,Florideophyceae,Gigartinales,Sphaerococcaceae,"",coronopifolia coronopifolia,FALSE,FALSE,FALSE,0
urn:lsid:dyntaxa.se:TaxonName:65134,Coronopus coronopus,species,"",Plantae,Tracheophyta,Magnoliopsida,Brassicales,Brassicaceae,"",coronopus coronopus,FALSE,FALSE,FALSE,0
urn:lsid:dyntaxa.se:TaxonName:65137,Coronopus procumbens,species,"",Plantae,Tracheophyta,Magnoliopsida,Brassicales,Brassicaceae,"",coronopus procumbens,FALSE,FALSE,FALSE,0
urn:lsid:dyntaxa.se:TaxonName:65135,Coronopus ruelii,species,"",Plantae,Tracheophyta,Magnoliopsida,Brassicales,Brassicaceae,"",coronopus ruelii,FALSE,FALSE,FALSE,0
urn:lsid:dyntaxa.se:TaxonName:25023,Coronopus squamatus,species,"",Plantae,Tracheophyta,Magnoliopsida,Brassicales,Brassicaceae,"",coronopus squamatus,FALSE,FALSE,FALSE,0
urn:lsid:dyntaxa.se:TaxonName:65136,Coronopus verrucarius,species,"",Plantae,Tracheophyta,Magnoliopsida,Brassicales,Brassicaceae,"",coronopus verrucarius,FALSE,FALSE,FALSE,0
urn:lsid:dyntaxa.se:TaxonName:25360,Corticaria eppelsheimi,species,"",Animalia,Arthropoda,Insecta,Coleoptera,Latridiidae,"",corticaria eppelsheimi,FALSE,FALSE,FALSE,0
urn:lsid:dyntaxa.se:TaxonName:102727,Corticaria planula,species,"",Animalia,Arthropoda,Insecta,Coleoptera,Latridiidae,"",corticaria planula,FALSE,FALSE,FALSE,0
urn:lsid:dyntaxa.se:TaxonName:238219,Corticaria porochini,species,"",Animalia,Arthropoda,Insecta,Coleoptera,Latridiidae,"",corticaria porochini,FALSE,FALSE,FALSE,0
urn:lsid:dyntaxa.se:TaxonName:25357,Corticaria strandi,species,"",Animalia,Arthropoda,Insecta,Coleoptera,Latridiidae,"",corticaria strandi,FALSE,FALSE,FALSE,0
urn:lsid:dyntaxa.se:TaxonName:339652,Corticium corrugatum,species,"",Fungi,Basidiomycota,Agaricomycetes,Hymenochaetales,Hymenochaetaceae,"",corticium corrugatum,FALSE,FALSE,FALSE,0
urn:lsid:dyntaxa.se:TaxonName:335189,Corticium cremeoisabellinum,species,"",Fungi,Basidiomycota,Agaricomycetes,Amylocorticiales,Amylocorticiaceae,"",corticium cremeoisabellinum,FALSE,FALSE,FALSE,0
urn:lsid:dyntaxa.se:TaxonName:374729,Corticium dryinum,species,"",Fungi,Basidiomycota,Agaricomycetes,Polyporales,Sparassidaceae,"",corticium dryinum,FALSE,FALSE,FALSE,0
urn:lsid:dyntaxa.se:TaxonName:335044,Corticium electum,species,"",Fungi,Basidiomycota,Agaricomycetes,Russulales,"Russulales, genera incertae sedis","",corticium electum,FALSE,FALSE,FALSE,0
urn:lsid:dyntaxa.se:TaxonName:467074,Corticium griseocanum,species,"",Fungi,Basidiomycota,Agaricomycetes,Agaricales,"Agaricales, genera incertae sedis","",corticium griseocanum,FALSE,FALSE,FALSE,0
urn:lsid:dyntaxa.se:TaxonName:64781,Corticium macounii,species,"",Fungi,Basidiomycota,Agaricomycetes,Cantharellales,"Cantharellales, genera incertae sedis","",corticium macounii,FALSE,FALSE,FALSE,0
urn:lsid:dyntaxa.se:TaxonName:399683,Corticium martianum,species,"",Fungi,Basidiomycota,Agaricomycetes,Polyporales,Meruliaceae,"",corticium martianum,FALSE,FALSE,FALSE,0
urn:lsid:dyntaxa.se:TaxonName:114263,Corticium praestans,species,"",Fungi,Basidiomycota,Agaricomycetes,Russulales,Peniophoraceae,"",corticium praestans,FALSE,FALSE,FALSE,0
urn:lsid:dyntaxa.se:TaxonName:109339,Corticium pruinosum,species,"",Fungi,Basidiomycota,Agaricomycetes,Russulales,Xenasmataceae,"",corticium pruinosum,FALSE,FALSE,FALSE,0
urn:lsid:dyntaxa.se:TaxonName:335040,Corticium subasperisporum,species,"",Fungi,Basidiomycota,Agaricomycetes,Russulales,"Russulales, genera incertae sedis","",corticium subasperisporum,FALSE,FALSE,FALSE,0
urn:lsid:dyntaxa.se:TaxonName:120050,Corticium vinososcabens,species,"",Fungi,Basidiomycota,Agaricomycetes,Cantharellales,"Cantharellales, genera incertae sedis","",corticium vinososcabens,FALSE,FALSE,FALSE,0
urn:lsid:dyntaxa.se:TaxonName:146928,Cortinarius acrifolius,species,"",Fungi,Basidiomycota,Agaricomycetes,Agaricales,Cortinariaceae,"",cortinarius acrifolius,FALSE,FALSE,FALSE,0
urn:lsid:dyntaxa.se:Taxon:248948,Cortinarius albertii,species,EN,Fungi,Basidiomycota,Agaricomycetes,Agaricales,Cortinariaceae,native,cortinarius albertii,FALSE,FALSE,FALSE,0
urn:lsid:dyntaxa.se:TaxonName:427417,Cortinarius albolutescens,species,"",Fungi,Basidiomycota,Agaricomycetes,Agaricales,Cortinariaceae,"",cortinarius albolutescens,FALSE,FALSE,FALSE,0
urn:lsid:dyntaxa.se:Taxon:1977,Cortinarius alcalinophilus,species,VU,Fungi,Basidiomycota,Agaricomycetes,Agaricales,Cortinariaceae,native,cortinarius alcalinophilus,FALSE,FALSE,FALSE,0
urn:lsid:dyntaxa.se:TaxonName:109292,Cortinarius amarescens,speciesAggregate,"",Fungi,Basidiomycota,Agaricomycetes,Agaricales,Cortinariaceae,"",cortinarius amarescens,FALSE,FALSE,FALSE,0
urn:lsid:dyntaxa.se:TaxonName:114210,Cortinarius amigochrous,species,"",Fungi,Basidiomycota,Agaricomycetes,Agaricales,Cortinariaceae,"",cortinarius amigochrous,FALSE,FALSE,FALSE,0
urn:lsid:dyntaxa.se:Taxon:249244,Cortinarius aquilanus,species,VU,Fungi,Basidiomycota,Agaricomycetes,Agaricales,Cortinariaceae,native,cortinarius aquilanus,FALSE,FALSE,FALSE,0
urn:lsid:dyntaxa.se:Taxon:423,Cortinarius arcuatorum,species,VU,Fungi,Basidiomycota,Agaricomycetes,Agaricales,Cortinariaceae,native,cortinarius arcuatorum,FALSE,FALSE,FALSE,0
urn:lsid:dyntaxa.se:Taxon:249254,Cortinarius areni-silvae,species,NT,Fungi,Basidiomycota,Agaricomycetes,Agaricales,Cortinariaceae,native,cortinarius areni-silvae,FALSE,FALSE,FALSE,0
urn:lsid:dyntaxa.se:TaxonName:435441,Cortinarius areni-silvæ,species,"",Fungi,Basidiomycota,Agaricomycetes,Agaricales,Cortinariaceae,"",cortinarius areni-silvæ,FALSE,FALSE,FALSE,0
urn:lsid:dyntaxa.se:Taxon:1978,Cortinarius argenteolilacinus,species,VU,Fungi,Basidiomycota,Agaricomycetes,Agaricales,Cortinariaceae,native,cortinarius argenteolilacinus,FALSE,FALSE,FALSE,0
urn:lsid:dyntaxa.se:TaxonName:147062,Cortinarius argillaceosericeus,species,"",Fungi,Basidiomycota,Agaricomycetes,Agaricales,Cortinariaceae,"",cortinarius argillaceosericeus,FALSE,FALSE,FALSE,0
urn:lsid:dyntaxa.se:TaxonName:146976,Cortinarius argutus subsp. fraudulosus,species,"",Fungi,Basidiomycota,Agaricomycetes,Agaricales,Cortinariaceae,"",cortinarius argutus,FALSE,FALSE,FALSE,0
urn:lsid:dyntaxa.se:Taxon:424,Cortinarius atrovirens,species,VU,Fungi,Basidiomycota,Agaricomycetes,Agaricales,Cortinariaceae,native,cortinarius atrovirens,FALSE,FALSE,FALSE,0
urn:lsid:dyntaxa.se:TaxonName:450333,Cortinarius aureo-pulverulentus,species,"",Fungi,Basidiomycota,Agaricomycetes,Agaricales,Cortinariaceae,"",cortinarius aureo-pulverulentus,FALSE,FALSE,FALSE,0
urn:lsid:dyntaxa.se:Taxon:248951,Cortinarius aureocalceolatus,species,VU,Fungi,Basidiomycota,Agaricomycetes,Agaricales,Cortinariaceae,native,cortinarius aureocalceolatus,FALSE,FALSE,FALSE,0
urn:lsid:dyntaxa.se:Taxon:426,Cortinarius aureofulvus,species,VU,Fungi,Basidiomycota,Agaricomycetes,Agaricales,Cortinariaceae,native,cortinarius aureofulvus,FALSE,FALSE,FALSE,0
urn:lsid:dyntaxa.se:Taxon:427,Cortinarius aureopulverulentus,species,NT,Fungi,Basidiomycota,Agaricomycetes,Agaricales,Cortinariaceae,native,cortinarius aureopulverulentus,FALSE,FALSE,FALSE,0
urn:lsid:dyntaxa.se:TaxonName:108993,Cortinarius auroturbinatus,species,"",Fungi,Basidiomycota,Agaricomycetes,Agaricales,Cortinariaceae,"",cortinarius auroturbinatus,FALSE,FALSE,FALSE,0
urn:lsid:dyntaxa.se:TaxonName:99485,Cortinarius balteatoalbus var. areni-silvae,species,"",Fungi,Basidiomycota,Agaricomycetes,Agaricales,Cortinariaceae,"",cortinarius balteatoalbus,FALSE,FALSE,FALSE,0
urn:lsid:dyntaxa.se:TaxonName:146968,Cortinarius balteatoalbus var. areni-silvis,species,"",Fungi,Basidiomycota,Agaricomycetes,Agaricales,Cortinariaceae,"",cortinarius balteatoalbus,FALSE,FALSE,FALSE,0
urn:lsid:dyntaxa.se:TaxonName:435450,Cortinarius balteatoalbus var. areni-silvæ,species,"",Fungi,Basidiomycota,Agaricomycetes,Agaricales,Cortinariaceae,"",cortinarius balteatoalbus,FALSE,FALSE,FALSE,0
urn:lsid:dyntaxa.se:Taxon:248952,Cortinarius barbaricus,species,VU,Fungi,Basidiomycota,Agaricomycetes,Agaricales,Cortinariaceae,native,cortinarius barbaricus,FALSE,FALSE,FALSE,0
urn:lsid:dyntaxa.se:TaxonName:450159,Cortinarius barbaricus s. str.,species,"",Fungi,Basidiomycota,Agaricomycetes,Agaricales,Cortinariaceae,"",cortinarius barbaricus,FALSE,FALSE,FALSE,0
urn:lsid:dyntaxa.se:TaxonName:137397,Cortinarius barbarorum,species,"",Fungi,Basidiomycota,Agaricomycetes,Agaricales,Cortinariaceae,"",cortinarius barbarorum,FALSE,FALSE,FALSE,0
urn:lsid:dyntaxa.se:TaxonName:147058,Cortinarius bicolor,species,"",Fungi,Basidiomycota,Agaricomycetes,Agaricales,Cortinariaceae,"",cortinarius bicolor,FALSE,FALSE,FALSE,0
urn:lsid:dyntaxa.se:Taxon:3561,Cortinarius borgsjoeensis,species,VU,Fungi,Basidiomycota,Agaricomycetes,Agaricales,Cortinariaceae,native,cortinarius borgsjoeensis,FALSE,FALSE,FALSE,0
urn:lsid:dyntaxa.se:TaxonName:20096,Cortinarius borgsjoensis,species,"",Fungi,Basidiomycota,Agaricomycetes,Agaricales,Cortinariaceae,"",cortinarius borgsjoensis,FALSE,FALSE,FALSE,0
urn:lsid:dyntaxa.se:TaxonName:153810,Cortinarius borgsjoeënsis,species,"",Fungi,Basidiomycota,Agaricomycetes,Agaricales,Cortinariaceae,"",cortinarius borgsjoeënsis,FALSE,FALSE,FALSE,0
urn:lsid:dyntaxa.se:TaxonName:435629,Cortinarius borgsjœensis,species,"",Fungi,Basidiomycota,Agaricomycetes,Agaricales,Cortinariaceae,"",cortinarius borgsjœensis,FALSE,FALSE,FALSE,0
urn:lsid:dyntaxa.se:TaxonName:153811,Cortinarius boudieri,species,"",Fungi,Basidiomycota,Agaricomycetes,Agaricales,Cortinariaceae,"",cortinarius boudieri,FALSE,FALSE,FALSE,0
urn:lsid:dyntaxa.se:TaxonName:153818,Cortinarius caerulescentium,species,"",Fungi,Basidiomycota,Agaricomycetes,Agaricales,Cortinariaceae,"",cortinarius caerulescentium,FALSE,FALSE,FALSE,0
urn:lsid:dyntaxa.se:Taxon:3567,Cortinarius caesiocinctus s. lat.,speciesAggregate,VU,Fungi,Basidiomycota,Agaricomycetes,Agaricales,Cortinariaceae,native,cortinarius caesiocinctus,FALSE,FALSE,FALSE,0
urn:lsid:dyntaxa.se:TaxonName:153820,Cortinarius caesiocinctus,speciesAggregate,"",Fungi,Basidiomycota,Agaricomycetes,Agaricales,Cortinariaceae,"",cortinarius caesiocinctus,FALSE,FALSE,FALSE,0
urn:lsid:dyntaxa.se:Taxon:434,Cortinarius caesiocortinatus,species,VU,Fungi,Basidiomycota,Agaricomycetes,Agaricales,Cortinariaceae,native,cortinarius caesiocortinatus,FALSE,FALSE,FALSE,0
urn:lsid:dyntaxa.se:TaxonName:137370,Cortinarius caesioflavescens,species,"",Fungi,Basidiomycota,Agaricomycetes,Agaricales,Cortinariaceae,"",cortinarius caesioflavescens,FALSE,FALSE,FALSE,0
urn:lsid:dyntaxa.se:TaxonName:74896,Cortinarius caesiolatens,species,"",Fungi,Basidiomycota,Agaricomycetes,Agaricales,Cortinariaceae,"",cortinarius caesiolatens,FALSE,FALSE,FALSE,0
urn:lsid:dyntaxa.se:TaxonName:9092,Cortinarius cageii,species,"",Fungi,Basidiomycota,Agaricomycetes,Agaricales,Cortinariaceae,"",cortinarius cageii,FALSE,FALSE,FALSE,0
urn:lsid:dyntaxa.se:TaxonName:109372,Cortinarius callochrous subsp. callochrous var. caroli,species,"",Fungi,Basidiomycota,Agaricomycetes,Agaricales,Cortinariaceae,"",cortinarius callochrous,FALSE,FALSE,FALSE,0
urn:lsid:dyntaxa.se:Taxon:1979,Cortinarius camptoros,species,EN,Fungi,Basidiomycota,Agaricomycetes,Agaricales,Cortinariaceae,native,cortinarius camptoros,FALSE,FALSE,FALSE,0
urn:lsid:dyntaxa.se:Taxon:248954,Cortinarius catharinae,species,VU,Fungi,Basidiomycota,Agaricomycetes,Agaricales,Cortinariaceae,native,cortinarius catharinae,FALSE,FALSE,FALSE,0
urn:lsid:dyntaxa.se:TaxonName:137395,Cortinarius catharinae,species,"",Fungi,Basidiomycota,Agaricomycetes,Agaricales,Cortinariaceae,"",cortinarius catharinae,FALSE,FALSE,FALSE,0
urn:lsid:dyntaxa.se:Taxon:248930,Cortinarius cedretorum,species,VU,Fungi,Basidiomycota,Agaricomycetes,Agaricales,Cortinariaceae,native,cortinarius cedretorum,FALSE,FALSE,FALSE,0
urn:lsid:dyntaxa.se:TaxonName:252961,Cortinarius cedretorum var. bergeronii,species,"",Fungi,Basidiomycota,Agaricomycetes,Agaricales,Cortinariaceae,"",cortinarius cedretorum,FALSE,FALSE,FALSE,0
urn:lsid:dyntaxa.se:TaxonName:153836,Cortinarius cedretorum,species,"",Fungi,Basidiomycota,Agaricomycetes,Agaricales,Cortinariaceae,"",cortinarius cedretorum,FALSE,FALSE,FALSE,0
urn:lsid:dyntaxa.se:TaxonName:137368,Cortinarius cereifolius,species,"",Fungi,Basidiomycota,Agaricomycetes,Agaricales,Cortinariaceae,"",cortinarius cereifolius,FALSE,FALSE,FALSE,0
urn:lsid:dyntaxa.se:Taxon:248953,Cortinarius cisticola,species,NT,Fungi,Basidiomycota,Agaricomycetes,Agaricales,Cortinariaceae,native,cortinarius cisticola,FALSE,FALSE,FALSE,0
urn:lsid:dyntaxa.se:Taxon:249248,Cortinarius citrinoolivaceus,species,EN,Fungi,Basidiomycota,Agaricomycetes,Agaricales,Cortinariaceae,native,cortinarius citrinoolivaceus,FALSE,FALSE,FALSE,0
urn:lsid:dyntaxa.se:Taxon:441,Cortinarius citrinus,species,NT,Fungi,Basidiomycota,Agaricomycetes,Agaricales,Cortinariaceae,native,cortinarius citrinus,FALSE,FALSE,FALSE,0
urn:lsid:dyntaxa.se:TaxonName:137363,Cortinarius claroflavus,species,"",Fungi,Basidiomycota,Agaricomycetes,Agaricales,Cortinariaceae,"",cortinarius claroflavus,FALSE,FALSE,FALSE,0
urn:lsid:dyntaxa.se:TaxonName:146949,Cortinarius cliduchus,species,"",Fungi,Basidiomycota,Agaricomycetes,Agaricales,Cortinariaceae,"",cortinarius cliduchus,FALSE,FALSE,FALSE,0
urn:lsid:dyntaxa.se:TaxonName:108987,Cortinarius coerulescens,species,"",Fungi,Basidiomycota,Agaricomycetes,Agaricales,Cortinariaceae,"",cortinarius coerulescens,FALSE,FALSE,FALSE,0
urn:lsid:dyntaxa.se:Taxon:431,Cortinarius coerulescentium,species,VU,Fungi,Basidiomycota,Agaricomycetes,Agaricales,Cortinariaceae,native,cortinarius coerulescentium,FALSE,FALSE,FALSE,0
urn:lsid:dyntaxa.se:Taxon:442,Cortinarius corrosus,species,VU,Fungi,Basidiomycota,Agaricomycetes,Agaricales,Cortinariaceae,native,cortinarius corrosus,FALSE,FALSE,FALSE,0
urn:lsid:dyntaxa.se:TaxonName:9093,Cortinarius croceocoeruleus,species,"",Fungi,Basidiomycota,Agaricomycetes,Agaricales,Cortinariaceae,"",cortinarius croceocoeruleus,FALSE,FALSE,FALSE,0
urn:lsid:dyntaxa.se:Taxon:249241,Cortinarius cruentipellis,species,VU,Fungi,Basidiomycota,Agaricomycetes,Agaricales,Cortinariaceae,native,cortinarius cruentipellis,FALSE,FALSE,FALSE,0
urn:lsid:dyntaxa.se:TaxonName:426882,Cortinarius cruentipellis,species,"",Fungi,Basidiomycota,Agaricomycetes,Agaricales,Cortinariaceae,"",cortinarius cruentipellis,FALSE,FALSE,FALSE,0
urn:lsid:dyntaxa.se:Taxon:445,Cortinarius cupreorufus,species,VU,Fungi,Basidiomycota,Agaricomycetes,Agaricales,Cortinariaceae,native,cortinarius cupreorufus,FALSE,FALSE,FALSE,0
urn:lsid:dyntaxa.se:TaxonName:426958,Cortinarius cæsiostramineus,speciesAggregate,"",Fungi,Basidiomycota,Agaricomycetes,Agaricales,Cortinariaceae,"",cortinarius cæsiostramineus,FALSE,FALSE,FALSE,0
urn:lsid:dyntaxa.se:Taxon:3595,Cortinarius dalecarlicus,species,VU,Fungi,Basidiomycota,Agaricomycetes,Agaricales,Cortinariaceae,native,cortinarius dalecarlicus,FALSE,FALSE,FALSE,0
urn:lsid:dyntaxa.se:TaxonName:153863,Cortinarius delaportei,species,"",Fungi,Basidiomycota,Agaricomycetes,Agaricales,Cortinariaceae,"",cortinarius delaportei,FALSE,FALSE,FALSE,0
urn:lsid:dyntaxa.se:TaxonName:114205,Cortinarius elegantior f. citrinus,species,"",Fungi,Basidiomycota,Agaricomycetes,Agaricales,Cortinariaceae,"",cortinarius elegantior,FALSE,FALSE,FALSE,0
urn:lsid:dyntaxa.se:TaxonName:114215,Cortinarius elegantior var. quercus-ilicis,species,"",Fungi,Basidiomycota,Agaricomycetes,Agaricales,Cortinariaceae,"",cortinarius elegantior,FALSE,FALSE,FALSE,0
urn:lsid:dyntaxa.se:TaxonName:114216,Cortinarius elegantior var. quercilicis,species,"",Fungi,Basidiomycota,Agaricomycetes,Agaricales,Cortinariaceae,"",cortinarius elegantior,FALSE,FALSE,FALSE,0
urn:lsid:dyntaxa.se:Taxon:3611,Cortinarius elegantior,species,NT,Fungi,Basidiomycota,Agaricomycetes,Agaricales,Cortinariaceae,native,cortinarius elegantior,FALSE,FALSE,FALSE,0
urn:lsid:dyntaxa.se:Taxon:447,Cortinarius elegantissimus,species,VU,Fungi,Basidiomycota,Agaricomycetes,Agaricales,Cortinariaceae,native,cortinarius elegantissimus,FALSE,FALSE,FALSE,0
urn:lsid:dyntaxa.se:Taxon:470,Cortinarius eucaeruleus,species,VU,Fungi,Basidiomycota,Agaricomycetes,Agaricales,Cortinariaceae,native,cortinarius eucaeruleus,FALSE,FALSE,FALSE,0
urn:lsid:dyntaxa.se:TaxonName:137367,Cortinarius eufulmineus,species,"",Fungi,Basidiomycota,Agaricomycetes,Agaricales,Cortinariaceae,"",cortinarius eufulmineus,FALSE,FALSE,FALSE,0
urn:lsid:dyntaxa.se:TaxonName:114253,Cortinarius fageticola,species,"",Fungi,Basidiomycota,Agaricomycetes,Agaricales,Cortinariaceae,"",cortinarius fageticola,FALSE,FALSE,FALSE,0
urn:lsid:dyntaxa.se:Taxon:448,Cortinarius flavovirens,species,VU,Fungi,Basidiomycota,Agaricomycetes,Agaricales,Cortinariaceae,native,cortinarius flavovirens,FALSE,FALSE,FALSE,0
urn:lsid:dyntaxa.se:Taxon:1984,Cortinarius fulvocitrinus,species,VU,Fungi,Basidiomycota,Agaricomycetes,Agaricales,Cortinariaceae,native,cortinarius fulvocitrinus,FALSE,FALSE,FALSE,0
urn:lsid:dyntaxa.se:TaxonName:120030,Cortinarius hinnuleo-armillatus,species,"",Fungi,Basidiomycota,Agaricomycetes,Agaricales,Cortinariaceae,"",cortinarius hinnuleo-armillatus,FALSE,FALSE,FALSE,0
urn:lsid:dyntaxa.se:Taxon:248935,Cortinarius humolens,species,EN,Fungi,Basidiomycota,Agaricomycetes,Agaricales,Cortinariaceae,native,cortinarius humolens,FALSE,FALSE,FALSE,0
urn:lsid:dyntaxa.se:TaxonName:20098,Cortinarius inexpectatus,species,"",Fungi,Basidiomycota,Agaricomycetes,Agaricales,Cortinariaceae,"",cortinarius inexpectatus,FALSE,FALSE,FALSE,0
urn:lsid:dyntaxa.se:Taxon:3637,Cortinarius inexspectatus,species,VU,Fungi,Basidiomycota,Agaricomycetes,Agaricales,Cortinariaceae,native,cortinarius inexspectatus,FALSE,FALSE,FALSE,0
urn:lsid:dyntaxa.se:TaxonName:137348,Cortinarius joguetii,species,"",Fungi,Basidiomycota,Agaricomycetes,Agaricales,Cortinariaceae,"",cortinarius joguetii,FALSE,FALSE,FALSE,0
urn:lsid:dyntaxa.se:Taxon:6005471,Cortinarius kristinae,species,DD,Fungi,Basidiomycota,Agaricomycetes,Agaricales,Cortinariaceae,native,cortinarius kristinae,FALSE,FALSE,FALSE,0
urn:lsid:dyntaxa.se:TaxonName:424827,Cortinarius langei,species,"",Fungi,Basidiomycota,Agaricomycetes,Agaricales,Cortinariaceae,"",cortinarius langei,FALSE,FALSE,FALSE,0
urn:lsid:dyntaxa.se:Taxon:249240,Cortinarius langeorum,species,VU,Fungi,Basidiomycota,Agaricomycetes,Agaricales,Cortinariaceae,native,cortinarius langeorum,FALSE,FALSE,FALSE,0
urn:lsid:dyntaxa.se:Taxon:249226,Cortinarius lepistoides,species,DD,Fungi,Basidiomycota,Agaricomycetes,Agaricales,Cortinariaceae,native,cortinarius lepistoides,FALSE,FALSE,FALSE,0
urn:lsid:dyntaxa.se:Taxon:248957,Cortinarius lilacinovelatus,species,DD,Fungi,Basidiomycota,Agaricomycetes,Agaricales,Cortinariaceae,native,cortinarius lilacinovelatus,FALSE,FALSE,FALSE,0
urn:lsid:dyntaxa.se:Taxon:3569,Cortinarius luhmannii,species,VU,Fungi,Basidiomycota,Agaricomycetes,Agaricales,Cortinariaceae,native,cortinarius luhmannii,FALSE,FALSE,FALSE,0
urn:lsid:dyntaxa.se:TaxonName:114211,Cortinarius luteocingulatus,species,"",Fungi,Basidiomycota,Agaricomycetes,Agaricales,Cortinariaceae,"",cortinarius luteocingulatus,FALSE,FALSE,FALSE,0
urn:lsid:dyntaxa.se:TaxonName:146946,Cortinarius luteoimmarginatus,species,"",Fungi,Basidiomycota,Agaricomycetes,Agaricales,Cortinariaceae,"",cortinarius luteoimmarginatus,FALSE,FALSE,FALSE,0
urn:lsid:dyntaxa.se:Taxon:249246,Cortinarius majoranae,species,EN,Fungi,Basidiomycota,Agaricomycetes,Agaricales,Cortinariaceae,native,cortinarius majoranae,FALSE,FALSE,FALSE,0
urn:lsid:dyntaxa.se:TaxonName:137350,Cortinarius majusculus,species,"",Fungi,Basidiomycota,Agaricomycetes,Agaricales,Cortinariaceae,"",cortinarius majusculus,FALSE,FALSE,FALSE,0
urn:lsid:dyntaxa.se:Taxon:473,Cortinarius meinhardii,species,NT,Fungi,Basidiomycota,Agaricomycetes,Agaricales,Cortinariaceae,native,cortinarius meinhardii,FALSE,FALSE,FALSE,0
urn:lsid:dyntaxa.se:Taxon:248955,Cortinarius metarius,species,VU,Fungi,Basidiomycota,Agaricomycetes,Agaricales,Cortinariaceae,native,cortinarius metarius,FALSE,FALSE,FALSE,0
urn:lsid:dyntaxa.se:Taxon:248944,Cortinarius molochinus,species,VU,Fungi,Basidiomycota,Agaricomycetes,Agaricales,Cortinariaceae,native,cortinarius molochinus,FALSE,FALSE,FALSE,0
urn:lsid:dyntaxa.se:Taxon:248940,Cortinarius moënne-loccozii,species,EN,Fungi,Basidiomycota,Agaricomycetes,Agaricales,Cortinariaceae,native,cortinarius moënne-loccozii,FALSE,FALSE,FALSE,0
urn:lsid:dyntaxa.se:Taxon:6003296,Cortinarius mussivus,species,VU,Fungi,Basidiomycota,Agaricomycetes,Agaricales,Cortinariaceae,native,cortinarius mussivus,FALSE,FALSE,FALSE,0
urn:lsid:dyntaxa.se:Taxon:454,Cortinarius napus,species,NT,Fungi,Basidiomycota,Agaricomycetes,Agaricales,Cortinariaceae,native,cortinarius napus,FALSE,FALSE,FALSE,0
urn:lsid:dyntaxa.se:Taxon:3668,Cortinarius norrlandicus,species,VU,Fungi,Basidiomycota,Agaricomycetes,Agaricales,Cortinariaceae,native,cortinarius norrlandicus,FALSE,FALSE,FALSE,0
urn:lsid:dyntaxa.se:Taxon:249261,Cortinarius obsoletus,species,VU,Fungi,Basidiomycota,Agaricomycetes,Agaricales,Cortinariaceae,native,cortinarius obsoletus,FALSE,FALSE,FALSE,0
urn:lsid:dyntaxa.se:Taxon:1987,Cortinarius odoratus,species,EN,Fungi,Basidiomycota,Agaricomycetes,Agaricales,Cortinariaceae,native,cortinarius odoratus,FALSE,FALSE,FALSE,0
urn:lsid:dyntaxa.se:Taxon:450,Cortinarius olearioides,species,NT,Fungi,Basidiomycota,Agaricomycetes,Agaricales,Cortinariaceae,native,cortinarius olearioides,FALSE,FALSE,FALSE,0
urn:lsid:dyntaxa.se:Taxon:249249,Cortinarius olidoamethysteus,species,DD,Fungi,Basidiomycota,Agaricomycetes,Agaricales,Cortinariaceae,native,cortinarius olidoamethysteus,FALSE,FALSE,FALSE,0
urn:lsid:dyntaxa.se:Taxon:6037417,Cortinarius olivaceodionysae,species,NT,Fungi,Basidiomycota,Agaricomycetes,Agaricales,Cortinariaceae,native,cortinarius olivaceodionysae,FALSE,FALSE,FALSE,0
urn:lsid:dyntaxa.se:TaxonName:137369,Cortinarius olivascentium,species,"",Fungi,Basidiomycota,Agaricomycetes,Agaricales,Cortinariaceae,"",cortinarius olivascentium,FALSE,FALSE,FALSE,0
urn:lsid:dyntaxa.se:TaxonName:109263,Cortinarius olivellus,species,"",Fungi,Basidiomycota,Agaricomycetes,Agaricales,Cortinariaceae,"",cortinarius olivellus,FALSE,FALSE,FALSE,0
urn:lsid:dyntaxa.se:Taxon:249236,Cortinarius osmophorus,species,VU,Fungi,Basidiomycota,Agaricomycetes,Agaricales,Cortinariaceae,native,cortinarius osmophorus,FALSE,FALSE,FALSE,0
urn:lsid:dyntaxa.se:TaxonName:427418,Cortinarius pallens,species,"",Fungi,Basidiomycota,Agaricomycetes,Agaricales,Cortinariaceae,"",cortinarius pallens,FALSE,FALSE,FALSE,0
urn:lsid:dyntaxa.se:TaxonName:137379,Cortinarius parasuaveolens,species,"",Fungi,Basidiomycota,Agaricomycetes,Agaricales,Cortinariaceae,"",cortinarius parasuaveolens,FALSE,FALSE,FALSE,0
urn:lsid:dyntaxa.se:Taxon:6037433,Cortinarius parasuaveolens,species,EN,Fungi,Basidiomycota,Agaricomycetes,Agaricales,Cortinariaceae,native,cortinarius parasuaveolens,FALSE,FALSE,FALSE,0
urn:lsid:dyntaxa.se:TaxonName:137387,Cortinarius parvus,species,"",Fungi,Basidiomycota,Agaricomycetes,Agaricales,Cortinariaceae,"",cortinarius parvus,FALSE,FALSE,FALSE,0
urn:lsid:dyntaxa.se:TaxonName:137389,Cortinarius parvus,species,"",Fungi,Basidiomycota,Agaricomycetes,Agaricales,Cortinariaceae,"",cortinarius parvus,FALSE,FALSE,FALSE,0
urn:lsid:dyntaxa.se:TaxonName:137396,Cortinarius parvus,species,"",Fungi,Basidiomycota,Agaricomycetes,Agaricales,Cortinariaceae,"",cortinarius parvus,FALSE,FALSE,FALSE,0
urn:lsid:dyntaxa.se:TaxonName:137402,Cortinarius parvus,species,"",Fungi,Basidiomycota,Agaricomycetes,Agaricales,Cortinariaceae,"",cortinarius parvus,FALSE,FALSE,FALSE,0
urn:lsid:dyntaxa.se:TaxonName:137404,Cortinarius parvus,species,"",Fungi,Basidiomycota,Agaricomycetes,Agaricales,Cortinariaceae,"",cortinarius parvus,FALSE,FALSE,FALSE,0
urn:lsid:dyntaxa.se:TaxonName:109270,Cortinarius pelitnocephalus,species,"",Fungi,Basidiomycota,Agaricomycetes,Agaricales,Cortinariaceae,"",cortinarius pelitnocephalus,FALSE,FALSE,FALSE,0
urn:lsid:dyntaxa.se:TaxonName:109271,Cortinarius personatus,species,"",Fungi,Basidiomycota,Agaricomycetes,Agaricales,Cortinariaceae,"",cortinarius personatus,FALSE,FALSE,FALSE,0
urn:lsid:dyntaxa.se:Taxon:459,Cortinarius phrygianus,species,NT,Fungi,Basidiomycota,Agaricomycetes,Agaricales,Cortinariaceae,native,cortinarius phrygianus,FALSE,FALSE,FALSE,0
urn:lsid:dyntaxa.se:TaxonName:109278,Cortinarius pinetorum,species,"",Fungi,Basidiomycota,Agaricomycetes,Agaricales,Cortinariaceae,"",cortinarius pinetorum,FALSE,FALSE,FALSE,0
urn:lsid:dyntaxa.se:Taxon:3689,Cortinarius pini,species,VU,Fungi,Basidiomycota,Agaricomycetes,Agaricales,Cortinariaceae,native,cortinarius pini,FALSE,FALSE,FALSE,0
urn:lsid:dyntaxa.se:Taxon:3690,Cortinarius pinophilus,species,NT,Fungi,Basidiomycota,Agaricomycetes,Agaricales,Cortinariaceae,native,cortinarius pinophilus,FALSE,FALSE,FALSE,0
urn:lsid:dyntaxa.se:Taxon:248958,Cortinarius platypus,species,VU,Fungi,Basidiomycota,Agaricomycetes,Agaricales,Cortinariaceae,native,cortinarius platypus,FALSE,FALSE,FALSE,0
urn:lsid:dyntaxa.se:Taxon:3694,Cortinarius populinus,species,NT,Fungi,Basidiomycota,Agaricomycetes,Agaricales,Cortinariaceae,native,cortinarius populinus,FALSE,FALSE,FALSE,0
urn:lsid:dyntaxa.se:Taxon:1990,Cortinarius prasinocyaneus,species,EN,Fungi,Basidiomycota,Agaricomycetes,Agaricales,Cortinariaceae,native,cortinarius prasinocyaneus,FALSE,FALSE,FALSE,0
urn:lsid:dyntaxa.se:Taxon:461,Cortinarius prasinus,species,EN,Fungi,Basidiomycota,Agaricomycetes,Agaricales,Cortinariaceae,native,cortinarius prasinus,FALSE,FALSE,FALSE,0
urn:lsid:dyntaxa.se:TaxonName:146945,Cortinarius proteus,species,"",Fungi,Basidiomycota,Agaricomycetes,Agaricales,Cortinariaceae,"",cortinarius proteus,FALSE,FALSE,FALSE,0
urn:lsid:dyntaxa.se:TaxonName:146919,Cortinarius provencalis,species,"",Fungi,Basidiomycota,Agaricomycetes,Agaricales,Cortinariaceae,"",cortinarius provencalis,FALSE,FALSE,FALSE,0
urn:lsid:dyntaxa.se:Taxon:3599,Cortinarius pseudoarcuatorum,species,VU,Fungi,Basidiomycota,Agaricomycetes,Agaricales,Cortinariaceae,native,cortinarius pseudoarcuatorum,FALSE,FALSE,FALSE,0
urn:lsid:dyntaxa.se:TaxonName:427450,Cortinarius pseudogracilior,species,"",Fungi,Basidiomycota,Agaricomycetes,Agaricales,Cortinariaceae,"",cortinarius pseudogracilior,FALSE,FALSE,FALSE,0
urn:lsid:dyntaxa.se:TaxonName:427419,Cortinarius pseudoparvus,species,"",Fungi,Basidiomycota,Agaricomycetes,Agaricales,Cortinariaceae,"",cortinarius pseudoparvus,FALSE,FALSE,FALSE,0
urn:lsid:dyntaxa.se:TaxonName:147056,Cortinarius pseudorusticus,species,"",Fungi,Basidiomycota,Agaricomycetes,Agaricales,Cortinariaceae,"",cortinarius pseudorusticus,FALSE,FALSE,FALSE,0
urn:lsid:dyntaxa.se:TaxonName:137358,Cortinarius pseudosulphureus,species,"",Fungi,Basidiomycota,Agaricomycetes,Agaricales,Cortinariaceae,"",cortinarius pseudosulphureus,FALSE,FALSE,FALSE,0
urn:lsid:dyntaxa.se:Taxon:1991,Cortinarius pseudovulpinus,species,EN,Fungi,Basidiomycota,Agaricomycetes,Agaricales,Cortinariaceae,native,cortinarius pseudovulpinus,FALSE,FALSE,FALSE,0
urn:lsid:dyntaxa.se:Taxon:1992,Cortinarius quercilicis,species,VU,Fungi,Basidiomycota,Agaricomycetes,Agaricales,Cortinariaceae,native,cortinarius quercilicis,FALSE,FALSE,FALSE,0
urn:lsid:dyntaxa.se:Taxon:249237,Cortinarius rapaceotomentosus,species,VU,Fungi,Basidiomycota,Agaricomycetes,Agaricales,Cortinariaceae,native,cortinarius rapaceotomentosus,FALSE,FALSE,FALSE,0
urn:lsid:dyntaxa.se:Taxon:249243,Cortinarius rhizophorus,species,VU,Fungi,Basidiomycota,Agaricomycetes,Agaricales,Cortinariaceae,native,cortinarius rhizophorus,FALSE,FALSE,FALSE,0
urn:lsid:dyntaxa.se:TaxonName:146985,Cortinarius rufoalbus,species,"",Fungi,Basidiomycota,Agaricomycetes,Agaricales,Cortinariaceae,"",cortinarius rufoalbus,FALSE,FALSE,FALSE,0
urn:lsid:dyntaxa.se:Taxon:465,Cortinarius rufoolivaceus,species,NT,Fungi,Basidiomycota,Agaricomycetes,Agaricales,Cortinariaceae,native,cortinarius rufoolivaceus,FALSE,FALSE,FALSE,0
urn:lsid:dyntaxa.se:Taxon:6003295,Cortinarius russeoides,species,NT,Fungi,Basidiomycota,Agaricomycetes,Agaricales,Cortinariaceae,native,cortinarius russeoides,FALSE,FALSE,FALSE,0
urn:lsid:dyntaxa.se:Taxon:467,Cortinarius russus,species,VU,Fungi,Basidiomycota,Agaricomycetes,Agaricales,Cortinariaceae,native,cortinarius russus,FALSE,FALSE,FALSE,0
urn:lsid:dyntaxa.se:Taxon:1993,Cortinarius saporatus,species,EN,Fungi,Basidiomycota,Agaricomycetes,Agaricales,Cortinariaceae,native,cortinarius saporatus,FALSE,FALSE,FALSE,0
urn:lsid:dyntaxa.se:Taxon:248950,Cortinarius selandicus,species,VU,Fungi,Basidiomycota,Agaricomycetes,Agaricales,Cortinariaceae,native,cortinarius selandicus,FALSE,FALSE,FALSE,0
urn:lsid:dyntaxa.se:Taxon:3721,Cortinarius serarius,species,VU,Fungi,Basidiomycota,Agaricomycetes,Agaricales,Cortinariaceae,native,cortinarius serarius,FALSE,FALSE,FALSE,0
urn:lsid:dyntaxa.se:Taxon:3725,Cortinarius spadicellus,species,NT,Fungi,Basidiomycota,Agaricomycetes,Agaricales,Cortinariaceae,native,cortinarius spadicellus,FALSE,FALSE,FALSE,0
urn:lsid:dyntaxa.se:Taxon:3727,Cortinarius spectabilis,species,VU,Fungi,Basidiomycota,Agaricomycetes,Agaricales,Cortinariaceae,native,cortinarius spectabilis,FALSE,FALSE,FALSE,0
urn:lsid:dyntaxa.se:TaxonName:109273,Cortinarius splendens subsp. meinhardii,species,"",Fungi,Basidiomycota,Agaricomycetes,Agaricales,Cortinariaceae,"",cortinarius splendens,FALSE,FALSE,FALSE,0
urn:lsid:dyntaxa.se:Taxon:3729,Cortinarius splendens,species,VU,Fungi,Basidiomycota,Agaricomycetes,Agaricales,Cortinariaceae,native,cortinarius splendens,FALSE,FALSE,FALSE,0
urn:lsid:dyntaxa.se:Taxon:1995,Cortinarius suaveolens,species,EN,Fungi,Basidiomycota,Agaricomycetes,Agaricales,Cortinariaceae,native,cortinarius suaveolens,FALSE,FALSE,FALSE,0
urn:lsid:dyntaxa.se:TaxonName:146940,Cortinarius subalbescens,species,"",Fungi,Basidiomycota,Agaricomycetes,Agaricales,Cortinariaceae,"",cortinarius subalbescens,FALSE,FALSE,FALSE,0
urn:lsid:dyntaxa.se:TaxonName:13396,Cortinarius subfulgens,species,"",Fungi,Basidiomycota,Agaricomycetes,Agaricales,Cortinariaceae,"",cortinarius subfulgens,FALSE,FALSE,FALSE,0
urn:lsid:dyntaxa.se:Taxon:248947,Cortinarius subgracilis,species,DD,Fungi,Basidiomycota,Agaricomycetes,Agaricales,Cortinariaceae,native,cortinarius subgracilis,FALSE,FALSE,FALSE,0
urn:lsid:dyntaxa.se:Taxon:3739,Cortinarius sulfurinus,species,NT,Fungi,Basidiomycota,Agaricomycetes,Agaricales,Cortinariaceae,native,cortinarius sulfurinus,FALSE,FALSE,FALSE,0
urn:lsid:dyntaxa.se:TaxonName:114254,Cortinarius sulfurinus ssp. fageticola,species,"",Fungi,Basidiomycota,Agaricomycetes,Agaricales,Cortinariaceae,"",cortinarius sulfurinus,FALSE,FALSE,FALSE,0
urn:lsid:dyntaxa.se:TaxonName:114255,Cortinarius sulfurinus var. fageticola,species,"",Fungi,Basidiomycota,Agaricomycetes,Agaricales,Cortinariaceae,"",cortinarius sulfurinus,FALSE,FALSE,FALSE,0
urn:lsid:dyntaxa.se:TaxonName:114256,Cortinarius sulfurinus var. sulfurinus,species,"",Fungi,Basidiomycota,Agaricomycetes,Agaricales,Cortinariaceae,"",cortinarius sulfurinus,FALSE,FALSE,FALSE,0
urn:lsid:dyntaxa.se:TaxonName:109266,Cortinarius sulphurinus,species,"",Fungi,Basidiomycota,Agaricomycetes,Agaricales,Cortinariaceae,"",cortinarius sulphurinus,FALSE,FALSE,FALSE,0
urn:lsid:dyntaxa.se:TaxonName:114257,Cortinarius sulphurinus var. fageticola,species,"",Fungi,Basidiomycota,Agaricomycetes,Agaricales,Cortinariaceae,"",cortinarius sulphurinus,FALSE,FALSE,FALSE,0
urn:lsid:dyntaxa.se:TaxonName:114258,Cortinarius sulphurinus var. sulphurinus,species,"",Fungi,Basidiomycota,Agaricomycetes,Agaricales,Cortinariaceae,"",cortinarius sulphurinus,FALSE,FALSE,FALSE,0
urn:lsid:dyntaxa.se:Taxon:248939,Cortinarius terpsichores,species,VU,Fungi,Basidiomycota,Agaricomycetes,Agaricales,Cortinariaceae,native,cortinarius terpsichores,FALSE,FALSE,FALSE,0
urn:lsid:dyntaxa.se:TaxonName:450319,Cortinarius terpsichores var. terpsichores,species,"",Fungi,Basidiomycota,Agaricomycetes,Agaricales,Cortinariaceae,"",cortinarius terpsichores,FALSE,FALSE,FALSE,0
urn:lsid:dyntaxa.se:TaxonName:137372,Cortinarius terpsichores var. calosporus,species,"",Fungi,Basidiomycota,Agaricomycetes,Agaricales,Cortinariaceae,"",cortinarius terpsichores,FALSE,FALSE,FALSE,0
urn:lsid:dyntaxa.se:Taxon:471,Cortinarius tofaceus,species,NT,Fungi,Basidiomycota,Agaricomycetes,Agaricales,Cortinariaceae,native,cortinarius tofaceus,FALSE,FALSE,FALSE,0
urn:lsid:dyntaxa.se:Taxon:1996,Cortinarius variiformis,species,VU,Fungi,Basidiomycota,Agaricomycetes,Agaricales,Cortinariaceae,native,cortinarius variiformis,FALSE,FALSE,FALSE,0
urn:lsid:dyntaxa.se:Taxon:248959,Cortinarius vesterholtii,species,EN,Fungi,Basidiomycota,Agaricomycetes,Agaricales,Cortinariaceae,native,cortinarius vesterholtii,FALSE,FALSE,FALSE,0
urn:lsid:dyntaxa.se:Taxon:248943,Cortinarius violaceipes,species,CR,Fungi,Basidiomycota,Agaricomycetes,Agaricales,Cortinariaceae,native,cortinarius violaceipes,FALSE,FALSE,FALSE,0
urn:lsid:dyntaxa.se:TaxonName:109277,Cortinarius violaceolimbatus,species,"",Fungi,Basidiomycota,Agaricomycetes,Agaricales,Cortinariaceae,"",cortinarius violaceolimbatus,FALSE,FALSE,FALSE,0
urn:lsid:dyntaxa.se:Taxon:3767,Cortinarius violaceomaculatus,species,VU,Fungi,Basidiomycota,Agaricomycetes,Agaricales,Cortinariaceae,native,cortinarius violaceomaculatus,FALSE,FALSE,FALSE,0
urn:lsid:dyntaxa.se:TaxonName:137357,Cortinarius vitellinus,species,"",Fungi,Basidiomycota,Agaricomycetes,Agaricales,Cortinariaceae,"",cortinarius vitellinus,FALSE,FALSE,FALSE,0
urn:lsid:dyntaxa.se:Taxon:474,Cortinarius vulpinus,species,NT,Fungi,Basidiomycota,Agaricomycetes,Agaricales,Cortinariaceae,native,cortinarius vulpinus,FALSE,FALSE,FALSE,0
urn:lsid:dyntaxa.se:Taxon:249245,Cortinarius xantho-ochraceus,species,VU,Fungi,Basidiomycota,Agaricomycetes,Agaricales,Cortinariaceae,native,cortinarius xantho-ochraceus,FALSE,FALSE,FALSE,0
urn:lsid:dyntaxa.se:Taxon:1997,Cortinarius xanthochlorus,species,EN,Fungi,Basidiomycota,Agaricomycetes,Agaricales,Cortinariaceae,native,cortinarius xanthochlorus,FALSE,FALSE,FALSE,0
urn:lsid:dyntaxa.se:TaxonName:146951,Cortinarius xanthoochraceus,species,"",Fungi,Basidiomycota,Agaricomycetes,Agaricales,Cortinariaceae,"",cortinarius xanthoochraceus,FALSE,FALSE,FALSE,0
urn:lsid:dyntaxa.se:Taxon:3770,Cortinarius xanthophyllus,species,VU,Fungi,Basidiomycota,Agaricomycetes,Agaricales,Cortinariaceae,native,cortinarius xanthophyllus,FALSE,FALSE,FALSE,0
urn:lsid:dyntaxa.se:Taxon:248933,Cortinarius xanthosuavis,species,EN,Fungi,Basidiomycota,Agaricomycetes,Agaricales,Cortinariaceae,native,cortinarius xanthosuavis,FALSE,FALSE,FALSE,0
urn:lsid:dyntaxa.se:TaxonName:159238,Corycephalus gyllenhalii,species,"",Animalia,Arthropoda,Insecta,Hemiptera,Cicadellidae,"",corycephalus gyllenhalii,FALSE,FALSE,FALSE,0
urn:lsid:dyntaxa.se:TaxonName:64937,Corydalis bulbosa,species,"",Plantae,Tracheophyta,Magnoliopsida,Ranunculales,Papaveraceae,"",corydalis bulbosa,FALSE,FALSE,FALSE,0
urn:lsid:dyntaxa.se:TaxonName:19173,Corymbia scutellata,species,"",Animalia,Arthropoda,Insecta,Coleoptera,Cerambycidae,"",corymbia scutellata,FALSE,FALSE,FALSE,0
urn:lsid:dyntaxa.se:TaxonName:142253,Corymbites bipustulatus,species,"",Animalia,Arthropoda,Insecta,Coleoptera,Elateridae,"",corymbites bipustulatus,FALSE,FALSE,FALSE,0
urn:lsid:dyntaxa.se:TaxonName:125474,Corymbites cupreus,species,"",Animalia,Arthropoda,Insecta,Coleoptera,Elateridae,"",corymbites cupreus,FALSE,FALSE,FALSE,0
urn:lsid:dyntaxa.se:TaxonName:89596,Coryne turficola,species,"",Fungi,Ascomycota,Leotiomycetes,Helotiales,Gelatinodiscaceae,"",coryne turficola,FALSE,FALSE,FALSE,0
urn:lsid:dyntaxa.se:TaxonName:89926,Corynetes atropurpureus,species,"",Fungi,Ascomycota,Leotiomycetes,Leotiales,Leotiaceae,"",corynetes atropurpureus,FALSE,FALSE,FALSE,0
urn:lsid:dyntaxa.se:TaxonName:236861,Coryphella beaumonti,species,"",Animalia,Mollusca,Gastropoda,Nudibranchia,Cumanotidae,"",coryphella beaumonti,FALSE,FALSE,FALSE,0
urn:lsid:dyntaxa.se:TaxonName:236793,Coryphella parva,species,"",Animalia,Mollusca,Gastropoda,Nudibranchia,Paracoryphellidae,"",coryphella parva,FALSE,FALSE,FALSE,0
urn:lsid:dyntaxa.se:TaxonName:236804,Coryphella pellucida,species,"",Animalia,Mollusca,Gastropoda,Nudibranchia,Flabellinidae,"",coryphella pellucida,FALSE,FALSE,FALSE,0
urn:lsid:dyntaxa.se:TaxonName:358132,Corystes dentatus,species,"",Animalia,Arthropoda,Malacostraca,Decapoda,Corystidae,"",corystes dentatus,FALSE,FALSE,FALSE,0
urn:lsid:dyntaxa.se:TaxonName:105927,Cosmotriche lunigera,species,"",Animalia,Arthropoda,Insecta,Lepidoptera,Lasiocampidae,"",cosmotriche lunigera,FALSE,FALSE,FALSE,0
urn:lsid:dyntaxa.se:Taxon:1874,Cotoneaster kullensis,species,VU,Plantae,Tracheophyta,Magnoliopsida,Rosales,Rosaceae,native,cotoneaster kullensis,FALSE,FALSE,FALSE,0
urn:lsid:dyntaxa.se:TaxonName:283416,Cotylidia pallida,species,"",Fungi,Basidiomycota,Agaricomycetes,Hymenochaetales,Rickenellaceae,"",cotylidia pallida,FALSE,FALSE,FALSE,0
urn:lsid:dyntaxa.se:TaxonName:268647,Crabro alata,species,"",Animalia,Arthropoda,Insecta,Hymenoptera,Crabronidae,"",crabro alata,FALSE,FALSE,FALSE,0
urn:lsid:dyntaxa.se:TaxonName:268630,Crabro exiguus,species,"",Animalia,Arthropoda,Insecta,Hymenoptera,Crabronidae,"",crabro exiguus,FALSE,FALSE,FALSE,0
urn:lsid:dyntaxa.se:TaxonName:268649,Crabro pygmaeus,species,"",Animalia,Arthropoda,Insecta,Hymenoptera,Crabronidae,"",crabro pygmaeus,FALSE,FALSE,FALSE,0
urn:lsid:dyntaxa.se:TaxonName:160858,Crangon allmani,species,"",Animalia,Arthropoda,Malacostraca,Decapoda,Crangonidae,"",crangon allmani,FALSE,FALSE,FALSE,0
urn:lsid:dyntaxa.se:TaxonName:357967,Crangon echinulatus,species,"",Animalia,Arthropoda,Malacostraca,Decapoda,Crangonidae,"",crangon echinulatus,FALSE,FALSE,FALSE,0
urn:lsid:dyntaxa.se:TaxonName:357978,Crangon norvegicus,species,"",Animalia,Arthropoda,Malacostraca,Decapoda,Crangonidae,"",crangon norvegicus,FALSE,FALSE,FALSE,0
urn:lsid:dyntaxa.se:TaxonName:115750,Crangon spinosus,species,"",Animalia,Arthropoda,Malacostraca,Decapoda,Crangonidae,"",crangon spinosus,FALSE,FALSE,FALSE,0
urn:lsid:dyntaxa.se:TaxonName:444360,Crangon spinosus,species,"",Animalia,Arthropoda,Malacostraca,Decapoda,Crangonidae,"",crangon spinosus,FALSE,FALSE,FALSE,0
urn:lsid:dyntaxa.se:TaxonName:12690,Crassadoma pusio,species,"",Animalia,Mollusca,Bivalvia,Pectinoida,Pectinidae,"",crassadoma pusio,FALSE,FALSE,FALSE,0
urn:lsid:dyntaxa.se:TaxonName:283413,Craterella pallida,species,"",Fungi,Basidiomycota,Agaricomycetes,Hymenochaetales,Rickenellaceae,"",craterella pallida,FALSE,FALSE,FALSE,0
urn:lsid:dyntaxa.se:Taxon:477,Craterellus cinereus,species,NT,Fungi,Basidiomycota,Agaricomycetes,Cantharellales,Hydnaceae,native,craterellus cinereus,FALSE,FALSE,FALSE,0
urn:lsid:dyntaxa.se:TaxonName:159860,Craterellus cinereus,species,"",Fungi,Basidiomycota,Agaricomycetes,Cantharellales,Hydnaceae,"",craterellus cinereus,FALSE,FALSE,FALSE,0
urn:lsid:dyntaxa.se:TaxonName:103776,Craterellus clavatus,species,"",Fungi,Basidiomycota,Agaricomycetes,Gomphales,Gomphaceae,"",craterellus clavatus,FALSE,FALSE,FALSE,0
urn:lsid:dyntaxa.se:Taxon:253,Craterellus melanoxeros,species,NT,Fungi,Basidiomycota,Agaricomycetes,Cantharellales,Hydnaceae,native,craterellus melanoxeros,FALSE,FALSE,FALSE,0
urn:lsid:dyntaxa.se:TaxonName:343185,Creolophus septentrionalis,species,"",Fungi,Basidiomycota,Agaricomycetes,Polyporales,Meruliaceae,"",creolophus septentrionalis,FALSE,FALSE,FALSE,0
urn:lsid:dyntaxa.se:Taxon:264147,Cresponea premnea,species,RE,Fungi,Ascomycota,Arthoniomycetes,Arthoniales,Opegraphaceae,native,cresponea premnea,FALSE,FALSE,FALSE,0
urn:lsid:dyntaxa.se:TaxonName:101414,Criocephalus ferus,species,"",Animalia,Arthropoda,Insecta,Coleoptera,Cerambycidae,"",criocephalus ferus,FALSE,FALSE,FALSE,0
urn:lsid:dyntaxa.se:TaxonName:159896,Cristinia gallica,species,"",Fungi,Basidiomycota,Agaricomycetes,Agaricales,Stephanosporaceae,"",cristinia gallica,FALSE,FALSE,FALSE,0
urn:lsid:dyntaxa.se:TaxonName:281182,Crocynia cretacea,species,"",Fungi,Ascomycota,Arthoniomycetes,Arthoniales,Arthoniaceae,"",crocynia cretacea,FALSE,FALSE,FALSE,0
urn:lsid:dyntaxa.se:TaxonName:52756,Crustoderma cornea,species,"",Fungi,Basidiomycota,Agaricomycetes,Polyporales,Sparassidaceae,"",crustoderma cornea,FALSE,FALSE,FALSE,0
urn:lsid:dyntaxa.se:TaxonName:258390,Crustoderma tristis,species,"",Fungi,Basidiomycota,Agaricomycetes,Polyporales,Sparassidaceae,"",crustoderma tristis,FALSE,FALSE,FALSE,0
urn:lsid:dyntaxa.se:Taxon:511,Crustomyces subabruptus,species,VU,Fungi,Basidiomycota,Agaricomycetes,Agaricales,Cystostereaceae,native,crustomyces subabruptus,FALSE,FALSE,FALSE,0
urn:lsid:dyntaxa.se:TaxonName:139498,Cryphia domestica,species,"",Animalia,Arthropoda,Insecta,Lepidoptera,Noctuidae,"",cryphia domestica,FALSE,FALSE,FALSE,0
urn:lsid:dyntaxa.se:TaxonName:107731,Cryptocephalus caerulescens,species,"",Animalia,Arthropoda,Insecta,Coleoptera,Chrysomelidae,"",cryptocephalus caerulescens,FALSE,FALSE,FALSE,0
urn:lsid:dyntaxa.se:TaxonName:247611,Cryptocephalus coerulescens,species,"",Animalia,Arthropoda,Insecta,Coleoptera,Chrysomelidae,"",cryptocephalus coerulescens,FALSE,FALSE,FALSE,0
urn:lsid:dyntaxa.se:TaxonName:107726,Cryptocephalus hypochaeridis,species,"",Animalia,Arthropoda,Insecta,Coleoptera,Chrysomelidae,"",cryptocephalus hypochaeridis,FALSE,FALSE,FALSE,0
urn:lsid:dyntaxa.se:TaxonName:107741,Cryptocephalus pallidifrons,species,"",Animalia,Arthropoda,Insecta,Coleoptera,Chrysomelidae,"",cryptocephalus pallidifrons,FALSE,FALSE,FALSE,0
urn:lsid:dyntaxa.se:TaxonName:102418,Cryptophagus cylindrus,species,"",Animalia,Arthropoda,Insecta,Coleoptera,Cryptophagidae,"",cryptophagus cylindrus,FALSE,FALSE,FALSE,0
urn:lsid:dyntaxa.se:TaxonName:25325,Cryptophagus fumatus,species,"",Animalia,Arthropoda,Insecta,Coleoptera,Cryptophagidae,"",cryptophagus fumatus,FALSE,FALSE,FALSE,0
urn:lsid:dyntaxa.se:TaxonName:102424,Cryptophagus plagiatus,species,"",Animalia,Arthropoda,Insecta,Coleoptera,Cryptophagidae,"",cryptophagus plagiatus,FALSE,FALSE,FALSE,0
urn:lsid:dyntaxa.se:TaxonName:119968,Cryptophagus uralensis,species,"",Animalia,Arthropoda,Insecta,Coleoptera,Cryptophagidae,"",cryptophagus uralensis,FALSE,FALSE,FALSE,0
urn:lsid:dyntaxa.se:TaxonName:286162,Cryptopleura lacerata,species,"",Plantae,Rhodophyta,Florideophyceae,Ceramiales,Delesseriaceae,"",cryptopleura lacerata,FALSE,FALSE,FALSE,0
urn:lsid:dyntaxa.se:TaxonName:89896,Cryptosphaeria millepunctata,species,"",Fungi,Ascomycota,Sordariomycetes,Xylariales,Diatrypaceae,"",cryptosphaeria millepunctata,FALSE,FALSE,FALSE,0
urn:lsid:dyntaxa.se:TaxonName:39510,Cryptospora hypodermia,species,"",Fungi,Ascomycota,Sordariomycetes,Diaporthales,Gnomoniaceae,"",cryptospora hypodermia,FALSE,FALSE,FALSE,0
urn:lsid:dyntaxa.se:TaxonName:39511,Cryptosporina hypodermia,species,"",Fungi,Ascomycota,Sordariomycetes,Diaporthales,Gnomoniaceae,"",cryptosporina hypodermia,FALSE,FALSE,FALSE,0
urn:lsid:dyntaxa.se:Taxon:100768,Cucullia scrophulariae,species,VU,Animalia,Arthropoda,Insecta,Lepidoptera,Noctuidae,native,cucullia scrophulariae,FALSE,FALSE,FALSE,0
urn:lsid:dyntaxa.se:TaxonName:439106,Cuma ampullacea,species,"",Animalia,Arthropoda,Malacostraca,Cumacea,Diastylidae,"",cuma ampullacea,FALSE,FALSE,FALSE,0
urn:lsid:dyntaxa.se:TaxonName:439027,Cuma cornuta,species,"",Animalia,Arthropoda,Malacostraca,Cumacea,Diastylidae,"",cuma cornuta,FALSE,FALSE,FALSE,0
urn:lsid:dyntaxa.se:TaxonName:437031,Cuma resima,species,"",Animalia,Arthropoda,Malacostraca,Cumacea,Diastylidae,"",cuma resima,FALSE,FALSE,FALSE,0
urn:lsid:dyntaxa.se:TaxonName:300881,Cuphophyllus cinerella,species,"",Fungi,Basidiomycota,Agaricomycetes,Agaricales,Hygrophoraceae,"",cuphophyllus cinerella,FALSE,FALSE,FALSE,0
urn:lsid:dyntaxa.se:Taxon:799,Cuphophyllus fuscescens,species,NT,Fungi,Basidiomycota,Agaricomycetes,Agaricales,Hygrophoraceae,native,cuphophyllus fuscescens,FALSE,FALSE,FALSE,0
urn:lsid:dyntaxa.se:Taxon:239219,Cuphophyllus hygrocyboides,species,VU,Fungi,Basidiomycota,Agaricomycetes,Agaricales,Hygrophoraceae,native,cuphophyllus hygrocyboides,FALSE,FALSE,FALSE,0
urn:lsid:dyntaxa.se:Taxon:807,Cuphophyllus radiatus,species,VU,Fungi,Basidiomycota,Agaricomycetes,Agaricales,Hygrophoraceae,native,cuphophyllus radiatus,FALSE,FALSE,FALSE,0
urn:lsid:dyntaxa.se:TaxonName:394264,Curculio assimilis,species,"",Animalia,Arthropoda,Insecta,Coleoptera,Curculionidae,"",curculio assimilis,FALSE,FALSE,FALSE,0
urn:lsid:dyntaxa.se:TaxonName:394362,Curculio harcyniae,species,"",Animalia,Arthropoda,Insecta,Coleoptera,Curculionidae,"",curculio harcyniae,FALSE,FALSE,FALSE,0
urn:lsid:dyntaxa.se:TaxonName:152946,Curtitoma reticulata,species,"",Animalia,Mollusca,Gastropoda,Neogastropoda,Mangeliidae,"",curtitoma reticulata,FALSE,FALSE,FALSE,0
urn:lsid:dyntaxa.se:Taxon:102789,Curveulima macrophthalmica,species,DD,Animalia,Mollusca,Gastropoda,Littorinimorpha,Eulimidae,native,curveulima macrophthalmica,FALSE,FALSE,FALSE,0
urn:lsid:dyntaxa.se:TaxonName:5369,Cuspidaria costellata,species,"",Animalia,Mollusca,Bivalvia,Anomalodesmata,Cuspidariidae,"",cuspidaria costellata,FALSE,FALSE,FALSE,0
urn:lsid:dyntaxa.se:TaxonName:360,Cuthona amoena,species,"",Animalia,Mollusca,Gastropoda,Nudibranchia,Trinchesiidae,"",cuthona amoena,FALSE,FALSE,FALSE,0
urn:lsid:dyntaxa.se:TaxonName:363,Cuthona foliata,species,"",Animalia,Mollusca,Gastropoda,Nudibranchia,Trinchesiidae,"",cuthona foliata,FALSE,FALSE,FALSE,0
urn:lsid:dyntaxa.se:TaxonName:237118,Cuthona gymnota,species,"",Animalia,Mollusca,Gastropoda,Nudibranchia,Trinchesiidae,"",cuthona gymnota,FALSE,FALSE,FALSE,0
urn:lsid:dyntaxa.se:TaxonName:365,Cuthona pustulata,species,"",Animalia,Mollusca,Gastropoda,Nudibranchia,Trinchesiidae,"",cuthona pustulata,FALSE,FALSE,FALSE,0
urn:lsid:dyntaxa.se:TaxonName:366,Cuthona suecica,species,"",Animalia,Mollusca,Gastropoda,Nudibranchia,Xenocratenidae,"",cuthona suecica,FALSE,FALSE,FALSE,0
urn:lsid:dyntaxa.se:TaxonName:90815,Cuviera europaea,species,"",Plantae,Tracheophyta,Liliopsida,Poales,Poaceae,"",cuviera europaea,FALSE,FALSE,FALSE,0
urn:lsid:dyntaxa.se:TaxonName:261891,Cyaniris dorylas,species,"",Animalia,Arthropoda,Insecta,Lepidoptera,Lycaenidae,"",cyaniris dorylas,FALSE,FALSE,FALSE,0
urn:lsid:dyntaxa.se:TaxonName:102343,Cyanostolus aeneus,species,"",Animalia,Arthropoda,Insecta,Coleoptera,Monotomidae,"",cyanostolus aeneus,FALSE,FALSE,FALSE,0
urn:lsid:dyntaxa.se:TaxonName:89933,Cyathipodia cupuliformis,species,"",Fungi,Ascomycota,Pezizomycetes,Pezizales,Helvellaceae,"",cyathipodia cupuliformis,FALSE,FALSE,FALSE,0
urn:lsid:dyntaxa.se:TaxonName:149472,Cybebe gracilenta,species,"",Fungi,Ascomycota,Coniocybomycetes,Coniocybales,Coniocybaceae,"",cybebe gracilenta,FALSE,FALSE,FALSE,0
urn:lsid:dyntaxa.se:TaxonName:131096,Cydia caecana,species,"",Animalia,Arthropoda,Insecta,Lepidoptera,Tortricidae,"",cydia caecana,FALSE,FALSE,FALSE,0
urn:lsid:dyntaxa.se:TaxonName:131097,Cydia discretana,species,"",Animalia,Arthropoda,Insecta,Lepidoptera,Tortricidae,"",cydia discretana,FALSE,FALSE,FALSE,0
urn:lsid:dyntaxa.se:TaxonName:131098,Cydia gemmiferana,species,"",Animalia,Arthropoda,Insecta,Lepidoptera,Tortricidae,"",cydia gemmiferana,FALSE,FALSE,FALSE,0
urn:lsid:dyntaxa.se:TaxonName:131094,Cydia pallifrontana,species,"",Animalia,Arthropoda,Insecta,Lepidoptera,Tortricidae,"",cydia pallifrontana,FALSE,FALSE,FALSE,0
urn:lsid:dyntaxa.se:TaxonName:142039,Cylichnina nitidula,species,"",Animalia,Mollusca,Gastropoda,Cephalaspidea,Retusidae,"",cylichnina nitidula,FALSE,FALSE,FALSE,0
urn:lsid:dyntaxa.se:TaxonName:400255,Cylindrobasidium involutum,species,"",Fungi,Basidiomycota,Agaricomycetes,Polyporales,Hyphodermataceae,"",cylindrobasidium involutum,FALSE,FALSE,FALSE,0
urn:lsid:dyntaxa.se:TaxonName:10115,Cylister linearis,species,"",Animalia,Arthropoda,Insecta,Coleoptera,Histeridae,"",cylister linearis,FALSE,FALSE,FALSE,0
urn:lsid:dyntaxa.se:TaxonName:10114,Cylister oblongus,species,"",Animalia,Arthropoda,Insecta,Coleoptera,Histeridae,"",cylister oblongus,FALSE,FALSE,FALSE,0
urn:lsid:dyntaxa.se:TaxonName:95722,Cypha imitator,species,"",Animalia,Arthropoda,Insecta,Coleoptera,Staphylinidae,"",cypha imitator,FALSE,FALSE,FALSE,0
urn:lsid:dyntaxa.se:TaxonName:95728,Cypha nitida,species,"",Animalia,Arthropoda,Insecta,Coleoptera,Staphylinidae,"",cypha nitida,FALSE,FALSE,FALSE,0
urn:lsid:dyntaxa.se:TaxonName:95689,Cyphaea latiuscula,species,"",Animalia,Arthropoda,Insecta,Coleoptera,Staphylinidae,"",cyphaea latiuscula,FALSE,FALSE,FALSE,0
urn:lsid:dyntaxa.se:TaxonName:138781,Cyphelium karelicum,species,"",Fungi,Ascomycota,Lecanoromycetes,Caliciales,Caliciaceae,"",cyphelium karelicum,FALSE,FALSE,FALSE,0
urn:lsid:dyntaxa.se:TaxonName:2594,Cyphelium lucidum v. karelicum,species,"",Fungi,Ascomycota,Lecanoromycetes,Caliciales,Caliciaceae,"",cyphelium lucidum,FALSE,FALSE,FALSE,0
urn:lsid:dyntaxa.se:TaxonName:424124,Cyphelium lucidum var. karelicum,species,"",Fungi,Ascomycota,Lecanoromycetes,Caliciales,Caliciaceae,"",cyphelium lucidum,FALSE,FALSE,FALSE,0
urn:lsid:dyntaxa.se:TaxonName:152391,Cyphelium lucidum,species,"",Fungi,Ascomycota,Lecanoromycetes,Caliciales,Caliciaceae,"",cyphelium lucidum,FALSE,FALSE,FALSE,0
urn:lsid:dyntaxa.se:TaxonName:138782,Cyphelium notarisii,species,"",Fungi,Ascomycota,Lecanoromycetes,Caliciales,Caliciaceae,"",cyphelium notarisii,FALSE,FALSE,FALSE,0
urn:lsid:dyntaxa.se:TaxonName:138783,Cyphelium pinicola,species,"",Fungi,Ascomycota,Lecanoromycetes,Caliciales,Caliciaceae,"",cyphelium pinicola,FALSE,FALSE,FALSE,0
urn:lsid:dyntaxa.se:TaxonName:138784,Cyphelium sessile,species,"",Fungi,Ascomycota,Lecanoromycetes,Caliciales,Caliciaceae,"",cyphelium sessile,FALSE,FALSE,FALSE,0
urn:lsid:dyntaxa.se:TaxonName:138785,Cyphelium tigillare,species,"",Fungi,Ascomycota,Lecanoromycetes,Caliciales,Caliciaceae,"",cyphelium tigillare,FALSE,FALSE,FALSE,0
urn:lsid:dyntaxa.se:TaxonName:2596,Cyphelium tigillare ssp. notarisii,species,"",Fungi,Ascomycota,Lecanoromycetes,Caliciales,Caliciaceae,"",cyphelium tigillare,FALSE,FALSE,FALSE,0
urn:lsid:dyntaxa.se:TaxonName:424076,Cyphelium tigillare subsp. notarisii,species,"",Fungi,Ascomycota,Lecanoromycetes,Caliciales,Caliciaceae,"",cyphelium tigillare,FALSE,FALSE,FALSE,0
urn:lsid:dyntaxa.se:TaxonName:138786,Cyphelium trachylioides,species,"",Fungi,Ascomycota,Lecanoromycetes,Caliciales,Caliciaceae,"",cyphelium trachylioides,FALSE,FALSE,FALSE,0
urn:lsid:dyntaxa.se:TaxonName:2600,Cyphelium verrucosum,species,"",Fungi,Ascomycota,Lecanoromycetes,Caliciales,Caliciaceae,"",cyphelium verrucosum,FALSE,FALSE,FALSE,0
urn:lsid:dyntaxa.se:TaxonName:2599,Cyphelium viridescens,species,"",Fungi,Ascomycota,Lecanoromycetes,Caliciales,Caliciaceae,"",cyphelium viridescens,FALSE,FALSE,FALSE,0
urn:lsid:dyntaxa.se:TaxonName:158337,Cyprinus aspius,species,"",Animalia,Chordata,Actinopterygii,Cypriniformes,Cyprinidae,"",cyprinus aspius,FALSE,FALSE,FALSE,0
urn:lsid:dyntaxa.se:TaxonName:158335,Cyprinus vimba,species,"",Animalia,Chordata,Actinopterygii,Cypriniformes,Cyprinidae,"",cyprinus vimba,FALSE,FALSE,FALSE,0
urn:lsid:dyntaxa.se:TaxonName:439430,Cyrianassa longicornis,species,"",Animalia,Arthropoda,Malacostraca,Cumacea,Pseudocumatidae,"",cyrianassa longicornis,FALSE,FALSE,FALSE,0
urn:lsid:dyntaxa.se:TaxonName:235537,Cystoderma contortipes,species,"",Fungi,Basidiomycota,Agaricomycetes,Agaricales,Agaricaceae,"",cystoderma contortipes,FALSE,FALSE,FALSE,0
urn:lsid:dyntaxa.se:TaxonName:235540,Cystoderma paradoxum,species,"",Fungi,Basidiomycota,Agaricomycetes,Agaricales,Agaricaceae,"",cystoderma paradoxum,FALSE,FALSE,FALSE,0
urn:lsid:dyntaxa.se:TaxonName:235783,Cystolepiota pseudoasperula,species,"",Fungi,Basidiomycota,Agaricomycetes,Agaricales,Agaricaceae,"",cystolepiota pseudoasperula,FALSE,FALSE,FALSE,0
urn:lsid:dyntaxa.se:TaxonName:51842,Cystopteris regia,species,"",Plantae,Tracheophyta,Polypodiopsida,Polypodiales,Cystopteridaceae,"",cystopteris regia,FALSE,FALSE,FALSE,0
urn:lsid:dyntaxa.se:TaxonName:159937,Cystostereum murraii,species,"",Fungi,Basidiomycota,Agaricomycetes,Agaricales,Cystostereaceae,"",cystostereum murraii,FALSE,FALSE,FALSE,0
urn:lsid:dyntaxa.se:TaxonName:159938,Cystostereum subabruptum,species,"",Fungi,Basidiomycota,Agaricomycetes,Agaricales,Cystostereaceae,"",cystostereum subabruptum,FALSE,FALSE,FALSE,0
urn:lsid:dyntaxa.se:TaxonName:398833,Cytidia albomellea,species,"",Fungi,Basidiomycota,Agaricomycetes,Polyporales,Irpicaceae,"",cytidia albomellea,FALSE,FALSE,FALSE,0
urn:lsid:dyntaxa.se:Taxon:512,Cytidiella albomellea,species,DD,Fungi,Basidiomycota,Agaricomycetes,Polyporales,Irpicaceae,native,cytidiella albomellea,FALSE,FALSE,FALSE,0
urn:lsid:dyntaxa.se:TaxonName:159940,Cytidiella melzeri,species,"",Fungi,Basidiomycota,Agaricomycetes,Polyporales,Irpicaceae,"",cytidiella melzeri,FALSE,FALSE,FALSE,0
urn:lsid:dyntaxa.se:TaxonName:39515,Cytosporina ludibunda,species,"",Fungi,Ascomycota,Sordariomycetes,Diaporthales,Gnomoniaceae,"",cytosporina ludibunda,FALSE,FALSE,FALSE,0
urn:lsid:dyntaxa.se:TaxonName:408096,Dacrymyces conformis,species,"",Fungi,Basidiomycota,Dacrymycetes,Dacrymycetales,Dacrymycetaceae,"",dacrymyces conformis,FALSE,FALSE,FALSE,0
urn:lsid:dyntaxa.se:Taxon:3841,Dacrymyces enatus,species,EN,Fungi,Basidiomycota,Dacrymycetes,Dacrymycetales,Dacrymycetaceae,native,dacrymyces enatus,FALSE,FALSE,FALSE,0
urn:lsid:dyntaxa.se:TaxonName:408083,Dacrymyces mesentericus,species,"",Fungi,Basidiomycota,Dacrymycetes,Dacrymycetales,Dacrymycetaceae,"",dacrymyces mesentericus,FALSE,FALSE,FALSE,0
urn:lsid:dyntaxa.se:TaxonName:408085,Dacrymyces radicellatus,species,"",Fungi,Basidiomycota,Dacrymycetes,Dacrymycetales,Dacrymycetaceae,"",dacrymyces radicellatus,FALSE,FALSE,FALSE,0
urn:lsid:dyntaxa.se:TaxonName:411847,Dacrymyces violacea,species,"",Fungi,Basidiomycota,Agaricomycetes,Auriculariales,"Auriculariales, genera incertae sedis","",dacrymyces violacea,FALSE,FALSE,FALSE,0
urn:lsid:dyntaxa.se:TaxonName:90597,Dactylis aschersoniana,species,"",Plantae,Tracheophyta,Liliopsida,Poales,Poaceae,"",dactylis aschersoniana,FALSE,FALSE,FALSE,0
urn:lsid:dyntaxa.se:TaxonName:90599,Dactylis lobata,species,"",Plantae,Tracheophyta,Liliopsida,Poales,Poaceae,"",dactylis lobata,FALSE,FALSE,FALSE,0
urn:lsid:dyntaxa.se:Taxon:224698,Dactylis polygama,species,EN,Plantae,Tracheophyta,Liliopsida,Poales,Poaceae,native,dactylis polygama,FALSE,FALSE,FALSE,0
urn:lsid:dyntaxa.se:TaxonName:87279,Dactylorchis majalis,subspecies,"",Plantae,Tracheophyta,Liliopsida,Asparagales,Orchidaceae,"",dactylorchis majalis,FALSE,FALSE,FALSE,0
urn:lsid:dyntaxa.se:TaxonName:48890,Dactylorhiza baltica,subspecies,"",Plantae,Tracheophyta,Liliopsida,Asparagales,Orchidaceae,"",dactylorhiza baltica,FALSE,FALSE,FALSE,0
urn:lsid:dyntaxa.se:TaxonName:138798,Dactylospora lobariella,species,"",Fungi,Ascomycota,Eurotiomycetes,Sclerococcales,Sclerococcaceae,"",dactylospora lobariella,FALSE,FALSE,FALSE,0
urn:lsid:dyntaxa.se:TaxonName:8762,Dactylospora zwackhii,species,"",Fungi,Ascomycota,Arthoniomycetes,Arthoniales,Lecanographaceae,"",dactylospora zwackhii,FALSE,FALSE,FALSE,0
urn:lsid:dyntaxa.se:Taxon:100327,Dactylotula kinkerella,species,CR,Animalia,Arthropoda,Insecta,Lepidoptera,Gelechiidae,native,dactylotula kinkerella,FALSE,FALSE,FALSE,0
urn:lsid:dyntaxa.se:TaxonName:395882,Daedalea carbonaria,species,"",Fungi,Basidiomycota,Agaricomycetes,Gloeophyllales,Gloeophyllaceae,"",daedalea carbonaria,FALSE,FALSE,FALSE,0
urn:lsid:dyntaxa.se:TaxonName:450383,Daedalea mollis,species,"",Fungi,Basidiomycota,Agaricomycetes,Polyporales,Irpicaceae,"",daedalea mollis,FALSE,FALSE,FALSE,0
urn:lsid:dyntaxa.se:TaxonName:152732,Daedalea vorax,species,"",Fungi,Basidiomycota,Agaricomycetes,Hymenochaetales,Hymenochaetaceae,"",daedalea vorax,FALSE,FALSE,FALSE,0
urn:lsid:dyntaxa.se:TaxonName:131208,Dafa formosella,species,"",Animalia,Arthropoda,Insecta,Lepidoptera,Oecophoridae,"",dafa formosella,FALSE,FALSE,FALSE,0
urn:lsid:dyntaxa.se:Taxon:236252,Dalmannia dorsalis,species,RE,Animalia,Arthropoda,Insecta,Diptera,Conopidae,native,dalmannia dorsalis,FALSE,FALSE,FALSE,0
urn:lsid:dyntaxa.se:TaxonName:102184,Danacaea nigritarsis,species,"",Animalia,Arthropoda,Insecta,Coleoptera,Dasytidae,"",danacaea nigritarsis,FALSE,FALSE,FALSE,0
urn:lsid:dyntaxa.se:TaxonName:102183,Danacaea pallipes,species,"",Animalia,Arthropoda,Insecta,Coleoptera,Dasytidae,"",danacaea pallipes,FALSE,FALSE,FALSE,0
urn:lsid:dyntaxa.se:Taxon:100796,Danacea nigritarsis,species,DD,Animalia,Arthropoda,Insecta,Coleoptera,Dasytidae,uncertain,danacea nigritarsis,FALSE,FALSE,FALSE,0
urn:lsid:dyntaxa.se:TaxonName:238087,Danosoma conspersa,species,"",Animalia,Arthropoda,Insecta,Coleoptera,Elateridae,"",danosoma conspersa,FALSE,FALSE,FALSE,0
urn:lsid:dyntaxa.se:TaxonName:238089,Danosoma fasciata,species,"",Animalia,Arthropoda,Insecta,Coleoptera,Elateridae,"",danosoma fasciata,FALSE,FALSE,FALSE,0
urn:lsid:dyntaxa.se:Taxon:100801,Dasypoda suripes,species,RE,Animalia,Arthropoda,Insecta,Hymenoptera,Melittidae,native,dasypoda suripes,FALSE,FALSE,FALSE,0
urn:lsid:dyntaxa.se:TaxonName:454499,Dasystoma salicellum,species,"",Animalia,Arthropoda,Insecta,Lepidoptera,Chimabachidae,"",dasystoma salicellum,FALSE,FALSE,FALSE,0
urn:lsid:dyntaxa.se:TaxonName:460034,Dasystoma salicellus,species,"",Animalia,Arthropoda,Insecta,Lepidoptera,Chimabachidae,"",dasystoma salicellus,FALSE,FALSE,FALSE,0
urn:lsid:dyntaxa.se:TaxonName:127839,Dasystroma salicella,species,"",Animalia,Arthropoda,Insecta,Lepidoptera,Chimabachidae,"",dasystroma salicella,FALSE,FALSE,FALSE,0
urn:lsid:dyntaxa.se:TaxonName:454515,Dasytroma salicella,species,"",Animalia,Arthropoda,Insecta,Lepidoptera,Chimabachidae,"",dasytroma salicella,FALSE,FALSE,FALSE,0
urn:lsid:dyntaxa.se:Taxon:100581,Datonychus angulosus,species,NT,Animalia,Arthropoda,Insecta,Coleoptera,Curculionidae,native,datonychus angulosus,FALSE,FALSE,FALSE,0
urn:lsid:dyntaxa.se:TaxonName:19239,Datonychus angulosus,species,"",Animalia,Arthropoda,Insecta,Coleoptera,Curculionidae,"",datonychus angulosus,FALSE,FALSE,FALSE,0
urn:lsid:dyntaxa.se:Taxon:200841,Decapauropus multiplex,species,NT,Animalia,Arthropoda,Pauropoda,Tetramerocerata,Pauropodidae,native,decapauropus multiplex,FALSE,FALSE,FALSE,0
urn:lsid:dyntaxa.se:TaxonName:138807,Degelia plumbea,species,"",Fungi,Ascomycota,Lecanoromycetes,Peltigerales,Pannariaceae,"",degelia plumbea,FALSE,FALSE,FALSE,0
urn:lsid:dyntaxa.se:TaxonName:10882,Delamarea paradoxa,species,"",Chromista,Ochrophyta,Phaeophyceae,Ectocarpales,Chordariaceae,"",delamarea paradoxa,FALSE,FALSE,FALSE,0
urn:lsid:dyntaxa.se:TaxonName:128607,Delectopecten abyssorum,species,"",Animalia,Mollusca,Bivalvia,Pectinoida,Pectinidae,"",delectopecten abyssorum,FALSE,FALSE,FALSE,0
urn:lsid:dyntaxa.se:TaxonName:286175,Delesseria hypoglossum,species,"",Plantae,Rhodophyta,Florideophyceae,Ceramiales,Delesseriaceae,"",delesseria hypoglossum,FALSE,FALSE,FALSE,0
urn:lsid:dyntaxa.se:TaxonName:286160,Delesseria lacerata,species,"",Plantae,Rhodophyta,Florideophyceae,Ceramiales,Delesseriaceae,"",delesseria lacerata,FALSE,FALSE,FALSE,0
urn:lsid:dyntaxa.se:TaxonName:286176,Delesseria ligulata,species,"",Plantae,Rhodophyta,Florideophyceae,Ceramiales,Delesseriaceae,"",delesseria ligulata,FALSE,FALSE,FALSE,0
urn:lsid:dyntaxa.se:TaxonName:40582,Delichon urbica,species,"",Animalia,Chordata,Aves,Passeriformes,Hirundinidae,"",delichon urbica,FALSE,FALSE,FALSE,0
urn:lsid:dyntaxa.se:Taxon:255880,Delomerista longicauda,species,NT,Animalia,Arthropoda,Insecta,Hymenoptera,Ichneumonidae,native,delomerista longicauda,FALSE,FALSE,FALSE,0
urn:lsid:dyntaxa.se:TaxonName:244599,Delphinula nitens,species,"",Animalia,Mollusca,Gastropoda,"",Skeneidae,"",delphinula nitens,FALSE,FALSE,FALSE,0
urn:lsid:dyntaxa.se:TaxonName:6683,Dendriscocaulon dendroides,species,"",Fungi,Ascomycota,Lecanoromycetes,Peltigerales,Lobariaceae,"",dendriscocaulon dendroides,FALSE,FALSE,FALSE,0
urn:lsid:dyntaxa.se:TaxonName:101197,Dendriscocaulon umhausense,species,"",Fungi,Ascomycota,Lecanoromycetes,Peltigerales,Lobariaceae,"",dendriscocaulon umhausense,FALSE,FALSE,FALSE,0
urn:lsid:dyntaxa.se:Taxon:100047,Dendrocopos medius,species,RE,Animalia,Chordata,Aves,Piciformes,Picidae,native,dendrocopos medius,FALSE,FALSE,FALSE,0
urn:lsid:dyntaxa.se:Taxon:100048,Dendrocopos minor,species,NT,Animalia,Chordata,Aves,Piciformes,Picidae,native,dendrocopos minor,FALSE,FALSE,FALSE,0
urn:lsid:dyntaxa.se:TaxonName:389545,Dendronotus dalli,species,"",Animalia,Mollusca,Gastropoda,Nudibranchia,Dendronotidae,"",dendronotus dalli,FALSE,FALSE,FALSE,0
urn:lsid:dyntaxa.se:Taxon:218129,Dendronotus niveus,species,DD,Animalia,Mollusca,Gastropoda,Nudibranchia,Dendronotidae,native,dendronotus niveus,FALSE,FALSE,FALSE,0
urn:lsid:dyntaxa.se:TaxonName:182,Dendronotus niveus,species,"",Animalia,Mollusca,Gastropoda,Nudibranchia,Dendronotidae,"",dendronotus niveus,FALSE,FALSE,FALSE,0
urn:lsid:dyntaxa.se:TaxonName:470239,Dendropolyporus umbellatus,species,"",Fungi,Basidiomycota,Agaricomycetes,Polyporales,Polyporaceae,"",dendropolyporus umbellatus,FALSE,FALSE,FALSE,0
urn:lsid:dyntaxa.se:TaxonName:45765,Dendrothele griseo-cana,species,"",Fungi,Basidiomycota,Agaricomycetes,Agaricales,"Agaricales, genera incertae sedis","",dendrothele griseo-cana,FALSE,FALSE,FALSE,0
urn:lsid:dyntaxa.se:TaxonName:467077,Dendrothele papillosa,species,"",Fungi,Basidiomycota,Agaricomycetes,Agaricales,"Agaricales, genera incertae sedis","",dendrothele papillosa,FALSE,FALSE,FALSE,0
urn:lsid:dyntaxa.se:TaxonName:146712,Dendryphantes pini,species,"",Animalia,Arthropoda,Arachnida,Araneae,Salticidae,"",dendryphantes pini,FALSE,FALSE,FALSE,0
urn:lsid:dyntaxa.se:TaxonName:152551,Dentalium occidentale,species,"",Animalia,Mollusca,Scaphopoda,Dentaliida,Dentaliidae,"",dentalium occidentale,FALSE,FALSE,FALSE,0
urn:lsid:dyntaxa.se:TaxonName:89947,Depazea pyrolae,species,"",Fungi,Ascomycota,Dothideomycetes,Capnodiales,Mycosphaerellaceae,"",depazea pyrolae,FALSE,FALSE,FALSE,0
urn:lsid:dyntaxa.se:TaxonName:389345,Depazea pyrolae,species,"",Fungi,Ascomycota,Dothideomycetes,Capnodiales,Mycosphaerellaceae,"",depazea pyrolae,FALSE,FALSE,FALSE,0
urn:lsid:dyntaxa.se:TaxonName:2265,Dermatocarpon daedaleum v. corticola,species,"",Fungi,Ascomycota,Eurotiomycetes,Verrucariales,Verrucariaceae,"",dermatocarpon daedaleum,FALSE,FALSE,FALSE,0
urn:lsid:dyntaxa.se:TaxonName:2264,Dermatocarpon psoromoides,species,"",Fungi,Ascomycota,Eurotiomycetes,Verrucariales,Verrucariaceae,"",dermatocarpon psoromoides,FALSE,FALSE,FALSE,0
urn:lsid:dyntaxa.se:TaxonName:25273,Dermestes atomarius,species,"",Animalia,Arthropoda,Insecta,Coleoptera,Dermestidae,"",dermestes atomarius,FALSE,FALSE,FALSE,0
urn:lsid:dyntaxa.se:TaxonName:392819,Dermestes linearis,species,"",Animalia,Arthropoda,Insecta,Coleoptera,Bostrichidae,"",dermestes linearis,FALSE,FALSE,FALSE,0
urn:lsid:dyntaxa.se:TaxonName:394515,Dermestes sexdentatus,species,"",Animalia,Arthropoda,Insecta,Coleoptera,Curculionidae,"",dermestes sexdentatus,FALSE,FALSE,FALSE,0
urn:lsid:dyntaxa.se:Taxon:100814,Dermestoides sanguinicollis,species,RE,Animalia,Arthropoda,Insecta,Coleoptera,Cleridae,native,dermestoides sanguinicollis,FALSE,FALSE,FALSE,0
urn:lsid:dyntaxa.se:TaxonName:108948,Dermocybe cinnabarina,species,"",Fungi,Basidiomycota,Agaricomycetes,Agaricales,Cortinariaceae,"",dermocybe cinnabarina,FALSE,FALSE,FALSE,0
urn:lsid:dyntaxa.se:TaxonName:96150,Descarpentriesina variolosa,species,"",Animalia,Arthropoda,Insecta,Coleoptera,Buprestidae,"",descarpentriesina variolosa,FALSE,FALSE,FALSE,0
urn:lsid:dyntaxa.se:TaxonName:297,Desmatodon cernuus,species,"",Plantae,Bryophyta,Bryopsida,Pottiales,Pottiaceae,"",desmatodon cernuus,FALSE,FALSE,FALSE,0
urn:lsid:dyntaxa.se:TaxonName:298,Desmatodon leucostoma,species,"",Plantae,Bryophyta,Bryopsida,Pottiales,Pottiaceae,"",desmatodon leucostoma,FALSE,FALSE,FALSE,0
urn:lsid:dyntaxa.se:TaxonName:299,Desmatodon randii,species,"",Plantae,Bryophyta,Bryopsida,Pottiales,Pottiaceae,"",desmatodon randii,FALSE,FALSE,FALSE,0
urn:lsid:dyntaxa.se:TaxonName:9839,Desmatodon suberectus,species,"",Plantae,Bryophyta,Bryopsida,Pottiales,Pottiaceae,"",desmatodon suberectus,FALSE,FALSE,FALSE,0
urn:lsid:dyntaxa.se:TaxonName:300,Desmatodon systylius,species,"",Plantae,Bryophyta,Bryopsida,Pottiales,Pottiaceae,"",desmatodon systylius,FALSE,FALSE,FALSE,0
urn:lsid:dyntaxa.se:Taxon:263706,Desmosiphon maculans,species,DD,Bacteria,Cyanobacteria,Cyanophyceae,Nostocales,Capsosiraceae,native,desmosiphon maculans,FALSE,FALSE,FALSE,0
urn:lsid:dyntaxa.se:Taxon:102729,Devonia perrieri,species,DD,Animalia,Mollusca,Bivalvia,Veneroida,Lasaeidae,native,devonia perrieri,FALSE,FALSE,FALSE,0
urn:lsid:dyntaxa.se:Taxon:234244,Dextrogaster suecica,species,DD,Animalia,Chordata,"",Phlebobranchiata,Corellidae,native,dextrogaster suecica,FALSE,FALSE,FALSE,0
urn:lsid:dyntaxa.se:TaxonName:58738,Dianthus saxifragus,species,"",Plantae,Tracheophyta,Magnoliopsida,Caryophyllales,Caryophyllaceae,"",dianthus saxifragus,FALSE,FALSE,FALSE,0
urn:lsid:dyntaxa.se:TaxonName:25234,Dicerca acuminata,species,"",Animalia,Arthropoda,Insecta,Coleoptera,Buprestidae,"",dicerca acuminata,FALSE,FALSE,FALSE,0
urn:lsid:dyntaxa.se:Taxon:100820,Dicerca aenea,species,RE,Animalia,Arthropoda,Insecta,Coleoptera,Buprestidae,native,dicerca aenea,FALSE,FALSE,FALSE,0
urn:lsid:dyntaxa.se:Taxon:100824,Dichomeris limosella,species,VU,Animalia,Arthropoda,Insecta,Lepidoptera,Gelechiidae,native,dichomeris limosella,FALSE,FALSE,FALSE,0
urn:lsid:dyntaxa.se:TaxonName:52763,Dichostereum granulosum,species,"",Fungi,Basidiomycota,Agaricomycetes,Russulales,Peniophoraceae,"",dichostereum granulosum,FALSE,FALSE,FALSE,0
urn:lsid:dyntaxa.se:Taxon:534,Dicranella riparia,species,VU,Plantae,Bryophyta,Bryopsida,Dicranales,Dicranaceae,native,dicranella riparia,FALSE,FALSE,FALSE,0
urn:lsid:dyntaxa.se:TaxonName:148367,Dicranella riparia,species,"",Plantae,Bryophyta,Bryopsida,Dicranales,Dicranaceae,"",dicranella riparia,FALSE,FALSE,FALSE,0
urn:lsid:dyntaxa.se:TaxonName:115098,Dicranthus elegans,species,"",Animalia,Arthropoda,Insecta,Coleoptera,Curculionidae,"",dicranthus elegans,FALSE,FALSE,FALSE,0
urn:lsid:dyntaxa.se:TaxonName:106300,Dicranum fulvum var. viride,species,"",Plantae,Bryophyta,Bryopsida,Dicranales,Dicranaceae,"",dicranum fulvum,FALSE,FALSE,FALSE,0
urn:lsid:dyntaxa.se:TaxonName:146656,Dictyna ammophila,species,"",Animalia,Arthropoda,Arachnida,Araneae,Dictynidae,"",dictyna ammophila,FALSE,FALSE,FALSE,0
urn:lsid:dyntaxa.se:TaxonName:125491,Dictyopterus cosnardi,species,"",Animalia,Arthropoda,Insecta,Coleoptera,Lycidae,"",dictyopterus cosnardi,FALSE,FALSE,FALSE,0
urn:lsid:dyntaxa.se:TaxonName:125493,Dictyopterus rubens,species,"",Animalia,Arthropoda,Insecta,Coleoptera,Lycidae,"",dictyopterus rubens,FALSE,FALSE,FALSE,0
urn:lsid:dyntaxa.se:TaxonName:276260,Didemnoides variabile,species,"",Animalia,Chordata,"",Aplousobranchiata,Didemnidae,"",didemnoides variabile,FALSE,FALSE,FALSE,0
urn:lsid:dyntaxa.se:TaxonName:276261,Didemnopsis tenerum,species,"",Animalia,Chordata,"",Aplousobranchiata,Didemnidae,"",didemnopsis tenerum,FALSE,FALSE,FALSE,0
urn:lsid:dyntaxa.se:TaxonName:123992,Didemnum gelatinosum,species,"",Animalia,Chordata,"",Aplousobranchiata,Didemnidae,"",didemnum gelatinosum,FALSE,FALSE,FALSE,0
urn:lsid:dyntaxa.se:TaxonName:123989,Didemnum niveum,species,"",Animalia,Chordata,"",Aplousobranchiata,Didemnidae,"",didemnum niveum,FALSE,FALSE,FALSE,0
urn:lsid:dyntaxa.se:TaxonName:123843,Didemnum roseum,species,"",Animalia,Chordata,"",Aplousobranchiata,Didemnidae,"",didemnum roseum,FALSE,FALSE,FALSE,0
urn:lsid:dyntaxa.se:TaxonName:325707,Didymodon arcticus,species,"",Plantae,Bryophyta,Bryopsida,Pottiales,Pottiaceae,"",didymodon arcticus,FALSE,FALSE,FALSE,0
urn:lsid:dyntaxa.se:Taxon:542,Didymodon asperifolius,species,EN,Plantae,Bryophyta,Bryopsida,Pottiales,Pottiaceae,native,didymodon asperifolius,FALSE,FALSE,FALSE,0
urn:lsid:dyntaxa.se:TaxonName:324694,Didymodon asperifolius,species,"",Plantae,Bryophyta,Bryopsida,Pottiales,Pottiaceae,"",didymodon asperifolius,FALSE,FALSE,FALSE,0
urn:lsid:dyntaxa.se:Taxon:546,Didymodon sinuosus,species,EN,Plantae,Bryophyta,Bryopsida,Pottiales,Pottiaceae,native,didymodon sinuosus,FALSE,FALSE,FALSE,0
urn:lsid:dyntaxa.se:Taxon:547,Didymodon spadiceus,species,VU,Plantae,Bryophyta,Bryopsida,Pottiales,Pottiaceae,native,didymodon spadiceus,FALSE,FALSE,FALSE,0
urn:lsid:dyntaxa.se:Taxon:102421,Digitivalva arnicella,species,VU,Animalia,Arthropoda,Insecta,Lepidoptera,Glyphipterigidae,native,digitivalva arnicella,FALSE,FALSE,FALSE,0
urn:lsid:dyntaxa.se:Taxon:102422,Digitivalva valeriella,species,CR,Animalia,Arthropoda,Insecta,Lepidoptera,Glyphipterigidae,native,digitivalva valeriella,FALSE,FALSE,FALSE,0
urn:lsid:dyntaxa.se:TaxonName:161024,Dikoleps pusilla,species,"",Animalia,Mollusca,Gastropoda,"",Skeneidae,"",dikoleps pusilla,FALSE,FALSE,FALSE,0
urn:lsid:dyntaxa.se:TaxonName:244600,Dikoleps pusilla,species,"",Animalia,Mollusca,Gastropoda,"",Skeneidae,"",dikoleps pusilla,FALSE,FALSE,FALSE,0
urn:lsid:dyntaxa.se:TaxonName:138822,Dimerella lutea,species,"",Fungi,Ascomycota,Lecanoromycetes,Ostropales,Coenogoniaceae,"",dimerella lutea,FALSE,FALSE,FALSE,0
urn:lsid:dyntaxa.se:TaxonName:118106,Dimorphopterus spinolai,species,"",Animalia,Arthropoda,Insecta,Hemiptera,Blissidae,"",dimorphopterus spinolai,FALSE,FALSE,FALSE,0
urn:lsid:dyntaxa.se:TaxonName:425144,Dineurus austriacus enslini,species,"",Animalia,Arthropoda,Insecta,Hymenoptera,Crabronidae,"",dineurus austriacus,FALSE,FALSE,FALSE,0
urn:lsid:dyntaxa.se:TaxonName:155921,Diodontus tritis,species,"",Animalia,Arthropoda,Insecta,Hymenoptera,Crabronidae,"",diodontus tritis,FALSE,FALSE,FALSE,0
urn:lsid:dyntaxa.se:TaxonName:12604,Dioxys tridentata,species,"",Animalia,Arthropoda,Insecta,Hymenoptera,Megachilidae,"",dioxys tridentata,FALSE,FALSE,FALSE,0
urn:lsid:dyntaxa.se:TaxonName:256761,Diphasiastrum x zeilleri,species,"",Plantae,Tracheophyta,Lycopodiopsida,Lycopodiales,Lycopodiaceae,"",diphasiastrum x,FALSE,FALSE,FALSE,0
urn:lsid:dyntaxa.se:TaxonName:48419,Diphasiastrum × zeilleri,species,"",Plantae,Tracheophyta,Lycopodiopsida,Lycopodiales,Lycopodiaceae,"",diphasiastrum × zeilleri,FALSE,FALSE,FALSE,0
urn:lsid:dyntaxa.se:TaxonName:51694,Diphasium chamaecyparissus,species,"",Plantae,Tracheophyta,Lycopodiopsida,Lycopodiales,Lycopodiaceae,"",diphasium chamaecyparissus,FALSE,FALSE,FALSE,0
urn:lsid:dyntaxa.se:TaxonName:51706,Diphasium complanatum ssp. × zeilleri,species,"",Plantae,Tracheophyta,Lycopodiopsida,Lycopodiales,Lycopodiaceae,"",diphasium complanatum,FALSE,FALSE,FALSE,0
urn:lsid:dyntaxa.se:TaxonName:51709,Diphasium complanatum var. polystachyum,species,"",Plantae,Tracheophyta,Lycopodiopsida,Lycopodiales,Lycopodiaceae,"",diphasium complanatum,FALSE,FALSE,FALSE,0
urn:lsid:dyntaxa.se:TaxonName:256760,Diphasium complanatum ssp. x zeilleri,species,"",Plantae,Tracheophyta,Lycopodiopsida,Lycopodiales,Lycopodiaceae,"",diphasium complanatum,FALSE,FALSE,FALSE,0
urn:lsid:dyntaxa.se:TaxonName:51690,Diphasium complanatum ssp. chamaecyparissus,species,"",Plantae,Tracheophyta,Lycopodiopsida,Lycopodiales,Lycopodiaceae,"",diphasium complanatum,FALSE,FALSE,FALSE,0
urn:lsid:dyntaxa.se:TaxonName:51689,Diphasium tristachyum,species,"",Plantae,Tracheophyta,Lycopodiopsida,Lycopodiales,Lycopodiaceae,"",diphasium tristachyum,FALSE,FALSE,FALSE,0
urn:lsid:dyntaxa.se:TaxonName:256757,Diphasium x zeilleri,species,"",Plantae,Tracheophyta,Lycopodiopsida,Lycopodiales,Lycopodiaceae,"",diphasium x,FALSE,FALSE,FALSE,0
urn:lsid:dyntaxa.se:TaxonName:51707,Diphasium × zeilleri,species,"",Plantae,Tracheophyta,Lycopodiopsida,Lycopodiales,Lycopodiaceae,"",diphasium × zeilleri,FALSE,FALSE,FALSE,0
urn:lsid:dyntaxa.se:TaxonName:125488,Diphyllus lunatus,species,"",Animalia,Arthropoda,Insecta,Coleoptera,Biphyllidae,"",diphyllus lunatus,FALSE,FALSE,FALSE,0
urn:lsid:dyntaxa.se:Taxon:102568,Diplocephalus dentatus,species,DD,Animalia,Arthropoda,Arachnida,Araneae,Linyphiidae,native,diplocephalus dentatus,FALSE,FALSE,FALSE,0
urn:lsid:dyntaxa.se:TaxonName:152621,Diplomitoporus lenis,species,"",Fungi,Basidiomycota,Agaricomycetes,Hymenochaetales,"Hymenochaetales, genera incertae sedis","",diplomitoporus lenis,FALSE,FALSE,FALSE,0
urn:lsid:dyntaxa.se:TaxonName:245093,Diplorhoptrum fugax,species,"",Animalia,Arthropoda,Insecta,Hymenoptera,Formicidae,"",diplorhoptrum fugax,FALSE,FALSE,FALSE,0
urn:lsid:dyntaxa.se:TaxonName:276264,Diplosoma chamaeleon,species,"",Animalia,Chordata,"",Aplousobranchiata,Didemnidae,"",diplosoma chamaeleon,FALSE,FALSE,FALSE,0
urn:lsid:dyntaxa.se:TaxonName:276266,Diplosoma macdonaldi,species,"",Animalia,Chordata,"",Aplousobranchiata,Didemnidae,"",diplosoma macdonaldi,FALSE,FALSE,FALSE,0
urn:lsid:dyntaxa.se:TaxonName:2655,Diplotomma canescens,species,"",Fungi,Ascomycota,Lecanoromycetes,Caliciales,Caliciaceae,"",diplotomma canescens,FALSE,FALSE,FALSE,0
urn:lsid:dyntaxa.se:Taxon:100840,Dipogon vechti,species,NT,Animalia,Arthropoda,Insecta,Hymenoptera,Pompilidae,native,dipogon vechti,FALSE,FALSE,FALSE,0
urn:lsid:dyntaxa.se:TaxonName:467471,Dipturus flossada,species,"",Animalia,Chordata,Chondrichthyes,Rajiformes,Rajidae,"",dipturus flossada,FALSE,FALSE,FALSE,0
urn:lsid:dyntaxa.se:TaxonName:9734,Dipturus linteus,species,"",Animalia,Chordata,Chondrichthyes,Rajiformes,Rajidae,"",dipturus linteus,FALSE,FALSE,FALSE,0
urn:lsid:dyntaxa.se:TaxonName:445020,Dipturus linteus,species,"",Animalia,Chordata,Chondrichthyes,Rajiformes,Rajidae,"",dipturus linteus,FALSE,FALSE,FALSE,0
urn:lsid:dyntaxa.se:TaxonName:467473,Dipturus sp. cf. flossada,species,"",Animalia,Chordata,Chondrichthyes,Rajiformes,Rajidae,"",dipturus sp. cf. flossada,FALSE,FALSE,FALSE,0
urn:lsid:dyntaxa.se:TaxonName:125486,Dirrhagus sahlbergi,species,"",Animalia,Arthropoda,Insecta,Coleoptera,Eucnemidae,"",dirrhagus sahlbergi,FALSE,FALSE,FALSE,0
urn:lsid:dyntaxa.se:TaxonName:74970,Discina parma,species,"",Fungi,Ascomycota,Pezizomycetes,Pezizales,Discinaceae,"",discina parma,FALSE,FALSE,FALSE,0
urn:lsid:dyntaxa.se:TaxonName:152997,Disciseda circumscissa,species,"",Fungi,Basidiomycota,Agaricomycetes,Agaricales,Agaricaceae,"",disciseda circumscissa,FALSE,FALSE,FALSE,0
urn:lsid:dyntaxa.se:TaxonName:408091,Ditiola conformis,species,"",Fungi,Basidiomycota,Dacrymycetes,Dacrymycetales,Dacrymycetaceae,"",ditiola conformis,FALSE,FALSE,FALSE,0
urn:lsid:dyntaxa.se:TaxonName:408101,Ditiola pezizaeformis,species,"",Fungi,Basidiomycota,Dacrymycetes,Dacrymycetales,Dacrymycetaceae,"",ditiola pezizaeformis,FALSE,FALSE,FALSE,0
urn:lsid:dyntaxa.se:TaxonName:72231,Dolichomitus brevicornis,species,"",Animalia,Arthropoda,Insecta,Hymenoptera,Ichneumonidae,"",dolichomitus brevicornis,FALSE,FALSE,FALSE,0
urn:lsid:dyntaxa.se:TaxonName:433285,Dolichopeza (Dolichopeza) bifida,species,"",Animalia,Arthropoda,Insecta,Diptera,Tipulidae,"",dolichopeza (dolichopeza) bifida,FALSE,FALSE,FALSE,0
urn:lsid:dyntaxa.se:TaxonName:104687,Dolichopeza nitida,species,"",Animalia,Arthropoda,Insecta,Diptera,Tipulidae,"",dolichopeza nitida,FALSE,FALSE,FALSE,0
urn:lsid:dyntaxa.se:Taxon:240017,Dolichopus maculicornis,species,DD,Animalia,Arthropoda,Insecta,Diptera,Dolichopodidae,native,dolichopus maculicornis,FALSE,FALSE,FALSE,0
urn:lsid:dyntaxa.se:Taxon:240046,Dolichopus ruthei,species,DD,Animalia,Arthropoda,Insecta,Diptera,Dolichopodidae,native,dolichopus ruthei,FALSE,FALSE,FALSE,0
urn:lsid:dyntaxa.se:TaxonName:246957,Dolichotheca turfacea,species,"",Plantae,Bryophyta,Bryopsida,Hypnales,Plagiotheciaceae,"",dolichotheca turfacea,FALSE,FALSE,FALSE,0
urn:lsid:dyntaxa.se:TaxonName:102135,Dorcatoma jansoni,species,"",Animalia,Arthropoda,Insecta,Coleoptera,Ptinidae,"",dorcatoma jansoni,FALSE,FALSE,FALSE,0
urn:lsid:dyntaxa.se:TaxonName:236963,Doris auriculata,species,"",Animalia,Mollusca,Gastropoda,Nudibranchia,Facelinidae,"",doris auriculata,FALSE,FALSE,FALSE,0
urn:lsid:dyntaxa.se:TaxonName:236098,Doris depressa,species,"",Animalia,Mollusca,Gastropoda,Nudibranchia,Onchidorididae,"",doris depressa,FALSE,FALSE,FALSE,0
urn:lsid:dyntaxa.se:TaxonName:236099,Doris inconspicua,species,"",Animalia,Mollusca,Gastropoda,Nudibranchia,Onchidorididae,"",doris inconspicua,FALSE,FALSE,FALSE,0
urn:lsid:dyntaxa.se:TaxonName:236023,Doris loveni,species,"",Animalia,Mollusca,Gastropoda,Nudibranchia,Onchidorididae,"",doris loveni,FALSE,FALSE,FALSE,0
urn:lsid:dyntaxa.se:TaxonName:237316,Doris pinnatifida,species,"",Animalia,Mollusca,Gastropoda,Nudibranchia,Dotidae,"",doris pinnatifida,FALSE,FALSE,FALSE,0
urn:lsid:dyntaxa.se:TaxonName:236026,Doris proxima,species,"",Animalia,Mollusca,Gastropoda,Nudibranchia,Onchidorididae,"",doris proxima,FALSE,FALSE,FALSE,0
urn:lsid:dyntaxa.se:TaxonName:236120,Doris pusilla,species,"",Animalia,Mollusca,Gastropoda,Nudibranchia,Onchidorididae,"",doris pusilla,FALSE,FALSE,FALSE,0
urn:lsid:dyntaxa.se:TaxonName:277468,Doris quadricornis,species,"",Animalia,Mollusca,Gastropoda,Nudibranchia,Goniodorididae,"",doris quadricornis,FALSE,FALSE,FALSE,0
urn:lsid:dyntaxa.se:TaxonName:235963,Doris rubra,species,"",Animalia,Mollusca,Gastropoda,Nudibranchia,Discodorididae,"",doris rubra,FALSE,FALSE,FALSE,0
urn:lsid:dyntaxa.se:TaxonName:236125,Doris sparsa,species,"",Animalia,Mollusca,Gastropoda,Nudibranchia,Onchidorididae,"",doris sparsa,FALSE,FALSE,FALSE,0
urn:lsid:dyntaxa.se:TaxonName:9075,Dothidea lichenum,species,"",Fungi,Ascomycota,Arthoniomycetes,Arthoniales,Lecanographaceae,"",dothidea lichenum,FALSE,FALSE,FALSE,0
urn:lsid:dyntaxa.se:Taxon:218136,Doto crassicornis,species,RE,Animalia,Mollusca,Gastropoda,Nudibranchia,Dotidae,native,doto crassicornis,FALSE,FALSE,FALSE,0
urn:lsid:dyntaxa.se:TaxonName:189,Doto crassicornis,species,"",Animalia,Mollusca,Gastropoda,Nudibranchia,Dotidae,"",doto crassicornis,FALSE,FALSE,FALSE,0
urn:lsid:dyntaxa.se:Taxon:218137,Doto cuspidata,species,VU,Animalia,Mollusca,Gastropoda,Nudibranchia,Dotidae,native,doto cuspidata,FALSE,FALSE,FALSE,0
urn:lsid:dyntaxa.se:TaxonName:190,Doto cuspidata,species,"",Animalia,Mollusca,Gastropoda,Nudibranchia,Dotidae,"",doto cuspidata,FALSE,FALSE,FALSE,0
urn:lsid:dyntaxa.se:Taxon:6001782,Doto pinnatifida,species,DD,Animalia,Mollusca,Gastropoda,Nudibranchia,Dotidae,native,doto pinnatifida,FALSE,FALSE,FALSE,0
urn:lsid:dyntaxa.se:Taxon:218140,Doto tuberculata,species,VU,Animalia,Mollusca,Gastropoda,Nudibranchia,Dotidae,native,doto tuberculata,FALSE,FALSE,FALSE,0
urn:lsid:dyntaxa.se:TaxonName:193,Doto tuberculata,species,"",Animalia,Mollusca,Gastropoda,Nudibranchia,Dotidae,"",doto tuberculata,FALSE,FALSE,FALSE,0
urn:lsid:dyntaxa.se:TaxonName:65164,Draba gredinii,species,"",Plantae,Tracheophyta,Magnoliopsida,Brassicales,Brassicaceae,"",draba gredinii,FALSE,FALSE,FALSE,0
urn:lsid:dyntaxa.se:TaxonName:65165,Draba pauciflora,species,"",Plantae,Tracheophyta,Magnoliopsida,Brassicales,Brassicaceae,"",draba pauciflora,FALSE,FALSE,FALSE,0
urn:lsid:dyntaxa.se:TaxonName:65152,Draba wahlenbergii var. homotricha,species,"",Plantae,Tracheophyta,Magnoliopsida,Brassicales,Brassicaceae,"",draba wahlenbergii,FALSE,FALSE,FALSE,0
urn:lsid:dyntaxa.se:TaxonName:77633,Dracocephalum triflorum,species,"",Plantae,Tracheophyta,Magnoliopsida,Lamiales,Lamiaceae,"",dracocephalum triflorum,FALSE,FALSE,FALSE,0
urn:lsid:dyntaxa.se:TaxonName:461382,Draparnaldia glomerata var. acuta,species,"",Plantae,Chlorophyta,Chlorophyceae,Chaetophorales,Chaetophoraceae,"",draparnaldia glomerata,FALSE,FALSE,FALSE,0
urn:lsid:dyntaxa.se:TaxonName:25251,Drapetes biguttatus,species,"",Animalia,Arthropoda,Insecta,Coleoptera,Elateridae,"",drapetes biguttatus,FALSE,FALSE,FALSE,0
urn:lsid:dyntaxa.se:TaxonName:25250,Drapetes cinctus,species,"",Animalia,Arthropoda,Insecta,Coleoptera,Elateridae,"",drapetes cinctus,FALSE,FALSE,FALSE,0
urn:lsid:dyntaxa.se:Taxon:219111,Drassyllus pumilus,species,DD,Animalia,Arthropoda,Arachnida,Araneae,Gnaphosidae,native,drassyllus pumilus,FALSE,FALSE,FALSE,0
urn:lsid:dyntaxa.se:TaxonName:246557,Drepanocladus lapponicus,species,"",Plantae,Bryophyta,Bryopsida,Hypnales,Calliergonaceae,"",drepanocladus lapponicus,FALSE,FALSE,FALSE,0
urn:lsid:dyntaxa.se:Taxon:6001984,Dropephylla heerii,species,DD,Animalia,Arthropoda,Insecta,Coleoptera,Staphylinidae,native,dropephylla heerii,FALSE,FALSE,FALSE,0
urn:lsid:dyntaxa.se:TaxonName:289519,Drosophila oldenbergi,species,"",Animalia,Arthropoda,Insecta,Diptera,Drosophilidae,"",drosophila oldenbergi,FALSE,FALSE,FALSE,0
urn:lsid:dyntaxa.se:Taxon:643,Drymochloa sylvatica,species,NT,Plantae,Tracheophyta,Liliopsida,Poales,Poaceae,native,drymochloa sylvatica,FALSE,FALSE,FALSE,0
urn:lsid:dyntaxa.se:TaxonName:62728,Dryomyza senilis,species,"",Animalia,Arthropoda,Insecta,Diptera,Dryomyzidae,"",dryomyza senilis,FALSE,FALSE,FALSE,0
urn:lsid:dyntaxa.se:TaxonName:51862,Dryopteris robertiana,species,"",Plantae,Tracheophyta,Polypodiopsida,Polypodiales,Cystopteridaceae,"",dryopteris robertiana,FALSE,FALSE,FALSE,0
urn:lsid:dyntaxa.se:TaxonName:32464,Dudresnaya divaricata,species,"",Plantae,Rhodophyta,Florideophyceae,Nemaliales,Liagoraceae,"",dudresnaya divaricata,FALSE,FALSE,FALSE,0
urn:lsid:dyntaxa.se:TaxonName:115744,Dymas typus,species,"",Animalia,Arthropoda,Malacostraca,Decapoda,Pandalidae,"",dymas typus,FALSE,FALSE,FALSE,0
urn:lsid:dyntaxa.se:TaxonName:96568,Ebaeus pedicularius,species,"",Animalia,Arthropoda,Insecta,Coleoptera,Malachiidae,"",ebaeus pedicularius,FALSE,FALSE,FALSE,0
urn:lsid:dyntaxa.se:Taxon:101596,Eblisia minor,species,NT,Animalia,Arthropoda,Insecta,Coleoptera,Histeridae,native,eblisia minor,FALSE,FALSE,FALSE,0
urn:lsid:dyntaxa.se:TaxonName:137338,Echinoderma echinacea,species,"",Fungi,Basidiomycota,Agaricomycetes,Agaricales,Agaricaceae,"",echinoderma echinacea,FALSE,FALSE,FALSE,0
urn:lsid:dyntaxa.se:TaxonName:137336,Echinoderma perplexa,species,"",Fungi,Basidiomycota,Agaricomycetes,Agaricales,Agaricaceae,"",echinoderma perplexa,FALSE,FALSE,FALSE,0
urn:lsid:dyntaxa.se:TaxonName:137339,Echinoderma pseudoasperula,species,"",Fungi,Basidiomycota,Agaricomycetes,Agaricales,Agaricaceae,"",echinoderma pseudoasperula,FALSE,FALSE,FALSE,0
urn:lsid:dyntaxa.se:TaxonName:87417,Echinodorus ranunculoides f. repens,species,"",Plantae,Tracheophyta,Liliopsida,Alismatales,Alismataceae,"",echinodorus ranunculoides,FALSE,FALSE,FALSE,0
urn:lsid:dyntaxa.se:TaxonName:58479,Echinopsilon hirsutum,species,"",Plantae,Tracheophyta,Magnoliopsida,Caryophyllales,Amaranthaceae,"",echinopsilon hirsutum,FALSE,FALSE,FALSE,0
urn:lsid:dyntaxa.se:TaxonName:77537,Echinospermum deflexum,species,"",Plantae,Tracheophyta,Magnoliopsida,Boraginales,Boraginaceae,"",echinospermum deflexum,FALSE,FALSE,FALSE,0
urn:lsid:dyntaxa.se:TaxonName:77545,Echinospermum lappula,species,"",Plantae,Tracheophyta,Magnoliopsida,Boraginales,Boraginaceae,"",echinospermum lappula,FALSE,FALSE,FALSE,0
urn:lsid:dyntaxa.se:TaxonName:244483,Eciton testaceum,species,"",Animalia,Arthropoda,Insecta,Hymenoptera,Formicidae,"",eciton testaceum,FALSE,FALSE,FALSE,0
urn:lsid:dyntaxa.se:TaxonName:10512,Ectocarpus globifer,species,"",Chromista,Ochrophyta,Phaeophyceae,Ectocarpales,Acinetosporaceae,"",ectocarpus globifer,FALSE,FALSE,FALSE,0
urn:lsid:dyntaxa.se:TaxonName:36734,Ectocarpus mertensi,species,"",Chromista,Ochrophyta,Phaeophyceae,Tilopteridales,Tilopteridaceae,"",ectocarpus mertensi,FALSE,FALSE,FALSE,0
urn:lsid:dyntaxa.se:TaxonName:10509,Ectocarpus mertensii,species,"",Chromista,Ochrophyta,Phaeophyceae,Tilopteridales,Tilopteridaceae,"",ectocarpus mertensii,FALSE,FALSE,FALSE,0
urn:lsid:dyntaxa.se:TaxonName:10585,Ectocarpus reinboldii,species,"",Chromista,Ochrophyta,Phaeophyceae,Ectocarpales,Chordariaceae,"",ectocarpus reinboldii,FALSE,FALSE,FALSE,0
urn:lsid:dyntaxa.se:TaxonName:15296,Ectocarpus stilophorae,species,"",Chromista,Ochrophyta,Phaeophyceae,Ectocarpales,Chordariaceae,"",ectocarpus stilophorae,FALSE,FALSE,FALSE,0
urn:lsid:dyntaxa.se:Taxon:213873,Ectoedemia amani,species,NT,Animalia,Arthropoda,Insecta,Lepidoptera,Nepticulidae,native,ectoedemia amani,FALSE,FALSE,FALSE,0
urn:lsid:dyntaxa.se:TaxonName:106411,Eicolyctus brunneus,species,"",Animalia,Arthropoda,Insecta,Coleoptera,Erotylidae,"",eicolyctus brunneus,FALSE,FALSE,FALSE,0
urn:lsid:dyntaxa.se:TaxonName:115753,Eiconaxius coronatus,species,"",Animalia,Arthropoda,Malacostraca,Decapoda,Axiidae,"",eiconaxius coronatus,FALSE,FALSE,FALSE,0
urn:lsid:dyntaxa.se:TaxonName:148061,Eilema cereola,species,"",Animalia,Arthropoda,Insecta,Lepidoptera,Erebidae,"",eilema cereola,FALSE,FALSE,FALSE,0
urn:lsid:dyntaxa.se:TaxonName:147564,Eilema pygmaeola,species,"",Animalia,Arthropoda,Insecta,Lepidoptera,Erebidae,"",eilema pygmaeola,FALSE,FALSE,FALSE,0
urn:lsid:dyntaxa.se:Taxon:201257,Eilema pygmaeolum,species,NT,Animalia,Arthropoda,Insecta,Lepidoptera,Erebidae,native,eilema pygmaeolum,FALSE,FALSE,FALSE,0
urn:lsid:dyntaxa.se:TaxonName:19846,Elachista boyerella,species,"",Animalia,Arthropoda,Insecta,Lepidoptera,Bucculatricidae,"",elachista boyerella,FALSE,FALSE,FALSE,0
urn:lsid:dyntaxa.se:TaxonName:11008,Elachista haydenii,species,"",Chromista,Ochrophyta,Phaeophyceae,Ectocarpales,Chordariaceae,"",elachista haydenii,FALSE,FALSE,FALSE,0
urn:lsid:dyntaxa.se:TaxonName:127804,Elachista megerlella,species,"",Animalia,Arthropoda,Insecta,Lepidoptera,Elachistidae,"",elachista megerlella,FALSE,FALSE,FALSE,0
urn:lsid:dyntaxa.se:TaxonName:36788,Elachista moniliformis,species,"",Chromista,Ochrophyta,Phaeophyceae,Ectocarpales,Chordariaceae,"",elachista moniliformis,FALSE,FALSE,FALSE,0
urn:lsid:dyntaxa.se:TaxonName:112397,Elachista subnitidella,species,"",Animalia,Arthropoda,Insecta,Lepidoptera,Nepticulidae,"",elachista subnitidella,FALSE,FALSE,FALSE,0
urn:lsid:dyntaxa.se:TaxonName:481548,Elampus sanzii,species,"",Animalia,Arthropoda,Insecta,Hymenoptera,Chrysididae,"",elampus sanzii,FALSE,FALSE,FALSE,0
urn:lsid:dyntaxa.se:TaxonName:269201,Elampus spina,species,"",Animalia,Arthropoda,Insecta,Hymenoptera,Chrysididae,"",elampus spina,FALSE,FALSE,FALSE,0
urn:lsid:dyntaxa.se:TaxonName:269193,Elampus truncatus,species,"",Animalia,Arthropoda,Insecta,Hymenoptera,Chrysididae,"",elampus truncatus,FALSE,FALSE,FALSE,0
urn:lsid:dyntaxa.se:Taxon:574,Elaphomyces striatosporus,species,VU,Fungi,Ascomycota,Eurotiomycetes,Eurotiales,Elaphomycetaceae,native,elaphomyces striatosporus,FALSE,FALSE,FALSE,0
urn:lsid:dyntaxa.se:TaxonName:89904,Elaphomyces uliginosus,species,"",Fungi,Ascomycota,Eurotiomycetes,Eurotiales,Elaphomycetaceae,"",elaphomyces uliginosus,FALSE,FALSE,FALSE,0
urn:lsid:dyntaxa.se:TaxonName:160049,Elasmomyces krjukowensis,species,"",Fungi,Basidiomycota,Agaricomycetes,Russulales,Russulaceae,"",elasmomyces krjukowensis,FALSE,FALSE,FALSE,0
urn:lsid:dyntaxa.se:TaxonName:326027,Elasmomyces krjukowensis,species,"",Fungi,Basidiomycota,Agaricomycetes,Russulales,Russulaceae,"",elasmomyces krjukowensis,FALSE,FALSE,FALSE,0
urn:lsid:dyntaxa.se:TaxonName:146829,Elater borealis,species,"",Animalia,Arthropoda,Insecta,Coleoptera,Elateridae,"",elater borealis,FALSE,FALSE,FALSE,0
urn:lsid:dyntaxa.se:TaxonName:146832,Elater cardinalis,species,"",Animalia,Arthropoda,Insecta,Coleoptera,Elateridae,"",elater cardinalis,FALSE,FALSE,FALSE,0
urn:lsid:dyntaxa.se:TaxonName:146828,Elater elegantulus,species,"",Animalia,Arthropoda,Insecta,Coleoptera,Elateridae,"",elater elegantulus,FALSE,FALSE,FALSE,0
urn:lsid:dyntaxa.se:TaxonName:146834,Elater erythrogonus,species,"",Animalia,Arthropoda,Insecta,Coleoptera,Elateridae,"",elater erythrogonus,FALSE,FALSE,FALSE,0
urn:lsid:dyntaxa.se:TaxonName:146824,Elater nigerrimus,species,"",Animalia,Arthropoda,Insecta,Coleoptera,Elateridae,"",elater nigerrimus,FALSE,FALSE,FALSE,0
urn:lsid:dyntaxa.se:TaxonName:146831,Elater praeustus,species,"",Animalia,Arthropoda,Insecta,Coleoptera,Elateridae,"",elater praeustus,FALSE,FALSE,FALSE,0
urn:lsid:dyntaxa.se:TaxonName:146819,Elater rufipennis,species,"",Animalia,Arthropoda,Insecta,Coleoptera,Elateridae,"",elater rufipennis,FALSE,FALSE,FALSE,0
urn:lsid:dyntaxa.se:TaxonName:146823,Elater sanguinolentus,species,"",Animalia,Arthropoda,Insecta,Coleoptera,Elateridae,"",elater sanguinolentus,FALSE,FALSE,FALSE,0
urn:lsid:dyntaxa.se:TaxonName:87869,Eleogiton fluitans,species,"",Plantae,Tracheophyta,Liliopsida,Poales,Cyperaceae,"",eleogiton fluitans,FALSE,FALSE,FALSE,0
urn:lsid:dyntaxa.se:TaxonName:87419,Elisma natans,species,"",Plantae,Tracheophyta,Liliopsida,Alismatales,Alismataceae,"",elisma natans,FALSE,FALSE,FALSE,0
urn:lsid:dyntaxa.se:TaxonName:269155,Ellampus biaccinctus,species,"",Animalia,Arthropoda,Insecta,Hymenoptera,Chrysididae,"",ellampus biaccinctus,FALSE,FALSE,FALSE,0
urn:lsid:dyntaxa.se:TaxonName:2373,Embolidium fennicum,species,"",Fungi,Ascomycota,Eurotiomycetes,Mycocaliciales,Mycocaliciaceae,"",embolidium fennicum,FALSE,FALSE,FALSE,0
urn:lsid:dyntaxa.se:TaxonName:139566,Emmelia trabealis,species,"",Animalia,Arthropoda,Insecta,Lepidoptera,Noctuidae,"",emmelia trabealis,FALSE,FALSE,FALSE,0
urn:lsid:dyntaxa.se:TaxonName:106334,Encalypta longicollis,species,"",Plantae,Bryophyta,Bryopsida,Encalyptales,Encalyptaceae,"",encalypta longicollis,FALSE,FALSE,FALSE,0
urn:lsid:dyntaxa.se:TaxonName:9089,Encephalographa interjecta,species,"",Fungi,Ascomycota,Lecanoromycetes,Rhizocarpales,Rhizocarpaceae,"",encephalographa interjecta,FALSE,FALSE,FALSE,0
urn:lsid:dyntaxa.se:TaxonName:127183,Endocarpon sommerfeltii,species,"",Fungi,Ascomycota,Lecanoromycetes,Pertusariales,Pertusariaceae,"",endocarpon sommerfeltii,FALSE,FALSE,FALSE,0
urn:lsid:dyntaxa.se:TaxonName:160055,Endoptychum agaricoides,species,"",Fungi,Basidiomycota,Agaricomycetes,Agaricales,Agaricaceae,"",endoptychum agaricoides,FALSE,FALSE,FALSE,0
urn:lsid:dyntaxa.se:TaxonName:235556,Endoptychum agaricoides,species,"",Fungi,Basidiomycota,Agaricomycetes,Agaricales,Agaricaceae,"",endoptychum agaricoides,FALSE,FALSE,FALSE,0
urn:lsid:dyntaxa.se:TaxonName:284295,Endosiphonia thuretii,species,"",Plantae,Rhodophyta,Florideophyceae,Hapalidiales,Hapalidiaceae,"",endosiphonia thuretii,FALSE,FALSE,FALSE,0
urn:lsid:dyntaxa.se:TaxonName:111972,Endrosa irrorella,species,"",Animalia,Arthropoda,Insecta,Lepidoptera,Erebidae,"",endrosa irrorella,FALSE,FALSE,FALSE,0
urn:lsid:dyntaxa.se:TaxonName:114634,Enedreytes sepicola,species,"",Animalia,Arthropoda,Insecta,Coleoptera,Anthribidae,"",enedreytes sepicola,FALSE,FALSE,FALSE,0
urn:lsid:dyntaxa.se:TaxonName:331250,Enicospilus tournieri,species,"",Animalia,Arthropoda,Insecta,Hymenoptera,Ichneumonidae,"",enicospilus tournieri,FALSE,FALSE,FALSE,0
urn:lsid:dyntaxa.se:TaxonName:25365,Ennearthron filum,species,"",Animalia,Arthropoda,Insecta,Coleoptera,Ciidae,"",ennearthron filum,FALSE,FALSE,FALSE,0
urn:lsid:dyntaxa.se:TaxonName:116317,Entalina quinquangularis,species,"",Animalia,Mollusca,Scaphopoda,Gadilida,Entalinidae,"",entalina quinquangularis,FALSE,FALSE,FALSE,0
urn:lsid:dyntaxa.se:TaxonName:137100,Entelecara depilata,species,"",Animalia,Arthropoda,Arachnida,Araneae,Linyphiidae,"",entelecara depilata,FALSE,FALSE,FALSE,0
urn:lsid:dyntaxa.se:TaxonName:13776,Enterographa graphidioides,species,"",Fungi,Ascomycota,Arthoniomycetes,Arthoniales,Roccellaceae,"",enterographa graphidioides,FALSE,FALSE,FALSE,0
urn:lsid:dyntaxa.se:TaxonName:13775,Enterographa rimata,species,"",Fungi,Ascomycota,Arthoniomycetes,Arthoniales,Roccellaceae,"",enterographa rimata,FALSE,FALSE,FALSE,0
urn:lsid:dyntaxa.se:TaxonName:96379,Enteromorpha chadefaudii,species,"",Plantae,Chlorophyta,Ulvophyceae,Ulvales,Kornmanniaceae,"",enteromorpha chadefaudii,FALSE,FALSE,FALSE,0
urn:lsid:dyntaxa.se:Taxon:598,Entoloma griseorubidum,species,NT,Fungi,Basidiomycota,Agaricomycetes,Agaricales,Entolomataceae,native,entoloma griseorubidum,FALSE,FALSE,FALSE,0
urn:lsid:dyntaxa.se:TaxonName:444391,Entoloma moguntinum,species,"",Fungi,Basidiomycota,Agaricomycetes,Agaricales,Entolomataceae,"",entoloma moguntinum,FALSE,FALSE,FALSE,0
urn:lsid:dyntaxa.se:Taxon:4016,Entoloma pratulense,species,DD,Fungi,Basidiomycota,Agaricomycetes,Agaricales,Entolomataceae,native,entoloma pratulense,FALSE,FALSE,FALSE,0
urn:lsid:dyntaxa.se:Taxon:100905,Entomobora crassitarsis,species,RE,Animalia,Arthropoda,Insecta,Hymenoptera,Pompilidae,native,entomobora crassitarsis,FALSE,FALSE,FALSE,0
urn:lsid:dyntaxa.se:TaxonName:319221,Entosthodon ericetorum,species,"",Plantae,Bryophyta,Bryopsida,Funariales,Funariaceae,"",entosthodon ericetorum,FALSE,FALSE,FALSE,0
urn:lsid:dyntaxa.se:TaxonName:147120,Entosthodon muehlenbergii,species,"",Plantae,Bryophyta,Bryopsida,Funariales,Funariaceae,"",entosthodon muehlenbergii,FALSE,FALSE,FALSE,0
urn:lsid:dyntaxa.se:TaxonName:236968,Eolidia coronata,species,"",Animalia,Mollusca,Gastropoda,Nudibranchia,Facelinidae,"",eolidia coronata,FALSE,FALSE,FALSE,0
urn:lsid:dyntaxa.se:TaxonName:237076,Eolidia foliata,species,"",Animalia,Mollusca,Gastropoda,Nudibranchia,Trinchesiidae,"",eolidia foliata,FALSE,FALSE,FALSE,0
urn:lsid:dyntaxa.se:TaxonName:237053,Eolis amoena,species,"",Animalia,Mollusca,Gastropoda,Nudibranchia,Trinchesiidae,"",eolis amoena,FALSE,FALSE,FALSE,0
urn:lsid:dyntaxa.se:TaxonName:407599,Eolis aurantia,species,"",Animalia,Mollusca,Gastropoda,Nudibranchia,Trinchesiidae,"",eolis aurantia,FALSE,FALSE,FALSE,0
urn:lsid:dyntaxa.se:TaxonName:236874,Eolis cingulata,species,"",Animalia,Mollusca,Gastropoda,Nudibranchia,Eubranchidae,"",eolis cingulata,FALSE,FALSE,FALSE,0
urn:lsid:dyntaxa.se:TaxonName:236905,Eolis farrani,species,"",Animalia,Mollusca,Gastropoda,Nudibranchia,Eubranchidae,"",eolis farrani,FALSE,FALSE,FALSE,0
urn:lsid:dyntaxa.se:TaxonName:277676,Eolis glaucoides,species,"",Animalia,Mollusca,Gastropoda,Nudibranchia,Calmidae,"",eolis glaucoides,FALSE,FALSE,FALSE,0
urn:lsid:dyntaxa.se:TaxonName:237130,Eolis gymnota,species,"",Animalia,Mollusca,Gastropoda,Nudibranchia,Trinchesiidae,"",eolis gymnota,FALSE,FALSE,FALSE,0
urn:lsid:dyntaxa.se:TaxonName:237111,Eolis olivacea,species,"",Animalia,Mollusca,Gastropoda,Nudibranchia,Trinchesiidae,"",eolis olivacea,FALSE,FALSE,FALSE,0
urn:lsid:dyntaxa.se:TaxonName:236803,Eolis pellucida,species,"",Animalia,Mollusca,Gastropoda,Nudibranchia,Flabellinidae,"",eolis pellucida,FALSE,FALSE,FALSE,0
urn:lsid:dyntaxa.se:TaxonName:237147,Eolis pustulata,species,"",Animalia,Mollusca,Gastropoda,Nudibranchia,Trinchesiidae,"",eolis pustulata,FALSE,FALSE,FALSE,0
urn:lsid:dyntaxa.se:TaxonName:236900,Eolis vittata,species,"",Animalia,Mollusca,Gastropoda,Nudibranchia,Eubranchidae,"",eolis vittata,FALSE,FALSE,FALSE,0
urn:lsid:dyntaxa.se:Taxon:215256,Epermenia falciformis,species,VU,Animalia,Arthropoda,Insecta,Lepidoptera,Epermeniidae,native,epermenia falciformis,FALSE,FALSE,FALSE,0
urn:lsid:dyntaxa.se:TaxonName:155992,Ephemerella recurvifolia,species,"",Plantae,Bryophyta,Bryopsida,Pottiales,Pottiaceae,"",ephemerella recurvifolia,FALSE,FALSE,FALSE,0
urn:lsid:dyntaxa.se:TaxonName:155993,Ephemerella sessilis,species,"",Plantae,Bryophyta,Bryopsida,Pottiales,Pottiaceae,"",ephemerella sessilis,FALSE,FALSE,FALSE,0
urn:lsid:dyntaxa.se:Taxon:618,Ephemerum sessile,species,VU,Plantae,Bryophyta,Bryopsida,Pottiales,Pottiaceae,native,ephemerum sessile,FALSE,FALSE,FALSE,0
urn:lsid:dyntaxa.se:TaxonName:148454,Ephemerum sessile,species,"",Plantae,Bryophyta,Bryopsida,Pottiales,Pottiaceae,"",ephemerum sessile,FALSE,FALSE,FALSE,0
urn:lsid:dyntaxa.se:TaxonName:302831,Ephialtes aciculatus,species,"",Animalia,Arthropoda,Insecta,Hymenoptera,Ichneumonidae,"",ephialtes aciculatus,FALSE,FALSE,FALSE,0
urn:lsid:dyntaxa.se:TaxonName:101390,Ephimeropus petro,species,"",Animalia,Arthropoda,Insecta,Coleoptera,Curculionidae,"",ephimeropus petro,FALSE,FALSE,FALSE,0
urn:lsid:dyntaxa.se:Taxon:100793,Epicallima formosella,species,CR,Animalia,Arthropoda,Insecta,Lepidoptera,Oecophoridae,native,epicallima formosella,FALSE,FALSE,FALSE,0
urn:lsid:dyntaxa.se:Taxon:102732,Epilepton clarkiae,species,DD,Animalia,Mollusca,Bivalvia,Veneroida,Lasaeidae,native,epilepton clarkiae,FALSE,FALSE,FALSE,0
urn:lsid:dyntaxa.se:TaxonName:72896,Epilobium chordorrhizum,species,"",Plantae,Tracheophyta,Magnoliopsida,Myrtales,Onagraceae,"",epilobium chordorrhizum,FALSE,FALSE,FALSE,0
urn:lsid:dyntaxa.se:TaxonName:72897,Epilobium virgatum,species,"",Plantae,Tracheophyta,Magnoliopsida,Myrtales,Onagraceae,"",epilobium virgatum,FALSE,FALSE,FALSE,0
urn:lsid:dyntaxa.se:TaxonName:87305,Epipactis confusa,species,"",Plantae,Tracheophyta,Liliopsida,Asparagales,Orchidaceae,"",epipactis confusa,FALSE,FALSE,FALSE,0
urn:lsid:dyntaxa.se:TaxonName:87309,Epipactis latifolia var. viridiflora,species,"",Plantae,Tracheophyta,Liliopsida,Asparagales,Orchidaceae,"",epipactis latifolia,FALSE,FALSE,FALSE,0
urn:lsid:dyntaxa.se:TaxonName:87307,Epipactis viridiflora,species,"",Plantae,Tracheophyta,Liliopsida,Asparagales,Orchidaceae,"",epipactis viridiflora,FALSE,FALSE,FALSE,0
urn:lsid:dyntaxa.se:TaxonName:87312,Epipogon aphyllum,species,"",Plantae,Tracheophyta,Liliopsida,Asparagales,Orchidaceae,"",epipogon aphyllum,FALSE,FALSE,FALSE,0
urn:lsid:dyntaxa.se:Taxon:100911,Episyron gallicum,species,RE,Animalia,Arthropoda,Insecta,Hymenoptera,Pompilidae,native,episyron gallicum,FALSE,FALSE,FALSE,0
urn:lsid:dyntaxa.se:TaxonName:47095,Eptesicus nilssoni,species,"",Animalia,Chordata,Mammalia,Chiroptera,Vespertilionidae,"",eptesicus nilssoni,FALSE,FALSE,FALSE,0
urn:lsid:dyntaxa.se:TaxonName:96569,Epuraea danica,species,"",Animalia,Arthropoda,Insecta,Coleoptera,Nitidulidae,"",epuraea danica,FALSE,FALSE,FALSE,0
urn:lsid:dyntaxa.se:TaxonName:25818,Epuraea fussii,species,"",Animalia,Arthropoda,Insecta,Coleoptera,Nitidulidae,"",epuraea fussii,FALSE,FALSE,FALSE,0
urn:lsid:dyntaxa.se:TaxonName:101380,Epuraea interjecta,species,"",Animalia,Arthropoda,Insecta,Coleoptera,Nitidulidae,"",epuraea interjecta,FALSE,FALSE,FALSE,0
urn:lsid:dyntaxa.se:TaxonName:51747,Equisetum majus,species,"",Plantae,Tracheophyta,Equisetopsida,Equisetales,Equisetaceae,"",equisetum majus,FALSE,FALSE,FALSE,0
urn:lsid:dyntaxa.se:TaxonName:51748,Equisetum maximum,species,"",Plantae,Tracheophyta,Equisetopsida,Equisetales,Equisetaceae,"",equisetum maximum,FALSE,FALSE,FALSE,0
urn:lsid:dyntaxa.se:TaxonName:254809,Equisetum x moorei,species,"",Plantae,Tracheophyta,Equisetopsida,Equisetales,Equisetaceae,"",equisetum x,FALSE,FALSE,FALSE,0
urn:lsid:dyntaxa.se:TaxonName:257062,Equisetum x schleicheri,species,"",Plantae,Tracheophyta,Equisetopsida,Equisetales,Equisetaceae,"",equisetum x,FALSE,FALSE,FALSE,0
urn:lsid:dyntaxa.se:Taxon:224094,Equisetum × moorei,species,RE,Plantae,Tracheophyta,Equisetopsida,Equisetales,Equisetaceae,native,equisetum × moorei,FALSE,FALSE,FALSE,0
urn:lsid:dyntaxa.se:TaxonName:51743,Equisetum × schleicheri,species,"",Plantae,Tracheophyta,Equisetopsida,Equisetales,Equisetaceae,"",equisetum × schleicheri,FALSE,FALSE,FALSE,0
urn:lsid:dyntaxa.se:Taxon:218208,Ercolania nigra,species,DD,Animalia,Mollusca,Gastropoda,"",Limapontiidae,native,ercolania nigra,FALSE,FALSE,FALSE,0
urn:lsid:dyntaxa.se:TaxonName:139711,Eremobina pabulatricula,species,"",Animalia,Arthropoda,Insecta,Lepidoptera,Noctuidae,"",eremobina pabulatricula,FALSE,FALSE,FALSE,0
urn:lsid:dyntaxa.se:TaxonName:125508,Eremotes elongatus,species,"",Animalia,Arthropoda,Insecta,Coleoptera,Curculionidae,"",eremotes elongatus,FALSE,FALSE,FALSE,0
urn:lsid:dyntaxa.se:TaxonName:125510,Eremotes punctatulus,species,"",Animalia,Arthropoda,Insecta,Coleoptera,Curculionidae,"",eremotes punctatulus,FALSE,FALSE,FALSE,0
urn:lsid:dyntaxa.se:TaxonName:13491,Eresus niger,species,"",Animalia,Arthropoda,Arachnida,Araneae,Eresidae,"",eresus niger,FALSE,FALSE,FALSE,0
urn:lsid:dyntaxa.se:TaxonName:142227,Erigonopterna globipes,species,"",Animalia,Arthropoda,Arachnida,Araneae,Linyphiidae,"",erigonopterna globipes,FALSE,FALSE,FALSE,0
urn:lsid:dyntaxa.se:TaxonName:2744,Erioderma boreale,species,"",Fungi,Ascomycota,Lecanoromycetes,Peltigerales,Pannariaceae,"",erioderma boreale,FALSE,FALSE,FALSE,0
urn:lsid:dyntaxa.se:Taxon:102538,Eristalis fratercula,species,DD,Animalia,Arthropoda,Insecta,Diptera,Syrphidae,native,eristalis fratercula,FALSE,FALSE,FALSE,0
urn:lsid:dyntaxa.se:TaxonName:5407,Erycina nitidum,species,"",Animalia,Mollusca,Bivalvia,Veneroida,Lasaeidae,"",erycina nitidum,FALSE,FALSE,FALSE,0
urn:lsid:dyntaxa.se:TaxonName:77365,Erythraea capitata,variety,"",Plantae,Tracheophyta,Magnoliopsida,Gentianales,Gentianaceae,"",erythraea capitata,FALSE,FALSE,FALSE,0
urn:lsid:dyntaxa.se:TaxonName:77364,Erythraea centaurium,species,"",Plantae,Tracheophyta,Magnoliopsida,Gentianales,Gentianaceae,"",erythraea centaurium,FALSE,FALSE,FALSE,0
urn:lsid:dyntaxa.se:Taxon:102437,Eteobalea tririvella,species,CR,Animalia,Arthropoda,Insecta,Lepidoptera,Cosmopterigidae,native,eteobalea tririvella,FALSE,FALSE,FALSE,0
urn:lsid:dyntaxa.se:TaxonName:285205,Ethelia fissurata,species,"",Plantae,Rhodophyta,Florideophyceae,Gigartinales,Sphaerococcaceae,"",ethelia fissurata,FALSE,FALSE,FALSE,0
urn:lsid:dyntaxa.se:TaxonName:131237,Ethmia funerella,species,"",Animalia,Arthropoda,Insecta,Lepidoptera,Ethmiidae,"",ethmia funerella,FALSE,FALSE,FALSE,0
urn:lsid:dyntaxa.se:TaxonName:115737,Eualus obses,species,"",Animalia,Arthropoda,Malacostraca,Decapoda,Thoridae,"",eualus obses,FALSE,FALSE,FALSE,0
urn:lsid:dyntaxa.se:TaxonName:195,Eubranchus cingulatus,species,"",Animalia,Mollusca,Gastropoda,Nudibranchia,Eubranchidae,"",eubranchus cingulatus,FALSE,FALSE,FALSE,0
urn:lsid:dyntaxa.se:TaxonName:444814,Eubranchus doriae,species,"",Animalia,Mollusca,Gastropoda,Nudibranchia,Eubranchidae,"",eubranchus doriae,FALSE,FALSE,FALSE,0
urn:lsid:dyntaxa.se:TaxonName:197,Eubranchus farrani,species,"",Animalia,Mollusca,Gastropoda,Nudibranchia,Eubranchidae,"",eubranchus farrani,FALSE,FALSE,FALSE,0
urn:lsid:dyntaxa.se:TaxonName:445993,Eubranchus linensis,species,"",Animalia,Mollusca,Gastropoda,Nudibranchia,Eubranchidae,"",eubranchus linensis,FALSE,FALSE,FALSE,0
urn:lsid:dyntaxa.se:TaxonName:445995,Eubranchus linensis,species,"",Animalia,Mollusca,Gastropoda,Nudibranchia,Eubranchidae,"",eubranchus linensis,FALSE,FALSE,FALSE,0
urn:lsid:dyntaxa.se:TaxonName:90197,Euchlora dubia,species,"",Animalia,Arthropoda,Insecta,Coleoptera,Scarabaeidae,"",euchlora dubia,FALSE,FALSE,FALSE,0
urn:lsid:dyntaxa.se:TaxonName:269842,Euchroeus neglectus,species,"",Animalia,Arthropoda,Insecta,Hymenoptera,Chrysididae,"",euchroeus neglectus,FALSE,FALSE,FALSE,0
urn:lsid:dyntaxa.se:TaxonName:95621,Euconnus wetterhalli,species,"",Animalia,Arthropoda,Insecta,Coleoptera,Staphylinidae,"",euconnus wetterhalli,FALSE,FALSE,FALSE,0
urn:lsid:dyntaxa.se:Taxon:247688,Eugyra connectens,species,DD,Animalia,Chordata,"",Stolidobranchiata,Molgulidae,native,eugyra connectens,FALSE,FALSE,FALSE,0
urn:lsid:dyntaxa.se:Taxon:214641,Eulamprotes plumbella,species,NT,Animalia,Arthropoda,Insecta,Lepidoptera,Gelechiidae,native,eulamprotes plumbella,FALSE,FALSE,FALSE,0
urn:lsid:dyntaxa.se:Taxon:214638,Eulamprotes superbella,species,NT,Animalia,Arthropoda,Insecta,Lepidoptera,Gelechiidae,native,eulamprotes superbella,FALSE,FALSE,FALSE,0
urn:lsid:dyntaxa.se:TaxonName:153151,Eulima intermedia var. rubrotincta,species,"",Animalia,Mollusca,Gastropoda,Littorinimorpha,Eulimidae,"",eulima intermedia,FALSE,FALSE,FALSE,0
urn:lsid:dyntaxa.se:TaxonName:279666,Eulima philippii,species,"",Animalia,Mollusca,Gastropoda,Littorinimorpha,Eulimidae,"",eulima philippii,FALSE,FALSE,FALSE,0
urn:lsid:dyntaxa.se:TaxonName:152528,Eulimella affinis,species,"",Animalia,Mollusca,Gastropoda,"",Pyramidellidae,"",eulimella affinis,FALSE,FALSE,FALSE,0
urn:lsid:dyntaxa.se:TaxonName:56,Eulimella laevis,species,"",Animalia,Mollusca,Gastropoda,"",Pyramidellidae,"",eulimella laevis,FALSE,FALSE,FALSE,0
urn:lsid:dyntaxa.se:TaxonName:77911,Euphrasia brevipila var. suecica,variety,"",Plantae,Tracheophyta,Magnoliopsida,Lamiales,Orobanchaceae,"",euphrasia brevipila,FALSE,FALSE,FALSE,0
urn:lsid:dyntaxa.se:TaxonName:77892,Euphrasia fennica,subspecies,"",Plantae,Tracheophyta,Magnoliopsida,Lamiales,Orobanchaceae,"",euphrasia fennica,FALSE,FALSE,FALSE,0
urn:lsid:dyntaxa.se:TaxonName:77893,Euphrasia fennica var. onegensis,subspecies,"",Plantae,Tracheophyta,Magnoliopsida,Lamiales,Orobanchaceae,"",euphrasia fennica,FALSE,FALSE,FALSE,0
urn:lsid:dyntaxa.se:TaxonName:77879,Euphrasia gracilis,species,"",Plantae,Tracheophyta,Magnoliopsida,Lamiales,Orobanchaceae,"",euphrasia gracilis,FALSE,FALSE,FALSE,0
urn:lsid:dyntaxa.se:TaxonName:77898,Euphrasia montana,subspecies,"",Plantae,Tracheophyta,Magnoliopsida,Lamiales,Orobanchaceae,"",euphrasia montana,FALSE,FALSE,FALSE,0
urn:lsid:dyntaxa.se:TaxonName:77880,Euphrasia parviflora,species,"",Plantae,Tracheophyta,Magnoliopsida,Lamiales,Orobanchaceae,"",euphrasia parviflora,FALSE,FALSE,FALSE,0
urn:lsid:dyntaxa.se:TaxonName:40857,Euphrasia rostkoviana,species,"",Plantae,Tracheophyta,Magnoliopsida,Lamiales,Orobanchaceae,"",euphrasia rostkoviana,FALSE,FALSE,FALSE,0
urn:lsid:dyntaxa.se:TaxonName:77901,Euphrasia rostkoviana ssp. pratensis,subspecies,"",Plantae,Tracheophyta,Magnoliopsida,Lamiales,Orobanchaceae,"",euphrasia rostkoviana,FALSE,FALSE,FALSE,0
urn:lsid:dyntaxa.se:TaxonName:83085,Euphrasia rostkoviana ssp. rostkoviana,subspecies,"",Plantae,Tracheophyta,Magnoliopsida,Lamiales,Orobanchaceae,"",euphrasia rostkoviana,FALSE,FALSE,FALSE,0
urn:lsid:dyntaxa.se:TaxonName:91429,Euphrasia rostkoviana rostkoviana,subspecies,"",Plantae,Tracheophyta,Magnoliopsida,Lamiales,Orobanchaceae,"",euphrasia rostkoviana,FALSE,FALSE,FALSE,0
urn:lsid:dyntaxa.se:TaxonName:83083,Euphrasia rostkoviana ssp. montana,subspecies,"",Plantae,Tracheophyta,Magnoliopsida,Lamiales,Orobanchaceae,"",euphrasia rostkoviana,FALSE,FALSE,FALSE,0
urn:lsid:dyntaxa.se:TaxonName:91428,Euphrasia rostkoviana montana,subspecies,"",Plantae,Tracheophyta,Magnoliopsida,Lamiales,Orobanchaceae,"",euphrasia rostkoviana,FALSE,FALSE,FALSE,0
urn:lsid:dyntaxa.se:TaxonName:77894,Euphrasia rostkoviana var. fennica,subspecies,"",Plantae,Tracheophyta,Magnoliopsida,Lamiales,Orobanchaceae,"",euphrasia rostkoviana,FALSE,FALSE,FALSE,0
urn:lsid:dyntaxa.se:TaxonName:83082,Euphrasia rostkoviana ssp. fennica,subspecies,"",Plantae,Tracheophyta,Magnoliopsida,Lamiales,Orobanchaceae,"",euphrasia rostkoviana,FALSE,FALSE,FALSE,0
urn:lsid:dyntaxa.se:TaxonName:91427,Euphrasia rostkoviana fennica,subspecies,"",Plantae,Tracheophyta,Magnoliopsida,Lamiales,Orobanchaceae,"",euphrasia rostkoviana,FALSE,FALSE,FALSE,0
urn:lsid:dyntaxa.se:TaxonName:77895,Euphrasia rostkoviana var. onegensis,subspecies,"",Plantae,Tracheophyta,Magnoliopsida,Lamiales,Orobanchaceae,"",euphrasia rostkoviana,FALSE,FALSE,FALSE,0
urn:lsid:dyntaxa.se:Taxon:631,Euphrasia scottica,species,RE,Plantae,Tracheophyta,Magnoliopsida,Lamiales,Orobanchaceae,native,euphrasia scottica,FALSE,FALSE,FALSE,0
urn:lsid:dyntaxa.se:TaxonName:77910,Euphrasia suecica,variety,"",Plantae,Tracheophyta,Magnoliopsida,Lamiales,Orobanchaceae,"",euphrasia suecica,FALSE,FALSE,FALSE,0
urn:lsid:dyntaxa.se:Taxon:102440,Euphydryas iduna,species,NT,Animalia,Arthropoda,Insecta,Lepidoptera,Nymphalidae,native,euphydryas iduna,FALSE,FALSE,FALSE,0
urn:lsid:dyntaxa.se:Taxon:6011240,Euplectus lapponicus,species,DD,Animalia,Arthropoda,Insecta,Coleoptera,Staphylinidae,native,euplectus lapponicus,FALSE,FALSE,FALSE,0
urn:lsid:dyntaxa.se:Taxon:100956,Eupoecilia cebrana,species,RE,Animalia,Arthropoda,Insecta,Lepidoptera,Tortricidae,native,eupoecilia cebrana,FALSE,FALSE,FALSE,0
urn:lsid:dyntaxa.se:TaxonName:148460,Eurhynchium pumilum,species,"",Plantae,Bryophyta,Bryopsida,Hypnales,Brachytheciaceae,"",eurhynchium pumilum,FALSE,FALSE,FALSE,0
urn:lsid:dyntaxa.se:TaxonName:224580,Eurhynchium pumilum,species,"",Plantae,Bryophyta,Bryopsida,Hypnales,Brachytheciaceae,"",eurhynchium pumilum,FALSE,FALSE,FALSE,0
urn:lsid:dyntaxa.se:TaxonName:148461,Eurhynchium schleicheri,species,"",Plantae,Bryophyta,Bryopsida,Hypnales,Brachytheciaceae,"",eurhynchium schleicheri,FALSE,FALSE,FALSE,0
urn:lsid:dyntaxa.se:TaxonName:224561,Eurhynchium schleicheri,species,"",Plantae,Bryophyta,Bryopsida,Hypnales,Brachytheciaceae,"",eurhynchium schleicheri,FALSE,FALSE,FALSE,0
urn:lsid:dyntaxa.se:TaxonName:148463,Eurhynchium striatulum,species,"",Plantae,Bryophyta,Bryopsida,Hypnales,Brachytheciaceae,"",eurhynchium striatulum,FALSE,FALSE,FALSE,0
urn:lsid:dyntaxa.se:TaxonName:224033,Eurhynchium striatulum,species,"",Plantae,Bryophyta,Bryopsida,Hypnales,Brachytheciaceae,"",eurhynchium striatulum,FALSE,FALSE,FALSE,0
urn:lsid:dyntaxa.se:TaxonName:319132,Eurodryas aurina,species,"",Animalia,Arthropoda,Insecta,Lepidoptera,Nymphalidae,"",eurodryas aurina,FALSE,FALSE,FALSE,0
urn:lsid:dyntaxa.se:TaxonName:90203,Eutypa dissepta,species,"",Fungi,Ascomycota,Sordariomycetes,Xylariales,Diatrypaceae,"",eutypa dissepta,FALSE,FALSE,FALSE,0
urn:lsid:dyntaxa.se:TaxonName:160215,Eutypella dissepta,species,"",Fungi,Ascomycota,Sordariomycetes,Xylariales,Diatrypaceae,"",eutypella dissepta,FALSE,FALSE,FALSE,0
urn:lsid:dyntaxa.se:TaxonName:145637,Euxoa lidia,species,"",Animalia,Arthropoda,Insecta,Lepidoptera,Noctuidae,"",euxoa lidia,FALSE,FALSE,FALSE,0
urn:lsid:dyntaxa.se:Taxon:100969,Evagetes gibbulus,species,CR,Animalia,Arthropoda,Insecta,Hymenoptera,Pompilidae,native,evagetes gibbulus,FALSE,FALSE,FALSE,0
urn:lsid:dyntaxa.se:TaxonName:155723,Evagetes subnudus,species,"",Animalia,Arthropoda,Insecta,Hymenoptera,Pompilidae,"",evagetes subnudus,FALSE,FALSE,FALSE,0
urn:lsid:dyntaxa.se:TaxonName:158700,Evania variegata,species,"",Animalia,Arthropoda,Insecta,Hymenoptera,Pompilidae,"",evania variegata,FALSE,FALSE,FALSE,0
urn:lsid:dyntaxa.se:TaxonName:9410,Evernia arenaria,species,"",Fungi,Ascomycota,Lecanoromycetes,Lecanorales,Ramalinaceae,"",evernia arenaria,FALSE,FALSE,FALSE,0
urn:lsid:dyntaxa.se:Taxon:638,Evernia illyrica,species,RE,Fungi,Ascomycota,Lecanoromycetes,Lecanorales,Parmeliaceae,native,evernia illyrica,FALSE,FALSE,FALSE,0
urn:lsid:dyntaxa.se:TaxonName:2753,Evernia thamnodes,species,"",Fungi,Ascomycota,Lecanoromycetes,Lecanorales,Parmeliaceae,"",evernia thamnodes,FALSE,FALSE,FALSE,0
urn:lsid:dyntaxa.se:TaxonName:6632,Evernia vulpina,species,"",Fungi,Ascomycota,Lecanoromycetes,Lecanorales,Parmeliaceae,"",evernia vulpina,FALSE,FALSE,FALSE,0
urn:lsid:dyntaxa.se:TaxonName:146490,Evodinellus borealis,species,"",Animalia,Arthropoda,Insecta,Coleoptera,Cerambycidae,"",evodinellus borealis,FALSE,FALSE,FALSE,0
urn:lsid:dyntaxa.se:TaxonName:411837,Exidia gemmata f. violacea,species,"",Fungi,Basidiomycota,Agaricomycetes,Auriculariales,"Auriculariales, genera incertae sedis","",exidia gemmata,FALSE,FALSE,FALSE,0
urn:lsid:dyntaxa.se:TaxonName:335673,Exidia peziziformis,species,"",Fungi,Basidiomycota,Dacrymycetes,Dacrymycetales,Dacrymycetaceae,"",exidia peziziformis,FALSE,FALSE,FALSE,0
urn:lsid:dyntaxa.se:TaxonName:89985,Exoascus ulmi,species,"",Fungi,Ascomycota,Taphrinomycetes,Taphrinales,Taphrinaceae,"",exoascus ulmi,FALSE,FALSE,FALSE,0
urn:lsid:dyntaxa.se:TaxonName:400856,Fabisporus crustulinus,species,"",Fungi,Basidiomycota,Agaricomycetes,Polyporales,"Polyporales, genera incertae sedis","",fabisporus crustulinus,FALSE,FALSE,FALSE,0
urn:lsid:dyntaxa.se:TaxonName:123740,Facelina coronata,species,"",Animalia,Mollusca,Gastropoda,Nudibranchia,Facelinidae,"",facelina coronata,FALSE,FALSE,FALSE,0
urn:lsid:dyntaxa.se:TaxonName:19154,Falagria thoracica,species,"",Animalia,Arthropoda,Insecta,Coleoptera,Staphylinidae,"",falagria thoracica,FALSE,FALSE,FALSE,0
urn:lsid:dyntaxa.se:TaxonName:73029,Falcaria rivini,species,"",Plantae,Tracheophyta,Magnoliopsida,Apiales,Apiaceae,"",falcaria rivini,FALSE,FALSE,FALSE,0
urn:lsid:dyntaxa.se:TaxonName:73028,Falcaria sioides,species,"",Plantae,Tracheophyta,Magnoliopsida,Apiales,Apiaceae,"",falcaria sioides,FALSE,FALSE,FALSE,0
urn:lsid:dyntaxa.se:TaxonName:129691,Falco Albicilla,species,"",Animalia,Chordata,Aves,Accipitriformes,Accipitridae,"",falco albicilla,FALSE,FALSE,FALSE,0
urn:lsid:dyntaxa.se:TaxonName:129707,Falco Chrysaëtos,species,"",Animalia,Chordata,Aves,Accipitriformes,Accipitridae,"",falco chrysaëtos,FALSE,FALSE,FALSE,0
urn:lsid:dyntaxa.se:TaxonName:129696,Falco cyaneus,species,"",Animalia,Chordata,Aves,Accipitriformes,Accipitridae,"",falco cyaneus,FALSE,FALSE,FALSE,0
urn:lsid:dyntaxa.se:TaxonName:129700,Falco gentilis,species,"",Animalia,Chordata,Aves,Accipitriformes,Accipitridae,"",falco gentilis,FALSE,FALSE,FALSE,0
urn:lsid:dyntaxa.se:TaxonName:129703,Falco Lagopus,species,"",Animalia,Chordata,Aves,Accipitriformes,Accipitridae,"",falco lagopus,FALSE,FALSE,FALSE,0
urn:lsid:dyntaxa.se:TaxonName:129690,Falco migrans,species,"",Animalia,Chordata,Aves,Accipitriformes,Accipitridae,"",falco migrans,FALSE,FALSE,FALSE,0
urn:lsid:dyntaxa.se:TaxonName:129698,Falco Pygargus,species,"",Animalia,Chordata,Aves,Accipitriformes,Accipitridae,"",falco pygargus,FALSE,FALSE,FALSE,0
urn:lsid:dyntaxa.se:TaxonName:274674,Fasciola terrestris,species,"",Animalia,Platyhelminthes,Neoophora,Tricladida,Rhynchodemidae,"",fasciola terrestris,FALSE,FALSE,FALSE,0
urn:lsid:dyntaxa.se:TaxonName:471959,Favolus squalens,species,"",Fungi,Basidiomycota,Agaricomycetes,Polyporales,Polyporaceae,"",favolus squalens,FALSE,FALSE,FALSE,0
urn:lsid:dyntaxa.se:TaxonName:32293,Feldmannia paradoxa,species,"",Chromista,Ochrophyta,Phaeophyceae,Ectocarpales,Acinetosporaceae,"",feldmannia paradoxa,FALSE,FALSE,FALSE,0
urn:lsid:dyntaxa.se:TaxonName:15339,Feldmannodora chadefaudii,species,"",Plantae,Chlorophyta,Ulvophyceae,Ulvales,Kornmanniaceae,"",feldmannodora chadefaudii,FALSE,FALSE,FALSE,0
urn:lsid:dyntaxa.se:TaxonName:318353,Felis lynx,species,"",Animalia,Chordata,Mammalia,Carnivora,Felidae,"",felis lynx,FALSE,FALSE,FALSE,0
urn:lsid:dyntaxa.se:TaxonName:2779,Fellhanera vezdae,species,"",Fungi,Ascomycota,Lecanoromycetes,Lecanorales,Pilocarpaceae,"",fellhanera vezdae,FALSE,FALSE,FALSE,0
urn:lsid:dyntaxa.se:TaxonName:335684,Femsjonia luteoalba,species,"",Fungi,Basidiomycota,Dacrymycetes,Dacrymycetales,Dacrymycetaceae,"",femsjonia luteoalba,FALSE,FALSE,FALSE,0
urn:lsid:dyntaxa.se:TaxonName:335672,Femsjonia pezizaeformis,species,"",Fungi,Basidiomycota,Dacrymycetes,Dacrymycetales,Dacrymycetaceae,"",femsjonia pezizaeformis,FALSE,FALSE,FALSE,0
urn:lsid:dyntaxa.se:Taxon:642,Femsjonia peziziformis,species,DD,Fungi,Basidiomycota,Dacrymycetes,Dacrymycetales,Dacrymycetaceae,native,femsjonia peziziformis,FALSE,FALSE,FALSE,0
urn:lsid:dyntaxa.se:TaxonName:144560,Femsjonia radiculata,species,"",Fungi,Ascomycota,Pezizomycetes,Pezizales,Pyronemataceae,"",femsjonia radiculata,FALSE,FALSE,FALSE,0
urn:lsid:dyntaxa.se:Taxon:222473,Festuca arenaria,species,NT,Plantae,Tracheophyta,Liliopsida,Poales,Poaceae,native,festuca arenaria,FALSE,FALSE,FALSE,0
urn:lsid:dyntaxa.se:TaxonName:90532,Festuca arvensis,species,"",Plantae,Tracheophyta,Liliopsida,Poales,Poaceae,"",festuca arvensis,FALSE,FALSE,FALSE,0
urn:lsid:dyntaxa.se:TaxonName:90523,Festuca aspera var. ramosa,species,"",Plantae,Tracheophyta,Liliopsida,Poales,Poaceae,"",festuca aspera,FALSE,FALSE,FALSE,0
urn:lsid:dyntaxa.se:TaxonName:91038,Festuca dertonensis,species,"",Plantae,Tracheophyta,Liliopsida,Poales,Poaceae,"",festuca dertonensis,FALSE,FALSE,FALSE,0
urn:lsid:dyntaxa.se:TaxonName:90551,Festuca mollis ssp. racemosa,species,"",Plantae,Tracheophyta,Liliopsida,Poales,Poaceae,"",festuca mollis,FALSE,FALSE,FALSE,0
urn:lsid:dyntaxa.se:TaxonName:91041,Festuca sciuroides,species,"",Plantae,Tracheophyta,Liliopsida,Poales,Poaceae,"",festuca sciuroides,FALSE,FALSE,FALSE,0
urn:lsid:dyntaxa.se:TaxonName:90554,Festuca secalina,species,"",Plantae,Tracheophyta,Liliopsida,Poales,Poaceae,"",festuca secalina,FALSE,FALSE,FALSE,0
urn:lsid:dyntaxa.se:TaxonName:90727,Festuca sylvatica,species,"",Plantae,Tracheophyta,Liliopsida,Poales,Poaceae,"",festuca sylvatica,FALSE,FALSE,FALSE,0
urn:lsid:dyntaxa.se:TaxonName:160265,Fibriciellum silvae-ryae,species,"",Fungi,Basidiomycota,Agaricomycetes,Trechisporales,Hydnodontaceae,"",fibriciellum silvae-ryae,FALSE,FALSE,FALSE,0
urn:lsid:dyntaxa.se:Taxon:70,Fibroporia gossypium,species,DD,Fungi,Basidiomycota,Agaricomycetes,Polyporales,"Polyporales, genera incertae sedis",native,fibroporia gossypium,FALSE,FALSE,FALSE,0
urn:lsid:dyntaxa.se:TaxonName:399965,Fibroporia wynneae,species,"",Fungi,Basidiomycota,Agaricomycetes,Polyporales,Steccherinaceae,"",fibroporia wynneae,FALSE,FALSE,FALSE,0
urn:lsid:dyntaxa.se:TaxonName:399972,Fibroporia wynnei,species,"",Fungi,Basidiomycota,Agaricomycetes,Polyporales,Steccherinaceae,"",fibroporia wynnei,FALSE,FALSE,FALSE,0
urn:lsid:dyntaxa.se:TaxonName:335177,Fibuloporia albolutescens,species,"",Fungi,Basidiomycota,Agaricomycetes,Amylocorticiales,Amylocorticiaceae,"",fibuloporia albolutescens,FALSE,FALSE,FALSE,0
urn:lsid:dyntaxa.se:TaxonName:152594,Fibuloporia kamtschatica,species,"",Fungi,Basidiomycota,Agaricomycetes,Amylocorticiales,Amylocorticiaceae,"",fibuloporia kamtschatica,FALSE,FALSE,FALSE,0
urn:lsid:dyntaxa.se:TaxonName:152693,Fibuloporia mappa,species,"",Fungi,Basidiomycota,Agaricomycetes,Polyporales,Fomitopsidaceae,"",fibuloporia mappa,FALSE,FALSE,FALSE,0
urn:lsid:dyntaxa.se:TaxonName:399534,Fibuloporia myceliosa,species,"",Fungi,Basidiomycota,Agaricomycetes,Amylocorticiales,Amylocorticiaceae,"",fibuloporia myceliosa,FALSE,FALSE,FALSE,0
urn:lsid:dyntaxa.se:TaxonName:399470,Fibuloporia subvermispora,species,"",Fungi,Basidiomycota,Agaricomycetes,Polyporales,Gelatoporiaceae,"",fibuloporia subvermispora,FALSE,FALSE,FALSE,0
urn:lsid:dyntaxa.se:TaxonName:399975,Fibuloporia wynneae,species,"",Fungi,Basidiomycota,Agaricomycetes,Polyporales,Steccherinaceae,"",fibuloporia wynneae,FALSE,FALSE,FALSE,0
urn:lsid:dyntaxa.se:TaxonName:399978,Fibuloporia wynnei,species,"",Fungi,Basidiomycota,Agaricomycetes,Polyporales,Steccherinaceae,"",fibuloporia wynnei,FALSE,FALSE,FALSE,0
urn:lsid:dyntaxa.se:TaxonName:263118,Fidonia loricaria,species,"",Animalia,Arthropoda,Insecta,Lepidoptera,Geometridae,"",fidonia loricaria,FALSE,FALSE,FALSE,0
urn:lsid:dyntaxa.se:TaxonName:82557,Filago apiculata,species,"",Plantae,Tracheophyta,Magnoliopsida,Asterales,Asteraceae,"",filago apiculata,FALSE,FALSE,FALSE,0
urn:lsid:dyntaxa.se:Taxon:654,Fissidens rufulus,species,RE,Plantae,Bryophyta,Bryopsida,Dicranales,Fissidentaceae,native,fissidens rufulus,FALSE,FALSE,FALSE,0
urn:lsid:dyntaxa.se:TaxonName:148475,Fissidens rufulus,species,"",Plantae,Bryophyta,Bryopsida,Dicranales,Fissidentaceae,"",fissidens rufulus,FALSE,FALSE,FALSE,0
urn:lsid:dyntaxa.se:TaxonName:9396,Fistulariella roesleri,species,"",Fungi,Ascomycota,Lecanoromycetes,Lecanorales,Ramalinaceae,"",fistulariella roesleri,FALSE,FALSE,FALSE,0
urn:lsid:dyntaxa.se:Taxon:6033040,Fjordia chriskaugei,species,VU,Animalia,Mollusca,Gastropoda,Nudibranchia,Coryphellidae,native,fjordia chriskaugei,FALSE,FALSE,FALSE,0
urn:lsid:dyntaxa.se:TaxonName:397933,Fjordia chriskaugei,species,"",Animalia,Mollusca,Gastropoda,Nudibranchia,Coryphellidae,"",fjordia chriskaugei,FALSE,FALSE,FALSE,0
urn:lsid:dyntaxa.se:TaxonName:206,Flabellina borealis,species,"",Animalia,Mollusca,Gastropoda,Nudibranchia,Coryphellidae,"",flabellina borealis,FALSE,FALSE,FALSE,0
urn:lsid:dyntaxa.se:TaxonName:236780,Flabellina nobilis,species,"",Animalia,Mollusca,Gastropoda,Nudibranchia,Coryphellidae,"",flabellina nobilis,FALSE,FALSE,FALSE,0
urn:lsid:dyntaxa.se:TaxonName:209,Flabellina parva,species,"",Animalia,Mollusca,Gastropoda,Nudibranchia,Paracoryphellidae,"",flabellina parva,FALSE,FALSE,FALSE,0
urn:lsid:dyntaxa.se:TaxonName:211,Flabellina pellucida,species,"",Animalia,Mollusca,Gastropoda,Nudibranchia,Flabellinidae,"",flabellina pellucida,FALSE,FALSE,FALSE,0
urn:lsid:dyntaxa.se:Taxon:2006,Floccularia rickenii,species,EN,Fungi,Basidiomycota,Agaricomycetes,Agaricales,Agaricaceae,native,floccularia rickenii,FALSE,FALSE,FALSE,0
urn:lsid:dyntaxa.se:TaxonName:160290,Floccularia rickenii,species,"",Fungi,Basidiomycota,Agaricomycetes,Agaricales,Agaricaceae,"",floccularia rickenii,FALSE,FALSE,FALSE,0
urn:lsid:dyntaxa.se:TaxonName:235800,Floccularia rickenii,species,"",Fungi,Basidiomycota,Agaricomycetes,Agaricales,Agaricaceae,"",floccularia rickenii,FALSE,FALSE,FALSE,0
urn:lsid:dyntaxa.se:TaxonName:160291,Floccularia straminea,species,"",Fungi,Basidiomycota,Agaricomycetes,Agaricales,Agaricaceae,"",floccularia straminea,FALSE,FALSE,FALSE,0
urn:lsid:dyntaxa.se:TaxonName:90984,Fluminia arundinacea,species,"",Plantae,Tracheophyta,Liliopsida,Poales,Poaceae,"",fluminia arundinacea,FALSE,FALSE,FALSE,0
urn:lsid:dyntaxa.se:TaxonName:334180,Foenus nigritarsis,species,"",Animalia,Arthropoda,Insecta,Hymenoptera,Gasteruptiidae,"",foenus nigritarsis,FALSE,FALSE,FALSE,0
urn:lsid:dyntaxa.se:TaxonName:294701,Foenus opacum,species,"",Animalia,Arthropoda,Insecta,Hymenoptera,Gasteruptiidae,"",foenus opacum,FALSE,FALSE,FALSE,0
urn:lsid:dyntaxa.se:TaxonName:119923,Fomes abietis,species,"",Fungi,Basidiomycota,Agaricomycetes,Hymenochaetales,Hymenochaetaceae,"",fomes abietis,FALSE,FALSE,FALSE,0
urn:lsid:dyntaxa.se:TaxonName:403607,Fomes fraxineus,species,"",Fungi,Basidiomycota,Agaricomycetes,Polyporales,Polyporaceae,"",fomes fraxineus,FALSE,FALSE,FALSE,0
urn:lsid:dyntaxa.se:TaxonName:401373,Fomes laccatus,species,"",Fungi,Basidiomycota,Agaricomycetes,Polyporales,Polyporaceae,"",fomes laccatus,FALSE,FALSE,FALSE,0
urn:lsid:dyntaxa.se:TaxonName:472168,Fomes unitus var. pulchellus,species,"",Fungi,Basidiomycota,Agaricomycetes,Polyporales,Polyporaceae,"",fomes unitus,FALSE,FALSE,FALSE,0
urn:lsid:dyntaxa.se:TaxonName:403608,Fomitella fraxinea,species,"",Fungi,Basidiomycota,Agaricomycetes,Polyporales,Polyporaceae,"",fomitella fraxinea,FALSE,FALSE,FALSE,0
urn:lsid:dyntaxa.se:TaxonName:472080,Fomitopsis obducens,species,"",Fungi,Basidiomycota,Agaricomycetes,Polyporales,Meripilaceae,"",fomitopsis obducens,FALSE,FALSE,FALSE,0
urn:lsid:dyntaxa.se:TaxonName:471906,Fomitopsis odora,species,"",Fungi,Basidiomycota,Agaricomycetes,Polyporales,Polyporaceae,"",fomitopsis odora,FALSE,FALSE,FALSE,0
urn:lsid:dyntaxa.se:TaxonName:160294,Fomitopsis rosea,species,"",Fungi,Basidiomycota,Agaricomycetes,Polyporales,Fomitopsidaceae,"",fomitopsis rosea,FALSE,FALSE,FALSE,0
urn:lsid:dyntaxa.se:TaxonName:244707,Formica aliena,species,"",Animalia,Arthropoda,Insecta,Hymenoptera,Formicidae,"",formica aliena,FALSE,FALSE,FALSE,0
urn:lsid:dyntaxa.se:TaxonName:244784,Formica bicornis,species,"",Animalia,Arthropoda,Insecta,Hymenoptera,Formicidae,"",formica bicornis,FALSE,FALSE,FALSE,0
urn:lsid:dyntaxa.se:TaxonName:244639,Formica fallax,species,"",Animalia,Arthropoda,Insecta,Hymenoptera,Formicidae,"",formica fallax,FALSE,FALSE,FALSE,0
urn:lsid:dyntaxa.se:TaxonName:244342,Formica fugax,species,"",Animalia,Arthropoda,Insecta,Hymenoptera,Formicidae,"",formica fugax,FALSE,FALSE,FALSE,0
urn:lsid:dyntaxa.se:TaxonName:244876,Formica rufescens,species,"",Animalia,Arthropoda,Insecta,Hymenoptera,Formicidae,"",formica rufescens,FALSE,FALSE,FALSE,0
urn:lsid:dyntaxa.se:TaxonName:244648,Formica vaga,species,"",Animalia,Arthropoda,Insecta,Hymenoptera,Formicidae,"",formica vaga,FALSE,FALSE,FALSE,0
urn:lsid:dyntaxa.se:TaxonName:27105,Fosliella cruciata,species,"",Plantae,Rhodophyta,Florideophyceae,Corallinales,Hydrolithaceae,"",fosliella cruciata,FALSE,FALSE,FALSE,0
urn:lsid:dyntaxa.se:Taxon:250285,Frantisekia mentschulensis,species,EN,Fungi,Basidiomycota,Agaricomycetes,Polyporales,Steccherinaceae,native,frantisekia mentschulensis,FALSE,FALSE,FALSE,0
urn:lsid:dyntaxa.se:TaxonName:134186,Fringilla flavirostris,species,"",Animalia,Chordata,Aves,Passeriformes,Fringillidae,"",fringilla flavirostris,FALSE,FALSE,FALSE,0
urn:lsid:dyntaxa.se:TaxonName:134211,Fringilla lapponica,species,"",Animalia,Chordata,Aves,Passeriformes,Calcariidae,"",fringilla lapponica,FALSE,FALSE,FALSE,0
urn:lsid:dyntaxa.se:TaxonName:134210,Fringilla Schoeniclus,species,"",Animalia,Chordata,Aves,Passeriformes,Emberizidae,"",fringilla schoeniclus,FALSE,FALSE,FALSE,0
urn:lsid:dyntaxa.se:TaxonName:134180,Fringilla Serinus,species,"",Animalia,Chordata,Aves,Passeriformes,Fringillidae,"",fringilla serinus,FALSE,FALSE,FALSE,0
urn:lsid:dyntaxa.se:TaxonName:285200,Fucus coronopifolius,species,"",Plantae,Rhodophyta,Florideophyceae,Gigartinales,Sphaerococcaceae,"",fucus coronopifolius,FALSE,FALSE,FALSE,0
urn:lsid:dyntaxa.se:TaxonName:286174,Fucus hypoglossoides,species,"",Plantae,Rhodophyta,Florideophyceae,Ceramiales,Delesseriaceae,"",fucus hypoglossoides,FALSE,FALSE,FALSE,0
urn:lsid:dyntaxa.se:TaxonName:138890,Fulgensia schistidii,species,"",Fungi,Ascomycota,Lecanoromycetes,Teloschistales,Teloschistaceae,"",fulgensia schistidii,FALSE,FALSE,FALSE,0
urn:lsid:dyntaxa.se:TaxonName:64938,Fumaria bulbosa var. cava,species,"",Plantae,Tracheophyta,Magnoliopsida,Ranunculales,Papaveraceae,"",fumaria bulbosa,FALSE,FALSE,FALSE,0
urn:lsid:dyntaxa.se:TaxonName:401304,Funalia extenuata,species,"",Fungi,Basidiomycota,Agaricomycetes,Polyporales,Polyporaceae,"",funalia extenuata,FALSE,FALSE,FALSE,0
urn:lsid:dyntaxa.se:Taxon:417,Funalia gallica,species,EN,Fungi,Basidiomycota,Agaricomycetes,Polyporales,Polyporaceae,native,funalia gallica,FALSE,FALSE,FALSE,0
urn:lsid:dyntaxa.se:TaxonName:401272,Funalia gallica,species,"",Fungi,Basidiomycota,Agaricomycetes,Polyporales,Polyporaceae,"",funalia gallica,FALSE,FALSE,FALSE,0
urn:lsid:dyntaxa.se:Taxon:1578,Funalia trogii,species,CR,Fungi,Basidiomycota,Agaricomycetes,Polyporales,Polyporaceae,native,funalia trogii,FALSE,FALSE,FALSE,0
urn:lsid:dyntaxa.se:TaxonName:319201,Funaria calcarea subsp. muhlenbergii,species,"",Plantae,Bryophyta,Bryopsida,Funariales,Funariaceae,"",funaria calcarea,FALSE,FALSE,FALSE,0
urn:lsid:dyntaxa.se:TaxonName:319203,Funaria calcarea,species,"",Plantae,Bryophyta,Bryopsida,Funariales,Funariaceae,"",funaria calcarea,FALSE,FALSE,FALSE,0
urn:lsid:dyntaxa.se:TaxonName:319207,Funaria dentata,species,"",Plantae,Bryophyta,Bryopsida,Funariales,Funariaceae,"",funaria dentata,FALSE,FALSE,FALSE,0
urn:lsid:dyntaxa.se:TaxonName:319177,Funaria fascicularis,species,"",Plantae,Bryophyta,Bryopsida,Funariales,Funariaceae,"",funaria fascicularis,FALSE,FALSE,FALSE,0
urn:lsid:dyntaxa.se:TaxonName:319208,Funaria mediterranea,species,"",Plantae,Bryophyta,Bryopsida,Funariales,Funariaceae,"",funaria mediterranea,FALSE,FALSE,FALSE,0
urn:lsid:dyntaxa.se:TaxonName:319188,Funaria muhlenbergii,species,"",Plantae,Bryophyta,Bryopsida,Funariales,Funariaceae,"",funaria muhlenbergii,FALSE,FALSE,FALSE,0
urn:lsid:dyntaxa.se:TaxonName:319215,Funaria obtusa,species,"",Plantae,Bryophyta,Bryopsida,Funariales,Funariaceae,"",funaria obtusa,FALSE,FALSE,FALSE,0
urn:lsid:dyntaxa.se:TaxonName:467840,Fungus porcinus,species,"",Fungi,Basidiomycota,Agaricomycetes,Thelephorales,Bankeraceae,"",fungus porcinus,FALSE,FALSE,FALSE,0
urn:lsid:dyntaxa.se:TaxonName:116390,Funiculina quadriangularis,species,"",Animalia,Cnidaria,Anthozoa,Pennatulacea,Funiculinidae,"",funiculina quadriangularis,FALSE,FALSE,FALSE,0
urn:lsid:dyntaxa.se:TaxonName:138910,Fuscopannaria sampaiana,species,"",Fungi,Ascomycota,Lecanoromycetes,Peltigerales,Pannariaceae,"",fuscopannaria sampaiana,FALSE,FALSE,FALSE,0
urn:lsid:dyntaxa.se:TaxonName:395883,Fuscoporia carbonaria,species,"",Fungi,Basidiomycota,Agaricomycetes,Gloeophyllales,Gloeophyllaceae,"",fuscoporia carbonaria,FALSE,FALSE,FALSE,0
urn:lsid:dyntaxa.se:TaxonName:116329,Fuscoscala turtonis,species,"",Animalia,Mollusca,Gastropoda,"Caenogastropoda, ordo incertae sedis",Epitoniidae,"",fuscoscala turtonis,FALSE,FALSE,FALSE,0
urn:lsid:dyntaxa.se:TaxonName:158435,Gadus aeglefinus,species,"",Animalia,Chordata,Actinopterygii,Gadiformes,Gadidae,"",gadus aeglefinus,FALSE,FALSE,FALSE,0
urn:lsid:dyntaxa.se:TaxonName:158423,Gadus cimbrius,species,"",Animalia,Chordata,Actinopterygii,Gadiformes,Lotidae,"",gadus cimbrius,FALSE,FALSE,FALSE,0
urn:lsid:dyntaxa.se:TaxonName:158425,Gadus lota,species,"",Animalia,Chordata,Actinopterygii,Gadiformes,Lotidae,"",gadus lota,FALSE,FALSE,FALSE,0
urn:lsid:dyntaxa.se:TaxonName:158436,Gadus merlangus,species,"",Animalia,Chordata,Actinopterygii,Gadiformes,Gadidae,"",gadus merlangus,FALSE,FALSE,FALSE,0
urn:lsid:dyntaxa.se:TaxonName:158411,Gadus merluccius,species,"",Animalia,Chordata,Actinopterygii,Gadiformes,Merlucciidae,"",gadus merluccius,FALSE,FALSE,FALSE,0
urn:lsid:dyntaxa.se:TaxonName:158430,Gadus molva,species,"",Animalia,Chordata,Actinopterygii,Gadiformes,Lotidae,"",gadus molva,FALSE,FALSE,FALSE,0
urn:lsid:dyntaxa.se:TaxonName:158438,Gadus pollachius,species,"",Animalia,Chordata,Actinopterygii,Gadiformes,Gadidae,"",gadus pollachius,FALSE,FALSE,FALSE,0
urn:lsid:dyntaxa.se:Taxon:101532,Gagitodes sagittata,species,NT,Animalia,Arthropoda,Insecta,Lepidoptera,Geometridae,native,gagitodes sagittata,FALSE,FALSE,FALSE,0
urn:lsid:dyntaxa.se:TaxonName:418450,Galactinia saniosa,species,"",Fungi,Ascomycota,Pezizomycetes,Pezizales,Pezizaceae,"",galactinia saniosa,FALSE,FALSE,FALSE,0
urn:lsid:dyntaxa.se:TaxonName:441142,Galathea serricornis,species,"",Animalia,Arthropoda,Malacostraca,Decapoda,Munidopsidae,"",galathea serricornis,FALSE,FALSE,FALSE,0
urn:lsid:dyntaxa.se:TaxonName:114450,Galeruca circumdata,species,"",Animalia,Arthropoda,Insecta,Coleoptera,Chrysomelidae,"",galeruca circumdata,FALSE,FALSE,FALSE,0
urn:lsid:dyntaxa.se:TaxonName:394181,Galeruca parvulus,species,"",Animalia,Arthropoda,Insecta,Coleoptera,Chrysomelidae,"",galeruca parvulus,FALSE,FALSE,FALSE,0
urn:lsid:dyntaxa.se:TaxonName:77458,Galium vaillantii ssp. spurium,subspecies,"",Plantae,Tracheophyta,Magnoliopsida,Gentianales,Rubiaceae,"",galium vaillantii,FALSE,FALSE,FALSE,0
urn:lsid:dyntaxa.se:TaxonName:77463,Galium vaillantii,subspecies,"",Plantae,Tracheophyta,Magnoliopsida,Gentianales,Rubiaceae,"",galium vaillantii,FALSE,FALSE,FALSE,0
urn:lsid:dyntaxa.se:TaxonName:120267,Gammaracanthus relictus,species,"",Animalia,Arthropoda,Malacostraca,Amphipoda,Gammaracanthidae,"",gammaracanthus relictus,FALSE,FALSE,FALSE,0
urn:lsid:dyntaxa.se:TaxonName:436321,Gammarus angulosus,species,"",Animalia,Arthropoda,Malacostraca,Amphipoda,Gammarellidae,"",gammarus angulosus,FALSE,FALSE,FALSE,0
urn:lsid:dyntaxa.se:TaxonName:96933,Ganoderma australe,species,"",Fungi,Basidiomycota,Agaricomycetes,Polyporales,Polyporaceae,"",ganoderma australe,FALSE,FALSE,FALSE,0
urn:lsid:dyntaxa.se:TaxonName:401367,Ganoderma cupreolaccatum,species,"",Fungi,Basidiomycota,Agaricomycetes,Polyporales,Polyporaceae,"",ganoderma cupreolaccatum,FALSE,FALSE,FALSE,0
urn:lsid:dyntaxa.se:TaxonName:152633,Ganoderma europaeum,species,"",Fungi,Basidiomycota,Agaricomycetes,Polyporales,Polyporaceae,"",ganoderma europaeum,FALSE,FALSE,FALSE,0
urn:lsid:dyntaxa.se:TaxonName:401376,Ganoderma laccatum,species,"",Fungi,Basidiomycota,Agaricomycetes,Polyporales,Polyporaceae,"",ganoderma laccatum,FALSE,FALSE,FALSE,0
urn:lsid:dyntaxa.se:Taxon:251350,Gasteruption minutum,species,VU,Animalia,Arthropoda,Insecta,Hymenoptera,Gasteruptiidae,native,gasteruption minutum,FALSE,FALSE,FALSE,0
urn:lsid:dyntaxa.se:TaxonName:96406,Gayella constricta,species,"",Plantae,Chlorophyta,Trebouxiophyceae,Prasiolales,Prasiolaceae,"",gayella constricta,FALSE,FALSE,FALSE,0
urn:lsid:dyntaxa.se:Taxon:213792,Gazoryctra fuscoargentea,species,NT,Animalia,Arthropoda,Insecta,Lepidoptera,Hepialidae,native,gazoryctra fuscoargentea,FALSE,FALSE,FALSE,0
urn:lsid:dyntaxa.se:TaxonName:153011,Geaster coronatus,species,"",Fungi,Basidiomycota,Agaricomycetes,Geastrales,Geastraceae,"",geaster coronatus,FALSE,FALSE,FALSE,0
urn:lsid:dyntaxa.se:TaxonName:153001,Geastrum asperum,species,"",Fungi,Basidiomycota,Agaricomycetes,Geastrales,Geastraceae,"",geastrum asperum,FALSE,FALSE,FALSE,0
urn:lsid:dyntaxa.se:TaxonName:153005,Geastrum badium,species,"",Fungi,Basidiomycota,Agaricomycetes,Geastrales,Geastraceae,"",geastrum badium,FALSE,FALSE,FALSE,0
urn:lsid:dyntaxa.se:TaxonName:235370,Geastrum bovista,species,"",Fungi,Basidiomycota,Agaricomycetes,Agaricales,Agaricaceae,"",geastrum bovista,FALSE,FALSE,FALSE,0
urn:lsid:dyntaxa.se:TaxonName:153009,Geastrum fenestratum,species,"",Fungi,Basidiomycota,Agaricomycetes,Geastrales,Geastraceae,"",geastrum fenestratum,FALSE,FALSE,FALSE,0
urn:lsid:dyntaxa.se:TaxonName:431125,Geastrum granulosum,speciesAggregate,"",Fungi,Basidiomycota,Agaricomycetes,Geastrales,Geastraceae,"",geastrum granulosum,FALSE,FALSE,FALSE,0
urn:lsid:dyntaxa.se:TaxonName:258892,Geastrum hollosii,species,"",Fungi,Basidiomycota,Agaricomycetes,Geastrales,Geastraceae,"",geastrum hollosii,FALSE,FALSE,FALSE,0
urn:lsid:dyntaxa.se:TaxonName:153004,Geastrum limbatum,species,"",Fungi,Basidiomycota,Agaricomycetes,Geastrales,Geastraceae,"",geastrum limbatum,FALSE,FALSE,FALSE,0
urn:lsid:dyntaxa.se:TaxonName:153003,Geastrum mammosum,species,"",Fungi,Basidiomycota,Agaricomycetes,Geastrales,Geastraceae,"",geastrum mammosum,FALSE,FALSE,FALSE,0
urn:lsid:dyntaxa.se:TaxonName:431127,Geastrum marginatum,speciesAggregate,"",Fungi,Basidiomycota,Agaricomycetes,Geastrales,Geastraceae,"",geastrum marginatum,FALSE,FALSE,FALSE,0
urn:lsid:dyntaxa.se:TaxonName:153013,Geastrum nanum,species,"",Fungi,Basidiomycota,Agaricomycetes,Geastrales,Geastraceae,"",geastrum nanum,FALSE,FALSE,FALSE,0
urn:lsid:dyntaxa.se:TaxonName:153000,Geastrum pedicellatum,species,"",Fungi,Basidiomycota,Agaricomycetes,Geastrales,Geastraceae,"",geastrum pedicellatum,FALSE,FALSE,FALSE,0
urn:lsid:dyntaxa.se:Taxon:686,Geastrum pseudolimbatum,species,VU,Fungi,Basidiomycota,Agaricomycetes,Geastrales,Geastraceae,native,geastrum pseudolimbatum,FALSE,FALSE,FALSE,0
urn:lsid:dyntaxa.se:TaxonName:258891,Geastrum pseudostriatus,species,"",Fungi,Basidiomycota,Agaricomycetes,Geastrales,Geastraceae,"",geastrum pseudostriatus,FALSE,FALSE,FALSE,0
urn:lsid:dyntaxa.se:TaxonName:153002,Geastrum recolligens,species,"",Fungi,Basidiomycota,Agaricomycetes,Geastrales,Geastraceae,"",geastrum recolligens,FALSE,FALSE,FALSE,0
urn:lsid:dyntaxa.se:Taxon:688,Geastrum schmidelii,species,NT,Fungi,Basidiomycota,Agaricomycetes,Geastrales,Geastraceae,native,geastrum schmidelii,FALSE,FALSE,FALSE,0
urn:lsid:dyntaxa.se:TaxonName:274042,Geastrum schmiedelii,species,"",Fungi,Basidiomycota,Agaricomycetes,Geastrales,Geastraceae,"",geastrum schmiedelii,FALSE,FALSE,FALSE,0
urn:lsid:dyntaxa.se:TaxonName:153006,Geastrum umbilicatum,species,"",Fungi,Basidiomycota,Agaricomycetes,Geastrales,Geastraceae,"",geastrum umbilicatum,FALSE,FALSE,FALSE,0
urn:lsid:dyntaxa.se:TaxonName:13961,Geisleria jamesii,species,"",Fungi,Ascomycota,Dothideomycetes,Strigulales,Strigulaceae,"",geisleria jamesii,FALSE,FALSE,FALSE,0
urn:lsid:dyntaxa.se:TaxonName:152641,Gelatoporia pannocincta,species,"",Fungi,Basidiomycota,Agaricomycetes,Polyporales,Irpicaceae,"",gelatoporia pannocincta,FALSE,FALSE,FALSE,0
urn:lsid:dyntaxa.se:Taxon:1973,Gelatoporia subvermispora,species,NT,Fungi,Basidiomycota,Agaricomycetes,Polyporales,Gelatoporiaceae,native,gelatoporia subvermispora,FALSE,FALSE,FALSE,0
urn:lsid:dyntaxa.se:TaxonName:89984,Genea bomycina,species,"",Fungi,Ascomycota,Pezizomycetes,Pezizales,"Pezizales, genera incertae sedis","",genea bomycina,FALSE,FALSE,FALSE,0
urn:lsid:dyntaxa.se:TaxonName:77389,Gentiana aurea,species,"",Plantae,Tracheophyta,Magnoliopsida,Gentianales,Gentianaceae,"",gentiana aurea,FALSE,FALSE,FALSE,0
urn:lsid:dyntaxa.se:TaxonName:77393,Gentiana baltica,subspecies,"",Plantae,Tracheophyta,Magnoliopsida,Gentianales,Gentianaceae,"",gentiana baltica,FALSE,FALSE,FALSE,0
urn:lsid:dyntaxa.se:TaxonName:247989,Gentiana campestris,species,"",Plantae,Tracheophyta,Magnoliopsida,Gentianales,Gentianaceae,"",gentiana campestris,FALSE,FALSE,FALSE,0
urn:lsid:dyntaxa.se:TaxonName:77392,Gentiana campestris ssp. baltica,subspecies,"",Plantae,Tracheophyta,Magnoliopsida,Gentianales,Gentianaceae,"",gentiana campestris,FALSE,FALSE,FALSE,0
urn:lsid:dyntaxa.se:TaxonName:77390,Gentiana involucrata,species,"",Plantae,Tracheophyta,Magnoliopsida,Gentianales,Gentianaceae,"",gentiana involucrata,FALSE,FALSE,FALSE,0
urn:lsid:dyntaxa.se:TaxonName:35709,Gentianella baltica,subspecies,"",Plantae,Tracheophyta,Magnoliopsida,Gentianales,Gentianaceae,"",gentianella baltica,FALSE,FALSE,FALSE,0
urn:lsid:dyntaxa.se:TaxonName:39603,Gentianella baltica,subspecies,"",Plantae,Tracheophyta,Magnoliopsida,Gentianales,Gentianaceae,"",gentianella baltica,FALSE,FALSE,FALSE,0
urn:lsid:dyntaxa.se:TaxonName:88302,Geodromius hoejeri,species,"",Animalia,Arthropoda,Insecta,Coleoptera,Staphylinidae,"",geodromius hoejeri,FALSE,FALSE,FALSE,0
urn:lsid:dyntaxa.se:TaxonName:160368,Geoglossum asaeptatum,species,"",Fungi,Ascomycota,Geoglossomycetes,Geoglossales,Geoglossaceae,"",geoglossum asaeptatum,FALSE,FALSE,FALSE,0
urn:lsid:dyntaxa.se:Taxon:700,Geoglossum aseptatum,species,DD,Fungi,Ascomycota,Geoglossomycetes,Geoglossales,Geoglossaceae,native,geoglossum aseptatum,FALSE,FALSE,FALSE,0
urn:lsid:dyntaxa.se:TaxonName:89929,Geoglossum fumosum,species,"",Fungi,Ascomycota,Geoglossomycetes,Geoglossales,Geoglossaceae,"",geoglossum fumosum,FALSE,FALSE,FALSE,0
urn:lsid:dyntaxa.se:TaxonName:365903,Geoglossum glutinosum,species,"",Fungi,Ascomycota,Geoglossomycetes,Geoglossales,Geoglossaceae,"",geoglossum glutinosum,FALSE,FALSE,FALSE,0
urn:lsid:dyntaxa.se:Taxon:2011,Geoglossum littorale,species,VU,Fungi,Ascomycota,Geoglossomycetes,Geoglossales,Geoglossaceae,native,geoglossum littorale,FALSE,FALSE,FALSE,0
urn:lsid:dyntaxa.se:TaxonName:89944,Geoglossum olivaceum,species,"",Fungi,Ascomycota,Leotiomycetes,Leotiales,Leotiaceae,"",geoglossum olivaceum,FALSE,FALSE,FALSE,0
urn:lsid:dyntaxa.se:TaxonName:89950,Geoglossum vitellinum,species,"",Fungi,Ascomycota,Neolectomycetes,Neolectales,Neolectaceae,"",geoglossum vitellinum,FALSE,FALSE,FALSE,0
urn:lsid:dyntaxa.se:TaxonName:89986,Geoglossum walteri,species,"",Fungi,Ascomycota,Geoglossomycetes,Geoglossales,Geoglossaceae,"",geoglossum walteri,FALSE,FALSE,FALSE,0
urn:lsid:dyntaxa.se:TaxonName:397696,Geometra zonaria,species,"",Animalia,Arthropoda,Insecta,Lepidoptera,Geometridae,"",geometra zonaria,FALSE,FALSE,FALSE,0
urn:lsid:dyntaxa.se:TaxonName:141831,Geophilus sodalis,species,"",Animalia,Arthropoda,Chilopoda,Geophilomorpha,Geophilidae,"",geophilus sodalis,FALSE,FALSE,FALSE,0
urn:lsid:dyntaxa.se:TaxonName:89935,Geopora michaelis,species,"",Fungi,Ascomycota,Pezizomycetes,Pezizales,Discinaceae,"",geopora michaelis,FALSE,FALSE,FALSE,0
urn:lsid:dyntaxa.se:TaxonName:89937,Geoporella michaelis,species,"",Fungi,Ascomycota,Pezizomycetes,Pezizales,Discinaceae,"",geoporella michaelis,FALSE,FALSE,FALSE,0
urn:lsid:dyntaxa.se:TaxonName:89954,Geopyxis ammophila,species,"",Fungi,Ascomycota,Pezizomycetes,Pezizales,Pezizaceae,"",geopyxis ammophila,FALSE,FALSE,FALSE,0
urn:lsid:dyntaxa.se:Taxon:100992,Geotrupes mutator,species,RE,Animalia,Arthropoda,Insecta,Coleoptera,Geotrupidae,native,geotrupes mutator,FALSE,FALSE,FALSE,0
urn:lsid:dyntaxa.se:TaxonName:95785,Geotrupes vernalis,species,"",Animalia,Arthropoda,Insecta,Coleoptera,Geotrupidae,"",geotrupes vernalis,FALSE,FALSE,FALSE,0
urn:lsid:dyntaxa.se:TaxonName:72714,Geranium deprehensum,species,"",Plantae,Tracheophyta,Magnoliopsida,Geraniales,Geraniaceae,"",geranium deprehensum,FALSE,FALSE,FALSE,0
urn:lsid:dyntaxa.se:TaxonName:115780,Geryon tridens,species,"",Animalia,Arthropoda,Malacostraca,Decapoda,Geryonidae,"",geryon tridens,FALSE,FALSE,FALSE,0
urn:lsid:dyntaxa.se:TaxonName:266317,Gibbomodiola adriatica,species,"",Animalia,Mollusca,Bivalvia,Mytiloida,Mytilidae,"",gibbomodiola adriatica,FALSE,FALSE,FALSE,0
urn:lsid:dyntaxa.se:TaxonName:284290,Ginnania furcellata,species,"",Plantae,Rhodophyta,Florideophyceae,Nemaliales,Scinaiaceae,"",ginnania furcellata,FALSE,FALSE,FALSE,0
urn:lsid:dyntaxa.se:TaxonName:58616,Githago segetum,species,"",Plantae,Tracheophyta,Magnoliopsida,Caryophyllales,Caryophyllaceae,"",githago segetum,FALSE,FALSE,FALSE,0
urn:lsid:dyntaxa.se:TaxonName:124027,Glandula fibrosa,species,"",Animalia,Chordata,"",Stolidobranchiata,Styelidae,"",glandula fibrosa,FALSE,FALSE,FALSE,0
urn:lsid:dyntaxa.se:TaxonName:64966,Glaucium luteum,species,"",Plantae,Tracheophyta,Magnoliopsida,Ranunculales,Papaveraceae,"",glaucium luteum,FALSE,FALSE,FALSE,0
urn:lsid:dyntaxa.se:TaxonName:300372,Gliophorus luteolaetus,species,"",Fungi,Basidiomycota,Agaricomycetes,Agaricales,"Agaricales, genera incertae sedis","",gliophorus luteolaetus,FALSE,FALSE,FALSE,0
urn:lsid:dyntaxa.se:TaxonName:102026,Globicornis rufitarsis,species,"",Animalia,Arthropoda,Insecta,Coleoptera,Dermestidae,"",globicornis rufitarsis,FALSE,FALSE,FALSE,0
urn:lsid:dyntaxa.se:Taxon:100593,Glocianus moelleri,species,NT,Animalia,Arthropoda,Insecta,Coleoptera,Curculionidae,native,glocianus moelleri,FALSE,FALSE,FALSE,0
urn:lsid:dyntaxa.se:TaxonName:237121,Glocianus molleri,species,"",Animalia,Arthropoda,Insecta,Coleoptera,Curculionidae,"",glocianus molleri,FALSE,FALSE,FALSE,0
urn:lsid:dyntaxa.se:TaxonName:335045,Gloeocystidiellum electum,species,"",Fungi,Basidiomycota,Agaricomycetes,Russulales,"Russulales, genera incertae sedis","",gloeocystidiellum electum,FALSE,FALSE,FALSE,0
urn:lsid:dyntaxa.se:TaxonName:52745,Gloeocystidiellum karstenii,species,"",Fungi,Basidiomycota,Agaricomycetes,Russulales,Stereaceae,"",gloeocystidiellum karstenii,FALSE,FALSE,FALSE,0
urn:lsid:dyntaxa.se:TaxonName:160395,Gloeocystidiellum subasperisporum,species,"",Fungi,Basidiomycota,Agaricomycetes,Russulales,"Russulales, genera incertae sedis","",gloeocystidiellum subasperisporum,FALSE,FALSE,FALSE,0
urn:lsid:dyntaxa.se:TaxonName:120122,Gloeocystidium guttuliferum,species,"",Fungi,Basidiomycota,Agaricomycetes,Hymenochaetales,Rickenellaceae,"",gloeocystidium guttuliferum,FALSE,FALSE,FALSE,0
urn:lsid:dyntaxa.se:TaxonName:400157,Gloeocystidium macedonicum,species,"",Fungi,Basidiomycota,Agaricomycetes,Hymenochaetales,"Hymenochaetales, genera incertae sedis","",gloeocystidium macedonicum,FALSE,FALSE,FALSE,0
urn:lsid:dyntaxa.se:TaxonName:258394,Gloeocystidium triste,species,"",Fungi,Basidiomycota,Agaricomycetes,Polyporales,Sparassidaceae,"",gloeocystidium triste,FALSE,FALSE,FALSE,0
urn:lsid:dyntaxa.se:TaxonName:400201,Gloeocystidium triste var. deviatum,species,"",Fungi,Basidiomycota,Agaricomycetes,Polyporales,Hyphodermataceae,"",gloeocystidium triste,FALSE,FALSE,FALSE,0
urn:lsid:dyntaxa.se:TaxonName:89927,Gloeoglossum difforme,species,"",Fungi,Ascomycota,Geoglossomycetes,Geoglossales,Geoglossaceae,"",gloeoglossum difforme,FALSE,FALSE,FALSE,0
urn:lsid:dyntaxa.se:Taxon:251425,Gloeoplax weberi,species,DD,Plantae,Chlorophyta,Chlorophyceae,Chaetophorales,Chaetophoraceae,native,gloeoplax weberi,FALSE,FALSE,FALSE,0
urn:lsid:dyntaxa.se:TaxonName:404224,Gloeoporus tschulymicus,species,"",Fungi,Basidiomycota,Agaricomycetes,Polyporales,Incrustoporiaceae,"",gloeoporus tschulymicus,FALSE,FALSE,FALSE,0
urn:lsid:dyntaxa.se:TaxonName:128633,Glossus cor,species,"",Animalia,Mollusca,Bivalvia,Veneroida,Glossidae,"",glossus cor,FALSE,FALSE,FALSE,0
urn:lsid:dyntaxa.se:TaxonName:90888,Glyceria algida,species,"",Plantae,Tracheophyta,Liliopsida,Poales,Poaceae,"",glyceria algida,FALSE,FALSE,FALSE,0
urn:lsid:dyntaxa.se:TaxonName:90571,Glyceria aquatica,species,"",Plantae,Tracheophyta,Liliopsida,Poales,Poaceae,"",glyceria aquatica,FALSE,FALSE,FALSE,0
urn:lsid:dyntaxa.se:TaxonName:90788,Glyceria remota,species,"",Plantae,Tracheophyta,Liliopsida,Poales,Poaceae,"",glyceria remota,FALSE,FALSE,FALSE,0
urn:lsid:dyntaxa.se:TaxonName:130068,Glyphanostomum macroglossum,species,"",Animalia,Annelida,Polychaeta,Terebellida,Ampharetidae,"",glyphanostomum macroglossum,FALSE,FALSE,FALSE,0
urn:lsid:dyntaxa.se:TaxonName:82591,Gnaphalium arenarium,species,"",Plantae,Tracheophyta,Magnoliopsida,Asterales,Asteraceae,"",gnaphalium arenarium,FALSE,FALSE,FALSE,0
urn:lsid:dyntaxa.se:TaxonName:82762,Gnaphalium luteoalbum,species,"",Plantae,Tracheophyta,Magnoliopsida,Asterales,Asteraceae,"",gnaphalium luteoalbum,FALSE,FALSE,FALSE,0
urn:lsid:dyntaxa.se:Taxon:102446,Gnorimoschema herbichi,species,VU,Animalia,Arthropoda,Insecta,Lepidoptera,Gelechiidae,native,gnorimoschema herbichi,FALSE,FALSE,FALSE,0
urn:lsid:dyntaxa.se:Taxon:102447,Gnorimoschema nordlandicolellum,species,DD,Animalia,Arthropoda,Insecta,Lepidoptera,Gelechiidae,native,gnorimoschema nordlandicolellum,FALSE,FALSE,FALSE,0
urn:lsid:dyntaxa.se:Taxon:101001,Gnorimoschema valesiellum,species,VU,Animalia,Arthropoda,Insecta,Lepidoptera,Gelechiidae,native,gnorimoschema valesiellum,FALSE,FALSE,FALSE,0
urn:lsid:dyntaxa.se:TaxonName:25228,Gnorimus octopunctatus,species,"",Animalia,Arthropoda,Insecta,Coleoptera,Scarabaeidae,"",gnorimus octopunctatus,FALSE,FALSE,FALSE,0
urn:lsid:dyntaxa.se:TaxonName:158615,Gobius scorpioides,species,"",Animalia,Chordata,Actinopterygii,Perciformes,Gobiidae,"",gobius scorpioides,FALSE,FALSE,FALSE,0
urn:lsid:dyntaxa.se:TaxonName:252995,Gongylia incarnata,species,"",Fungi,Ascomycota,Lecanoromycetes,Ostropales,Gyalectaceae,"",gongylia incarnata,FALSE,FALSE,FALSE,0
urn:lsid:dyntaxa.se:TaxonName:253006,Gongylia obducens,species,"",Fungi,Ascomycota,Lecanoromycetes,Ostropales,Gyalectaceae,"",gongylia obducens,FALSE,FALSE,FALSE,0
urn:lsid:dyntaxa.se:TaxonName:262352,Gongylidiellum mediocre,species,"",Animalia,Arthropoda,Arachnida,Araneae,Linyphiidae,"",gongylidiellum mediocre,FALSE,FALSE,FALSE,0
urn:lsid:dyntaxa.se:TaxonName:247089,Goniaster granularis,species,"",Animalia,Echinodermata,Asteroidea,Valvatida,Goniasteridae,"",goniaster granularis,FALSE,FALSE,FALSE,0
urn:lsid:dyntaxa.se:TaxonName:158056,Gonylia incarnata,species,"",Fungi,Ascomycota,Lecanoromycetes,Ostropales,Gyalectaceae,"",gonylia incarnata,FALSE,FALSE,FALSE,0
urn:lsid:dyntaxa.se:TaxonName:158057,Gonylia obducens,species,"",Fungi,Ascomycota,Lecanoromycetes,Ostropales,Gyalectaceae,"",gonylia obducens,FALSE,FALSE,FALSE,0
urn:lsid:dyntaxa.se:TaxonName:300965,Gorgonia resedaeformis,species,"",Animalia,Cnidaria,Anthozoa,Alcyonacea,Primnoidae,"",gorgonia resedaeformis,FALSE,FALSE,FALSE,0
urn:lsid:dyntaxa.se:TaxonName:247249,Gorgonocephalus linckii,species,"",Animalia,Echinodermata,Ophiuroidea,Euryalida,Gorgonocephalidae,"",gorgonocephalus linckii,FALSE,FALSE,FALSE,0
urn:lsid:dyntaxa.se:TaxonName:247250,Gorgonocephalus scutatum,species,"",Animalia,Echinodermata,Ophiuroidea,Euryalida,Gorgonocephalidae,"",gorgonocephalus scutatum,FALSE,FALSE,FALSE,0
urn:lsid:dyntaxa.se:Taxon:234500,Gorytes neglectus,species,DD,Animalia,Arthropoda,Insecta,Hymenoptera,Crabronidae,native,gorytes neglectus,FALSE,FALSE,FALSE,0
urn:lsid:dyntaxa.se:TaxonName:19853,Gracillaria hofmanniella,species,"",Animalia,Arthropoda,Insecta,Lepidoptera,Gracillariidae,"",gracillaria hofmanniella,FALSE,FALSE,FALSE,0
urn:lsid:dyntaxa.se:TaxonName:129880,Gracula Atthis,species,"",Animalia,Chordata,Aves,Coraciiformes,Alcedinidae,"",gracula atthis,FALSE,FALSE,FALSE,0
urn:lsid:dyntaxa.se:TaxonName:342721,Grandinia alienata,species,"",Fungi,Basidiomycota,Agaricomycetes,Hymenochaetales,Schizoporaceae,"",grandinia alienata,FALSE,FALSE,FALSE,0
urn:lsid:dyntaxa.se:TaxonName:342865,Grandinia curvispora,species,"",Fungi,Basidiomycota,Agaricomycetes,Hymenochaetales,Schizoporaceae,"",grandinia curvispora,FALSE,FALSE,FALSE,0
urn:lsid:dyntaxa.se:TaxonName:342730,Grandinia efibulata,species,"",Fungi,Basidiomycota,Agaricomycetes,Hymenochaetales,Schizoporaceae,"",grandinia efibulata,FALSE,FALSE,FALSE,0
urn:lsid:dyntaxa.se:TaxonName:400257,Grandinia involuta,species,"",Fungi,Basidiomycota,Agaricomycetes,Polyporales,Hyphodermataceae,"",grandinia involuta,FALSE,FALSE,FALSE,0
urn:lsid:dyntaxa.se:TaxonName:399700,Grandinia subochracea,species,"",Fungi,Basidiomycota,Agaricomycetes,Polyporales,Meruliaceae,"",grandinia subochracea,FALSE,FALSE,FALSE,0
urn:lsid:dyntaxa.se:TaxonName:90985,Graphephorum arundinaceum,species,"",Plantae,Tracheophyta,Liliopsida,Poales,Poaceae,"",graphephorum arundinaceum,FALSE,FALSE,FALSE,0
urn:lsid:dyntaxa.se:TaxonName:90986,Graphephorum festucaceum,species,"",Plantae,Tracheophyta,Liliopsida,Poales,Poaceae,"",graphephorum festucaceum,FALSE,FALSE,FALSE,0
urn:lsid:dyntaxa.se:TaxonName:285977,Griffithsia arachnoidea,species,"",Plantae,Rhodophyta,Florideophyceae,Ceramiales,Wrangeliaceae,"",griffithsia arachnoidea,FALSE,FALSE,FALSE,0
urn:lsid:dyntaxa.se:TaxonName:32574,Griffithsia flosculosa,species,"",Plantae,Rhodophyta,Florideophyceae,Ceramiales,Wrangeliaceae,"",griffithsia flosculosa,FALSE,FALSE,FALSE,0
urn:lsid:dyntaxa.se:TaxonName:285976,Griffithsia setacea,species,"",Plantae,Rhodophyta,Florideophyceae,Ceramiales,Wrangeliaceae,"",griffithsia setacea,FALSE,FALSE,FALSE,0
urn:lsid:dyntaxa.se:TaxonName:467758,Grifola cristata,species,"",Fungi,Basidiomycota,Agaricomycetes,Russulales,Albatrellaceae,"",grifola cristata,FALSE,FALSE,FALSE,0
urn:lsid:dyntaxa.se:TaxonName:470240,Grifola umbellata,species,"",Fungi,Basidiomycota,Agaricomycetes,Polyporales,Polyporaceae,"",grifola umbellata,FALSE,FALSE,FALSE,0
urn:lsid:dyntaxa.se:TaxonName:148488,Grimmia apiculata,species,"",Plantae,Bryophyta,Bryopsida,Grimmiales,Grimmiaceae,"",grimmia apiculata,FALSE,FALSE,FALSE,0
urn:lsid:dyntaxa.se:TaxonName:147223,Grimmia subsulcata,species,"",Plantae,Bryophyta,Bryopsida,Grimmiales,Grimmiaceae,"",grimmia subsulcata,FALSE,FALSE,FALSE,0
urn:lsid:dyntaxa.se:TaxonName:148507,Grimmia sudetica,species,"",Plantae,Bryophyta,Bryopsida,Grimmiales,Grimmiaceae,"",grimmia sudetica,FALSE,FALSE,FALSE,0
urn:lsid:dyntaxa.se:TaxonName:422840,Grimmia sudetica,species,"",Plantae,Bryophyta,Bryopsida,Grimmiales,Grimmiaceae,"",grimmia sudetica,FALSE,FALSE,FALSE,0
urn:lsid:dyntaxa.se:TaxonName:422911,Grimmia sudetica,species,"",Plantae,Bryophyta,Bryopsida,Grimmiales,Grimmiaceae,"",grimmia sudetica,FALSE,FALSE,FALSE,0
urn:lsid:dyntaxa.se:TaxonName:147225,Grimmia tergestinoides,species,"",Plantae,Bryophyta,Bryopsida,Grimmiales,Grimmiaceae,"",grimmia tergestinoides,FALSE,FALSE,FALSE,0
urn:lsid:dyntaxa.se:Taxon:2013,Griseoporia carbonaria,species,EN,Fungi,Basidiomycota,Agaricomycetes,Gloeophyllales,Gloeophyllaceae,native,griseoporia carbonaria,FALSE,FALSE,FALSE,0
urn:lsid:dyntaxa.se:TaxonName:25282,Grynobius tricolor,species,"",Animalia,Arthropoda,Insecta,Coleoptera,Ptinidae,"",grynobius tricolor,FALSE,FALSE,FALSE,0
urn:lsid:dyntaxa.se:TaxonName:409077,Guepinia femsjoniana,species,"",Fungi,Basidiomycota,Dacrymycetes,Dacrymycetales,Dacrymycetaceae,"",guepinia femsjoniana,FALSE,FALSE,FALSE,0
urn:lsid:dyntaxa.se:Taxon:218153,Gulenia borealis,species,VU,Animalia,Mollusca,Gastropoda,Nudibranchia,Coryphellidae,native,gulenia borealis,FALSE,FALSE,FALSE,0
urn:lsid:dyntaxa.se:Taxon:6033041,Gulenia monicae,species,VU,Animalia,Mollusca,Gastropoda,Nudibranchia,Coryphellidae,native,gulenia monicae,FALSE,FALSE,FALSE,0
urn:lsid:dyntaxa.se:TaxonName:397939,Gulenia monicae,species,"",Animalia,Mollusca,Gastropoda,Nudibranchia,Coryphellidae,"",gulenia monicae,FALSE,FALSE,FALSE,0
urn:lsid:dyntaxa.se:Taxon:1144,Gyalecta carneola,species,VU,Fungi,Ascomycota,Lecanoromycetes,Ostropales,Gyalectaceae,native,gyalecta carneola,FALSE,FALSE,FALSE,0
urn:lsid:dyntaxa.se:TaxonName:2846,Gyalecta croatica,species,"",Fungi,Ascomycota,Lecanoromycetes,Ostropales,Gyalectaceae,"",gyalecta croatica,FALSE,FALSE,FALSE,0
urn:lsid:dyntaxa.se:TaxonName:2847,Gyalecta denudata,species,"",Fungi,Ascomycota,Lecanoromycetes,Ostropales,Gyalectaceae,"",gyalecta denudata,FALSE,FALSE,FALSE,0
urn:lsid:dyntaxa.se:TaxonName:2852,Gyalecta elegantula,species,"",Fungi,Ascomycota,Lecanoromycetes,Ostropales,Gyalectaceae,"",gyalecta elegantula,FALSE,FALSE,FALSE,0
urn:lsid:dyntaxa.se:TaxonName:8880,Gyalecta gyalectoides,species,"",Fungi,Ascomycota,Lecanoromycetes,Ostropales,Gyalectaceae,"",gyalecta gyalectoides,FALSE,FALSE,FALSE,0
urn:lsid:dyntaxa.se:Taxon:1185,Gyalecta hypoleuca,species,EN,Fungi,Ascomycota,Lecanoromycetes,Ostropales,Gyalectaceae,native,gyalecta hypoleuca,FALSE,FALSE,FALSE,0
urn:lsid:dyntaxa.se:TaxonName:2853,Gyalecta rosellovirens,species,"",Fungi,Ascomycota,Lecanoromycetes,Ostropales,Gyalectaceae,"",gyalecta rosellovirens,FALSE,FALSE,FALSE,0
urn:lsid:dyntaxa.se:TaxonName:6165,Gyalecta roseola,species,"",Fungi,Ascomycota,Lecanoromycetes,Ostropales,Graphidaceae,"",gyalecta roseola,FALSE,FALSE,FALSE,0
urn:lsid:dyntaxa.se:TaxonName:2854,Gyalecta rubra,species,"",Fungi,Ascomycota,Lecanoromycetes,Ostropales,Gyalectaceae,"",gyalecta rubra,FALSE,FALSE,FALSE,0
urn:lsid:dyntaxa.se:TaxonName:158021,Gyalecta tarandina,species,"",Fungi,Ascomycota,Lecanoromycetes,Lecanorales,Ramalinaceae,"",gyalecta tarandina,FALSE,FALSE,FALSE,0
urn:lsid:dyntaxa.se:TaxonName:8881,Gyalecta thelotremoides,species,"",Fungi,Ascomycota,Lecanoromycetes,Ostropales,Gyalectaceae,"",gyalecta thelotremoides,FALSE,FALSE,FALSE,0
urn:lsid:dyntaxa.se:TaxonName:127113,Gyalecta wahlenbergiana var. truncigena,species,"",Fungi,Ascomycota,Lecanoromycetes,Ostropales,Gyalectaceae,"",gyalecta wahlenbergiana,FALSE,FALSE,FALSE,0
urn:lsid:dyntaxa.se:TaxonName:149480,Gyalideopsis alnicola,species,"",Fungi,Ascomycota,Lecanoromycetes,Ostropales,Graphidaceae,"",gyalideopsis alnicola,FALSE,FALSE,FALSE,0
urn:lsid:dyntaxa.se:TaxonName:226462,Gyalolechia schistidii,species,"",Fungi,Ascomycota,Lecanoromycetes,Teloschistales,Teloschistaceae,"",gyalolechia schistidii,FALSE,FALSE,FALSE,0
urn:lsid:dyntaxa.se:TaxonName:87364,Gymnadenia albida,species,"",Plantae,Tracheophyta,Liliopsida,Asparagales,Orchidaceae,"",gymnadenia albida,FALSE,FALSE,FALSE,0
urn:lsid:dyntaxa.se:TaxonName:24852,Gymnadenia runeii,species,"",Plantae,Tracheophyta,Liliopsida,Asparagales,Orchidaceae,"",gymnadenia runeii,FALSE,FALSE,FALSE,0
urn:lsid:dyntaxa.se:TaxonName:115081,Gymnetron collinum,species,"",Animalia,Arthropoda,Insecta,Coleoptera,Curculionidae,"",gymnetron collinum,FALSE,FALSE,FALSE,0
urn:lsid:dyntaxa.se:TaxonName:115078,Gymnetron hispidum,species,"",Animalia,Arthropoda,Insecta,Coleoptera,Curculionidae,"",gymnetron hispidum,FALSE,FALSE,FALSE,0
urn:lsid:dyntaxa.se:TaxonName:115082,Gymnetron linariae,species,"",Animalia,Arthropoda,Insecta,Coleoptera,Curculionidae,"",gymnetron linariae,FALSE,FALSE,FALSE,0
urn:lsid:dyntaxa.se:TaxonName:87323,Gymnigritella runei,species,"",Plantae,Tracheophyta,Liliopsida,Asparagales,Orchidaceae,"",gymnigritella runei,FALSE,FALSE,FALSE,0
urn:lsid:dyntaxa.se:TaxonName:145007,Gymnomitrion apiculatum,species,"",Plantae,Marchantiophyta,Marchantiopsida,Jungermanniales,Gymnomitriaceae,"",gymnomitrion apiculatum,FALSE,FALSE,FALSE,0
urn:lsid:dyntaxa.se:TaxonName:319222,Gymnostomum ericetorum,species,"",Plantae,Bryophyta,Bryopsida,Funariales,Funariaceae,"",gymnostomum ericetorum,FALSE,FALSE,FALSE,0
urn:lsid:dyntaxa.se:TaxonName:319176,Gymnostomum fasciculare,species,"",Plantae,Bryophyta,Bryopsida,Funariales,Funariaceae,"",gymnostomum fasciculare,FALSE,FALSE,FALSE,0
urn:lsid:dyntaxa.se:TaxonName:319214,Gymnostomum obtusum,species,"",Plantae,Bryophyta,Bryopsida,Funariales,Funariaceae,"",gymnostomum obtusum,FALSE,FALSE,FALSE,0
urn:lsid:dyntaxa.se:TaxonName:252573,Gymnostomum tenue,species,"",Plantae,Bryophyta,Bryopsida,Pottiales,Pottiaceae,"",gymnostomum tenue,FALSE,FALSE,FALSE,0
urn:lsid:dyntaxa.se:TaxonName:112143,Gynaephora antiquoides,species,"",Animalia,Arthropoda,Insecta,Lepidoptera,Erebidae,"",gynaephora antiquoides,FALSE,FALSE,FALSE,0
urn:lsid:dyntaxa.se:Taxon:747,Gypsophila muralis,species,EN,Plantae,Tracheophyta,Magnoliopsida,Caryophyllales,Caryophyllaceae,native,gypsophila muralis,FALSE,FALSE,FALSE,0
urn:lsid:dyntaxa.se:Taxon:101019,Gyraulus laevis,species,NT,Animalia,Mollusca,Gastropoda,"",Planorbidae,native,gyraulus laevis,FALSE,FALSE,FALSE,0
urn:lsid:dyntaxa.se:TaxonName:89938,Gyrocratera ploettneriana,species,"",Fungi,Ascomycota,Pezizomycetes,Pezizales,Discinaceae,"",gyrocratera ploettneriana,FALSE,FALSE,FALSE,0
urn:lsid:dyntaxa.se:TaxonName:364355,Gyrodon lignicola,species,"",Fungi,Basidiomycota,Agaricomycetes,Boletales,Boletaceae,"",gyrodon lignicola,FALSE,FALSE,FALSE,0
urn:lsid:dyntaxa.se:Taxon:556,Gyromitra fastigiata,species,EN,Fungi,Ascomycota,Pezizomycetes,Pezizales,Discinaceae,native,gyromitra fastigiata,FALSE,FALSE,FALSE,0
urn:lsid:dyntaxa.se:Taxon:101023,Gyrophaena nitidula,species,DD,Animalia,Arthropoda,Insecta,Coleoptera,Staphylinidae,native,gyrophaena nitidula,FALSE,FALSE,FALSE,0
urn:lsid:dyntaxa.se:TaxonName:87367,Habenaria albida,species,"",Plantae,Tracheophyta,Liliopsida,Asparagales,Orchidaceae,"",habenaria albida,FALSE,FALSE,FALSE,0
urn:lsid:dyntaxa.se:TaxonName:87355,Habenaria obtusata,species,"",Plantae,Tracheophyta,Liliopsida,Asparagales,Orchidaceae,"",habenaria obtusata,FALSE,FALSE,FALSE,0
urn:lsid:dyntaxa.se:TaxonName:87320,Habenaria odoratissima,species,"",Plantae,Tracheophyta,Liliopsida,Asparagales,Orchidaceae,"",habenaria odoratissima,FALSE,FALSE,FALSE,0
urn:lsid:dyntaxa.se:TaxonName:145611,Hada skraelingia,species,"",Animalia,Arthropoda,Insecta,Lepidoptera,Noctuidae,"",hada skraelingia,FALSE,FALSE,FALSE,0
urn:lsid:dyntaxa.se:TaxonName:139773,Hadena filigrama,species,"",Animalia,Arthropoda,Insecta,Lepidoptera,Noctuidae,"",hadena filigrama,FALSE,FALSE,FALSE,0
urn:lsid:dyntaxa.se:Taxon:102081,Haematopota grandis,species,RE,Animalia,Arthropoda,Insecta,Diptera,Tabanidae,native,haematopota grandis,FALSE,FALSE,FALSE,0
urn:lsid:dyntaxa.se:TaxonName:107662,Haemonia pubipennis,species,"",Animalia,Arthropoda,Insecta,Coleoptera,Chrysomelidae,"",haemonia pubipennis,FALSE,FALSE,FALSE,0
urn:lsid:dyntaxa.se:TaxonName:105958,Haemorrhagia tityus,species,"",Animalia,Arthropoda,Insecta,Lepidoptera,Sphingidae,"",haemorrhagia tityus,FALSE,FALSE,FALSE,0
urn:lsid:dyntaxa.se:Taxon:217874,Halcampoides abyssorum,species,DD,Animalia,Cnidaria,Anthozoa,Actiniaria,Halcampoididae,native,halcampoides abyssorum,FALSE,FALSE,FALSE,0
urn:lsid:dyntaxa.se:TaxonName:64836,Halerpestes salsuginosa,species,"",Plantae,Tracheophyta,Magnoliopsida,Ranunculales,Ranunculaceae,"",halerpestes salsuginosa,FALSE,FALSE,FALSE,0
urn:lsid:dyntaxa.se:TaxonName:64595,Haliaeëtus albicilla,species,"",Animalia,Chordata,Aves,Accipitriformes,Accipitridae,"",haliaeëtus albicilla,FALSE,FALSE,FALSE,0
urn:lsid:dyntaxa.se:TaxonName:326352,Halictoides inermis,species,"",Animalia,Arthropoda,Insecta,Hymenoptera,Halictidae,"",halictoides inermis,FALSE,FALSE,FALSE,0
urn:lsid:dyntaxa.se:TaxonName:326487,Halictus brevicornis,species,"",Animalia,Arthropoda,Insecta,Hymenoptera,Halictidae,"",halictus brevicornis,FALSE,FALSE,FALSE,0
urn:lsid:dyntaxa.se:Taxon:102679,Halictus eurygnathus,species,NT,Animalia,Arthropoda,Insecta,Hymenoptera,Halictidae,native,halictus eurygnathus,FALSE,FALSE,FALSE,0
urn:lsid:dyntaxa.se:TaxonName:12560,Halictus eurygnatus,species,"",Animalia,Arthropoda,Insecta,Hymenoptera,Halictidae,"",halictus eurygnatus,FALSE,FALSE,FALSE,0
urn:lsid:dyntaxa.se:Taxon:102681,Halictus quadricinctus,species,CR,Animalia,Arthropoda,Insecta,Hymenoptera,Halictidae,native,halictus quadricinctus,FALSE,FALSE,FALSE,0
urn:lsid:dyntaxa.se:Taxon:101033,Halictus sexcinctus,species,RE,Animalia,Arthropoda,Insecta,Hymenoptera,Halictidae,native,halictus sexcinctus,FALSE,FALSE,FALSE,0
urn:lsid:dyntaxa.se:TaxonName:58457,Halimus pedunculatus,species,"",Plantae,Tracheophyta,Magnoliopsida,Caryophyllales,Amaranthaceae,"",halimus pedunculatus,FALSE,FALSE,FALSE,0
urn:lsid:dyntaxa.se:Taxon:217847,Halipteris finmarchica,species,VU,Animalia,Cnidaria,Anthozoa,Pennatulacea,Halipteridae,native,halipteris finmarchica,FALSE,FALSE,FALSE,0
urn:lsid:dyntaxa.se:TaxonName:142216,Halorates spetsbergensis,species,"",Animalia,Arthropoda,Arachnida,Araneae,Linyphiidae,"",halorates spetsbergensis,FALSE,FALSE,FALSE,0
urn:lsid:dyntaxa.se:TaxonName:284288,Halymenia furcellata,species,"",Plantae,Rhodophyta,Florideophyceae,Nemaliales,Scinaiaceae,"",halymenia furcellata,FALSE,FALSE,FALSE,0
urn:lsid:dyntaxa.se:Taxon:6040095,"Hamatocaulis vernicosus, southern cryptic species",unranked,VU,Plantae,Bryophyta,Bryopsida,Hypnales,Calliergonaceae,native,"hamatocaulis vernicosus, southern cryptic species",FALSE,FALSE,FALSE,0
urn:lsid:dyntaxa.se:TaxonName:421460,Hanleya abyssorum,species,"",Animalia,Mollusca,Polyplacophora,Lepidopleurida,Hanleyidae,"",hanleya abyssorum,FALSE,FALSE,FALSE,0
urn:lsid:dyntaxa.se:TaxonName:421461,Hanleya nagelfar,species,"",Animalia,Mollusca,Polyplacophora,Lepidopleurida,Hanleyidae,"",hanleya nagelfar,FALSE,FALSE,FALSE,0
urn:lsid:dyntaxa.se:TaxonName:88231,Hapalaraea clavigera,species,"",Animalia,Arthropoda,Insecta,Coleoptera,Staphylinidae,"",hapalaraea clavigera,FALSE,FALSE,FALSE,0
urn:lsid:dyntaxa.se:TaxonName:88224,Hapalaraea salicis,species,"",Animalia,Arthropoda,Insecta,Coleoptera,Staphylinidae,"",hapalaraea salicis,FALSE,FALSE,FALSE,0
urn:lsid:dyntaxa.se:Taxon:757,Hapalopilus aurantiacus,species,NT,Fungi,Basidiomycota,Agaricomycetes,Polyporales,"Polyporales, genera incertae sedis",native,hapalopilus aurantiacus,FALSE,FALSE,FALSE,0
urn:lsid:dyntaxa.se:TaxonName:398994,Hapalopilus ochraceo-lateritius,species,"",Fungi,Basidiomycota,Agaricomycetes,Polyporales,"Polyporales, genera incertae sedis","",hapalopilus ochraceo-lateritius,FALSE,FALSE,FALSE,0
urn:lsid:dyntaxa.se:TaxonName:152645,Hapalopilus ochraceolateritius,species,"",Fungi,Basidiomycota,Agaricomycetes,Polyporales,"Polyporales, genera incertae sedis","",hapalopilus ochraceolateritius,FALSE,FALSE,FALSE,0
urn:lsid:dyntaxa.se:TaxonName:127031,Hapalopilus salmonicolor,species,"",Fungi,Basidiomycota,Agaricomycetes,Polyporales,Meruliaceae,"",hapalopilus salmonicolor,FALSE,FALSE,FALSE,0
urn:lsid:dyntaxa.se:TaxonName:9183,Haplocarpon hydrophilum,species,"",Fungi,Ascomycota,Lecanoromycetes,Lecideales,Lecideaceae,"",haplocarpon hydrophilum,FALSE,FALSE,FALSE,0
urn:lsid:dyntaxa.se:TaxonName:120183,Haploops carinata,species,"",Animalia,Arthropoda,Malacostraca,Amphipoda,Ampeliscidae,"",haploops carinata,FALSE,FALSE,FALSE,0
urn:lsid:dyntaxa.se:TaxonName:120185,Haploops robusta,species,"",Animalia,Arthropoda,Malacostraca,Amphipoda,Ampeliscidae,"",haploops robusta,FALSE,FALSE,FALSE,0
urn:lsid:dyntaxa.se:TaxonName:120184,Haploops spinosa,species,"",Animalia,Arthropoda,Malacostraca,Amphipoda,Ampeliscidae,"",haploops spinosa,FALSE,FALSE,FALSE,0
urn:lsid:dyntaxa.se:TaxonName:403609,Haploporus fraxineus,species,"",Fungi,Basidiomycota,Agaricomycetes,Polyporales,Polyporaceae,"",haploporus fraxineus,FALSE,FALSE,FALSE,0
urn:lsid:dyntaxa.se:Taxon:1143,Haploporus tuberculosus,species,NT,Fungi,Basidiomycota,Agaricomycetes,Polyporales,Polyporaceae,native,haploporus tuberculosus,FALSE,FALSE,FALSE,0
urn:lsid:dyntaxa.se:TaxonName:401387,Haploporus tuberculosus,species,"",Fungi,Basidiomycota,Agaricomycetes,Polyporales,Polyporaceae,"",haploporus tuberculosus,FALSE,FALSE,FALSE,0
urn:lsid:dyntaxa.se:Taxon:234873,Hardya tenuis,species,DD,Animalia,Arthropoda,Insecta,Hemiptera,Cicadellidae,native,hardya tenuis,FALSE,FALSE,FALSE,0
urn:lsid:dyntaxa.se:TaxonName:90098,Harpalus azureus,species,"",Animalia,Arthropoda,Insecta,Coleoptera,Carabidae,"",harpalus azureus,FALSE,FALSE,FALSE,0
urn:lsid:dyntaxa.se:TaxonName:74232,Harpalus froelichi,species,"",Animalia,Arthropoda,Insecta,Coleoptera,Carabidae,"",harpalus froelichi,FALSE,FALSE,FALSE,0
urn:lsid:dyntaxa.se:TaxonName:90095,Harpalus puncticollis,species,"",Animalia,Arthropoda,Insecta,Coleoptera,Carabidae,"",harpalus puncticollis,FALSE,FALSE,FALSE,0
urn:lsid:dyntaxa.se:TaxonName:20855,Harpalus rufitarsis,species,"",Animalia,Arthropoda,Insecta,Coleoptera,Carabidae,"",harpalus rufitarsis,FALSE,FALSE,FALSE,0
urn:lsid:dyntaxa.se:TaxonName:20857,Harpalus rufus,species,"",Animalia,Arthropoda,Insecta,Coleoptera,Carabidae,"",harpalus rufus,FALSE,FALSE,FALSE,0
urn:lsid:dyntaxa.se:TaxonName:160703,Hathrometra sarsii,species,"",Animalia,Echinodermata,Crinoidea,Comatulida,Antedonidae,"",hathrometra sarsii,FALSE,FALSE,FALSE,0
urn:lsid:dyntaxa.se:TaxonName:2700,Hazslinszkya inarense,species,"",Fungi,Ascomycota,Lecanoromycetes,Umbilicariales,Elixiaceae,"",hazslinszkya inarense,FALSE,FALSE,FALSE,0
urn:lsid:dyntaxa.se:TaxonName:449548,Hedlundia atrata,species,"",Plantae,Tracheophyta,Magnoliopsida,Rosales,Rosaceae,"",hedlundia atrata,FALSE,FALSE,FALSE,0
urn:lsid:dyntaxa.se:TaxonName:449552,Hedlundia faohraei,species,"",Plantae,Tracheophyta,Magnoliopsida,Rosales,Rosaceae,"",hedlundia faohraei,FALSE,FALSE,FALSE,0
urn:lsid:dyntaxa.se:TaxonName:86932,Hedychridium chloropygum spatium,species,"",Animalia,Arthropoda,Insecta,Hymenoptera,Chrysididae,"",hedychridium chloropygum,FALSE,FALSE,FALSE,0
urn:lsid:dyntaxa.se:TaxonName:157449,Hedychridium chloropygum ssp. spatium,species,"",Animalia,Arthropoda,Insecta,Hymenoptera,Chrysididae,"",hedychridium chloropygum,FALSE,FALSE,FALSE,0
urn:lsid:dyntaxa.se:TaxonName:270636,Hedychridium chloropygum caputaureum,species,"",Animalia,Arthropoda,Insecta,Hymenoptera,Chrysididae,"",hedychridium chloropygum,FALSE,FALSE,FALSE,0
urn:lsid:dyntaxa.se:TaxonName:279174,Hedychridium chloropygum,species,"",Animalia,Arthropoda,Insecta,Hymenoptera,Chrysididae,"",hedychridium chloropygum,FALSE,FALSE,FALSE,0
urn:lsid:dyntaxa.se:TaxonName:279216,Hedychridium mediocrum,species,"",Animalia,Arthropoda,Insecta,Hymenoptera,Chrysididae,"",hedychridium mediocrum,FALSE,FALSE,FALSE,0
urn:lsid:dyntaxa.se:TaxonName:128564,Hedylopsis suecica,species,"",Animalia,Mollusca,Gastropoda,"",Hedylopsidae,"",hedylopsis suecica,FALSE,FALSE,FALSE,0
urn:lsid:dyntaxa.se:TaxonName:46308,Helcon redactor,species,"",Animalia,Arthropoda,Insecta,Hymenoptera,Braconidae,"",helcon redactor,FALSE,FALSE,FALSE,0
urn:lsid:dyntaxa.se:TaxonName:72831,Helianthemum chamaecistus,subspecies,"",Plantae,Tracheophyta,Magnoliopsida,Malvales,Cistaceae,"",helianthemum chamaecistus,FALSE,FALSE,FALSE,0
urn:lsid:dyntaxa.se:TaxonName:72832,Helianthemum chamaecistus ssp. hirsutum,subspecies,"",Plantae,Tracheophyta,Magnoliopsida,Malvales,Cistaceae,"",helianthemum chamaecistus,FALSE,FALSE,FALSE,0
urn:lsid:dyntaxa.se:TaxonName:72833,Helianthemum ovatum,subspecies,"",Plantae,Tracheophyta,Magnoliopsida,Malvales,Cistaceae,"",helianthemum ovatum,FALSE,FALSE,FALSE,0
urn:lsid:dyntaxa.se:TaxonName:274857,Helix glabra,species,"",Animalia,Mollusca,Gastropoda,Stylommatophora,Oxychilidae,"",helix glabra,FALSE,FALSE,FALSE,0
urn:lsid:dyntaxa.se:TaxonName:87306,Helleborine latifolia var. varians,species,"",Plantae,Tracheophyta,Liliopsida,Asparagales,Orchidaceae,"",helleborine latifolia,FALSE,FALSE,FALSE,0
urn:lsid:dyntaxa.se:Taxon:254252,Hellwigia elegans,species,RE,Animalia,Arthropoda,Insecta,Hymenoptera,Ichneumonidae,native,hellwigia elegans,FALSE,FALSE,FALSE,0
urn:lsid:dyntaxa.se:TaxonName:32465,Helminthora stackhousei,species,"",Plantae,Rhodophyta,Florideophyceae,Nemaliales,Liagoraceae,"",helminthora stackhousei,FALSE,FALSE,FALSE,0
urn:lsid:dyntaxa.se:TaxonName:270909,Helomyza tigrina,species,"",Animalia,Arthropoda,Insecta,Diptera,Clusiidae,"",helomyza tigrina,FALSE,FALSE,FALSE,0
urn:lsid:dyntaxa.se:Taxon:101059,Helophorus redtenbacheri,species,VU,Animalia,Arthropoda,Insecta,Coleoptera,Helophoridae,native,helophorus redtenbacheri,FALSE,FALSE,FALSE,0
urn:lsid:dyntaxa.se:TaxonName:364610,Helotium robergei,species,"",Fungi,Ascomycota,Leotiomycetes,Helotiales,Helotiaceae,"",helotium robergei,FALSE,FALSE,FALSE,0
urn:lsid:dyntaxa.se:TaxonName:364601,Helotium scutula var. albidum,species,"",Fungi,Ascomycota,Leotiomycetes,Helotiales,Helotiaceae,"",helotium scutula,FALSE,FALSE,FALSE,0
urn:lsid:dyntaxa.se:TaxonName:89901,Helvella fastigiata,species,"",Fungi,Ascomycota,Pezizomycetes,Pezizales,Discinaceae,"",helvella fastigiata,FALSE,FALSE,FALSE,0
urn:lsid:dyntaxa.se:TaxonName:104082,Helvella mesenterica,species,"",Fungi,Basidiomycota,Agaricomycetes,Auriculariales,"Auriculariales, genera incertae sedis","",helvella mesenterica,FALSE,FALSE,FALSE,0
urn:lsid:dyntaxa.se:TaxonName:283378,Helvella pannosa,species,"",Fungi,Basidiomycota,Agaricomycetes,Hymenochaetales,Rickenellaceae,"",helvella pannosa,FALSE,FALSE,FALSE,0
urn:lsid:dyntaxa.se:TaxonName:286044,Helvella pyxidata,species,"",Fungi,Ascomycota,Pezizomycetes,Pezizales,Otideaceae,"",helvella pyxidata,FALSE,FALSE,FALSE,0
urn:lsid:dyntaxa.se:TaxonName:286043,Helvella scutellata,species,"",Fungi,Ascomycota,Pezizomycetes,Pezizales,Otideaceae,"",helvella scutellata,FALSE,FALSE,FALSE,0
urn:lsid:dyntaxa.se:TaxonName:89931,Helvella sphaerospora,species,"",Fungi,Ascomycota,Pezizomycetes,Pezizales,Discinaceae,"",helvella sphaerospora,FALSE,FALSE,FALSE,0
urn:lsid:dyntaxa.se:TaxonName:109175,Helvellella sphaerospora,species,"",Fungi,Ascomycota,Pezizomycetes,Pezizales,Discinaceae,"",helvellella sphaerospora,FALSE,FALSE,FALSE,0
urn:lsid:dyntaxa.se:Taxon:1225,Hemipholiota populnea,species,NT,Fungi,Basidiomycota,Agaricomycetes,Agaricales,Strophariaceae,native,hemipholiota populnea,FALSE,FALSE,FALSE,0
urn:lsid:dyntaxa.se:TaxonName:145627,Hemistola biliosata,species,"",Animalia,Arthropoda,Insecta,Lepidoptera,Geometridae,"",hemistola biliosata,FALSE,FALSE,FALSE,0
urn:lsid:dyntaxa.se:TaxonName:331317,Henicospilus rossicus,species,"",Animalia,Arthropoda,Insecta,Hymenoptera,Ichneumonidae,"",henicospilus rossicus,FALSE,FALSE,FALSE,0
urn:lsid:dyntaxa.se:TaxonName:105420,Heodes amphidamas,species,"",Animalia,Arthropoda,Insecta,Lepidoptera,Lycaenidae,"",heodes amphidamas,FALSE,FALSE,FALSE,0
urn:lsid:dyntaxa.se:TaxonName:105463,Heodes hippothoe,species,"",Animalia,Arthropoda,Insecta,Lepidoptera,Lycaenidae,"",heodes hippothoe,FALSE,FALSE,FALSE,0
urn:lsid:dyntaxa.se:TaxonName:12998,Hepialus fuscoargenteus,species,"",Animalia,Arthropoda,Insecta,Lepidoptera,Hepialidae,"",hepialus fuscoargenteus,FALSE,FALSE,FALSE,0
urn:lsid:dyntaxa.se:TaxonName:122223,Hepialus ganna,species,"",Animalia,Arthropoda,Insecta,Lepidoptera,Hepialidae,"",hepialus ganna,FALSE,FALSE,FALSE,0
urn:lsid:dyntaxa.se:TaxonName:141721,Hepialus postmaculatus,species,"",Animalia,Arthropoda,Insecta,Lepidoptera,Hepialidae,"",hepialus postmaculatus,FALSE,FALSE,FALSE,0
urn:lsid:dyntaxa.se:TaxonName:8825,Heppia euploca,species,"",Fungi,Ascomycota,Lichinomycetes,Lichinales,Peltulaceae,"",heppia euploca,FALSE,FALSE,FALSE,0
urn:lsid:dyntaxa.se:TaxonName:8826,Heppia guepinii,species,"",Fungi,Ascomycota,Lichinomycetes,Lichinales,Peltulaceae,"",heppia guepinii,FALSE,FALSE,FALSE,0
urn:lsid:dyntaxa.se:TaxonName:6185,Heppia virescens,species,"",Fungi,Ascomycota,Lichinomycetes,Lichinales,Heppiaceae,"",heppia virescens,FALSE,FALSE,FALSE,0
urn:lsid:dyntaxa.se:TaxonName:104985,Heptagenia orbiticola,species,"",Animalia,Arthropoda,Insecta,Ephemeroptera,Heptageniidae,"",heptagenia orbiticola,FALSE,FALSE,FALSE,0
urn:lsid:dyntaxa.se:TaxonName:95854,Heptaulacus sus,species,"",Animalia,Arthropoda,Insecta,Coleoptera,Scarabaeidae,"",heptaulacus sus,FALSE,FALSE,FALSE,0
urn:lsid:dyntaxa.se:Taxon:101065,Heptaulacus testudinarius,species,RE,Animalia,Arthropoda,Insecta,Coleoptera,Scarabaeidae,native,heptaulacus testudinarius,FALSE,FALSE,FALSE,0
urn:lsid:dyntaxa.se:TaxonName:95855,Heptaulacus villosus,species,"",Animalia,Arthropoda,Insecta,Coleoptera,Scarabaeidae,"",heptaulacus villosus,FALSE,FALSE,FALSE,0
urn:lsid:dyntaxa.se:TaxonName:103744,Hericium ramosum,species,"",Fungi,Basidiomycota,Agaricomycetes,Russulales,Hericiaceae,"",hericium ramosum,FALSE,FALSE,FALSE,0
urn:lsid:dyntaxa.se:TaxonName:286015,Herpothamnion barbatum,species,"",Plantae,Rhodophyta,Florideophyceae,Ceramiales,Wrangeliaceae,"",herpothamnion barbatum,FALSE,FALSE,FALSE,0
urn:lsid:dyntaxa.se:TaxonName:286014,Herpothamnion pluma,species,"",Plantae,Rhodophyta,Florideophyceae,Ceramiales,Wrangeliaceae,"",herpothamnion pluma,FALSE,FALSE,FALSE,0
urn:lsid:dyntaxa.se:TaxonName:101077,Hesperia armoricanus,species,"",Animalia,Arthropoda,Insecta,Lepidoptera,Hesperiidae,"",hesperia armoricanus,FALSE,FALSE,FALSE,0
urn:lsid:dyntaxa.se:TaxonName:119422,Hesperodina gmoiwana,species,"",Animalia,Arthropoda,Insecta,Diptera,Pachyneuridae,"",hesperodina gmoiwana,FALSE,FALSE,FALSE,0
urn:lsid:dyntaxa.se:TaxonName:80809,Hetaerius ferrugineus,species,"",Animalia,Arthropoda,Insecta,Coleoptera,Histeridae,"",hetaerius ferrugineus,FALSE,FALSE,FALSE,0
urn:lsid:dyntaxa.se:Taxon:102270,Heterocerus fossor,species,DD,Animalia,Arthropoda,Insecta,Coleoptera,Heteroceridae,native,heterocerus fossor,FALSE,FALSE,FALSE,0
urn:lsid:dyntaxa.se:TaxonName:95930,Heterocerus senescens,species,"",Animalia,Arthropoda,Insecta,Coleoptera,Heteroceridae,"",heterocerus senescens,FALSE,FALSE,FALSE,0
urn:lsid:dyntaxa.se:TaxonName:246695,Heterocladium papillosum,species,"",Plantae,Bryophyta,Bryopsida,Hypnales,Leskeaceae,"",heterocladium papillosum,FALSE,FALSE,FALSE,0
urn:lsid:dyntaxa.se:Taxon:101072,Heterocordylus leptocerus,species,VU,Animalia,Arthropoda,Insecta,Hemiptera,Miridae,native,heterocordylus leptocerus,FALSE,FALSE,FALSE,0
urn:lsid:dyntaxa.se:Taxon:240423,Heteromeringia nigrimana,species,NT,Animalia,Arthropoda,Insecta,Diptera,Clusiidae,native,heteromeringia nigrimana,FALSE,FALSE,FALSE,0
urn:lsid:dyntaxa.se:TaxonName:270910,Heteroneura decora,species,"",Animalia,Arthropoda,Insecta,Diptera,Clusiidae,"",heteroneura decora,FALSE,FALSE,FALSE,0
urn:lsid:dyntaxa.se:TaxonName:399979,Heteroporus wynneae,species,"",Fungi,Basidiomycota,Agaricomycetes,Polyporales,Steccherinaceae,"",heteroporus wynneae,FALSE,FALSE,FALSE,0
urn:lsid:dyntaxa.se:TaxonName:152842,Heteroporus wynnei,species,"",Fungi,Basidiomycota,Agaricomycetes,Polyporales,Steccherinaceae,"",heteroporus wynnei,FALSE,FALSE,FALSE,0
urn:lsid:dyntaxa.se:TaxonName:395878,Hexagonia carbonaria,species,"",Fungi,Basidiomycota,Agaricomycetes,Gloeophyllales,Gloeophyllaceae,"",hexagonia carbonaria,FALSE,FALSE,FALSE,0
urn:lsid:dyntaxa.se:Taxon:231476,Hieracium abbreviatum,species,DD,Plantae,Tracheophyta,Magnoliopsida,Asterales,Asteraceae,native,hieracium abbreviatum,FALSE,FALSE,FALSE,0
urn:lsid:dyntaxa.se:Taxon:231480,Hieracium acidotum,species,VU,Plantae,Tracheophyta,Magnoliopsida,Asterales,Asteraceae,native,hieracium acidotum,FALSE,FALSE,FALSE,0
urn:lsid:dyntaxa.se:Taxon:231508,Hieracium amplidens,species,DD,Plantae,Tracheophyta,Magnoliopsida,Asterales,Asteraceae,native,hieracium amplidens,FALSE,FALSE,FALSE,0
urn:lsid:dyntaxa.se:TaxonName:91156,Hieracium anfracto-diaphanoides,species,"",Plantae,Tracheophyta,Magnoliopsida,Asterales,Asteraceae,"",hieracium anfracto-diaphanoides,FALSE,FALSE,FALSE,0
urn:lsid:dyntaxa.se:TaxonName:91157,Hieracium anfractum ssp. chlorodes,species,"",Plantae,Tracheophyta,Magnoliopsida,Asterales,Asteraceae,"",hieracium anfractum,FALSE,FALSE,FALSE,0
urn:lsid:dyntaxa.se:TaxonName:96198,Hieracium anfractum ssp. hemidiaphanum,species,"",Plantae,Tracheophyta,Magnoliopsida,Asterales,Asteraceae,"",hieracium anfractum,FALSE,FALSE,FALSE,0
urn:lsid:dyntaxa.se:Taxon:231514,Hieracium angustevitreum,species,DD,Plantae,Tracheophyta,Magnoliopsida,Asterales,Asteraceae,native,hieracium angustevitreum,FALSE,FALSE,FALSE,0
urn:lsid:dyntaxa.se:Taxon:231211,Hieracium austrinum,species,NT,Plantae,Tracheophyta,Magnoliopsida,Asterales,Asteraceae,native,hieracium austrinum,FALSE,FALSE,FALSE,0
urn:lsid:dyntaxa.se:TaxonName:302351,Hieracium badiellum,species,"",Plantae,Tracheophyta,Magnoliopsida,Asterales,Asteraceae,"",hieracium badiellum,FALSE,FALSE,FALSE,0
urn:lsid:dyntaxa.se:Taxon:231537,Hieracium baliophyllum,species,NT,Plantae,Tracheophyta,Magnoliopsida,Asterales,Asteraceae,introduced,hieracium baliophyllum,FALSE,FALSE,FALSE,0
urn:lsid:dyntaxa.se:Taxon:231217,Hieracium basicinereum,species,DD,Plantae,Tracheophyta,Magnoliopsida,Asterales,Asteraceae,native,hieracium basicinereum,FALSE,FALSE,FALSE,0
urn:lsid:dyntaxa.se:Taxon:231539,Hieracium basidecurrens,species,DD,Plantae,Tracheophyta,Magnoliopsida,Asterales,Asteraceae,native,hieracium basidecurrens,FALSE,FALSE,FALSE,0
urn:lsid:dyntaxa.se:Taxon:231219,Hieracium basigriseum,species,DD,Plantae,Tracheophyta,Magnoliopsida,Asterales,Asteraceae,native,hieracium basigriseum,FALSE,FALSE,FALSE,0
urn:lsid:dyntaxa.se:Taxon:231544,Hieracium basiunguiculum,species,DD,Plantae,Tracheophyta,Magnoliopsida,Asterales,Asteraceae,native,hieracium basiunguiculum,FALSE,FALSE,FALSE,0
urn:lsid:dyntaxa.se:Taxon:231545,Hieracium basivinosum,species,DD,Plantae,Tracheophyta,Magnoliopsida,Asterales,Asteraceae,native,hieracium basivinosum,FALSE,FALSE,FALSE,0
urn:lsid:dyntaxa.se:TaxonName:91064,Hieracium bifurcatum,species,"",Plantae,Tracheophyta,Magnoliopsida,Asterales,Asteraceae,"",hieracium bifurcatum,FALSE,FALSE,FALSE,0
urn:lsid:dyntaxa.se:Taxon:231561,Hieracium brevivestitum,species,DD,Plantae,Tracheophyta,Magnoliopsida,Asterales,Asteraceae,native,hieracium brevivestitum,FALSE,FALSE,FALSE,0
urn:lsid:dyntaxa.se:Taxon:231222,Hieracium cacuminatum,species,EN,Plantae,Tracheophyta,Magnoliopsida,Asterales,Asteraceae,native,hieracium cacuminatum,FALSE,FALSE,FALSE,0
urn:lsid:dyntaxa.se:Taxon:231582,Hieracium carcarophyllum,species,EN,Plantae,Tracheophyta,Magnoliopsida,Asterales,Asteraceae,native,hieracium carcarophyllum,FALSE,FALSE,FALSE,0
urn:lsid:dyntaxa.se:TaxonName:82757,Hieracium cernuum,species,"",Plantae,Tracheophyta,Magnoliopsida,Asterales,Asteraceae,"",hieracium cernuum,FALSE,FALSE,FALSE,0
urn:lsid:dyntaxa.se:Taxon:231235,Hieracium chlorodes,species,NT,Plantae,Tracheophyta,Magnoliopsida,Asterales,Asteraceae,native,hieracium chlorodes,FALSE,FALSE,FALSE,0
urn:lsid:dyntaxa.se:Taxon:231608,Hieracium contaminatum,species,NT,Plantae,Tracheophyta,Magnoliopsida,Asterales,Asteraceae,introduced,hieracium contaminatum,FALSE,FALSE,FALSE,0
urn:lsid:dyntaxa.se:Taxon:231625,Hieracium curvifrons,species,DD,Plantae,Tracheophyta,Magnoliopsida,Asterales,Asteraceae,native,hieracium curvifrons,FALSE,FALSE,FALSE,0
urn:lsid:dyntaxa.se:Taxon:231644,Hieracium dentidecurrens,species,DD,Plantae,Tracheophyta,Magnoliopsida,Asterales,Asteraceae,native,hieracium dentidecurrens,FALSE,FALSE,FALSE,0
urn:lsid:dyntaxa.se:TaxonName:82718,Hieracium dichotomum,species,"",Plantae,Tracheophyta,Magnoliopsida,Asterales,Asteraceae,"",hieracium dichotomum,FALSE,FALSE,FALSE,0
urn:lsid:dyntaxa.se:Taxon:6033369,Hieracium dovrensifolium,species,DD,Plantae,Tracheophyta,Magnoliopsida,Asterales,Asteraceae,native,hieracium dovrensifolium,FALSE,FALSE,FALSE,0
urn:lsid:dyntaxa.se:Taxon:231278,Hieracium femsioënse,species,CR,Plantae,Tracheophyta,Magnoliopsida,Asterales,Asteraceae,native,hieracium femsioënse,FALSE,FALSE,FALSE,0
urn:lsid:dyntaxa.se:TaxonName:302394,Hieracium fulvasterum,species,"",Plantae,Tracheophyta,Magnoliopsida,Asterales,Asteraceae,"",hieracium fulvasterum,FALSE,FALSE,FALSE,0
urn:lsid:dyntaxa.se:Taxon:231688,Hieracium gaeutaënse,species,DD,Plantae,Tracheophyta,Magnoliopsida,Asterales,Asteraceae,native,hieracium gaeutaënse,FALSE,FALSE,FALSE,0
urn:lsid:dyntaxa.se:Taxon:231693,Hieracium glaucinifrons,species,DD,Plantae,Tracheophyta,Magnoliopsida,Asterales,Asteraceae,native,hieracium glaucinifrons,FALSE,FALSE,FALSE,0
urn:lsid:dyntaxa.se:TaxonName:91226,Hieracium glaucovirens,species,"",Plantae,Tracheophyta,Magnoliopsida,Asterales,Asteraceae,"",hieracium glaucovirens,FALSE,FALSE,FALSE,0
urn:lsid:dyntaxa.se:TaxonName:91232,Hieracium gothicum ssp. adampliatum,species,"",Plantae,Tracheophyta,Magnoliopsida,Asterales,Asteraceae,"",hieracium gothicum,FALSE,FALSE,FALSE,0
urn:lsid:dyntaxa.se:Taxon:251462,Hieracium gracilifrons,species,VU,Plantae,Tracheophyta,Magnoliopsida,Asterales,Asteraceae,native,hieracium gracilifrons,FALSE,FALSE,FALSE,0
urn:lsid:dyntaxa.se:Taxon:266131,Hieracium guldbergense,species,DD,Plantae,Tracheophyta,Magnoliopsida,Asterales,Asteraceae,native,hieracium guldbergense,FALSE,FALSE,FALSE,0
urn:lsid:dyntaxa.se:Taxon:231703,Hieracium gymnocentrum,species,NT,Plantae,Tracheophyta,Magnoliopsida,Asterales,Asteraceae,native,hieracium gymnocentrum,FALSE,FALSE,FALSE,0
urn:lsid:dyntaxa.se:Taxon:231705,Hieracium haboënse,species,EN,Plantae,Tracheophyta,Magnoliopsida,Asterales,Asteraceae,native,hieracium haboënse,FALSE,FALSE,FALSE,0
urn:lsid:dyntaxa.se:Taxon:231708,Hieracium hastato-ovatum,species,EN,Plantae,Tracheophyta,Magnoliopsida,Asterales,Asteraceae,introduced,hieracium hastato-ovatum,FALSE,FALSE,FALSE,0
urn:lsid:dyntaxa.se:Taxon:251308,Hieracium helenae,species,EN,Plantae,Tracheophyta,Magnoliopsida,Asterales,Asteraceae,native,hieracium helenae,FALSE,FALSE,FALSE,0
urn:lsid:dyntaxa.se:TaxonName:7587,Hieracium hypsophum,species,"",Plantae,Tracheophyta,Magnoliopsida,Asterales,Asteraceae,"",hieracium hypsophum,FALSE,FALSE,FALSE,0
urn:lsid:dyntaxa.se:Taxon:251310,Hieracium imbricatum,species,EN,Plantae,Tracheophyta,Magnoliopsida,Asterales,Asteraceae,native,hieracium imbricatum,FALSE,FALSE,FALSE,0
urn:lsid:dyntaxa.se:TaxonName:91069,Hieracium integratum var. decorosum,species,"",Plantae,Tracheophyta,Magnoliopsida,Asterales,Asteraceae,"",hieracium integratum,FALSE,FALSE,FALSE,0
urn:lsid:dyntaxa.se:Taxon:231306,Hieracium kemiticum,species,VU,Plantae,Tracheophyta,Magnoliopsida,Asterales,Asteraceae,native,hieracium kemiticum,FALSE,FALSE,FALSE,0
urn:lsid:dyntaxa.se:Taxon:231320,Hieracium longidens,species,DD,Plantae,Tracheophyta,Magnoliopsida,Asterales,Asteraceae,introduced,hieracium longidens,FALSE,FALSE,FALSE,0
urn:lsid:dyntaxa.se:TaxonName:109242,Hieracium longilingua,species,"",Plantae,Tracheophyta,Magnoliopsida,Asterales,Asteraceae,"",hieracium longilingua,FALSE,FALSE,FALSE,0
urn:lsid:dyntaxa.se:TaxonName:91100,Hieracium macrolepis,species,"",Plantae,Tracheophyta,Magnoliopsida,Asterales,Asteraceae,"",hieracium macrolepis,FALSE,FALSE,FALSE,0
urn:lsid:dyntaxa.se:TaxonName:91176,Hieracium macrotonum ssp. cunctans,species,"",Plantae,Tracheophyta,Magnoliopsida,Asterales,Asteraceae,"",hieracium macrotonum,FALSE,FALSE,FALSE,0
urn:lsid:dyntaxa.se:Taxon:231780,Hieracium maculosiforme,species,EN,Plantae,Tracheophyta,Magnoliopsida,Asterales,Asteraceae,native,hieracium maculosiforme,FALSE,FALSE,FALSE,0
urn:lsid:dyntaxa.se:Taxon:267089,Hieracium marginelliceps,species,EN,Plantae,Tracheophyta,Magnoliopsida,Asterales,Asteraceae,native,hieracium marginelliceps,FALSE,FALSE,FALSE,0
urn:lsid:dyntaxa.se:Taxon:231834,Hieracium niveicuspis,species,DD,Plantae,Tracheophyta,Magnoliopsida,Asterales,Asteraceae,native,hieracium niveicuspis,FALSE,FALSE,FALSE,0
urn:lsid:dyntaxa.se:Taxon:231348,Hieracium nordstroemii,species,DD,Plantae,Tracheophyta,Magnoliopsida,Asterales,Asteraceae,native,hieracium nordstroemii,FALSE,FALSE,FALSE,0
urn:lsid:dyntaxa.se:Taxon:231856,Hieracium oistophyllum,species,NT,Plantae,Tracheophyta,Magnoliopsida,Asterales,Asteraceae,native,hieracium oistophyllum,FALSE,FALSE,FALSE,0
urn:lsid:dyntaxa.se:Taxon:231355,Hieracium oligostictum,species,DD,Plantae,Tracheophyta,Magnoliopsida,Asterales,Asteraceae,introduced,hieracium oligostictum,FALSE,FALSE,FALSE,0
urn:lsid:dyntaxa.se:TaxonName:91065,Hieracium orbicans,species,"",Plantae,Tracheophyta,Magnoliopsida,Asterales,Asteraceae,"",hieracium orbicans,FALSE,FALSE,FALSE,0
urn:lsid:dyntaxa.se:Taxon:231867,Hieracium orbiculatum,species,DD,Plantae,Tracheophyta,Magnoliopsida,Asterales,Asteraceae,native,hieracium orbiculatum,FALSE,FALSE,FALSE,0
urn:lsid:dyntaxa.se:Taxon:266122,Hieracium oreades,species,EN,Plantae,Tracheophyta,Magnoliopsida,Asterales,Asteraceae,native,hieracium oreades,FALSE,FALSE,FALSE,0
urn:lsid:dyntaxa.se:Taxon:231875,Hieracium pachycranum,species,DD,Plantae,Tracheophyta,Magnoliopsida,Asterales,Asteraceae,native,hieracium pachycranum,FALSE,FALSE,FALSE,0
urn:lsid:dyntaxa.se:TaxonName:91095,Hieracium parallelum,species,"",Plantae,Tracheophyta,Magnoliopsida,Asterales,Asteraceae,"",hieracium parallelum,FALSE,FALSE,FALSE,0
urn:lsid:dyntaxa.se:Taxon:231889,Hieracium penduloides,species,DD,Plantae,Tracheophyta,Magnoliopsida,Asterales,Asteraceae,native,hieracium penduloides,FALSE,FALSE,FALSE,0
urn:lsid:dyntaxa.se:TaxonName:82756,Hieracium peterianum,species,"",Plantae,Tracheophyta,Magnoliopsida,Asterales,Asteraceae,"",hieracium peterianum,FALSE,FALSE,FALSE,0
urn:lsid:dyntaxa.se:Taxon:231899,Hieracium phaeocomoides,species,DD,Plantae,Tracheophyta,Magnoliopsida,Asterales,Asteraceae,native,hieracium phaeocomoides,FALSE,FALSE,FALSE,0
urn:lsid:dyntaxa.se:TaxonName:91234,Hieracium pinnatifidum ssp. scanicum,species,"",Plantae,Tracheophyta,Magnoliopsida,Asterales,Asteraceae,"",hieracium pinnatifidum,FALSE,FALSE,FALSE,0
urn:lsid:dyntaxa.se:TaxonName:91153,Hieracium pinnatifidum ssp. scanicum,species,"",Plantae,Tracheophyta,Magnoliopsida,Asterales,Asteraceae,"",hieracium pinnatifidum,FALSE,FALSE,FALSE,0
urn:lsid:dyntaxa.se:TaxonName:91145,Hieracium pinnatifidum ssp. subpunctillatum,species,"",Plantae,Tracheophyta,Magnoliopsida,Asterales,Asteraceae,"",hieracium pinnatifidum,FALSE,FALSE,FALSE,0
urn:lsid:dyntaxa.se:Taxon:231911,Hieracium planifrons,species,EN,Plantae,Tracheophyta,Magnoliopsida,Asterales,Asteraceae,native,hieracium planifrons,FALSE,FALSE,FALSE,0
urn:lsid:dyntaxa.se:TaxonName:91119,Hieracium polyschistum,species,"",Plantae,Tracheophyta,Magnoliopsida,Asterales,Asteraceae,"",hieracium polyschistum,FALSE,FALSE,FALSE,0
urn:lsid:dyntaxa.se:Taxon:251811,Hieracium praviforme,species,VU,Plantae,Tracheophyta,Magnoliopsida,Asterales,Asteraceae,native,hieracium praviforme,FALSE,FALSE,FALSE,0
urn:lsid:dyntaxa.se:TaxonName:91072,Hieracium pseudociliatum,species,"",Plantae,Tracheophyta,Magnoliopsida,Asterales,Asteraceae,"",hieracium pseudociliatum,FALSE,FALSE,FALSE,0
urn:lsid:dyntaxa.se:Taxon:231949,Hieracium pseudogaeutaënse,species,DD,Plantae,Tracheophyta,Magnoliopsida,Asterales,Asteraceae,native,hieracium pseudogaeutaënse,FALSE,FALSE,FALSE,0
urn:lsid:dyntaxa.se:Taxon:266133,Hieracium pseudonosmoides,species,EN,Plantae,Tracheophyta,Magnoliopsida,Asterales,Asteraceae,native,hieracium pseudonosmoides,FALSE,FALSE,FALSE,0
urn:lsid:dyntaxa.se:TaxonName:91066,Hieracium ptychophyllum,species,"",Plantae,Tracheophyta,Magnoliopsida,Asterales,Asteraceae,"",hieracium ptychophyllum,FALSE,FALSE,FALSE,0
urn:lsid:dyntaxa.se:Taxon:231968,Hieracium pycnodon,species,EN,Plantae,Tracheophyta,Magnoliopsida,Asterales,Asteraceae,native,hieracium pycnodon,FALSE,FALSE,FALSE,0
urn:lsid:dyntaxa.se:Taxon:231401,Hieracium ravusculum,species,NT,Plantae,Tracheophyta,Magnoliopsida,Asterales,Asteraceae,native,hieracium ravusculum,FALSE,FALSE,FALSE,0
urn:lsid:dyntaxa.se:Taxon:231978,Hieracium remanentiforme,species,EN,Plantae,Tracheophyta,Magnoliopsida,Asterales,Asteraceae,native,hieracium remanentiforme,FALSE,FALSE,FALSE,0
urn:lsid:dyntaxa.se:TaxonName:302383,Hieracium rivoënse,species,"",Plantae,Tracheophyta,Magnoliopsida,Asterales,Asteraceae,"",hieracium rivoënse,FALSE,FALSE,FALSE,0
urn:lsid:dyntaxa.se:Taxon:266136,Hieracium rufescens,species,NT,Plantae,Tracheophyta,Magnoliopsida,Asterales,Asteraceae,native,hieracium rufescens,FALSE,FALSE,FALSE,0
urn:lsid:dyntaxa.se:Taxon:231994,Hieracium scotostylum,species,RE,Plantae,Tracheophyta,Magnoliopsida,Asterales,Asteraceae,introduced,hieracium scotostylum,FALSE,FALSE,FALSE,0
urn:lsid:dyntaxa.se:Taxon:232001,Hieracium silboënse,species,VU,Plantae,Tracheophyta,Magnoliopsida,Asterales,Asteraceae,native,hieracium silboënse,FALSE,FALSE,FALSE,0
urn:lsid:dyntaxa.se:Taxon:232018,Hieracium speirodon,species,DD,Plantae,Tracheophyta,Magnoliopsida,Asterales,Asteraceae,native,hieracium speirodon,FALSE,FALSE,FALSE,0
urn:lsid:dyntaxa.se:Taxon:6033371,Hieracium stellans,species,DD,Plantae,Tracheophyta,Magnoliopsida,Asterales,Asteraceae,native,hieracium stellans,FALSE,FALSE,FALSE,0
urn:lsid:dyntaxa.se:TaxonName:91093,Hieracium striatulum,species,"",Plantae,Tracheophyta,Magnoliopsida,Asterales,Asteraceae,"",hieracium striatulum,FALSE,FALSE,FALSE,0
urn:lsid:dyntaxa.se:Taxon:231428,Hieracium strimaënse,species,DD,Plantae,Tracheophyta,Magnoliopsida,Asterales,Asteraceae,native,hieracium strimaënse,FALSE,FALSE,FALSE,0
urn:lsid:dyntaxa.se:Taxon:267059,Hieracium subaustrinum,species,VU,Plantae,Tracheophyta,Magnoliopsida,Asterales,Asteraceae,native,hieracium subaustrinum,FALSE,FALSE,FALSE,0
urn:lsid:dyntaxa.se:TaxonName:91083,Hieracium subcaliginosum,species,"",Plantae,Tracheophyta,Magnoliopsida,Asterales,Asteraceae,"",hieracium subcaliginosum,FALSE,FALSE,FALSE,0
urn:lsid:dyntaxa.se:TaxonName:82754,Hieracium subcernuum,species,"",Plantae,Tracheophyta,Magnoliopsida,Asterales,Asteraceae,"",hieracium subcernuum,FALSE,FALSE,FALSE,0
urn:lsid:dyntaxa.se:TaxonName:91081,Hieracium suborbicans,species,"",Plantae,Tracheophyta,Magnoliopsida,Asterales,Asteraceae,"",hieracium suborbicans,FALSE,FALSE,FALSE,0
urn:lsid:dyntaxa.se:Taxon:232057,Hieracium subrivoënse,species,DD,Plantae,Tracheophyta,Magnoliopsida,Asterales,Asteraceae,native,hieracium subrivoënse,FALSE,FALSE,FALSE,0
urn:lsid:dyntaxa.se:TaxonName:91094,Hieracium subsagittatum,species,"",Plantae,Tracheophyta,Magnoliopsida,Asterales,Asteraceae,"",hieracium subsagittatum,FALSE,FALSE,FALSE,0
urn:lsid:dyntaxa.se:TaxonName:302367,Hieracium subterscissiforme,species,"",Plantae,Tracheophyta,Magnoliopsida,Asterales,Asteraceae,"",hieracium subterscissiforme,FALSE,FALSE,FALSE,0
urn:lsid:dyntaxa.se:Taxon:232063,Hieracium subulatum,species,DD,Plantae,Tracheophyta,Magnoliopsida,Asterales,Asteraceae,native,hieracium subulatum,FALSE,FALSE,FALSE,0
urn:lsid:dyntaxa.se:Taxon:231448,Hieracium suppressum,species,DD,Plantae,Tracheophyta,Magnoliopsida,Asterales,Asteraceae,native,hieracium suppressum,FALSE,FALSE,FALSE,0
urn:lsid:dyntaxa.se:Taxon:231454,Hieracium toerense,species,CR,Plantae,Tracheophyta,Magnoliopsida,Asterales,Asteraceae,native,hieracium toerense,FALSE,FALSE,FALSE,0
urn:lsid:dyntaxa.se:TaxonName:109247,Hieracium trachlosimoides,species,"",Plantae,Tracheophyta,Magnoliopsida,Asterales,Asteraceae,"",hieracium trachlosimoides,FALSE,FALSE,FALSE,0
urn:lsid:dyntaxa.se:Taxon:266287,Hieracium vexillatum,species,NT,Plantae,Tracheophyta,Magnoliopsida,Asterales,Asteraceae,native,hieracium vexillatum,FALSE,FALSE,FALSE,0
urn:lsid:dyntaxa.se:TaxonName:91229,Hieracium violascens var. badioviolaceum,species,"",Plantae,Tracheophyta,Magnoliopsida,Asterales,Asteraceae,"",hieracium violascens,FALSE,FALSE,FALSE,0
urn:lsid:dyntaxa.se:TaxonName:257063,Hippochaete x moorei,species,"",Plantae,Tracheophyta,Equisetopsida,Equisetales,Equisetaceae,"",hippochaete x,FALSE,FALSE,FALSE,0
urn:lsid:dyntaxa.se:TaxonName:51742,Hippochaete × moorei,species,"",Plantae,Tracheophyta,Equisetopsida,Equisetales,Equisetaceae,"",hippochaete × moorei,FALSE,FALSE,FALSE,0
urn:lsid:dyntaxa.se:TaxonName:115730,Hippolyte cranchii,species,"",Animalia,Arthropoda,Malacostraca,Decapoda,Thoridae,"",hippolyte cranchii,FALSE,FALSE,FALSE,0
urn:lsid:dyntaxa.se:TaxonName:444310,Hippolyte cranchii,species,"",Animalia,Arthropoda,Malacostraca,Decapoda,Thoridae,"",hippolyte cranchii,FALSE,FALSE,FALSE,0
urn:lsid:dyntaxa.se:TaxonName:115736,Hippolyte gaimardii,species,"",Animalia,Arthropoda,Malacostraca,Decapoda,Thoridae,"",hippolyte gaimardii,FALSE,FALSE,FALSE,0
urn:lsid:dyntaxa.se:TaxonName:357935,Hippolyte pusiola,species,"",Animalia,Arthropoda,Malacostraca,Decapoda,Thoridae,"",hippolyte pusiola,FALSE,FALSE,FALSE,0
urn:lsid:dyntaxa.se:TaxonName:107023,Hirticomus hispidus,species,"",Animalia,Arthropoda,Insecta,Coleoptera,Anthicidae,"",hirticomus hispidus,FALSE,FALSE,FALSE,0
urn:lsid:dyntaxa.se:TaxonName:129876,Hirundo Apus,species,"",Animalia,Chordata,Aves,Apodiformes,Apodidae,"",hirundo apus,FALSE,FALSE,FALSE,0
urn:lsid:dyntaxa.se:TaxonName:129922,Hirundo riparia,species,"",Animalia,Chordata,Aves,Passeriformes,Hirundinidae,"",hirundo riparia,FALSE,FALSE,FALSE,0
urn:lsid:dyntaxa.se:TaxonName:129925,Hirundo urbica,species,"",Animalia,Chordata,Aves,Passeriformes,Hirundinidae,"",hirundo urbica,FALSE,FALSE,FALSE,0
urn:lsid:dyntaxa.se:TaxonName:10097,Hister carbonarius,species,"",Animalia,Arthropoda,Insecta,Coleoptera,Histeridae,"",hister carbonarius,FALSE,FALSE,FALSE,0
urn:lsid:dyntaxa.se:TaxonName:10101,Hister neglectus,species,"",Animalia,Arthropoda,Insecta,Coleoptera,Histeridae,"",hister neglectus,FALSE,FALSE,FALSE,0
urn:lsid:dyntaxa.se:TaxonName:10096,Hister praetermissus,species,"",Animalia,Arthropoda,Insecta,Coleoptera,Histeridae,"",hister praetermissus,FALSE,FALSE,FALSE,0
urn:lsid:dyntaxa.se:TaxonName:10102,Hister purpurascens,species,"",Animalia,Arthropoda,Insecta,Coleoptera,Histeridae,"",hister purpurascens,FALSE,FALSE,FALSE,0
urn:lsid:dyntaxa.se:TaxonName:20888,Hister stercorarius,species,"",Animalia,Arthropoda,Insecta,Coleoptera,Histeridae,"",hister stercorarius,FALSE,FALSE,FALSE,0
urn:lsid:dyntaxa.se:TaxonName:23597,Hofmannia fasciapennella,species,"",Animalia,Arthropoda,Insecta,Lepidoptera,Yponomeutidae,"",hofmannia fasciapennella,FALSE,FALSE,FALSE,0
urn:lsid:dyntaxa.se:TaxonName:343039,Hohenbuehelia lindtneri,species,"",Fungi,Basidiomycota,Agaricomycetes,Polyporales,Meruliaceae,"",hohenbuehelia lindtneri,FALSE,FALSE,FALSE,0
urn:lsid:dyntaxa.se:Taxon:101078,Holcopogon bubulcellus,species,EN,Animalia,Arthropoda,Insecta,Lepidoptera,Autostichidae,native,holcopogon bubulcellus,FALSE,FALSE,FALSE,0
urn:lsid:dyntaxa.se:TaxonName:248333,Holothuria hyndmani,species,"",Animalia,Echinodermata,Holothuroidea,Dendrochirotida,Cucumariidae,"",holothuria hyndmani,FALSE,FALSE,FALSE,0
urn:lsid:dyntaxa.se:TaxonName:248651,Holothuria inhaerens,species,"",Animalia,Echinodermata,Holothuroidea,Apodida,Synaptidae,"",holothuria inhaerens,FALSE,FALSE,FALSE,0
urn:lsid:dyntaxa.se:TaxonName:156450,Holothuria squamata,species,"",Animalia,Echinodermata,Holothuroidea,Dendrochirotida,Psolidae,"",holothuria squamata,FALSE,FALSE,FALSE,0
urn:lsid:dyntaxa.se:TaxonName:223714,Homalia besseri,species,"",Plantae,Bryophyta,Bryopsida,Hypnales,Neckeraceae,"",homalia besseri,FALSE,FALSE,FALSE,0
urn:lsid:dyntaxa.se:TaxonName:223715,Homalia besseri,species,"",Plantae,Bryophyta,Bryopsida,Hypnales,Neckeraceae,"",homalia besseri,FALSE,FALSE,FALSE,0
urn:lsid:dyntaxa.se:TaxonName:148529,Homalothecium geheebii,species,"",Plantae,Bryophyta,Bryopsida,Hypnales,Brachytheciaceae,"",homalothecium geheebii,FALSE,FALSE,FALSE,0
urn:lsid:dyntaxa.se:TaxonName:107201,Hoplia farinosa,species,"",Animalia,Arthropoda,Insecta,Coleoptera,Scarabaeidae,"",hoplia farinosa,FALSE,FALSE,FALSE,0
urn:lsid:dyntaxa.se:TaxonName:90814,Hordeum europaeum,species,"",Plantae,Tracheophyta,Liliopsida,Poales,Poaceae,"",hordeum europaeum,FALSE,FALSE,FALSE,0
urn:lsid:dyntaxa.se:TaxonName:90829,Hordeum nodosum,species,"",Plantae,Tracheophyta,Liliopsida,Poales,Poaceae,"",hordeum nodosum,FALSE,FALSE,FALSE,0
urn:lsid:dyntaxa.se:TaxonName:90830,Hordeum pratense,species,"",Plantae,Tracheophyta,Liliopsida,Poales,Poaceae,"",hordeum pratense,FALSE,FALSE,FALSE,0
urn:lsid:dyntaxa.se:TaxonName:90813,Hordeum sylvaticum,species,"",Plantae,Tracheophyta,Liliopsida,Poales,Poaceae,"",hordeum sylvaticum,FALSE,FALSE,FALSE,0
urn:lsid:dyntaxa.se:TaxonName:9184,Huilia hydrophila,species,"",Fungi,Ascomycota,Lecanoromycetes,Lecideales,Lecideaceae,"",huilia hydrophila,FALSE,FALSE,FALSE,0
urn:lsid:dyntaxa.se:TaxonName:9203,Huilia platycarpoides,species,"",Fungi,Ascomycota,Lecanoromycetes,Lecideales,Lecideaceae,"",huilia platycarpoides,FALSE,FALSE,FALSE,0
urn:lsid:dyntaxa.se:TaxonName:89970,Humaria rhodoleuca,species,"",Fungi,Ascomycota,Pezizomycetes,Pezizales,"Pezizales, genera incertae sedis","",humaria rhodoleuca,FALSE,FALSE,FALSE,0
urn:lsid:dyntaxa.se:TaxonName:286930,Hutchinsia atrorubescens,species,"",Plantae,Rhodophyta,Florideophyceae,Ceramiales,Rhodomelaceae,"",hutchinsia atrorubescens,FALSE,FALSE,FALSE,0
urn:lsid:dyntaxa.se:TaxonName:5522,Hyalopecten similis,species,"",Animalia,Mollusca,Bivalvia,Pectinoida,Pectinidae,"",hyalopecten similis,FALSE,FALSE,FALSE,0
urn:lsid:dyntaxa.se:TaxonName:116332,Hyaloscala clathratulum,species,"",Animalia,Mollusca,Gastropoda,"Caenogastropoda, ordo incertae sedis",Epitoniidae,"",hyaloscala clathratulum,FALSE,FALSE,FALSE,0
urn:lsid:dyntaxa.se:Taxon:255913,Hybomischos septemcinctorius,species,NT,Animalia,Arthropoda,Insecta,Hymenoptera,Ichneumonidae,native,hybomischos septemcinctorius,FALSE,FALSE,FALSE,0
urn:lsid:dyntaxa.se:TaxonName:74729,Hybomischos varius,species,"",Animalia,Arthropoda,Insecta,Hymenoptera,Ichneumonidae,"",hybomischos varius,FALSE,FALSE,FALSE,0
urn:lsid:dyntaxa.se:TaxonName:20824,Hydaticus modestus,species,"",Animalia,Arthropoda,Insecta,Coleoptera,Dytiscidae,"",hydaticus modestus,FALSE,FALSE,FALSE,0
urn:lsid:dyntaxa.se:TaxonName:20823,Hydaticus stagnalis,species,"",Animalia,Arthropoda,Insecta,Coleoptera,Dytiscidae,"",hydaticus stagnalis,FALSE,FALSE,FALSE,0
urn:lsid:dyntaxa.se:TaxonName:326021,Hydnangium candidum,species,"",Fungi,Basidiomycota,Agaricomycetes,Russulales,Russulaceae,"",hydnangium candidum,FALSE,FALSE,FALSE,0
urn:lsid:dyntaxa.se:TaxonName:473245,Hydnellum fuscoindicum,species,"",Fungi,Basidiomycota,Agaricomycetes,Thelephorales,Bankeraceae,"",hydnellum fuscoindicum,FALSE,FALSE,FALSE,0
urn:lsid:dyntaxa.se:TaxonName:473255,Hydnellum joeides,species,"",Fungi,Basidiomycota,Agaricomycetes,Thelephorales,Bankeraceae,"",hydnellum joeides,FALSE,FALSE,FALSE,0
urn:lsid:dyntaxa.se:TaxonName:28385,Hydnotrya michaëlis,species,"",Fungi,Ascomycota,Pezizomycetes,Pezizales,Discinaceae,"",hydnotrya michaëlis,FALSE,FALSE,FALSE,0
urn:lsid:dyntaxa.se:TaxonName:89939,Hydnotrya ploettneriana,species,"",Fungi,Ascomycota,Pezizomycetes,Pezizales,Discinaceae,"",hydnotrya ploettneriana,FALSE,FALSE,FALSE,0
urn:lsid:dyntaxa.se:TaxonName:104361,Hydnum amicum,species,"",Fungi,Basidiomycota,Agaricomycetes,Thelephorales,Thelephoraceae,"",hydnum amicum,FALSE,FALSE,FALSE,0
urn:lsid:dyntaxa.se:TaxonName:104327,Hydnum auratile,species,"",Fungi,Basidiomycota,Agaricomycetes,Thelephorales,Bankeraceae,"",hydnum auratile,FALSE,FALSE,FALSE,0
urn:lsid:dyntaxa.se:TaxonName:104357,Hydnum badium,species,"",Fungi,Basidiomycota,Agaricomycetes,Thelephorales,Bankeraceae,"",hydnum badium,FALSE,FALSE,FALSE,0
urn:lsid:dyntaxa.se:TaxonName:104333,Hydnum caeruleum,species,"",Fungi,Basidiomycota,Agaricomycetes,Thelephorales,Bankeraceae,"",hydnum caeruleum,FALSE,FALSE,FALSE,0
urn:lsid:dyntaxa.se:TaxonName:103743,Hydnum clathroides,species,"",Fungi,Basidiomycota,Agaricomycetes,Russulales,Hericiaceae,"",hydnum clathroides,FALSE,FALSE,FALSE,0
urn:lsid:dyntaxa.se:TaxonName:104331,Hydnum compactum,species,"",Fungi,Basidiomycota,Agaricomycetes,Thelephorales,Bankeraceae,"",hydnum compactum,FALSE,FALSE,FALSE,0
urn:lsid:dyntaxa.se:TaxonName:104360,Hydnum confluens,species,"",Fungi,Basidiomycota,Agaricomycetes,Thelephorales,Thelephoraceae,"",hydnum confluens,FALSE,FALSE,FALSE,0
urn:lsid:dyntaxa.se:TaxonName:120060,Hydnum connatum,species,"",Fungi,Basidiomycota,Agaricomycetes,Thelephorales,Thelephoraceae,"",hydnum connatum,FALSE,FALSE,FALSE,0
urn:lsid:dyntaxa.se:TaxonName:103741,Hydnum coralloides,species,"",Fungi,Basidiomycota,Agaricomycetes,Russulales,Hericiaceae,"",hydnum coralloides,FALSE,FALSE,FALSE,0
urn:lsid:dyntaxa.se:TaxonName:465485,Hydnum crinale,species,"",Fungi,Basidiomycota,Agaricomycetes,Thelephorales,Thelephoraceae,"",hydnum crinale,FALSE,FALSE,FALSE,0
urn:lsid:dyntaxa.se:TaxonName:103746,Hydnum erinaceus,species,"",Fungi,Basidiomycota,Agaricomycetes,Russulales,Hericiaceae,"",hydnum erinaceus,FALSE,FALSE,FALSE,0
urn:lsid:dyntaxa.se:TaxonName:465495,Hydnum ferruginosum,species,"",Fungi,Basidiomycota,Agaricomycetes,Thelephorales,Thelephoraceae,"",hydnum ferruginosum,FALSE,FALSE,FALSE,0
urn:lsid:dyntaxa.se:TaxonName:104343,Hydnum fuligineoviolaceum,species,"",Fungi,Basidiomycota,Agaricomycetes,Thelephorales,Bankeraceae,"",hydnum fuligineoviolaceum,FALSE,FALSE,FALSE,0
urn:lsid:dyntaxa.se:TaxonName:326210,Hydnum fuscoindicum,species,"",Fungi,Basidiomycota,Agaricomycetes,Thelephorales,Bankeraceae,"",hydnum fuscoindicum,FALSE,FALSE,FALSE,0
urn:lsid:dyntaxa.se:TaxonName:104334,Hydnum geogenium,species,"",Fungi,Basidiomycota,Agaricomycetes,Thelephorales,Bankeraceae,"",hydnum geogenium,FALSE,FALSE,FALSE,0
urn:lsid:dyntaxa.se:TaxonName:104330,Hydnum gracilipes,species,"",Fungi,Basidiomycota,Agaricomycetes,Thelephorales,Bankeraceae,"",hydnum gracilipes,FALSE,FALSE,FALSE,0
urn:lsid:dyntaxa.se:TaxonName:120063,Hydnum graveolens,species,"",Fungi,Basidiomycota,Agaricomycetes,Thelephorales,Thelephoraceae,"",hydnum graveolens,FALSE,FALSE,FALSE,0
urn:lsid:dyntaxa.se:TaxonName:445183,Hydnum ioeides,species,"",Fungi,Basidiomycota,Agaricomycetes,Thelephorales,Bankeraceae,"",hydnum ioeides,FALSE,FALSE,FALSE,0
urn:lsid:dyntaxa.se:TaxonName:326222,Hydnum joeides,species,"",Fungi,Basidiomycota,Agaricomycetes,Thelephorales,Bankeraceae,"",hydnum joeides,FALSE,FALSE,FALSE,0
urn:lsid:dyntaxa.se:TaxonName:120064,Hydnum leptopus var.? graveolens,species,"",Fungi,Basidiomycota,Agaricomycetes,Thelephorales,Thelephoraceae,"",hydnum leptopus,FALSE,FALSE,FALSE,0
urn:lsid:dyntaxa.se:TaxonName:104350,Hydnum leucopus,species,"",Fungi,Basidiomycota,Agaricomycetes,Thelephorales,Bankeraceae,"",hydnum leucopus,FALSE,FALSE,FALSE,0
urn:lsid:dyntaxa.se:TaxonName:104347,Hydnum martioflavum,species,"",Fungi,Basidiomycota,Agaricomycetes,Thelephorales,Bankeraceae,"",hydnum martioflavum,FALSE,FALSE,FALSE,0
urn:lsid:dyntaxa.se:TaxonName:120062,Hydnum melaleucum,species,"",Fungi,Basidiomycota,Agaricomycetes,Thelephorales,Thelephoraceae,"",hydnum melaleucum,FALSE,FALSE,FALSE,0
urn:lsid:dyntaxa.se:TaxonName:104341,Hydnum mirabile,species,"",Fungi,Basidiomycota,Agaricomycetes,Thelephorales,Bankeraceae,"",hydnum mirabile,FALSE,FALSE,FALSE,0
urn:lsid:dyntaxa.se:TaxonName:104363,Hydnum nigrum,species,"",Fungi,Basidiomycota,Agaricomycetes,Thelephorales,Thelephoraceae,"",hydnum nigrum,FALSE,FALSE,FALSE,0
urn:lsid:dyntaxa.se:TaxonName:400080,Hydnum pachyodon,species,"",Fungi,Basidiomycota,Agaricomycetes,Polyporales,"Polyporales, genera incertae sedis","",hydnum pachyodon,FALSE,FALSE,FALSE,0
urn:lsid:dyntaxa.se:TaxonName:103745,Hydnum ramosum,species,"",Fungi,Basidiomycota,Agaricomycetes,Russulales,Hericiaceae,"",hydnum ramosum,FALSE,FALSE,FALSE,0
urn:lsid:dyntaxa.se:TaxonName:104345,Hydnum scabrosum,species,"",Fungi,Basidiomycota,Agaricomycetes,Thelephorales,Bankeraceae,"",hydnum scabrosum,FALSE,FALSE,FALSE,0
urn:lsid:dyntaxa.se:TaxonName:343184,Hydnum septentrionale,species,"",Fungi,Basidiomycota,Agaricomycetes,Polyporales,Meruliaceae,"",hydnum septentrionale,FALSE,FALSE,FALSE,0
urn:lsid:dyntaxa.se:TaxonName:104355,Hydnum squamosum,species,"",Fungi,Basidiomycota,Agaricomycetes,Thelephorales,Bankeraceae,"",hydnum squamosum,FALSE,FALSE,FALSE,0
urn:lsid:dyntaxa.se:TaxonName:104332,Hydnum suaveolens,species,"",Fungi,Basidiomycota,Agaricomycetes,Thelephorales,Bankeraceae,"",hydnum suaveolens,FALSE,FALSE,FALSE,0
urn:lsid:dyntaxa.se:TaxonName:104336,Hydnum suberosum var. aurantiacum,species,"",Fungi,Basidiomycota,Agaricomycetes,Thelephorales,Bankeraceae,"",hydnum suberosum,FALSE,FALSE,FALSE,0
urn:lsid:dyntaxa.se:TaxonName:104358,Hydnum subsquamosum,species,"",Fungi,Basidiomycota,Agaricomycetes,Thelephorales,Bankeraceae,"",hydnum subsquamosum,FALSE,FALSE,FALSE,0
urn:lsid:dyntaxa.se:TaxonName:104349,Hydnum versipelle,species,"",Fungi,Basidiomycota,Agaricomycetes,Thelephorales,Bankeraceae,"",hydnum versipelle,FALSE,FALSE,FALSE,0
urn:lsid:dyntaxa.se:TaxonName:89936,Hydontryopsis michaelis,species,"",Fungi,Ascomycota,Pezizomycetes,Pezizales,Discinaceae,"",hydontryopsis michaelis,FALSE,FALSE,FALSE,0
urn:lsid:dyntaxa.se:TaxonName:449596,Hydrocybe tigrina,species,"",Fungi,Basidiomycota,Agaricomycetes,Agaricales,Cortinariaceae,"",hydrocybe tigrina,FALSE,FALSE,FALSE,0
urn:lsid:dyntaxa.se:TaxonName:327,Hydrogrimmia mollis,species,"",Plantae,Bryophyta,Bryopsida,Grimmiales,Grimmiaceae,"",hydrogrimmia mollis,FALSE,FALSE,FALSE,0
urn:lsid:dyntaxa.se:TaxonName:129570,Hydroprogne tschegrava,species,"",Animalia,Chordata,Aves,Charadriiformes,Laridae,"",hydroprogne tschegrava,FALSE,FALSE,FALSE,0
urn:lsid:dyntaxa.se:Taxon:792,Hydropus subalpinus,species,NT,Fungi,Basidiomycota,Agaricomycetes,Agaricales,Mycenaceae,native,hydropus subalpinus,FALSE,FALSE,FALSE,0
urn:lsid:dyntaxa.se:TaxonName:114403,Hydrothassa hannoveriana,species,"",Animalia,Arthropoda,Insecta,Coleoptera,Chrysomelidae,"",hydrothassa hannoveriana,FALSE,FALSE,FALSE,0
urn:lsid:dyntaxa.se:TaxonName:125533,Hydrous aterrimus,species,"",Animalia,Arthropoda,Insecta,Coleoptera,Hydrophilidae,"",hydrous aterrimus,FALSE,FALSE,FALSE,0
urn:lsid:dyntaxa.se:TaxonName:125534,Hydrous piceus,species,"",Animalia,Arthropoda,Insecta,Coleoptera,Hydrophilidae,"",hydrous piceus,FALSE,FALSE,FALSE,0
urn:lsid:dyntaxa.se:TaxonName:43944,Hygrocybe brevispora,species,"",Fungi,Basidiomycota,Agaricomycetes,Agaricales,Hygrophoraceae,"",hygrocybe brevispora,FALSE,FALSE,FALSE,0
urn:lsid:dyntaxa.se:TaxonName:11416,Hygrocybe canescens,species,"",Fungi,Basidiomycota,Agaricomycetes,Agaricales,Hygrophoraceae,"",hygrocybe canescens,FALSE,FALSE,FALSE,0
urn:lsid:dyntaxa.se:TaxonName:11419,Hygrocybe cinerella,species,"",Fungi,Basidiomycota,Agaricomycetes,Agaricales,Hygrophoraceae,"",hygrocybe cinerella,FALSE,FALSE,FALSE,0
urn:lsid:dyntaxa.se:TaxonName:147270,Hygrocybe clivalis,species,"",Fungi,Basidiomycota,Agaricomycetes,Agaricales,Hygrophoraceae,"",hygrocybe clivalis,FALSE,FALSE,FALSE,0
urn:lsid:dyntaxa.se:TaxonName:300678,Hygrocybe clivalis,species,"",Fungi,Basidiomycota,Agaricomycetes,Agaricales,Hygrophoraceae,"",hygrocybe clivalis,FALSE,FALSE,FALSE,0
urn:lsid:dyntaxa.se:TaxonName:11424,Hygrocybe colemanniana,species,"",Fungi,Basidiomycota,Agaricomycetes,Agaricales,Hygrophoraceae,"",hygrocybe colemanniana,FALSE,FALSE,FALSE,0
urn:lsid:dyntaxa.se:TaxonName:43945,Hygrocybe cystidiata,species,"",Fungi,Basidiomycota,Agaricomycetes,Agaricales,Hygrophoraceae,"",hygrocybe cystidiata,FALSE,FALSE,FALSE,0
urn:lsid:dyntaxa.se:TaxonName:11427,Hygrocybe flavipes,species,"",Fungi,Basidiomycota,Agaricomycetes,Agaricales,Hygrophoraceae,"",hygrocybe flavipes,FALSE,FALSE,FALSE,0
urn:lsid:dyntaxa.se:TaxonName:426547,Hygrocybe foetens,speciesAggregate,"",Fungi,Basidiomycota,Agaricomycetes,Agaricales,Clavariaceae,"",hygrocybe foetens,FALSE,FALSE,FALSE,0
urn:lsid:dyntaxa.se:TaxonName:11428,Hygrocybe fornicata,species,"",Fungi,Basidiomycota,Agaricomycetes,Agaricales,Hygrophoraceae,"",hygrocybe fornicata,FALSE,FALSE,FALSE,0
urn:lsid:dyntaxa.se:TaxonName:300203,Hygrocybe fornicata s.lat.,species,"",Fungi,Basidiomycota,Agaricomycetes,Agaricales,Hygrophoraceae,"",hygrocybe fornicata,FALSE,FALSE,FALSE,0
urn:lsid:dyntaxa.se:TaxonName:300677,Hygrocybe fornicata var. streptopus,species,"",Fungi,Basidiomycota,Agaricomycetes,Agaricales,Hygrophoraceae,"",hygrocybe fornicata,FALSE,FALSE,FALSE,0
urn:lsid:dyntaxa.se:TaxonName:300682,Hygrocybe fornicata var. clivalis,species,"",Fungi,Basidiomycota,Agaricomycetes,Agaricales,Hygrophoraceae,"",hygrocybe fornicata,FALSE,FALSE,FALSE,0
urn:lsid:dyntaxa.se:TaxonName:11429,Hygrocybe fuscescens,species,"",Fungi,Basidiomycota,Agaricomycetes,Agaricales,Hygrophoraceae,"",hygrocybe fuscescens,FALSE,FALSE,FALSE,0
urn:lsid:dyntaxa.se:TaxonName:258136,Hygrocybe fuscescens,species,"",Fungi,Basidiomycota,Agaricomycetes,Agaricales,Hygrophoraceae,"",hygrocybe fuscescens,FALSE,FALSE,FALSE,0
urn:lsid:dyntaxa.se:TaxonName:426576,Hygrocybe hymenocephala,species,"",Fungi,Basidiomycota,Agaricomycetes,Agaricales,Clavariaceae,"",hygrocybe hymenocephala,FALSE,FALSE,FALSE,0
urn:lsid:dyntaxa.se:TaxonName:11436,Hygrocybe lacmus,species,"",Fungi,Basidiomycota,Agaricomycetes,Agaricales,Hygrophoraceae,"",hygrocybe lacmus,FALSE,FALSE,FALSE,0
urn:lsid:dyntaxa.se:TaxonName:300855,Hygrocybe lacmus,species,"",Fungi,Basidiomycota,Agaricomycetes,Agaricales,Hygrophoraceae,"",hygrocybe lacmus,FALSE,FALSE,FALSE,0
urn:lsid:dyntaxa.se:TaxonName:300371,Hygrocybe laeta var. luteolaeta,species,"",Fungi,Basidiomycota,Agaricomycetes,Agaricales,"Agaricales, genera incertae sedis","",hygrocybe laeta,FALSE,FALSE,FALSE,0
urn:lsid:dyntaxa.se:TaxonName:43928,Hygrocybe luteolaeta,species,"",Fungi,Basidiomycota,Agaricomycetes,Agaricales,"Agaricales, genera incertae sedis","",hygrocybe luteolaeta,FALSE,FALSE,FALSE,0
urn:lsid:dyntaxa.se:Taxon:6037406,Hygrocybe monteverdae,species,DD,Fungi,Basidiomycota,Agaricomycetes,Agaricales,Hygrophoraceae,native,hygrocybe monteverdae,FALSE,FALSE,FALSE,0
urn:lsid:dyntaxa.se:TaxonName:300251,Hygrocybe nitiosa,species,"",Fungi,Basidiomycota,Agaricomycetes,Agaricales,Hygrophoraceae,"",hygrocybe nitiosa,FALSE,FALSE,FALSE,0
urn:lsid:dyntaxa.se:TaxonName:11442,Hygrocybe nitrata,species,"",Fungi,Basidiomycota,Agaricomycetes,Agaricales,Hygrophoraceae,"",hygrocybe nitrata,FALSE,FALSE,FALSE,0
urn:lsid:dyntaxa.se:TaxonName:300793,Hygrocybe nivea var. fuscescens,species,"",Fungi,Basidiomycota,Agaricomycetes,Agaricales,Hygrophoraceae,"",hygrocybe nivea,FALSE,FALSE,FALSE,0
urn:lsid:dyntaxa.se:TaxonName:11443,Hygrocybe ovina,species,"",Fungi,Basidiomycota,Agaricomycetes,Agaricales,Hygrophoraceae,"",hygrocybe ovina,FALSE,FALSE,FALSE,0
urn:lsid:dyntaxa.se:TaxonName:260758,Hygrocybe roseascens,species,"",Fungi,Basidiomycota,Agaricomycetes,Agaricales,Hygrophoraceae,"",hygrocybe roseascens,FALSE,FALSE,FALSE,0
urn:lsid:dyntaxa.se:TaxonName:11453,Hygrocybe russocoriacea,species,"",Fungi,Basidiomycota,Agaricomycetes,Agaricales,Hygrophoraceae,"",hygrocybe russocoriacea,FALSE,FALSE,FALSE,0
urn:lsid:dyntaxa.se:TaxonName:300818,Hygrocybe russocoriacea,species,"",Fungi,Basidiomycota,Agaricomycetes,Agaricales,Hygrophoraceae,"",hygrocybe russocoriacea,FALSE,FALSE,FALSE,0
urn:lsid:dyntaxa.se:TaxonName:147271,Hygrocybe streptopus,species,"",Fungi,Basidiomycota,Agaricomycetes,Agaricales,Hygrophoraceae,"",hygrocybe streptopus,FALSE,FALSE,FALSE,0
urn:lsid:dyntaxa.se:TaxonName:300833,Hygrocybe subradiatus,species,"",Fungi,Basidiomycota,Agaricomycetes,Agaricales,Hygrophoraceae,"",hygrocybe subradiatus,FALSE,FALSE,FALSE,0
urn:lsid:dyntaxa.se:TaxonName:449599,Hygrocybe tigrina,species,"",Fungi,Basidiomycota,Agaricomycetes,Agaricales,Cortinariaceae,"",hygrocybe tigrina,FALSE,FALSE,FALSE,0
urn:lsid:dyntaxa.se:TaxonName:79802,Hygrocybe virginea var. fuscescens,species,"",Fungi,Basidiomycota,Agaricomycetes,Agaricales,Hygrophoraceae,"",hygrocybe virginea,FALSE,FALSE,FALSE,0
urn:lsid:dyntaxa.se:TaxonName:11459,Hygrocybe vitellina,species,"",Fungi,Basidiomycota,Agaricomycetes,Agaricales,"Agaricales, genera incertae sedis","",hygrocybe vitellina,FALSE,FALSE,FALSE,0
urn:lsid:dyntaxa.se:Taxon:2727,Hygrohypnum alpinum,species,NT,Plantae,Bryophyta,Bryopsida,Hypnales,Amblystegiaceae,native,hygrohypnum alpinum,FALSE,FALSE,FALSE,0
urn:lsid:dyntaxa.se:Taxon:2725,Hygrohypnum cochlearifolium,species,VU,Plantae,Bryophyta,Bryopsida,Hypnales,Amblystegiaceae,native,hygrohypnum cochlearifolium,FALSE,FALSE,FALSE,0
urn:lsid:dyntaxa.se:TaxonName:148536,Hygrohypnum cochlearifolium,species,"",Plantae,Bryophyta,Bryopsida,Hypnales,Amblystegiaceae,"",hygrohypnum cochlearifolium,FALSE,FALSE,FALSE,0
urn:lsid:dyntaxa.se:Taxon:2726,Hygrohypnum molle,species,NT,Plantae,Bryophyta,Bryopsida,Hypnales,Amblystegiaceae,native,hygrohypnum molle,FALSE,FALSE,FALSE,0
urn:lsid:dyntaxa.se:Taxon:812,Hygrohypnum montanum,species,NT,Plantae,Bryophyta,Bryopsida,Hypnales,Amblystegiaceae,native,hygrohypnum montanum,FALSE,FALSE,FALSE,0
urn:lsid:dyntaxa.se:Taxon:813,Hygrohypnum norvegicum,species,VU,Plantae,Bryophyta,Bryopsida,Hypnales,Amblystegiaceae,native,hygrohypnum norvegicum,FALSE,FALSE,FALSE,0
urn:lsid:dyntaxa.se:TaxonName:148542,Hygrohypnum norvegicum,species,"",Plantae,Bryophyta,Bryopsida,Hypnales,Amblystegiaceae,"",hygrohypnum norvegicum,FALSE,FALSE,FALSE,0
urn:lsid:dyntaxa.se:Taxon:815,Hygrohypnum subeugyrium,species,VU,Plantae,Bryophyta,Bryopsida,Hypnales,Amblystegiaceae,native,hygrohypnum subeugyrium,FALSE,FALSE,FALSE,0
urn:lsid:dyntaxa.se:TaxonName:148547,Hygrohypnum subeugyrium,species,"",Plantae,Bryophyta,Bryopsida,Hypnales,Amblystegiaceae,"",hygrohypnum subeugyrium,FALSE,FALSE,FALSE,0
urn:lsid:dyntaxa.se:TaxonName:100076,Hygrophoropsis morganii,species,"",Fungi,Basidiomycota,Agaricomycetes,Agaricales,Hygrophoraceae,"",hygrophoropsis morganii,FALSE,FALSE,FALSE,0
urn:lsid:dyntaxa.se:TaxonName:11461,Hygrophoropsis olida,species,"",Fungi,Basidiomycota,Agaricomycetes,Agaricales,Hygrophoraceae,"",hygrophoropsis olida,FALSE,FALSE,FALSE,0
urn:lsid:dyntaxa.se:TaxonName:300854,Hygrophorus alboviolaceus,species,"",Fungi,Basidiomycota,Agaricomycetes,Agaricales,Hygrophoraceae,"",hygrophorus alboviolaceus,FALSE,FALSE,FALSE,0
urn:lsid:dyntaxa.se:Taxon:820,Hygrophorus calophyllus,species,EN,Fungi,Basidiomycota,Agaricomycetes,Agaricales,Hygrophoraceae,native,hygrophorus calophyllus,FALSE,FALSE,FALSE,0
urn:lsid:dyntaxa.se:TaxonName:300888,Hygrophorus canescens,species,"",Fungi,Basidiomycota,Agaricomycetes,Agaricales,Hygrophoraceae,"",hygrophorus canescens,FALSE,FALSE,FALSE,0
urn:lsid:dyntaxa.se:Taxon:6008709,Hygrophorus carpini,species,DD,Fungi,Basidiomycota,Agaricomycetes,Agaricales,Hygrophoraceae,native,hygrophorus carpini,FALSE,FALSE,FALSE,0
urn:lsid:dyntaxa.se:TaxonName:300866,Hygrophorus flavipes,species,"",Fungi,Basidiomycota,Agaricomycetes,Agaricales,Hygrophoraceae,"",hygrophorus flavipes,FALSE,FALSE,FALSE,0
urn:lsid:dyntaxa.se:TaxonName:295581,Hygrophorus foetens,speciesAggregate,"",Fungi,Basidiomycota,Agaricomycetes,Agaricales,Clavariaceae,"",hygrophorus foetens,FALSE,FALSE,FALSE,0
urn:lsid:dyntaxa.se:TaxonName:300204,Hygrophorus fornicatus,species,"",Fungi,Basidiomycota,Agaricomycetes,Agaricales,Hygrophoraceae,"",hygrophorus fornicatus,FALSE,FALSE,FALSE,0
urn:lsid:dyntaxa.se:TaxonName:300681,Hygrophorus fornicatus var. clivalis,species,"",Fungi,Basidiomycota,Agaricomycetes,Agaricales,Hygrophoraceae,"",hygrophorus fornicatus,FALSE,FALSE,FALSE,0
urn:lsid:dyntaxa.se:TaxonName:300784,Hygrophorus fuscescens,species,"",Fungi,Basidiomycota,Agaricomycetes,Agaricales,Hygrophoraceae,"",hygrophorus fuscescens,FALSE,FALSE,FALSE,0
urn:lsid:dyntaxa.se:Taxon:822,Hygrophorus gliocyclus,species,VU,Fungi,Basidiomycota,Agaricomycetes,Agaricales,Hygrophoraceae,native,hygrophorus gliocyclus,FALSE,FALSE,FALSE,0
urn:lsid:dyntaxa.se:TaxonName:295605,Hygrophorus hymenocephalus,species,"",Fungi,Basidiomycota,Agaricomycetes,Agaricales,Clavariaceae,"",hygrophorus hymenocephalus,FALSE,FALSE,FALSE,0
urn:lsid:dyntaxa.se:Taxon:4412,Hygrophorus karstenii,species,NT,Fungi,Basidiomycota,Agaricomycetes,Agaricales,Hygrophoraceae,native,hygrophorus karstenii,FALSE,FALSE,FALSE,0
urn:lsid:dyntaxa.se:TaxonName:300843,Hygrophorus lacmus,species,"",Fungi,Basidiomycota,Agaricomycetes,Agaricales,Hygrophoraceae,"",hygrophorus lacmus,FALSE,FALSE,FALSE,0
urn:lsid:dyntaxa.se:TaxonName:300129,Hygrophorus leucophaeus,species,"",Fungi,Basidiomycota,Agaricomycetes,Agaricales,Hygrophoraceae,"",hygrophorus leucophaeus,FALSE,FALSE,FALSE,0
urn:lsid:dyntaxa.se:TaxonName:150775,Hygrophorus melizeus,species,"",Fungi,Basidiomycota,Agaricomycetes,Agaricales,Hygrophoraceae,"",hygrophorus melizeus,FALSE,FALSE,FALSE,0
urn:lsid:dyntaxa.se:TaxonName:295599,Hygrophorus micaceus,species,"",Fungi,Basidiomycota,Agaricomycetes,Agaricales,Clavariaceae,"",hygrophorus micaceus,FALSE,FALSE,FALSE,0
urn:lsid:dyntaxa.se:TaxonName:300252,Hygrophorus nitiosus,species,"",Fungi,Basidiomycota,Agaricomycetes,Agaricales,Hygrophoraceae,"",hygrophorus nitiosus,FALSE,FALSE,FALSE,0
urn:lsid:dyntaxa.se:TaxonName:258135,Hygrophorus niveus var. fuscescens,species,"",Fungi,Basidiomycota,Agaricomycetes,Agaricales,Hygrophoraceae,"",hygrophorus niveus,FALSE,FALSE,FALSE,0
urn:lsid:dyntaxa.se:TaxonName:300245,Hygrophorus ovinus,species,"",Fungi,Basidiomycota,Agaricomycetes,Agaricales,Hygrophoraceae,"",hygrophorus ovinus,FALSE,FALSE,FALSE,0
urn:lsid:dyntaxa.se:TaxonName:295602,Hygrophorus phaeoxanthus,species,"",Fungi,Basidiomycota,Agaricomycetes,Agaricales,Clavariaceae,"",hygrophorus phaeoxanthus,FALSE,FALSE,FALSE,0
urn:lsid:dyntaxa.se:Taxon:827,Hygrophorus poëtarum,species,VU,Fungi,Basidiomycota,Agaricomycetes,Agaricales,Hygrophoraceae,native,hygrophorus poëtarum,FALSE,FALSE,FALSE,0
urn:lsid:dyntaxa.se:TaxonName:43970,Hygrophorus quercetorum,species,"",Fungi,Basidiomycota,Agaricomycetes,Agaricales,Hygrophoraceae,"",hygrophorus quercetorum,FALSE,FALSE,FALSE,0
urn:lsid:dyntaxa.se:TaxonName:300085,Hygrophorus quercorum,species,"",Fungi,Basidiomycota,Agaricomycetes,Agaricales,Hygrophoraceae,"",hygrophorus quercorum,FALSE,FALSE,FALSE,0
urn:lsid:dyntaxa.se:TaxonName:300084,Hygrophorus quercuum,species,"",Fungi,Basidiomycota,Agaricomycetes,Agaricales,Hygrophoraceae,"",hygrophorus quercuum,FALSE,FALSE,FALSE,0
urn:lsid:dyntaxa.se:TaxonName:295607,Hygrophorus rugulosus var. phaeophyllus,species,"",Fungi,Basidiomycota,Agaricomycetes,Agaricales,Clavariaceae,"",hygrophorus rugulosus,FALSE,FALSE,FALSE,0
urn:lsid:dyntaxa.se:TaxonName:300821,Hygrophorus russocoriaceus,species,"",Fungi,Basidiomycota,Agaricomycetes,Agaricales,Hygrophoraceae,"",hygrophorus russocoriaceus,FALSE,FALSE,FALSE,0
urn:lsid:dyntaxa.se:TaxonName:295586,Hygrophorus schulzeri,species,"",Fungi,Basidiomycota,Agaricomycetes,Agaricales,Clavariaceae,"",hygrophorus schulzeri,FALSE,FALSE,FALSE,0
urn:lsid:dyntaxa.se:TaxonName:300675,Hygrophorus streptopus,species,"",Fungi,Basidiomycota,Agaricomycetes,Agaricales,Hygrophoraceae,"",hygrophorus streptopus,FALSE,FALSE,FALSE,0
urn:lsid:dyntaxa.se:TaxonName:300835,Hygrophorus subradiatus,species,"",Fungi,Basidiomycota,Agaricomycetes,Agaricales,Hygrophoraceae,"",hygrophorus subradiatus,FALSE,FALSE,FALSE,0
urn:lsid:dyntaxa.se:TaxonName:300369,Hygrophorus vitellinus,species,"",Fungi,Basidiomycota,Agaricomycetes,Agaricales,"Agaricales, genera incertae sedis","",hygrophorus vitellinus,FALSE,FALSE,FALSE,0
urn:lsid:dyntaxa.se:TaxonName:295592,Hygrotrama atropunctum,species,"",Fungi,Basidiomycota,Agaricomycetes,Agaricales,Clavariaceae,"",hygrotrama atropunctum,FALSE,FALSE,FALSE,0
urn:lsid:dyntaxa.se:TaxonName:295580,Hygrotrama foetens,speciesAggregate,"",Fungi,Basidiomycota,Agaricomycetes,Agaricales,Clavariaceae,"",hygrotrama foetens,FALSE,FALSE,FALSE,0
urn:lsid:dyntaxa.se:TaxonName:426578,Hygrotrama hymenocephalum,species,"",Fungi,Basidiomycota,Agaricomycetes,Agaricales,Clavariaceae,"",hygrotrama hymenocephalum,FALSE,FALSE,FALSE,0
urn:lsid:dyntaxa.se:TaxonName:295598,Hygrotrama micaceum,species,"",Fungi,Basidiomycota,Agaricomycetes,Agaricales,Clavariaceae,"",hygrotrama micaceum,FALSE,FALSE,FALSE,0
urn:lsid:dyntaxa.se:TaxonName:426582,Hygrotrama rugulosum var. phaeophyllum,species,"",Fungi,Basidiomycota,Agaricomycetes,Agaricales,Clavariaceae,"",hygrotrama rugulosum,FALSE,FALSE,FALSE,0
urn:lsid:dyntaxa.se:TaxonName:295585,Hygrotrama schulzeri,species,"",Fungi,Basidiomycota,Agaricomycetes,Agaricales,Clavariaceae,"",hygrotrama schulzeri,FALSE,FALSE,FALSE,0
urn:lsid:dyntaxa.se:TaxonName:326812,Hylaeus lucidulus,species,"",Animalia,Arthropoda,Insecta,Hymenoptera,Halictidae,"",hylaeus lucidulus,FALSE,FALSE,FALSE,0
urn:lsid:dyntaxa.se:TaxonName:326903,Hylaeus quadrinotatulus,species,"",Animalia,Arthropoda,Insecta,Hymenoptera,Halictidae,"",hylaeus quadrinotatulus,FALSE,FALSE,FALSE,0
urn:lsid:dyntaxa.se:TaxonName:326917,Hylaeus sexmaculatus,species,"",Animalia,Arthropoda,Insecta,Hymenoptera,Halictidae,"",hylaeus sexmaculatus,FALSE,FALSE,FALSE,0
urn:lsid:dyntaxa.se:TaxonName:326919,Hylaeus sexnotatulus,species,"",Animalia,Arthropoda,Insecta,Hymenoptera,Halictidae,"",hylaeus sexnotatulus,FALSE,FALSE,FALSE,0
urn:lsid:dyntaxa.se:TaxonName:121919,Hylesinus oleiperda,species,"",Animalia,Arthropoda,Insecta,Coleoptera,Curculionidae,"",hylesinus oleiperda,FALSE,FALSE,FALSE,0
urn:lsid:dyntaxa.se:TaxonName:25501,Hylesinus orni,species,"",Animalia,Arthropoda,Insecta,Coleoptera,Curculionidae,"",hylesinus orni,FALSE,FALSE,FALSE,0
urn:lsid:dyntaxa.se:Taxon:106541,Hylesinus toranio,species,NT,Animalia,Arthropoda,Insecta,Coleoptera,Curculionidae,native,hylesinus toranio,FALSE,FALSE,FALSE,0
urn:lsid:dyntaxa.se:TaxonName:90053,Hylophilus populneus,species,"",Animalia,Arthropoda,Insecta,Coleoptera,Aderidae,"",hylophilus populneus,FALSE,FALSE,FALSE,0
urn:lsid:dyntaxa.se:Taxon:105853,Hymenalia rufipes,species,NT,Animalia,Arthropoda,Insecta,Coleoptera,Tenebrionidae,native,hymenalia rufipes,FALSE,FALSE,FALSE,0
urn:lsid:dyntaxa.se:TaxonName:11502,Hymenochaete corrugata,species,"",Fungi,Basidiomycota,Agaricomycetes,Hymenochaetales,Hymenochaetaceae,"",hymenochaete corrugata,FALSE,FALSE,FALSE,0
urn:lsid:dyntaxa.se:TaxonName:339644,Hymenochaete corrugata,species,"",Fungi,Basidiomycota,Agaricomycetes,Hymenochaetales,Hymenochaetaceae,"",hymenochaete corrugata,FALSE,FALSE,FALSE,0
urn:lsid:dyntaxa.se:Taxon:4427,Hymenochaetopsis corrugata,species,VU,Fungi,Basidiomycota,Agaricomycetes,Hymenochaetales,Hymenochaetaceae,native,hymenochaetopsis corrugata,FALSE,FALSE,FALSE,0
urn:lsid:dyntaxa.se:Taxon:101110,Hymenophorus doublieri,species,EN,Animalia,Arthropoda,Insecta,Coleoptera,Tenebrionidae,native,hymenophorus doublieri,FALSE,FALSE,FALSE,0
urn:lsid:dyntaxa.se:TaxonName:286158,Hymenophylla lacerata,species,"",Plantae,Rhodophyta,Florideophyceae,Ceramiales,Delesseriaceae,"",hymenophylla lacerata,FALSE,FALSE,FALSE,0
urn:lsid:dyntaxa.se:TaxonName:125536,Hymenorus doublieri,species,"",Animalia,Arthropoda,Insecta,Coleoptera,Tenebrionidae,"",hymenorus doublieri,FALSE,FALSE,FALSE,0
urn:lsid:dyntaxa.se:TaxonName:252621,Hymenostomum squarrosum,species,"",Plantae,Bryophyta,Bryopsida,Pottiales,Pottiaceae,"",hymenostomum squarrosum,FALSE,FALSE,FALSE,0
urn:lsid:dyntaxa.se:TaxonName:114922,Hypera dauci,species,"",Animalia,Arthropoda,Insecta,Coleoptera,Curculionidae,"",hypera dauci,FALSE,FALSE,FALSE,0
urn:lsid:dyntaxa.se:TaxonName:114935,Hypera fuscocinerea,species,"",Animalia,Arthropoda,Insecta,Coleoptera,Curculionidae,"",hypera fuscocinerea,FALSE,FALSE,FALSE,0
urn:lsid:dyntaxa.se:TaxonName:114921,Hypera vidua,species,"",Animalia,Arthropoda,Insecta,Coleoptera,Curculionidae,"",hypera vidua,FALSE,FALSE,FALSE,0
urn:lsid:dyntaxa.se:TaxonName:72791,Hypericum acutum,species,"",Plantae,Tracheophyta,Magnoliopsida,Malpighiales,Hypericaceae,"",hypericum acutum,FALSE,FALSE,FALSE,0
urn:lsid:dyntaxa.se:TaxonName:72792,Hypericum quadrangulum,species,"",Plantae,Tracheophyta,Magnoliopsida,Malpighiales,Hypericaceae,"",hypericum quadrangulum,FALSE,FALSE,FALSE,0
urn:lsid:dyntaxa.se:TaxonName:11529,Hyphoderma albocremeum,species,"",Fungi,Basidiomycota,Agaricomycetes,Polyporales,"Polyporales, genera incertae sedis","",hyphoderma albocremeum,FALSE,FALSE,FALSE,0
urn:lsid:dyntaxa.se:TaxonName:343029,Hyphoderma cremeoalutaceum,species,"",Fungi,Basidiomycota,Agaricomycetes,Polyporales,Meruliaceae,"",hyphoderma cremeoalutaceum,FALSE,FALSE,FALSE,0
urn:lsid:dyntaxa.se:TaxonName:11535,Hyphoderma echinocystis,species,"",Fungi,Basidiomycota,Agaricomycetes,Hymenochaetales,Rickenellaceae,"",hyphoderma echinocystis,FALSE,FALSE,FALSE,0
urn:lsid:dyntaxa.se:TaxonName:11536,Hyphoderma guttuliferum,species,"",Fungi,Basidiomycota,Agaricomycetes,Hymenochaetales,Rickenellaceae,"",hyphoderma guttuliferum,FALSE,FALSE,FALSE,0
urn:lsid:dyntaxa.se:TaxonName:399713,Hyphoderma ludovicianum,species,"",Fungi,Basidiomycota,Agaricomycetes,Polyporales,Meruliaceae,"",hyphoderma ludovicianum,FALSE,FALSE,FALSE,0
urn:lsid:dyntaxa.se:TaxonName:11538,Hyphoderma macedonicum,species,"",Fungi,Basidiomycota,Agaricomycetes,Hymenochaetales,"Hymenochaetales, genera incertae sedis","",hyphoderma macedonicum,FALSE,FALSE,FALSE,0
urn:lsid:dyntaxa.se:TaxonName:45755,Hyphodontia gossypina,species,"",Fungi,Basidiomycota,Agaricomycetes,Hymenochaetales,Schizoporaceae,"",hyphodontia gossypina,FALSE,FALSE,FALSE,0
urn:lsid:dyntaxa.se:TaxonName:11565,Hyphodontia halonata,species,"",Fungi,Basidiomycota,Agaricomycetes,Hymenochaetales,Hymenochaetaceae,"",hyphodontia halonata,FALSE,FALSE,FALSE,0
urn:lsid:dyntaxa.se:TaxonName:11571,Hyphodontia pilaecystidiata,species,"",Fungi,Basidiomycota,Agaricomycetes,Hymenochaetales,Hymenochaetaceae,"",hyphodontia pilaecystidiata,FALSE,FALSE,FALSE,0
urn:lsid:dyntaxa.se:TaxonName:52843,Hyphodontia tuberculata,species,"",Fungi,Basidiomycota,Agaricomycetes,Hymenochaetales,Schizoporaceae,"",hyphodontia tuberculata,FALSE,FALSE,FALSE,0
urn:lsid:dyntaxa.se:TaxonName:112057,Hyphoraia alpina,species,"",Animalia,Arthropoda,Insecta,Lepidoptera,Erebidae,"",hyphoraia alpina,FALSE,FALSE,FALSE,0
urn:lsid:dyntaxa.se:TaxonName:112058,Hyphoraia thulea,species,"",Animalia,Arthropoda,Insecta,Lepidoptera,Erebidae,"",hyphoraia thulea,FALSE,FALSE,FALSE,0
urn:lsid:dyntaxa.se:TaxonName:87938,Hypnogyra glabra,species,"",Animalia,Arthropoda,Insecta,Coleoptera,Staphylinidae,"",hypnogyra glabra,FALSE,FALSE,FALSE,0
urn:lsid:dyntaxa.se:TaxonName:142255,Hypnoidus sabulicola,species,"",Animalia,Arthropoda,Insecta,Coleoptera,Elateridae,"",hypnoidus sabulicola,FALSE,FALSE,FALSE,0
urn:lsid:dyntaxa.se:TaxonName:246808,Hypnum albicans var. groenlandicum,species,"",Plantae,Bryophyta,Bryopsida,Hypnales,Brachytheciaceae,"",hypnum albicans,FALSE,FALSE,FALSE,0
urn:lsid:dyntaxa.se:TaxonName:224397,Hypnum chryseon,species,"",Plantae,Bryophyta,Bryopsida,Hypnales,Plagiotheciaceae,"",hypnum chryseon,FALSE,FALSE,FALSE,0
urn:lsid:dyntaxa.se:TaxonName:224396,Hypnum chryseum,species,"",Plantae,Bryophyta,Bryopsida,Hypnales,Plagiotheciaceae,"",hypnum chryseum,FALSE,FALSE,FALSE,0
urn:lsid:dyntaxa.se:TaxonName:224757,Hypnum cirrosum,species,"",Plantae,Bryophyta,Bryopsida,Hypnales,Brachytheciaceae,"",hypnum cirrosum,FALSE,FALSE,FALSE,0
urn:lsid:dyntaxa.se:TaxonName:224859,Hypnum collinum,species,"",Plantae,Bryophyta,Bryopsida,Hypnales,Brachytheciaceae,"",hypnum collinum,FALSE,FALSE,FALSE,0
urn:lsid:dyntaxa.se:TaxonName:224278,Hypnum concinnum,species,"",Plantae,Bryophyta,Bryopsida,Hypnales,Entodontaceae,"",hypnum concinnum,FALSE,FALSE,FALSE,0
urn:lsid:dyntaxa.se:TaxonName:224100,Hypnum confertum,species,"",Plantae,Bryophyta,Bryopsida,Hypnales,Brachytheciaceae,"",hypnum confertum,FALSE,FALSE,FALSE,0
urn:lsid:dyntaxa.se:TaxonName:223611,Hypnum confervoides,species,"",Plantae,Bryophyta,Bryopsida,Hypnales,Amblystegiaceae,"",hypnum confervoides,FALSE,FALSE,FALSE,0
urn:lsid:dyntaxa.se:TaxonName:224533,Hypnum crassinervium,species,"",Plantae,Bryophyta,Bryopsida,Hypnales,Brachytheciaceae,"",hypnum crassinervium,FALSE,FALSE,FALSE,0
urn:lsid:dyntaxa.se:TaxonName:246728,Hypnum crassinervium,species,"",Plantae,Bryophyta,Bryopsida,Hypnales,Brachytheciaceae,"",hypnum crassinervium,FALSE,FALSE,FALSE,0
urn:lsid:dyntaxa.se:TaxonName:246363,Hypnum eugyrium var. mackayi,species,"",Plantae,Bryophyta,Bryopsida,Hypnales,Amblystegiaceae,"",hypnum eugyrium,FALSE,FALSE,FALSE,0
urn:lsid:dyntaxa.se:TaxonName:223728,Hypnum lycopodioides var. lapponicum,species,"",Plantae,Bryophyta,Bryopsida,Hypnales,Calliergonaceae,"",hypnum lycopodioides,FALSE,FALSE,FALSE,0
urn:lsid:dyntaxa.se:TaxonName:223887,Hypnum microphyllum,species,"",Plantae,Bryophyta,Bryopsida,Hypnales,Thuidiaceae,"",hypnum microphyllum,FALSE,FALSE,FALSE,0
urn:lsid:dyntaxa.se:TaxonName:223364,Hypnum molle,species,"",Plantae,Bryophyta,Bryopsida,Hypnales,Amblystegiaceae,"",hypnum molle,FALSE,FALSE,FALSE,0
urn:lsid:dyntaxa.se:TaxonName:247038,Hypnum neckeroides,species,"",Plantae,Bryophyta,Bryopsida,Hypnales,Neckeraceae,"",hypnum neckeroides,FALSE,FALSE,FALSE,0
urn:lsid:dyntaxa.se:TaxonName:223954,Hypnum plicatum,species,"",Plantae,Bryophyta,Bryopsida,Hypnales,Leskeaceae,"",hypnum plicatum,FALSE,FALSE,FALSE,0
urn:lsid:dyntaxa.se:TaxonName:224583,Hypnum pumilum,species,"",Plantae,Bryophyta,Bryopsida,Hypnales,Brachytheciaceae,"",hypnum pumilum,FALSE,FALSE,FALSE,0
urn:lsid:dyntaxa.se:TaxonName:224467,Hypnum rugosum,species,"",Plantae,Bryophyta,Bryopsida,Hypnales,Rhytidiaceae,"",hypnum rugosum,FALSE,FALSE,FALSE,0
urn:lsid:dyntaxa.se:TaxonName:224562,Hypnum schleicheri,species,"",Plantae,Bryophyta,Bryopsida,Hypnales,Brachytheciaceae,"",hypnum schleicheri,FALSE,FALSE,FALSE,0
urn:lsid:dyntaxa.se:TaxonName:224032,Hypnum striatulum,species,"",Plantae,Bryophyta,Bryopsida,Hypnales,Brachytheciaceae,"",hypnum striatulum,FALSE,FALSE,FALSE,0
urn:lsid:dyntaxa.se:TaxonName:223433,Hypnum styriacum,species,"",Plantae,Bryophyta,Bryopsida,Hypnales,Amblystegiaceae,"",hypnum styriacum,FALSE,FALSE,FALSE,0
urn:lsid:dyntaxa.se:TaxonName:223407,Hypnum subeugyrium,species,"",Plantae,Bryophyta,Bryopsida,Hypnales,Amblystegiaceae,"",hypnum subeugyrium,FALSE,FALSE,FALSE,0
urn:lsid:dyntaxa.se:TaxonName:224119,Hypnum teneriffae,species,"",Plantae,Bryophyta,Bryopsida,Hypnales,Brachytheciaceae,"",hypnum teneriffae,FALSE,FALSE,FALSE,0
urn:lsid:dyntaxa.se:TaxonName:224769,Hypnum tenuinerve,species,"",Plantae,Bryophyta,Bryopsida,Hypnales,Brachytheciaceae,"",hypnum tenuinerve,FALSE,FALSE,FALSE,0
urn:lsid:dyntaxa.se:TaxonName:224759,Hypnum tommasinii,species,"",Plantae,Bryophyta,Bryopsida,Hypnales,Brachytheciaceae,"",hypnum tommasinii,FALSE,FALSE,FALSE,0
urn:lsid:dyntaxa.se:TaxonName:224447,Hypnum turfaceum,species,"",Plantae,Bryophyta,Bryopsida,Hypnales,Plagiotheciaceae,"",hypnum turfaceum,FALSE,FALSE,FALSE,0
urn:lsid:dyntaxa.se:TaxonName:80760,Hypocacculus rufipes,species,"",Animalia,Arthropoda,Insecta,Coleoptera,Histeridae,"",hypocacculus rufipes,FALSE,FALSE,FALSE,0
urn:lsid:dyntaxa.se:TaxonName:226924,Hypocenomyce albocervina,species,"",Fungi,Ascomycota,Lecanoromycetes,Lecanorales,Carbonicolaceae,"",hypocenomyce albocervina,FALSE,FALSE,FALSE,0
urn:lsid:dyntaxa.se:TaxonName:138960,Hypocenomyce anthracophila,species,"",Fungi,Ascomycota,Lecanoromycetes,Lecanorales,Carbonicolaceae,"",hypocenomyce anthracophila,FALSE,FALSE,FALSE,0
urn:lsid:dyntaxa.se:TaxonName:157168,Hypocenomyce praestabilis,species,"",Fungi,Ascomycota,Lecanoromycetes,Candelariales,Pycnoraceae,"",hypocenomyce praestabilis,FALSE,FALSE,FALSE,0
urn:lsid:dyntaxa.se:Taxon:220204,Hypochaeris maculata,species,NT,Plantae,Tracheophyta,Magnoliopsida,Asterales,Asteraceae,native,hypochaeris maculata,FALSE,FALSE,FALSE,0
urn:lsid:dyntaxa.se:TaxonName:11591,Hypochniciellum cremeoisabellinum,species,"",Fungi,Basidiomycota,Agaricomycetes,Amylocorticiales,Amylocorticiaceae,"",hypochniciellum cremeoisabellinum,FALSE,FALSE,FALSE,0
urn:lsid:dyntaxa.se:TaxonName:11596,Hypochnicium analogum,species,"",Fungi,Basidiomycota,Agaricomycetes,Russulales,"Russulales, genera incertae sedis","",hypochnicium analogum,FALSE,FALSE,FALSE,0
urn:lsid:dyntaxa.se:Taxon:860,Hypochnicium cymosum,species,VU,Fungi,Basidiomycota,Agaricomycetes,Polyporales,"Polyporales, genera incertae sedis",native,hypochnicium cymosum,FALSE,FALSE,FALSE,0
urn:lsid:dyntaxa.se:TaxonName:11608,Hypochnicium vellereum,species,"",Fungi,Basidiomycota,Agaricomycetes,Agaricales,Cyphellaceae,"",hypochnicium vellereum,FALSE,FALSE,FALSE,0
urn:lsid:dyntaxa.se:TaxonName:448189,Hypochnopsis fuscata,species,"",Fungi,Basidiomycota,Agaricomycetes,Thelephorales,Thelephoraceae,"",hypochnopsis fuscata,FALSE,FALSE,FALSE,0
urn:lsid:dyntaxa.se:TaxonName:11609,Hypochnopsis mustialaensis,species,"",Fungi,Basidiomycota,Agaricomycetes,Thelephorales,Thelephoraceae,"",hypochnopsis mustialaensis,FALSE,FALSE,FALSE,0
urn:lsid:dyntaxa.se:TaxonName:28383,Hypochnopsis mustialaënsis,species,"",Fungi,Basidiomycota,Agaricomycetes,Thelephorales,Thelephoraceae,"",hypochnopsis mustialaënsis,FALSE,FALSE,FALSE,0
urn:lsid:dyntaxa.se:TaxonName:50195,Hypochnus mustialaënsis,species,"",Fungi,Basidiomycota,Agaricomycetes,Thelephorales,Thelephoraceae,"",hypochnus mustialaënsis,FALSE,FALSE,FALSE,0
urn:lsid:dyntaxa.se:TaxonName:448184,Hypochnus subfuscus subsp. tristis,species,"",Fungi,Basidiomycota,Agaricomycetes,Thelephorales,Thelephoraceae,"",hypochnus subfuscus,FALSE,FALSE,FALSE,0
urn:lsid:dyntaxa.se:TaxonName:448187,Hypochnus tristis,species,"",Fungi,Basidiomycota,Agaricomycetes,Thelephorales,Thelephoraceae,"",hypochnus tristis,FALSE,FALSE,FALSE,0
urn:lsid:dyntaxa.se:TaxonName:25324,Hypocoprus quadricollis,species,"",Animalia,Arthropoda,Insecta,Coleoptera,Cryptophagidae,"",hypocoprus quadricollis,FALSE,FALSE,FALSE,0
urn:lsid:dyntaxa.se:TaxonName:89991,Hypocrea nybergiana,species,"",Fungi,Ascomycota,Sordariomycetes,Hypocreales,Hypocreaceae,"",hypocrea nybergiana,FALSE,FALSE,FALSE,0
urn:lsid:dyntaxa.se:TaxonName:15988,Hypocrea seppoi,species,"",Fungi,Ascomycota,Sordariomycetes,Hypocreales,Hypocreaceae,"",hypocrea seppoi,FALSE,FALSE,FALSE,0
urn:lsid:dyntaxa.se:TaxonName:19158,Hypocyptus imitator,species,"",Animalia,Arthropoda,Insecta,Coleoptera,Staphylinidae,"",hypocyptus imitator,FALSE,FALSE,FALSE,0
urn:lsid:dyntaxa.se:TaxonName:19164,Hypocyptus nitidus,species,"",Animalia,Arthropoda,Insecta,Coleoptera,Staphylinidae,"",hypocyptus nitidus,FALSE,FALSE,FALSE,0
urn:lsid:dyntaxa.se:TaxonName:19161,Hypocyptus ovulum,species,"",Animalia,Arthropoda,Insecta,Coleoptera,Staphylinidae,"",hypocyptus ovulum,FALSE,FALSE,FALSE,0
urn:lsid:dyntaxa.se:TaxonName:19165,Hypocyptus pulicarius,species,"",Animalia,Arthropoda,Insecta,Coleoptera,Staphylinidae,"",hypocyptus pulicarius,FALSE,FALSE,FALSE,0
urn:lsid:dyntaxa.se:TaxonName:19167,Hypocyptus punctum,species,"",Animalia,Arthropoda,Insecta,Coleoptera,Staphylinidae,"",hypocyptus punctum,FALSE,FALSE,FALSE,0
urn:lsid:dyntaxa.se:TaxonName:20640,Hypodryas maturna,species,"",Animalia,Arthropoda,Insecta,Lepidoptera,Nymphalidae,"",hypodryas maturna,FALSE,FALSE,FALSE,0
urn:lsid:dyntaxa.se:Taxon:232623,Hypoglossum hypoglossoides,species,VU,Plantae,Rhodophyta,Florideophyceae,Ceramiales,Delesseriaceae,native,hypoglossum hypoglossoides,FALSE,FALSE,FALSE,0
urn:lsid:dyntaxa.se:TaxonName:32577,Hypoglossum woodwardii,species,"",Plantae,Rhodophyta,Florideophyceae,Ceramiales,Delesseriaceae,"",hypoglossum woodwardii,FALSE,FALSE,FALSE,0
urn:lsid:dyntaxa.se:TaxonName:126602,Hypophloeus bicolor,species,"",Animalia,Arthropoda,Insecta,Coleoptera,Tenebrionidae,"",hypophloeus bicolor,FALSE,FALSE,FALSE,0
urn:lsid:dyntaxa.se:TaxonName:126603,Hypophloeus fasciatus,species,"",Animalia,Arthropoda,Insecta,Coleoptera,Tenebrionidae,"",hypophloeus fasciatus,FALSE,FALSE,FALSE,0
urn:lsid:dyntaxa.se:TaxonName:126604,Hypophloeus fraxini,species,"",Animalia,Arthropoda,Insecta,Coleoptera,Tenebrionidae,"",hypophloeus fraxini,FALSE,FALSE,FALSE,0
urn:lsid:dyntaxa.se:TaxonName:126606,Hypophloeus longulus,species,"",Animalia,Arthropoda,Insecta,Coleoptera,Tenebrionidae,"",hypophloeus longulus,FALSE,FALSE,FALSE,0
urn:lsid:dyntaxa.se:TaxonName:126607,Hypophloeus suturalis,species,"",Animalia,Arthropoda,Insecta,Coleoptera,Tenebrionidae,"",hypophloeus suturalis,FALSE,FALSE,FALSE,0
urn:lsid:dyntaxa.se:TaxonName:89598,Hypoxylon cinereolilacinum,species,"",Fungi,Ascomycota,Sordariomycetes,Xylariales,Graphostromataceae,"",hypoxylon cinereolilacinum,FALSE,FALSE,FALSE,0
urn:lsid:dyntaxa.se:TaxonName:372906,Hypoxylon gastrinum,species,"",Fungi,Ascomycota,Sordariomycetes,Xylariales,Lopadostomataceae,"",hypoxylon gastrinum,FALSE,FALSE,FALSE,0
urn:lsid:dyntaxa.se:TaxonName:89656,Hypoxylon luteum,species,"",Fungi,Ascomycota,Sordariomycetes,Boliniales,Boliniaceae,"",hypoxylon luteum,FALSE,FALSE,FALSE,0
urn:lsid:dyntaxa.se:TaxonName:89610,Hypoxylon nummularium,species,"",Fungi,Ascomycota,Sordariomycetes,Xylariales,Graphostromataceae,"",hypoxylon nummularium,FALSE,FALSE,FALSE,0
urn:lsid:dyntaxa.se:TaxonName:89941,Hypoxylon omphalostoma,species,"",Fungi,Ascomycota,Sordariomycetes,Xylariales,Hypoxylaceae,"",hypoxylon omphalostoma,FALSE,FALSE,FALSE,0
urn:lsid:dyntaxa.se:TaxonName:89667,Hypoxylon polyspermum,species,"",Fungi,Ascomycota,Sordariomycetes,Boliniales,Boliniaceae,"",hypoxylon polyspermum,FALSE,FALSE,FALSE,0
urn:lsid:dyntaxa.se:TaxonName:89889,Hypoxylon tubulina,species,"",Fungi,Ascomycota,Sordariomycetes,Boliniales,Boliniaceae,"",hypoxylon tubulina,FALSE,FALSE,FALSE,0
urn:lsid:dyntaxa.se:Taxon:101130,Hypulus bifasciatus,species,VU,Animalia,Arthropoda,Insecta,Coleoptera,Melandryidae,native,hypulus bifasciatus,FALSE,FALSE,FALSE,0
urn:lsid:dyntaxa.se:TaxonName:89965,Hysterium pinicola,species,"",Fungi,Ascomycota,Leotiomycetes,Triblidiales,Triblidiaceae,"",hysterium pinicola,FALSE,FALSE,FALSE,0
urn:lsid:dyntaxa.se:TaxonName:302775,Ichneumon irrisorius,species,"",Animalia,Arthropoda,Insecta,Hymenoptera,Ichneumonidae,"",ichneumon irrisorius,FALSE,FALSE,FALSE,0
urn:lsid:dyntaxa.se:TaxonName:269150,Ichneumon nitidulus,species,"",Animalia,Arthropoda,Insecta,Hymenoptera,Chrysididae,"",ichneumon nitidulus,FALSE,FALSE,FALSE,0
urn:lsid:dyntaxa.se:TaxonName:236265,Idalia aspersa,species,"",Animalia,Mollusca,Gastropoda,Nudibranchia,Goniodorididae,"",idalia aspersa,FALSE,FALSE,FALSE,0
urn:lsid:dyntaxa.se:TaxonName:236270,Idalia elegans,species,"",Animalia,Mollusca,Gastropoda,Nudibranchia,Goniodorididae,"",idalia elegans,FALSE,FALSE,FALSE,0
urn:lsid:dyntaxa.se:TaxonName:277466,Idalia pulchella,species,"",Animalia,Mollusca,Gastropoda,Nudibranchia,Goniodorididae,"",idalia pulchella,FALSE,FALSE,FALSE,0
urn:lsid:dyntaxa.se:TaxonName:226933,Imbricaria austerodes,species,"",Fungi,Ascomycota,Lecanoromycetes,Lecanorales,Parmeliaceae,"",imbricaria austerodes,FALSE,FALSE,FALSE,0
urn:lsid:dyntaxa.se:TaxonName:8786,Imbricaria conoplea,species,"",Fungi,Ascomycota,Lecanoromycetes,Peltigerales,Pannariaceae,"",imbricaria conoplea,FALSE,FALSE,FALSE,0
urn:lsid:dyntaxa.se:TaxonName:115784,Inachus dorynchus,species,"",Animalia,Arthropoda,Malacostraca,Decapoda,Inachidae,"",inachus dorynchus,FALSE,FALSE,FALSE,0
urn:lsid:dyntaxa.se:TaxonName:152817,Incrustoporia stellae,species,"",Fungi,Basidiomycota,Agaricomycetes,Polyporales,Incrustoporiaceae,"",incrustoporia stellae,FALSE,FALSE,FALSE,0
urn:lsid:dyntaxa.se:TaxonName:152815,Incrustoporia tschulymica,species,"",Fungi,Basidiomycota,Agaricomycetes,Polyporales,Incrustoporiaceae,"",incrustoporia tschulymica,FALSE,FALSE,FALSE,0
urn:lsid:dyntaxa.se:TaxonName:404226,Incrustoporia tschulymica,species,"",Fungi,Basidiomycota,Agaricomycetes,Polyporales,Incrustoporiaceae,"",incrustoporia tschulymica,FALSE,FALSE,FALSE,0
urn:lsid:dyntaxa.se:TaxonName:117428,Incurvaria mesospilella,species,"",Animalia,Arthropoda,Insecta,Lepidoptera,Incurvariidae,"",incurvaria mesospilella,FALSE,FALSE,FALSE,0
urn:lsid:dyntaxa.se:TaxonName:117429,Incurvaria trimaculella,species,"",Animalia,Arthropoda,Insecta,Lepidoptera,Incurvariidae,"",incurvaria trimaculella,FALSE,FALSE,FALSE,0
urn:lsid:dyntaxa.se:TaxonName:131222,Infurctinea argentimaculella,species,"",Animalia,Arthropoda,Insecta,Lepidoptera,Tineidae,"",infurctinea argentimaculella,FALSE,FALSE,FALSE,0
urn:lsid:dyntaxa.se:TaxonName:131212,Infurctinea marianii,species,"",Animalia,Arthropoda,Insecta,Lepidoptera,Tineidae,"",infurctinea marianii,FALSE,FALSE,FALSE,0
urn:lsid:dyntaxa.se:TaxonName:23322,Inocybe atripes,species,"",Fungi,Basidiomycota,Agaricomycetes,Agaricales,Inocybaceae,"",inocybe atripes,FALSE,FALSE,FALSE,0
urn:lsid:dyntaxa.se:Taxon:236444,Inocybe quietiodor,species,DD,Fungi,Basidiomycota,Agaricomycetes,Agaricales,Inocybaceae,native,inocybe quietiodor,FALSE,FALSE,FALSE,0
urn:lsid:dyntaxa.se:TaxonName:470507,Inoderma leporinum,species,"",Fungi,Basidiomycota,Agaricomycetes,Hymenochaetales,Hymenochaetaceae,"",inoderma leporinum,FALSE,FALSE,FALSE,0
urn:lsid:dyntaxa.se:TaxonName:470524,Inoderma triquetrum,species,"",Fungi,Basidiomycota,Agaricomycetes,Hymenochaetales,Hymenochaetaceae,"",inoderma triquetrum,FALSE,FALSE,FALSE,0
urn:lsid:dyntaxa.se:TaxonName:399078,Inonotus croceus,species,"",Fungi,Basidiomycota,Agaricomycetes,Polyporales,Meruliaceae,"",inonotus croceus,FALSE,FALSE,FALSE,0
urn:lsid:dyntaxa.se:TaxonName:11765,Inonotus dryadeus,species,"",Fungi,Basidiomycota,Agaricomycetes,Hymenochaetales,Hymenochaetaceae,"",inonotus dryadeus,FALSE,FALSE,FALSE,0
urn:lsid:dyntaxa.se:TaxonName:11766,Inonotus dryophilus,species,"",Fungi,Basidiomycota,Agaricomycetes,Hymenochaetales,Hymenochaetaceae,"",inonotus dryophilus,FALSE,FALSE,FALSE,0
urn:lsid:dyntaxa.se:TaxonName:11773,Inonotus subiculosus,species,"",Fungi,Basidiomycota,Agaricomycetes,Hymenochaetales,Hymenochaetaceae,"",inonotus subiculosus,FALSE,FALSE,FALSE,0
urn:lsid:dyntaxa.se:TaxonName:82611,Inula conyza,species,"",Plantae,Tracheophyta,Magnoliopsida,Asterales,Asteraceae,"",inula conyza,FALSE,FALSE,FALSE,0
urn:lsid:dyntaxa.se:TaxonName:18295,Inula conyzae,species,"",Plantae,Tracheophyta,Magnoliopsida,Asterales,Asteraceae,"",inula conyzae,FALSE,FALSE,FALSE,0
urn:lsid:dyntaxa.se:TaxonName:18296,Inula ensifolia,species,"",Plantae,Tracheophyta,Magnoliopsida,Asterales,Asteraceae,"",inula ensifolia,FALSE,FALSE,FALSE,0
urn:lsid:dyntaxa.se:TaxonName:82766,Inula pulicaria,species,"",Plantae,Tracheophyta,Magnoliopsida,Asterales,Asteraceae,"",inula pulicaria,FALSE,FALSE,FALSE,0
urn:lsid:dyntaxa.se:TaxonName:82610,Inula vulgaris,species,"",Plantae,Tracheophyta,Magnoliopsida,Asterales,Asteraceae,"",inula vulgaris,FALSE,FALSE,FALSE,0
urn:lsid:dyntaxa.se:TaxonName:394514,Ips stenographus,species,"",Animalia,Arthropoda,Insecta,Coleoptera,Curculionidae,"",ips stenographus,FALSE,FALSE,FALSE,0
urn:lsid:dyntaxa.se:TaxonName:399876,Irpex collabens,species,"",Fungi,Basidiomycota,Agaricomycetes,Polyporales,Steccherinaceae,"",irpex collabens,FALSE,FALSE,FALSE,0
urn:lsid:dyntaxa.se:TaxonName:399891,Irpex lacer,species,"",Fungi,Basidiomycota,Agaricomycetes,Polyporales,Steccherinaceae,"",irpex lacer,FALSE,FALSE,FALSE,0
urn:lsid:dyntaxa.se:TaxonName:400081,Irpex pachyodon,species,"",Fungi,Basidiomycota,Agaricomycetes,Polyporales,"Polyporales, genera incertae sedis","",irpex pachyodon,FALSE,FALSE,FALSE,0
urn:lsid:dyntaxa.se:TaxonName:400043,Irpex robustior,species,"",Fungi,Basidiomycota,Agaricomycetes,Polyporales,Steccherinaceae,"",irpex robustior,FALSE,FALSE,FALSE,0
urn:lsid:dyntaxa.se:TaxonName:400082,Irpiciporus pachyodon,species,"",Fungi,Basidiomycota,Agaricomycetes,Polyporales,"Polyporales, genera incertae sedis","",irpiciporus pachyodon,FALSE,FALSE,FALSE,0
urn:lsid:dyntaxa.se:TaxonName:114235,Isaria dubia,species,"",Fungi,Ascomycota,Sordariomycetes,Hypocreales,Ophiocordycipitaceae,"",isaria dubia,FALSE,FALSE,FALSE,0
urn:lsid:dyntaxa.se:TaxonName:161010,Ischnochiton albus,species,"",Animalia,Mollusca,Polyplacophora,Chitonida,Ischnochitonidae,"",ischnochiton albus,FALSE,FALSE,FALSE,0
urn:lsid:dyntaxa.se:TaxonName:449436,Ischnoderma erubescens,species,"",Fungi,Basidiomycota,Agaricomycetes,Polyporales,Irpicaceae,"",ischnoderma erubescens,FALSE,FALSE,FALSE,0
urn:lsid:dyntaxa.se:TaxonName:403610,Ischnoderma fraxineum,species,"",Fungi,Basidiomycota,Agaricomycetes,Polyporales,Polyporaceae,"",ischnoderma fraxineum,FALSE,FALSE,FALSE,0
urn:lsid:dyntaxa.se:TaxonName:141860,Isobates littoralis,species,"",Animalia,Arthropoda,Diplopoda,Julida,Nemasomatidae,"",isobates littoralis,FALSE,FALSE,FALSE,0
urn:lsid:dyntaxa.se:Taxon:890,Isopterygiopsis alpicola,species,EN,Plantae,Bryophyta,Bryopsida,Hypnales,Plagiotheciaceae,native,isopterygiopsis alpicola,FALSE,FALSE,FALSE,0
urn:lsid:dyntaxa.se:TaxonName:148564,Isopterygiopsis alpicola,species,"",Plantae,Bryophyta,Bryopsida,Hypnales,Plagiotheciaceae,"",isopterygiopsis alpicola,FALSE,FALSE,FALSE,0
urn:lsid:dyntaxa.se:TaxonName:224412,Isopterygiopsis alpicola,species,"",Plantae,Bryophyta,Bryopsida,Hypnales,Plagiotheciaceae,"",isopterygiopsis alpicola,FALSE,FALSE,FALSE,0
urn:lsid:dyntaxa.se:TaxonName:121104,Isopterygium alpicola,species,"",Plantae,Bryophyta,Bryopsida,Hypnales,Plagiotheciaceae,"",isopterygium alpicola,FALSE,FALSE,FALSE,0
urn:lsid:dyntaxa.se:TaxonName:224414,Isopterygium alpicola,species,"",Plantae,Bryophyta,Bryopsida,Hypnales,Plagiotheciaceae,"",isopterygium alpicola,FALSE,FALSE,FALSE,0
urn:lsid:dyntaxa.se:TaxonName:224416,Isopterygium alpicola,species,"",Plantae,Bryophyta,Bryopsida,Hypnales,Plagiotheciaceae,"",isopterygium alpicola,FALSE,FALSE,FALSE,0
urn:lsid:dyntaxa.se:Taxon:102285,Isorhipis marmottani,species,VU,Animalia,Arthropoda,Insecta,Coleoptera,Eucnemidae,native,isorhipis marmottani,FALSE,FALSE,FALSE,0
urn:lsid:dyntaxa.se:TaxonName:224872,Isothecium trachypodium,species,"",Plantae,Bryophyta,Bryopsida,Hypnales,Brachytheciaceae,"",isothecium trachypodium,FALSE,FALSE,FALSE,0
urn:lsid:dyntaxa.se:TaxonName:263117,Itame loricaria,species,"",Animalia,Arthropoda,Insecta,Lepidoptera,Geometridae,"",itame loricaria,FALSE,FALSE,FALSE,0
urn:lsid:dyntaxa.se:TaxonName:74763,Itoplectis bicolor,species,"",Animalia,Arthropoda,Insecta,Hymenoptera,Ichneumonidae,"",itoplectis bicolor,FALSE,FALSE,FALSE,0
urn:lsid:dyntaxa.se:TaxonName:74764,Itoplectis ephippium,species,"",Animalia,Arthropoda,Insecta,Hymenoptera,Ichneumonidae,"",itoplectis ephippium,FALSE,FALSE,FALSE,0
urn:lsid:dyntaxa.se:TaxonName:284359,Jania spermophoros,species,"",Plantae,Rhodophyta,Florideophyceae,Corallinales,Corallinaceae,"",jania spermophoros,FALSE,FALSE,FALSE,0
urn:lsid:dyntaxa.se:Taxon:234625,Javesella salina,species,DD,Animalia,Arthropoda,Insecta,Hemiptera,Delphacidae,native,javesella salina,FALSE,FALSE,FALSE,0
urn:lsid:dyntaxa.se:Taxon:102456,Jodia croceago,species,RE,Animalia,Arthropoda,Insecta,Lepidoptera,Noctuidae,native,jodia croceago,FALSE,FALSE,FALSE,0
urn:lsid:dyntaxa.se:TaxonName:161032,Jujubinus miliaris,species,"",Animalia,Mollusca,Gastropoda,"",Trochidae,"",jujubinus miliaris,FALSE,FALSE,FALSE,0
urn:lsid:dyntaxa.se:TaxonName:87543,Juncus atricapillus,species,"",Plantae,Tracheophyta,Liliopsida,Poales,Juncaceae,"",juncus atricapillus,FALSE,FALSE,FALSE,0
urn:lsid:dyntaxa.se:TaxonName:87558,Juncus mutabilis,species,"",Plantae,Tracheophyta,Liliopsida,Poales,Juncaceae,"",juncus mutabilis,FALSE,FALSE,FALSE,0
urn:lsid:dyntaxa.se:Taxon:222539,Juncus pygmaeus,species,RE,Plantae,Tracheophyta,Liliopsida,Poales,Juncaceae,native,juncus pygmaeus,FALSE,FALSE,FALSE,0
urn:lsid:dyntaxa.se:TaxonName:241970,Jungermannia capitata,species,"",Plantae,Marchantiophyta,Marchantiopsida,Jungermanniales,Jungermanniaceae,"",jungermannia capitata,FALSE,FALSE,FALSE,0
urn:lsid:dyntaxa.se:TaxonName:242284,Jungermannia catenulata,species,"",Plantae,Marchantiophyta,Marchantiopsida,Jungermanniales,Cephaloziaceae,"",jungermannia catenulata,FALSE,FALSE,FALSE,0
urn:lsid:dyntaxa.se:TaxonName:242720,Jungermannia glaucocephala,species,"",Plantae,Marchantiophyta,Marchantiopsida,Jungermanniales,Scapaniaceae,"",jungermannia glaucocephala,FALSE,FALSE,FALSE,0
urn:lsid:dyntaxa.se:TaxonName:326144,Jungermannia helleriana,species,"",Plantae,Marchantiophyta,Marchantiopsida,Jungermanniales,Anastrophyllaceae,"",jungermannia helleriana,FALSE,FALSE,FALSE,0
urn:lsid:dyntaxa.se:TaxonName:242124,Jungermannia longiflora,species,"",Plantae,Marchantiophyta,Marchantiopsida,Jungermanniales,Jungermanniaceae,"",jungermannia longiflora,FALSE,FALSE,FALSE,0
urn:lsid:dyntaxa.se:TaxonName:242349,Jungermannia macounii,species,"",Plantae,Marchantiophyta,Marchantiopsida,Jungermanniales,Cephaloziaceae,"",jungermannia macounii,FALSE,FALSE,FALSE,0
urn:lsid:dyntaxa.se:TaxonName:326011,Jungermannia pubescens,species,"",Plantae,Marchantiophyta,Marchantiopsida,Metzgeriales,Metzgeriaceae,"",jungermannia pubescens,FALSE,FALSE,FALSE,0
urn:lsid:dyntaxa.se:TaxonName:316255,Jungermannia schraderi var. undulifolia,species,"",Plantae,Marchantiophyta,Marchantiopsida,Jungermanniales,Anastrophyllaceae,"",jungermannia schraderi,FALSE,FALSE,FALSE,0
urn:lsid:dyntaxa.se:TaxonName:13111,Jungermannia subulata var. subulata,species,"",Plantae,Marchantiophyta,Marchantiopsida,Jungermanniales,Jungermanniaceae,"",jungermannia subulata,FALSE,FALSE,FALSE,0
urn:lsid:dyntaxa.se:TaxonName:145031,Jungermannia subulata s. str.,species,"",Plantae,Marchantiophyta,Marchantiopsida,Jungermanniales,Jungermanniaceae,"",jungermannia subulata,FALSE,FALSE,FALSE,0
urn:lsid:dyntaxa.se:TaxonName:471681,Jungermannia subulata,species,"",Plantae,Marchantiophyta,Marchantiopsida,Jungermanniales,Jungermanniaceae,"",jungermannia subulata,FALSE,FALSE,FALSE,0
urn:lsid:dyntaxa.se:TaxonName:152670,Junghuhnia lacera,species,"",Fungi,Basidiomycota,Agaricomycetes,Polyporales,Steccherinaceae,"",junghuhnia lacera,FALSE,FALSE,FALSE,0
urn:lsid:dyntaxa.se:TaxonName:11789,Junghuhnia separabilima,species,"",Fungi,Basidiomycota,Agaricomycetes,Polyporales,Steccherinaceae,"",junghuhnia separabilima,FALSE,FALSE,FALSE,0
urn:lsid:dyntaxa.se:TaxonName:399902,Junghuhnia separabillima,species,"",Fungi,Basidiomycota,Agaricomycetes,Polyporales,Steccherinaceae,"",junghuhnia separabillima,FALSE,FALSE,FALSE,0
urn:lsid:dyntaxa.se:TaxonName:2622,Karschia ricasoliae,species,"",Fungi,Ascomycota,Eurotiomycetes,Sclerococcales,Sclerococcaceae,"",karschia ricasoliae,FALSE,FALSE,FALSE,0
urn:lsid:dyntaxa.se:TaxonName:293228,Karsholtia lunatella,species,"",Animalia,Arthropoda,Insecta,Lepidoptera,Tineidae,"",karsholtia lunatella,FALSE,FALSE,FALSE,0
urn:lsid:dyntaxa.se:Taxon:2142,Kiaeria falcata,species,NT,Plantae,Bryophyta,Bryopsida,Dicranales,Rhabdoweisiaceae,native,kiaeria falcata,FALSE,FALSE,FALSE,0
urn:lsid:dyntaxa.se:TaxonName:261252,Kiaeria riparia,species,"",Plantae,Bryophyta,Bryopsida,Dicranales,Dicranaceae,"",kiaeria riparia,FALSE,FALSE,FALSE,0
urn:lsid:dyntaxa.se:TaxonName:261253,Kiaeria starkei var. riparia,species,"",Plantae,Bryophyta,Bryopsida,Dicranales,Dicranaceae,"",kiaeria starkei,FALSE,FALSE,FALSE,0
urn:lsid:dyntaxa.se:TaxonName:327250,Kirbya melanura,species,"",Animalia,Arthropoda,Insecta,Hymenoptera,Melittidae,"",kirbya melanura,FALSE,FALSE,FALSE,0
urn:lsid:dyntaxa.se:Taxon:846,Kneiffiella alienata,species,VU,Fungi,Basidiomycota,Agaricomycetes,Hymenochaetales,Schizoporaceae,native,kneiffiella alienata,FALSE,FALSE,FALSE,0
urn:lsid:dyntaxa.se:TaxonName:52615,Kneiffiella curvispora,species,"",Fungi,Basidiomycota,Agaricomycetes,Hymenochaetales,Schizoporaceae,"",kneiffiella curvispora,FALSE,FALSE,FALSE,0
urn:lsid:dyntaxa.se:Taxon:847,Kneiffiella efibulata,species,DD,Fungi,Basidiomycota,Agaricomycetes,Hymenochaetales,Schizoporaceae,native,kneiffiella efibulata,FALSE,FALSE,FALSE,0
urn:lsid:dyntaxa.se:TaxonName:400258,Kneiffiella involuta,species,"",Fungi,Basidiomycota,Agaricomycetes,Polyporales,Hyphodermataceae,"",kneiffiella involuta,FALSE,FALSE,FALSE,0
urn:lsid:dyntaxa.se:Taxon:6001662,Knoutsodonta depressa,species,DD,Animalia,Mollusca,Gastropoda,Nudibranchia,Onchidorididae,native,knoutsodonta depressa,FALSE,FALSE,FALSE,0
urn:lsid:dyntaxa.se:Taxon:218175,Knoutsodonta inconspicua,species,DD,Animalia,Mollusca,Gastropoda,Nudibranchia,Onchidorididae,native,knoutsodonta inconspicua,FALSE,FALSE,FALSE,0
urn:lsid:dyntaxa.se:Taxon:218178,Knoutsodonta pusilla,species,DD,Animalia,Mollusca,Gastropoda,Nudibranchia,Onchidorididae,native,knoutsodonta pusilla,FALSE,FALSE,FALSE,0
urn:lsid:dyntaxa.se:Taxon:218179,Knoutsodonta sparsa,species,DD,Animalia,Mollusca,Gastropoda,Nudibranchia,Onchidorididae,native,knoutsodonta sparsa,FALSE,FALSE,FALSE,0
urn:lsid:dyntaxa.se:TaxonName:58478,Kochia hirsuta,species,"",Plantae,Tracheophyta,Magnoliopsida,Caryophyllales,Amaranthaceae,"",kochia hirsuta,FALSE,FALSE,FALSE,0
urn:lsid:dyntaxa.se:TaxonName:90843,Koeleria polonica,species,"",Plantae,Tracheophyta,Liliopsida,Poales,Poaceae,"",koeleria polonica,FALSE,FALSE,FALSE,0
urn:lsid:dyntaxa.se:TaxonName:58205,Koenigia hadacii,species,"",Plantae,Tracheophyta,Magnoliopsida,Caryophyllales,Polygonaceae,"",koenigia hadacii,FALSE,FALSE,FALSE,0
urn:lsid:dyntaxa.se:TaxonName:58739,Kohlrauschia saxifraga,species,"",Plantae,Tracheophyta,Magnoliopsida,Caryophyllales,Caryophyllaceae,"",kohlrauschia saxifraga,FALSE,FALSE,FALSE,0
urn:lsid:dyntaxa.se:TaxonName:94893,Konowia betulae,species,"",Animalia,Arthropoda,Insecta,Hymenoptera,Xiphydriidae,"",konowia betulae,FALSE,FALSE,FALSE,0
urn:lsid:dyntaxa.se:TaxonName:290164,Korscheltellus ganna,species,"",Animalia,Arthropoda,Insecta,Lepidoptera,Hepialidae,"",korscheltellus ganna,FALSE,FALSE,FALSE,0
urn:lsid:dyntaxa.se:TaxonName:25287,Korynetes obenbergeri,species,"",Animalia,Arthropoda,Insecta,Coleoptera,Cleridae,"",korynetes obenbergeri,FALSE,FALSE,FALSE,0
urn:lsid:dyntaxa.se:Taxon:232920,Kumanoa virgato-decaisneana,species,RE,Plantae,Rhodophyta,Florideophyceae,Batrachospermales,Batrachospermaceae,native,kumanoa virgato-decaisneana,FALSE,FALSE,FALSE,0
urn:lsid:dyntaxa.se:Taxon:236315,Kyklioacalles navieresi,species,NT,Animalia,Arthropoda,Insecta,Coleoptera,Curculionidae,native,kyklioacalles navieresi,FALSE,FALSE,FALSE,0
urn:lsid:dyntaxa.se:Taxon:106461,Kyklioacalles roboris,species,VU,Animalia,Arthropoda,Insecta,Coleoptera,Curculionidae,native,kyklioacalles roboris,FALSE,FALSE,FALSE,0
urn:lsid:dyntaxa.se:TaxonName:283851,Kylina cytophaga,species,"",Plantae,Rhodophyta,Florideophyceae,Acrochaetiales,Acrochaetiaceae,"",kylina cytophaga,FALSE,FALSE,FALSE,0
urn:lsid:dyntaxa.se:TaxonName:27128,Kylinia catenulata,species,"",Plantae,Rhodophyta,Florideophyceae,Acrochaetiales,Acrochaetiaceae,"",kylinia catenulata,FALSE,FALSE,FALSE,0
urn:lsid:dyntaxa.se:TaxonName:27122,Kylinia dumontiae,species,"",Plantae,Rhodophyta,Florideophyceae,Acrochaetiales,Acrochaetiaceae,"",kylinia dumontiae,FALSE,FALSE,FALSE,0
urn:lsid:dyntaxa.se:TaxonName:283865,Kylinia immersa,species,"",Plantae,Rhodophyta,Florideophyceae,Acrochaetiales,Acrochaetiaceae,"",kylinia immersa,FALSE,FALSE,FALSE,0
urn:lsid:dyntaxa.se:TaxonName:283950,Kylinia stilophorae,species,"",Plantae,Rhodophyta,Florideophyceae,Acrochaetiales,Acrochaetiaceae,"",kylinia stilophorae,FALSE,FALSE,FALSE,0
urn:lsid:dyntaxa.se:Taxon:232922,Kyliniella latvica,species,DD,Plantae,Rhodophyta,Stylonematophyceae,Stylonematales,Stylonemataceae,native,kyliniella latvica,FALSE,FALSE,FALSE,0
urn:lsid:dyntaxa.se:TaxonName:121131,Kyra cirrigerella,species,"",Animalia,Arthropoda,Insecta,Lepidoptera,Pyralidae,"",kyra cirrigerella,FALSE,FALSE,FALSE,0
urn:lsid:dyntaxa.se:TaxonName:106144,Laccophilus obsoletus,species,"",Animalia,Arthropoda,Insecta,Coleoptera,Dytiscidae,"",laccophilus obsoletus,FALSE,FALSE,FALSE,0
urn:lsid:dyntaxa.se:TaxonName:74460,Laccophilus ponticus,species,"",Animalia,Arthropoda,Insecta,Coleoptera,Dytiscidae,"",laccophilus ponticus,FALSE,FALSE,FALSE,0
urn:lsid:dyntaxa.se:TaxonName:20804,Laccophilus strohmi,species,"",Animalia,Arthropoda,Insecta,Coleoptera,Dytiscidae,"",laccophilus strohmi,FALSE,FALSE,FALSE,0
urn:lsid:dyntaxa.se:TaxonName:101349,Laccophilus variegatus,species,"",Animalia,Arthropoda,Insecta,Coleoptera,Dytiscidae,"",laccophilus variegatus,FALSE,FALSE,FALSE,0
urn:lsid:dyntaxa.se:TaxonName:274832,Lacinaria biplicata,species,"",Animalia,Mollusca,Gastropoda,Stylommatophora,Clausiliidae,"",lacinaria biplicata,FALSE,FALSE,FALSE,0
urn:lsid:dyntaxa.se:TaxonName:96004,Lacon conspersus,species,"",Animalia,Arthropoda,Insecta,Coleoptera,Elateridae,"",lacon conspersus,FALSE,FALSE,FALSE,0
urn:lsid:dyntaxa.se:TaxonName:96005,Lacon fasciatus,species,"",Animalia,Arthropoda,Insecta,Coleoptera,Elateridae,"",lacon fasciatus,FALSE,FALSE,FALSE,0
urn:lsid:dyntaxa.se:TaxonName:128485,Lacuna puteolus,species,"",Animalia,Mollusca,Gastropoda,Littorinimorpha,Littorinidae,"",lacuna puteolus,FALSE,FALSE,FALSE,0
urn:lsid:dyntaxa.se:TaxonName:125543,Lado jelskyi,species,"",Animalia,Arthropoda,Insecta,Coleoptera,Zopheridae,"",lado jelskyi,FALSE,FALSE,FALSE,0
urn:lsid:dyntaxa.se:TaxonName:90161,Laemophloeus duplicatus,species,"",Animalia,Arthropoda,Insecta,Coleoptera,Laemophloeidae,"",laemophloeus duplicatus,FALSE,FALSE,FALSE,0
urn:lsid:dyntaxa.se:TaxonName:14070,Lahmia plumbina,species,"",Fungi,Ascomycota,Lecanoromycetes,Lecanorales,Ramalinaceae,"",lahmia plumbina,FALSE,FALSE,FALSE,0
urn:lsid:dyntaxa.se:TaxonName:364608,Lambertella albida,species,"",Fungi,Ascomycota,Leotiomycetes,Helotiales,Helotiaceae,"",lambertella albida,FALSE,FALSE,FALSE,0
urn:lsid:dyntaxa.se:TaxonName:128265,Lamellocossus terebra,species,"",Animalia,Arthropoda,Insecta,Lepidoptera,Cossidae,"",lamellocossus terebra,FALSE,FALSE,FALSE,0
urn:lsid:dyntaxa.se:TaxonName:395120,Lampronia quadrimaculella,species,"",Animalia,Arthropoda,Insecta,Lepidoptera,Incurvariidae,"",lampronia quadrimaculella,FALSE,FALSE,FALSE,0
urn:lsid:dyntaxa.se:TaxonName:395122,Lampronia quadrimaculella,species,"",Animalia,Arthropoda,Insecta,Lepidoptera,Incurvariidae,"",lampronia quadrimaculella,FALSE,FALSE,FALSE,0
urn:lsid:dyntaxa.se:Taxon:233218,Lampronia standfussiella,species,VU,Animalia,Arthropoda,Insecta,Lepidoptera,Prodoxidae,native,lampronia standfussiella,FALSE,FALSE,FALSE,0
urn:lsid:dyntaxa.se:TaxonName:117430,Lampronia trimaculella var. quadrimaculella,species,"",Animalia,Arthropoda,Insecta,Lepidoptera,Incurvariidae,"",lampronia trimaculella,FALSE,FALSE,FALSE,0
urn:lsid:dyntaxa.se:TaxonName:122787,Lamprosetia verhuellella,species,"",Animalia,Arthropoda,Insecta,Lepidoptera,Tineidae,"",lamprosetia verhuellella,FALSE,FALSE,FALSE,0
urn:lsid:dyntaxa.se:TaxonName:125545,Lamprosoma concolor,species,"",Animalia,Arthropoda,Insecta,Coleoptera,Chrysomelidae,"",lamprosoma concolor,FALSE,FALSE,FALSE,0
urn:lsid:dyntaxa.se:Taxon:101167,Lamprotes c-aureum,species,RE,Animalia,Arthropoda,Insecta,Lepidoptera,Noctuidae,native,lamprotes c-aureum,FALSE,FALSE,FALSE,0
urn:lsid:dyntaxa.se:TaxonName:364603,Lanzia albida,species,"",Fungi,Ascomycota,Leotiomycetes,Helotiales,Helotiaceae,"",lanzia albida,FALSE,FALSE,FALSE,0
urn:lsid:dyntaxa.se:Taxon:1889,Lappula deflexa,species,NT,Plantae,Tracheophyta,Magnoliopsida,Boraginales,Boraginaceae,native,lappula deflexa,FALSE,FALSE,FALSE,0
urn:lsid:dyntaxa.se:TaxonName:77543,Lappula echinata,species,"",Plantae,Tracheophyta,Magnoliopsida,Boraginales,Boraginaceae,"",lappula echinata,FALSE,FALSE,FALSE,0
urn:lsid:dyntaxa.se:TaxonName:77544,Lappula myosotis,species,"",Plantae,Tracheophyta,Magnoliopsida,Boraginales,Boraginaceae,"",lappula myosotis,FALSE,FALSE,FALSE,0
urn:lsid:dyntaxa.se:TaxonName:268671,Larra unicolor,species,"",Animalia,Arthropoda,Insecta,Hymenoptera,Crabronidae,"",larra unicolor,FALSE,FALSE,FALSE,0
urn:lsid:dyntaxa.se:TaxonName:129813,Larus parasiticus,species,"",Animalia,Chordata,Aves,Charadriiformes,Stercorariidae,"",larus parasiticus,FALSE,FALSE,FALSE,0
urn:lsid:dyntaxa.se:TaxonName:40493,Larus ridibundus,species,"",Animalia,Chordata,Aves,Charadriiformes,Laridae,"",larus ridibundus,FALSE,FALSE,FALSE,0
urn:lsid:dyntaxa.se:TaxonName:129833,Larus ridibundus,species,"",Animalia,Chordata,Aves,Charadriiformes,Laridae,"",larus ridibundus,FALSE,FALSE,FALSE,0
urn:lsid:dyntaxa.se:TaxonName:129828,Larus tridactylus,species,"",Animalia,Chordata,Aves,Charadriiformes,Laridae,"",larus tridactylus,FALSE,FALSE,FALSE,0
urn:lsid:dyntaxa.se:TaxonName:326971,Lasioglossum xanthopum,species,"",Animalia,Arthropoda,Insecta,Hymenoptera,Halictidae,"",lasioglossum xanthopum,FALSE,FALSE,FALSE,0
urn:lsid:dyntaxa.se:TaxonName:33316,Lasiosordaria bombarda,species,"",Fungi,Ascomycota,Sordariomycetes,Sordariales,Lasiosphaeriaceae,"",lasiosordaria bombarda,FALSE,FALSE,FALSE,0
urn:lsid:dyntaxa.se:TaxonName:51861,Lastrea robertiana,species,"",Plantae,Tracheophyta,Polypodiopsida,Polypodiales,Cystopteridaceae,"",lastrea robertiana,FALSE,FALSE,FALSE,0
urn:lsid:dyntaxa.se:TaxonName:6299,Lecanactis amylacea,species,"",Fungi,Ascomycota,Arthoniomycetes,Arthoniales,Lecanographaceae,"",lecanactis amylacea,FALSE,FALSE,FALSE,0
urn:lsid:dyntaxa.se:TaxonName:158024,Lecanactis dryina,species,"",Fungi,Ascomycota,Arthoniomycetes,Arthoniales,"Arthoniales, genera incertae sedis","",lecanactis dryina,FALSE,FALSE,FALSE,0
urn:lsid:dyntaxa.se:TaxonName:158023,Lecanactis dryina ssp. corticola,species,"",Fungi,Ascomycota,Arthoniomycetes,Arthoniales,"Arthoniales, genera incertae sedis","",lecanactis dryina,FALSE,FALSE,FALSE,0
urn:lsid:dyntaxa.se:TaxonName:158025,Lecanactis dryophila,species,"",Fungi,Ascomycota,Arthoniomycetes,Arthoniales,"Arthoniales, genera incertae sedis","",lecanactis dryophila,FALSE,FALSE,FALSE,0
urn:lsid:dyntaxa.se:TaxonName:6300,Lecanactis illecebrosa,species,"",Fungi,Ascomycota,Arthoniomycetes,Arthoniales,Lecanographaceae,"",lecanactis illecebrosa,FALSE,FALSE,FALSE,0
urn:lsid:dyntaxa.se:TaxonName:6303,Lecanactis lyncea,species,"",Fungi,Ascomycota,Arthoniomycetes,Arthoniales,Lecanographaceae,"",lecanactis lyncea,FALSE,FALSE,FALSE,0
urn:lsid:dyntaxa.se:TaxonName:158022,Lecanactis patellarioides f. hapalocheila,species,"",Fungi,Ascomycota,Arthoniomycetes,Arthoniales,"Arthoniales, genera incertae sedis","",lecanactis patellarioides,FALSE,FALSE,FALSE,0
urn:lsid:dyntaxa.se:TaxonName:226589,Lecanactis plocina subsp. premnea,species,"",Fungi,Ascomycota,Arthoniomycetes,Arthoniales,Opegraphaceae,"",lecanactis plocina,FALSE,FALSE,FALSE,0
urn:lsid:dyntaxa.se:TaxonName:226582,Lecanactis premnea,species,"",Fungi,Ascomycota,Arthoniomycetes,Arthoniales,Opegraphaceae,"",lecanactis premnea,FALSE,FALSE,FALSE,0
urn:lsid:dyntaxa.se:TaxonName:226585,Lecanactis premnea,species,"",Fungi,Ascomycota,Arthoniomycetes,Arthoniales,Opegraphaceae,"",lecanactis premnea,FALSE,FALSE,FALSE,0
urn:lsid:dyntaxa.se:TaxonName:13782,Lecanactis umbrina,species,"",Fungi,Ascomycota,Arthoniomycetes,Arthoniales,Roccellaceae,"",lecanactis umbrina,FALSE,FALSE,FALSE,0
urn:lsid:dyntaxa.se:TaxonName:6295,Lecania syringea,species,"",Fungi,Ascomycota,Lecanoromycetes,Lecanorales,Ramalinaceae,"",lecania syringea,FALSE,FALSE,FALSE,0
urn:lsid:dyntaxa.se:TaxonName:249917,Lecanora candelaria var. substellaris,species,"",Fungi,Ascomycota,Lecanoromycetes,Teloschistales,Teloschistaceae,"",lecanora candelaria,FALSE,FALSE,FALSE,0
urn:lsid:dyntaxa.se:TaxonName:13869,Lecanora crassa ssp. pachylepidea,species,"",Fungi,Ascomycota,Lecanoromycetes,Lecanorales,Squamarinaceae,"",lecanora crassa,FALSE,FALSE,FALSE,0
urn:lsid:dyntaxa.se:TaxonName:13865,Lecanora fragilis,species,"",Fungi,Ascomycota,Lecanoromycetes,Lecanorales,Squamarinaceae,"",lecanora fragilis,FALSE,FALSE,FALSE,0
urn:lsid:dyntaxa.se:TaxonName:13866,Lecanora gypsacea,species,"",Fungi,Ascomycota,Lecanoromycetes,Lecanorales,Squamarinaceae,"",lecanora gypsacea,FALSE,FALSE,FALSE,0
urn:lsid:dyntaxa.se:TaxonName:249363,Lecanora lobulata,species,"",Fungi,Ascomycota,Lecanoromycetes,Teloschistales,Teloschistaceae,"",lecanora lobulata,FALSE,FALSE,FALSE,0
urn:lsid:dyntaxa.se:TaxonName:6368,Lecanora maculata,species,"",Fungi,Ascomycota,Lecanoromycetes,Lecanorales,Lecanoraceae,"",lecanora maculata,FALSE,FALSE,FALSE,0
urn:lsid:dyntaxa.se:TaxonName:13781,Lecanora periclea,species,"",Fungi,Ascomycota,Arthoniomycetes,Arthoniales,Roccellaceae,"",lecanora periclea,FALSE,FALSE,FALSE,0
urn:lsid:dyntaxa.se:TaxonName:249717,Lecanora suspiciosa,species,"",Fungi,Ascomycota,Lecanoromycetes,Teloschistales,Teloschistaceae,"",lecanora suspiciosa,FALSE,FALSE,FALSE,0
urn:lsid:dyntaxa.se:TaxonName:149507,Lecanora tenera,species,"",Fungi,Ascomycota,Lecanoromycetes,Lecanorales,Ramalinaceae,"",lecanora tenera,FALSE,FALSE,FALSE,0
urn:lsid:dyntaxa.se:TaxonName:475512,Leccinum caespitosum,species,"",Fungi,Basidiomycota,Agaricomycetes,Boletales,Boletaceae,"",leccinum caespitosum,FALSE,FALSE,FALSE,0
urn:lsid:dyntaxa.se:TaxonName:16077,Leccinum crocipodium,species,"",Fungi,Basidiomycota,Agaricomycetes,Boletales,Boletaceae,"",leccinum crocipodium,FALSE,FALSE,FALSE,0
urn:lsid:dyntaxa.se:TaxonName:127433,Lecidea absistens,species,"",Fungi,Ascomycota,Lecanoromycetes,Lecanorales,Ramalinaceae,"",lecidea absistens,FALSE,FALSE,FALSE,0
urn:lsid:dyntaxa.se:TaxonName:9322,Lecidea albilabra,species,"",Fungi,Ascomycota,Lecanoromycetes,Lecanorales,Psoraceae,"",lecidea albilabra,FALSE,FALSE,FALSE,0
urn:lsid:dyntaxa.se:TaxonName:6212,Lecidea anthracophila,species,"",Fungi,Ascomycota,Lecanoromycetes,Lecanorales,Carbonicolaceae,"",lecidea anthracophila,FALSE,FALSE,FALSE,0
urn:lsid:dyntaxa.se:TaxonName:127435,Lecidea auerswaldii,species,"",Fungi,Ascomycota,Lecanoromycetes,Lecanorales,Pilocarpaceae,"",lecidea auerswaldii,FALSE,FALSE,FALSE,0
urn:lsid:dyntaxa.se:TaxonName:142448,Lecidea botryosa,species,"",Fungi,Ascomycota,Lecanoromycetes,Lecanorales,Squamarinaceae,"",lecidea botryosa,FALSE,FALSE,FALSE,0
urn:lsid:dyntaxa.se:TaxonName:127115,Lecidea carneola,species,"",Fungi,Ascomycota,Lecanoromycetes,Ostropales,Gyalectaceae,"",lecidea carneola,FALSE,FALSE,FALSE,0
urn:lsid:dyntaxa.se:TaxonName:149513,Lecidea chalybeoides,species,"",Fungi,Ascomycota,Lecanoromycetes,Lecanorales,Lecanoraceae,"",lecidea chalybeoides,FALSE,FALSE,FALSE,0
urn:lsid:dyntaxa.se:TaxonName:6213,Lecidea cladonioides,species,"",Fungi,Ascomycota,Lecanoromycetes,Lecanorales,Carbonicolaceae,"",lecidea cladonioides,FALSE,FALSE,FALSE,0
urn:lsid:dyntaxa.se:TaxonName:6214,Lecidea cladonioides v. albocervina,species,"",Fungi,Ascomycota,Lecanoromycetes,Lecanorales,Carbonicolaceae,"",lecidea cladonioides,FALSE,FALSE,FALSE,0
urn:lsid:dyntaxa.se:TaxonName:2508,Lecidea corrugata,species,"",Fungi,Ascomycota,Lecanoromycetes,Lecanorales,Ramalinaceae,"",lecidea corrugata,FALSE,FALSE,FALSE,0
urn:lsid:dyntaxa.se:TaxonName:9235,Lecidea cyclospora,species,"",Fungi,Ascomycota,Lecanoromycetes,Lecanorales,Psoraceae,"",lecidea cyclospora,FALSE,FALSE,FALSE,0
urn:lsid:dyntaxa.se:TaxonName:127086,Lecidea  delutula,species,"",Fungi,Ascomycota,Lecanoromycetes,Ostropales,Stictidaceae,"",lecidea delutula,FALSE,FALSE,FALSE,0
urn:lsid:dyntaxa.se:TaxonName:127108,Lecidea derivata,species,"",Fungi,Ascomycota,Lecanoromycetes,Ostropales,Gyalectaceae,"",lecidea derivata,FALSE,FALSE,FALSE,0
urn:lsid:dyntaxa.se:TaxonName:158016,Lecidea effusa var. delicata,species,"",Fungi,Ascomycota,Lecanoromycetes,Lecanorales,Ramalinaceae,"",lecidea effusa,FALSE,FALSE,FALSE,0
urn:lsid:dyntaxa.se:TaxonName:2517,Lecidea ehrhartiana v. ceracella,species,"",Fungi,Ascomycota,Lecanoromycetes,Lecanorales,Ramalinaceae,"",lecidea ehrhartiana,FALSE,FALSE,FALSE,0
urn:lsid:dyntaxa.se:TaxonName:9411,Lecidea elabens,species,"",Fungi,Ascomycota,Lecanoromycetes,Lecanorales,Ramboldiaceae,"",lecidea elabens,FALSE,FALSE,FALSE,0
urn:lsid:dyntaxa.se:TaxonName:6535,Lecidea euphorea var. laureri,species,"",Fungi,Ascomycota,Lecanoromycetes,Lecanorales,Lecanoraceae,"",lecidea euphorea,FALSE,FALSE,FALSE,0
urn:lsid:dyntaxa.se:TaxonName:229187,Lecidea euphoroides,species,"",Fungi,Ascomycota,Lecanoromycetes,Lecanorales,Ramboldiaceae,"",lecidea euphoroides,FALSE,FALSE,FALSE,0
urn:lsid:dyntaxa.se:TaxonName:6302,Lecidea farinosa,species,"",Fungi,Ascomycota,Arthoniomycetes,Arthoniales,Lecanographaceae,"",lecidea farinosa,FALSE,FALSE,FALSE,0
urn:lsid:dyntaxa.se:TaxonName:2698,Lecidea flexella,species,"",Fungi,Ascomycota,Lecanoromycetes,Umbilicariales,Elixiaceae,"",lecidea flexella,FALSE,FALSE,FALSE,0
urn:lsid:dyntaxa.se:TaxonName:2848,Lecidea foveolaris v. lutea (denudata),species,"",Fungi,Ascomycota,Lecanoromycetes,Ostropales,Gyalectaceae,"",lecidea foveolaris,FALSE,FALSE,FALSE,0
urn:lsid:dyntaxa.se:TaxonName:9317,Lecidea globifera,species,"",Fungi,Ascomycota,Lecanoromycetes,Lecanorales,Psoraceae,"",lecidea globifera,FALSE,FALSE,FALSE,0
urn:lsid:dyntaxa.se:TaxonName:481885,Lecidea glomerulosa,species,"",Fungi,Ascomycota,Lecanoromycetes,Lecanorales,Squamarinaceae,"",lecidea glomerulosa,FALSE,FALSE,FALSE,0
urn:lsid:dyntaxa.se:TaxonName:132998,Lecidea grossa,species,"",Fungi,Ascomycota,Lecanoromycetes,Lecanorales,Ramalinaceae,"",lecidea grossa,FALSE,FALSE,FALSE,0
urn:lsid:dyntaxa.se:TaxonName:2838,Lecidea humida,species,"",Fungi,Ascomycota,Lecanoromycetes,Baeomycetales,Arctomiaceae,"",lecidea humida,FALSE,FALSE,FALSE,0
urn:lsid:dyntaxa.se:TaxonName:9181,Lecidea hydrophila,species,"",Fungi,Ascomycota,Lecanoromycetes,Lecideales,Lecideaceae,"",lecidea hydrophila,FALSE,FALSE,FALSE,0
urn:lsid:dyntaxa.se:TaxonName:127448,Lecidea incompta,species,"",Fungi,Ascomycota,Lecanoromycetes,Lecanorales,Ramalinaceae,"",lecidea incompta,FALSE,FALSE,FALSE,0
urn:lsid:dyntaxa.se:TaxonName:9413,Lecidea insidiosa,species,"",Fungi,Ascomycota,Lecanoromycetes,Lecanorales,Ramboldiaceae,"",lecidea insidiosa,FALSE,FALSE,FALSE,0
urn:lsid:dyntaxa.se:TaxonName:157176,Lecidea insidiosa,species,"",Fungi,Ascomycota,Lecanoromycetes,Lecanorales,Ramboldiaceae,"",lecidea insidiosa,FALSE,FALSE,FALSE,0
urn:lsid:dyntaxa.se:TaxonName:157976,Lecidea intermissa,species,"",Fungi,Ascomycota,Lecanoromycetes,Lecanorales,Ramalinaceae,"",lecidea intermissa,FALSE,FALSE,FALSE,0
urn:lsid:dyntaxa.se:TaxonName:133000,Lecidea intermixta,species,"",Fungi,Ascomycota,Lecanoromycetes,Lecanorales,Ramalinaceae,"",lecidea intermixta,FALSE,FALSE,FALSE,0
urn:lsid:dyntaxa.se:TaxonName:6534,Lecidea laureri,species,"",Fungi,Ascomycota,Lecanoromycetes,Lecanorales,Lecanoraceae,"",lecidea laureri,FALSE,FALSE,FALSE,0
urn:lsid:dyntaxa.se:TaxonName:132560,Lecidea lobariella,species,"",Fungi,Ascomycota,Eurotiomycetes,Sclerococcales,Sclerococcaceae,"",lecidea lobariella,FALSE,FALSE,FALSE,0
urn:lsid:dyntaxa.se:TaxonName:368402,Lecidea luteola var. acerina,species,"",Fungi,Ascomycota,Lecanoromycetes,Lecanorales,Ramalinaceae,"",lecidea luteola,FALSE,FALSE,FALSE,0
urn:lsid:dyntaxa.se:TaxonName:368416,Lecidea luteola var. fuscorubella,species,"",Fungi,Ascomycota,Lecanoromycetes,Lecanorales,Ramalinaceae,"",lecidea luteola,FALSE,FALSE,FALSE,0
urn:lsid:dyntaxa.se:TaxonName:9182,Lecidea macrocarpa ssp. convexa v. hydrophila,species,"",Fungi,Ascomycota,Lecanoromycetes,Lecideales,Lecideaceae,"",lecidea macrocarpa,FALSE,FALSE,FALSE,0
urn:lsid:dyntaxa.se:TaxonName:6840,Lecidea melaeniza,species,"",Fungi,Ascomycota,Lecanoromycetes,Lecanorales,Pilocarpaceae,"",lecidea melaeniza,FALSE,FALSE,FALSE,0
urn:lsid:dyntaxa.se:TaxonName:133062,Lecidea melaeniza,species,"",Fungi,Ascomycota,Lecanoromycetes,Lecanorales,Pilocarpaceae,"",lecidea melaeniza,FALSE,FALSE,FALSE,0
urn:lsid:dyntaxa.se:TaxonName:9412,Lecidea melancheima,species,"",Fungi,Ascomycota,Lecanoromycetes,Lecanorales,Ramboldiaceae,"",lecidea melancheima,FALSE,FALSE,FALSE,0
urn:lsid:dyntaxa.se:TaxonName:6411,Lecidea orosthea var. sublivescens,species,"",Fungi,Ascomycota,Lecanoromycetes,Lecanorales,Lecanoraceae,"",lecidea orosthea,FALSE,FALSE,FALSE,0
urn:lsid:dyntaxa.se:TaxonName:127121,Lecidea piceicola,species,"",Fungi,Ascomycota,Lecanoromycetes,Ostropales,Graphidaceae,"",lecidea piceicola,FALSE,FALSE,FALSE,0
urn:lsid:dyntaxa.se:TaxonName:9202,Lecidea platycarpoides,species,"",Fungi,Ascomycota,Lecanoromycetes,Lecideales,Lecideaceae,"",lecidea platycarpoides,FALSE,FALSE,FALSE,0
urn:lsid:dyntaxa.se:TaxonName:13696,Lecidea polysporella,species,"",Fungi,Ascomycota,Lecanoromycetes,Caliciales,Physciaceae,"",lecidea polysporella,FALSE,FALSE,FALSE,0
urn:lsid:dyntaxa.se:TaxonName:9338,Lecidea praestabilis,species,"",Fungi,Ascomycota,Lecanoromycetes,Candelariales,Pycnoraceae,"",lecidea praestabilis,FALSE,FALSE,FALSE,0
urn:lsid:dyntaxa.se:TaxonName:6710,Lecidea premnea,species,"",Fungi,Ascomycota,Lecanoromycetes,Lecanorales,Ramalinaceae,"",lecidea premnea,FALSE,FALSE,FALSE,0
urn:lsid:dyntaxa.se:TaxonName:226583,Lecidea premnea,species,"",Fungi,Ascomycota,Arthoniomycetes,Arthoniales,Opegraphaceae,"",lecidea premnea,FALSE,FALSE,FALSE,0
urn:lsid:dyntaxa.se:TaxonName:6543,Lecidea pulveracea,species,"",Fungi,Ascomycota,Lecanoromycetes,Lecanorales,Lecanoraceae,"",lecidea pulveracea,FALSE,FALSE,FALSE,0
urn:lsid:dyntaxa.se:TaxonName:133001,Lecidea pulverea,species,"",Fungi,Ascomycota,Lecanoromycetes,Lecanorales,Ramalinaceae,"",lecidea pulverea,FALSE,FALSE,FALSE,0
urn:lsid:dyntaxa.se:TaxonName:257822,Lecidea scalaris var. myrmecina,species,"",Fungi,Ascomycota,Lecanoromycetes,Lecanorales,Carbonicolaceae,"",lecidea scalaris,FALSE,FALSE,FALSE,0
urn:lsid:dyntaxa.se:TaxonName:6380,Lecidea sorediata,species,"",Fungi,Ascomycota,Lecanoromycetes,Lecanorales,Lecanoraceae,"",lecidea sorediata,FALSE,FALSE,FALSE,0
urn:lsid:dyntaxa.se:TaxonName:6410,Lecidea sublivescens,species,"",Fungi,Ascomycota,Lecanoromycetes,Lecanorales,Lecanoraceae,"",lecidea sublivescens,FALSE,FALSE,FALSE,0
urn:lsid:dyntaxa.se:TaxonName:6413,Lecidea sulphurea f. straminea,species,"",Fungi,Ascomycota,Lecanoromycetes,Lecanorales,Lecanoraceae,"",lecidea sulphurea,FALSE,FALSE,FALSE,0
urn:lsid:dyntaxa.se:TaxonName:6414,Lecidea symmicta f. straminea,species,"",Fungi,Ascomycota,Lecanoromycetes,Lecanorales,Lecanoraceae,"",lecidea symmicta,FALSE,FALSE,FALSE,0
urn:lsid:dyntaxa.se:TaxonName:127468,Lecidea tarandina,species,"",Fungi,Ascomycota,Lecanoromycetes,Lecanorales,Ramalinaceae,"",lecidea tarandina,FALSE,FALSE,FALSE,0
urn:lsid:dyntaxa.se:TaxonName:127490,Lecidea tenera,species,"",Fungi,Ascomycota,Lecanoromycetes,Lecanorales,Ramalinaceae,"",lecidea tenera,FALSE,FALSE,FALSE,0
urn:lsid:dyntaxa.se:TaxonName:248835,Lecidea testacea,species,"",Fungi,Ascomycota,Lecanoromycetes,Lecanorales,Psoraceae,"",lecidea testacea,FALSE,FALSE,FALSE,0
urn:lsid:dyntaxa.se:TaxonName:424037,Lecidea tigillaris,species,"",Fungi,Ascomycota,Lecanoromycetes,Caliciales,Caliciaceae,"",lecidea tigillaris,FALSE,FALSE,FALSE,0
urn:lsid:dyntaxa.se:TaxonName:133114,Lecidea vallesiaca,species,"",Fungi,Ascomycota,Lecanoromycetes,Lecanorales,Psoraceae,"",lecidea vallesiaca,FALSE,FALSE,FALSE,0
urn:lsid:dyntaxa.se:TaxonName:14110,Lecidea viridescens,species,"",Fungi,Ascomycota,Lecanoromycetes,Baeomycetales,Trapeliaceae,"",lecidea viridescens,FALSE,FALSE,FALSE,0
urn:lsid:dyntaxa.se:TaxonName:14112,Lecidea wallrothii,species,"",Fungi,Ascomycota,Lecanoromycetes,Baeomycetales,Trapeliaceae,"",lecidea wallrothii,FALSE,FALSE,FALSE,0
urn:lsid:dyntaxa.se:TaxonName:149525,Lecidea xylophila,species,"",Fungi,Ascomycota,Lecanoromycetes,Lecanorales,Lecanoraceae,"",lecidea xylophila,FALSE,FALSE,FALSE,0
urn:lsid:dyntaxa.se:TaxonName:14068,Leciographa plumbina,species,"",Fungi,Ascomycota,Lecanoromycetes,Lecanorales,Ramalinaceae,"",leciographa plumbina,FALSE,FALSE,FALSE,0
urn:lsid:dyntaxa.se:TaxonName:8761,Leciographa zwackhii,species,"",Fungi,Ascomycota,Arthoniomycetes,Arthoniales,Lecanographaceae,"",leciographa zwackhii,FALSE,FALSE,FALSE,0
urn:lsid:dyntaxa.se:TaxonName:329151,Leda caudata,species,"",Animalia,Mollusca,Bivalvia,Nuculanoida,Nuculanidae,"",leda caudata,FALSE,FALSE,FALSE,0
urn:lsid:dyntaxa.se:TaxonName:102577,Leiestes seminigra,species,"",Animalia,Arthropoda,Insecta,Coleoptera,Endomychidae,"",leiestes seminigra,FALSE,FALSE,FALSE,0
urn:lsid:dyntaxa.se:TaxonName:105942,Lemonia dumeti,species,"",Animalia,Arthropoda,Insecta,Lepidoptera,Brahmaeidae,"",lemonia dumeti,FALSE,FALSE,FALSE,0
urn:lsid:dyntaxa.se:TaxonName:6954,Lentaria mucida,species,"",Fungi,Basidiomycota,Agaricomycetes,Cantharellales,Hydnaceae,"",lentaria mucida,FALSE,FALSE,FALSE,0
urn:lsid:dyntaxa.se:TaxonName:316797,Lepas hameri,species,"",Animalia,Arthropoda,Maxillopoda,Thoracica,Archaeobalanidae,"",lepas hameri,FALSE,FALSE,FALSE,0
urn:lsid:dyntaxa.se:TaxonName:51672,Lepidotis inundata,species,"",Plantae,Tracheophyta,Lycopodiopsida,Lycopodiales,Lycopodiaceae,"",lepidotis inundata,FALSE,FALSE,FALSE,0
urn:lsid:dyntaxa.se:TaxonName:119475,Lepiota adulterina,species,"",Fungi,Basidiomycota,Agaricomycetes,Agaricales,Agaricaceae,"",lepiota adulterina,FALSE,FALSE,FALSE,0
urn:lsid:dyntaxa.se:TaxonName:12981,Lepiota calcicola,species,"",Fungi,Basidiomycota,Agaricomycetes,Agaricales,Agaricaceae,"",lepiota calcicola,FALSE,FALSE,FALSE,0
urn:lsid:dyntaxa.se:TaxonName:16122,Lepiota echinacea,species,"",Fungi,Basidiomycota,Agaricomycetes,Agaricales,Agaricaceae,"",lepiota echinacea,FALSE,FALSE,FALSE,0
urn:lsid:dyntaxa.se:TaxonName:235747,Lepiota hetieri,species,"",Fungi,Basidiomycota,Agaricomycetes,Agaricales,Agaricaceae,"",lepiota hetieri,FALSE,FALSE,FALSE,0
urn:lsid:dyntaxa.se:TaxonName:16130,Lepiota hystrix,species,"",Fungi,Basidiomycota,Agaricomycetes,Agaricales,Agaricaceae,"",lepiota hystrix,FALSE,FALSE,FALSE,0
urn:lsid:dyntaxa.se:TaxonName:16133,Lepiota jacobi,species,"",Fungi,Basidiomycota,Agaricomycetes,Agaricales,Agaricaceae,"",lepiota jacobi,FALSE,FALSE,FALSE,0
urn:lsid:dyntaxa.se:TaxonName:43719,Lepiota langei,species,"",Fungi,Basidiomycota,Agaricomycetes,Agaricales,Agaricaceae,"",lepiota langei,FALSE,FALSE,FALSE,0
urn:lsid:dyntaxa.se:TaxonName:235542,Lepiota odorata,species,"",Fungi,Basidiomycota,Agaricomycetes,Agaricales,Agaricaceae,"",lepiota odorata,FALSE,FALSE,FALSE,0
urn:lsid:dyntaxa.se:TaxonName:16137,Lepiota perplexa,species,"",Fungi,Basidiomycota,Agaricomycetes,Agaricales,Agaricaceae,"",lepiota perplexa,FALSE,FALSE,FALSE,0
urn:lsid:dyntaxa.se:TaxonName:16138,Lepiota pseudoasperula,species,"",Fungi,Basidiomycota,Agaricomycetes,Agaricales,Agaricaceae,"",lepiota pseudoasperula,FALSE,FALSE,FALSE,0
urn:lsid:dyntaxa.se:TaxonName:43726,Lepiota pseudofelina,species,"",Fungi,Basidiomycota,Agaricomycetes,Agaricales,Agaricaceae,"",lepiota pseudofelina,FALSE,FALSE,FALSE,0
urn:lsid:dyntaxa.se:TaxonName:16139,Lepiota pseudohelveola,species,"",Fungi,Basidiomycota,Agaricomycetes,Agaricales,Agaricaceae,"",lepiota pseudohelveola,FALSE,FALSE,FALSE,0
urn:lsid:dyntaxa.se:TaxonName:235718,Lepiota rosea,species,"",Fungi,Basidiomycota,Agaricomycetes,Agaricales,Agaricaceae,"",lepiota rosea,FALSE,FALSE,FALSE,0
urn:lsid:dyntaxa.se:TaxonName:16140,Lepiota setulosa,species,"",Fungi,Basidiomycota,Agaricomycetes,Agaricales,Agaricaceae,"",lepiota setulosa,FALSE,FALSE,FALSE,0
urn:lsid:dyntaxa.se:TaxonName:292556,Lepiota sublittoralis,species,"",Fungi,Basidiomycota,Agaricomycetes,Agaricales,Agaricaceae,"",lepiota sublittoralis,FALSE,FALSE,FALSE,0
urn:lsid:dyntaxa.se:TaxonName:2839,Leprocollema europaeum,species,"",Fungi,Ascomycota,Lecanoromycetes,Baeomycetales,Arctomiaceae,"",leprocollema europaeum,FALSE,FALSE,FALSE,0
urn:lsid:dyntaxa.se:TaxonName:5929,Lepthyphantes keyserlingi,species,"",Animalia,Arthropoda,Arachnida,Araneae,Linyphiidae,"",lepthyphantes keyserlingi,FALSE,FALSE,FALSE,0
urn:lsid:dyntaxa.se:TaxonName:137111,Lepthyphantes punctulatus,species,"",Animalia,Arthropoda,Arachnida,Araneae,Linyphiidae,"",lepthyphantes punctulatus,FALSE,FALSE,FALSE,0
urn:lsid:dyntaxa.se:TaxonName:123840,Leptoclinum albidum,species,"",Animalia,Chordata,"",Aplousobranchiata,Didemnidae,"",leptoclinum albidum,FALSE,FALSE,FALSE,0
urn:lsid:dyntaxa.se:TaxonName:123991,Leptoclinum listerianum,species,"",Animalia,Chordata,"",Aplousobranchiata,Didemnidae,"",leptoclinum listerianum,FALSE,FALSE,FALSE,0
urn:lsid:dyntaxa.se:TaxonName:276262,Leptoclinum rayneri,species,"",Animalia,Chordata,"",Aplousobranchiata,Didemnidae,"",leptoclinum rayneri,FALSE,FALSE,FALSE,0
urn:lsid:dyntaxa.se:TaxonName:2739,Leptogium amphineum,species,"",Fungi,Ascomycota,Lecanoromycetes,Peltigerales,Collemataceae,"",leptogium amphineum,FALSE,FALSE,FALSE,0
urn:lsid:dyntaxa.se:TaxonName:6612,Leptogium caesium,species,"",Fungi,Ascomycota,Lecanoromycetes,Peltigerales,Collemataceae,"",leptogium caesium,FALSE,FALSE,FALSE,0
urn:lsid:dyntaxa.se:TaxonName:142582,Leptogium corniculatum,species,"",Fungi,Ascomycota,Lecanoromycetes,Peltigerales,Collemataceae,"",leptogium corniculatum,FALSE,FALSE,FALSE,0
urn:lsid:dyntaxa.se:TaxonName:142584,Leptogium diffractum,species,"",Fungi,Ascomycota,Lecanoromycetes,Peltigerales,Collemataceae,"",leptogium diffractum,FALSE,FALSE,FALSE,0
urn:lsid:dyntaxa.se:TaxonName:142589,Leptogium magnussonii,species,"",Fungi,Ascomycota,Lecanoromycetes,Peltigerales,Collemataceae,"",leptogium magnussonii,FALSE,FALSE,FALSE,0
urn:lsid:dyntaxa.se:TaxonName:2541,Leptogium microphyllum,species,"",Fungi,Ascomycota,Lecanoromycetes,Peltigerales,Collemataceae,"",leptogium microphyllum,FALSE,FALSE,FALSE,0
urn:lsid:dyntaxa.se:TaxonName:133194,Leptogium microphyllum,species,"",Fungi,Ascomycota,Lecanoromycetes,Peltigerales,Collemataceae,"",leptogium microphyllum,FALSE,FALSE,FALSE,0
urn:lsid:dyntaxa.se:TaxonName:248082,Leptogium occultatum,species,"",Fungi,Ascomycota,Lecanoromycetes,Peltigerales,Collemataceae,"",leptogium occultatum,FALSE,FALSE,FALSE,0
urn:lsid:dyntaxa.se:TaxonName:13180,Leptogium palmatum,species,"",Fungi,Ascomycota,Lecanoromycetes,Peltigerales,Collemataceae,"",leptogium palmatum,FALSE,FALSE,FALSE,0
urn:lsid:dyntaxa.se:TaxonName:248084,Leptogium quadratum,species,"",Fungi,Ascomycota,Lecanoromycetes,Peltigerales,Collemataceae,"",leptogium quadratum,FALSE,FALSE,FALSE,0
urn:lsid:dyntaxa.se:TaxonName:248086,Leptogium quadratum,species,"",Fungi,Ascomycota,Lecanoromycetes,Peltigerales,Collemataceae,"",leptogium quadratum,FALSE,FALSE,FALSE,0
urn:lsid:dyntaxa.se:TaxonName:142593,Leptogium schraderi,species,"",Fungi,Ascomycota,Lecanoromycetes,Peltigerales,Collemataceae,"",leptogium schraderi,FALSE,FALSE,FALSE,0
urn:lsid:dyntaxa.se:TaxonName:6623,Leptogium sernanderi,species,"",Fungi,Ascomycota,Lecanoromycetes,Peltigerales,Collemataceae,"",leptogium sernanderi,FALSE,FALSE,FALSE,0
urn:lsid:dyntaxa.se:TaxonName:142597,Leptogium tetrasporum,species,"",Fungi,Ascomycota,Lecanoromycetes,Peltigerales,Collemataceae,"",leptogium tetrasporum,FALSE,FALSE,FALSE,0
urn:lsid:dyntaxa.se:TaxonName:89930,Leptoglossum litorale,species,"",Fungi,Ascomycota,Geoglossomycetes,Geoglossales,Geoglossaceae,"",leptoglossum litorale,FALSE,FALSE,FALSE,0
urn:lsid:dyntaxa.se:TaxonName:2699,Leptographa flexella,species,"",Fungi,Ascomycota,Lecanoromycetes,Umbilicariales,Elixiaceae,"",leptographa flexella,FALSE,FALSE,FALSE,0
urn:lsid:dyntaxa.se:TaxonName:323976,Leptonia dichroa,species,"",Fungi,Basidiomycota,Agaricomycetes,Agaricales,Entolomataceae,"",leptonia dichroa,FALSE,FALSE,FALSE,0
urn:lsid:dyntaxa.se:TaxonName:283158,Leptonia griseorubida,species,"",Fungi,Basidiomycota,Agaricomycetes,Agaricales,Entolomataceae,"",leptonia griseorubida,FALSE,FALSE,FALSE,0
urn:lsid:dyntaxa.se:TaxonName:323929,Leptonia placida,species,"",Fungi,Basidiomycota,Agaricomycetes,Agaricales,Entolomataceae,"",leptonia placida,FALSE,FALSE,FALSE,0
urn:lsid:dyntaxa.se:TaxonName:323964,Leptonia tjallingiorum,species,"",Fungi,Basidiomycota,Agaricomycetes,Agaricales,Entolomataceae,"",leptonia tjallingiorum,FALSE,FALSE,FALSE,0
urn:lsid:dyntaxa.se:TaxonName:89934,Leptopodia ephippium,species,"",Fungi,Ascomycota,Pezizomycetes,Pezizales,Helvellaceae,"",leptopodia ephippium,FALSE,FALSE,FALSE,0
urn:lsid:dyntaxa.se:TaxonName:404583,Leptoporellus kmetii,species,"",Fungi,Basidiomycota,Agaricomycetes,Polyporales,Incrustoporiaceae,"",leptoporellus kmetii,FALSE,FALSE,FALSE,0
urn:lsid:dyntaxa.se:Taxon:6040162,Leptoporus erubescens,species,NT,Fungi,Basidiomycota,Agaricomycetes,Polyporales,Irpicaceae,native,leptoporus erubescens,FALSE,FALSE,FALSE,0
urn:lsid:dyntaxa.se:TaxonName:399089,Leptoporus fissilis,species,"",Fungi,Basidiomycota,Agaricomycetes,Polyporales,Meruliaceae,"",leptoporus fissilis,FALSE,FALSE,FALSE,0
urn:lsid:dyntaxa.se:TaxonName:152841,Leptoporus kmetii,species,"",Fungi,Basidiomycota,Agaricomycetes,Polyporales,Incrustoporiaceae,"",leptoporus kmetii,FALSE,FALSE,FALSE,0
urn:lsid:dyntaxa.se:TaxonName:332016,Leptoporus minusculoides,species,"",Fungi,Basidiomycota,Agaricomycetes,Polyporales,Dacryobolaceae,"",leptoporus minusculoides,FALSE,FALSE,FALSE,0
urn:lsid:dyntaxa.se:TaxonName:403973,Leptoporus undosus,species,"",Fungi,Basidiomycota,Agaricomycetes,Polyporales,Dacryobolaceae,"",leptoporus undosus,FALSE,FALSE,FALSE,0
urn:lsid:dyntaxa.se:TaxonName:2304,Leptorhaphis ischnobela,species,"",Fungi,Ascomycota,Eurotiomycetes,Pyrenulales,"Pyrenulales, genera incertae sedis","",leptorhaphis ischnobela,FALSE,FALSE,FALSE,0
urn:lsid:dyntaxa.se:Taxon:245000,Leptostylis ampullacea,species,DD,Animalia,Arthropoda,Malacostraca,Cumacea,Diastylidae,native,leptostylis ampullacea,FALSE,FALSE,FALSE,0
urn:lsid:dyntaxa.se:TaxonName:94110,Leptostylis ampullacea,species,"",Animalia,Arthropoda,Malacostraca,Cumacea,Diastylidae,"",leptostylis ampullacea,FALSE,FALSE,FALSE,0
urn:lsid:dyntaxa.se:Taxon:102877,Leptosynapta bergensis,species,DD,Animalia,Echinodermata,Holothuroidea,Apodida,Synaptidae,native,leptosynapta bergensis,FALSE,FALSE,FALSE,0
urn:lsid:dyntaxa.se:Taxon:102878,Leptosynapta decaria,species,DD,Animalia,Echinodermata,Holothuroidea,Apodida,Synaptidae,native,leptosynapta decaria,FALSE,FALSE,FALSE,0
urn:lsid:dyntaxa.se:Taxon:249167,Leptothorax goesswaldi,species,EN,Animalia,Arthropoda,Insecta,Hymenoptera,Formicidae,native,leptothorax goesswaldi,FALSE,FALSE,FALSE,0
urn:lsid:dyntaxa.se:TaxonName:107531,Leptura nigripes,species,"",Animalia,Arthropoda,Insecta,Coleoptera,Cerambycidae,"",leptura nigripes,FALSE,FALSE,FALSE,0
urn:lsid:dyntaxa.se:TaxonName:107530,Leptura pubescens,species,"",Animalia,Arthropoda,Insecta,Coleoptera,Cerambycidae,"",leptura pubescens,FALSE,FALSE,FALSE,0
urn:lsid:dyntaxa.se:TaxonName:107529,Leptura revestita,species,"",Animalia,Arthropoda,Insecta,Coleoptera,Cerambycidae,"",leptura revestita,FALSE,FALSE,FALSE,0
urn:lsid:dyntaxa.se:TaxonName:126641,Leptura scutellata,species,"",Animalia,Arthropoda,Insecta,Coleoptera,Cerambycidae,"",leptura scutellata,FALSE,FALSE,FALSE,0
urn:lsid:dyntaxa.se:TaxonName:126642,Leptura sexguttata,species,"",Animalia,Arthropoda,Insecta,Coleoptera,Cerambycidae,"",leptura sexguttata,FALSE,FALSE,FALSE,0
urn:lsid:dyntaxa.se:TaxonName:90879,Lepturus filiformis,species,"",Plantae,Tracheophyta,Liliopsida,Poales,Poaceae,"",lepturus filiformis,FALSE,FALSE,FALSE,0
urn:lsid:dyntaxa.se:TaxonName:90876,Lepturus incurvatus,species,"",Plantae,Tracheophyta,Liliopsida,Poales,Poaceae,"",lepturus incurvatus,FALSE,FALSE,FALSE,0
urn:lsid:dyntaxa.se:TaxonName:29093,Lepus variabilis,species,"",Animalia,Chordata,Mammalia,Lagomorpha,Leporidae,"",lepus variabilis,FALSE,FALSE,FALSE,0
urn:lsid:dyntaxa.se:TaxonName:274328,Leratiomyces laetissima,species,"",Fungi,Basidiomycota,Agaricomycetes,Agaricales,Strophariaceae,"",leratiomyces laetissima,FALSE,FALSE,FALSE,0
urn:lsid:dyntaxa.se:TaxonName:224862,Leskea fendleri,species,"",Plantae,Bryophyta,Bryopsida,Hypnales,Brachytheciaceae,"",leskea fendleri,FALSE,FALSE,FALSE,0
urn:lsid:dyntaxa.se:TaxonName:223916,Leskea papillosa,species,"",Plantae,Bryophyta,Bryopsida,Hypnales,Leskeaceae,"",leskea papillosa,FALSE,FALSE,FALSE,0
urn:lsid:dyntaxa.se:TaxonName:224910,Leskea pulvinata,species,"",Plantae,Bryophyta,Bryopsida,Hypnales,Myriniaceae,"",leskea pulvinata,FALSE,FALSE,FALSE,0
urn:lsid:dyntaxa.se:TaxonName:2750,Letharia divaricata,species,"",Fungi,Ascomycota,Lecanoromycetes,Lecanorales,Parmeliaceae,"",letharia divaricata,FALSE,FALSE,FALSE,0
urn:lsid:dyntaxa.se:TaxonName:2752,Letharia illyrica,species,"",Fungi,Ascomycota,Lecanoromycetes,Lecanorales,Parmeliaceae,"",letharia illyrica,FALSE,FALSE,FALSE,0
urn:lsid:dyntaxa.se:TaxonName:2754,Letharia mesomorpha,species,"",Fungi,Ascomycota,Lecanoromycetes,Lecanorales,Parmeliaceae,"",letharia mesomorpha,FALSE,FALSE,FALSE,0
urn:lsid:dyntaxa.se:Taxon:239122,Leucoagaricus sublittoralis,species,DD,Fungi,Basidiomycota,Agaricomycetes,Agaricales,Agaricaceae,native,leucoagaricus sublittoralis,FALSE,FALSE,FALSE,0
urn:lsid:dyntaxa.se:TaxonName:146505,Leucocarbo aristotelis,species,"",Animalia,Chordata,Aves,Suliformes,Phalacrocoracidae,"",leucocarbo aristotelis,FALSE,FALSE,FALSE,0
urn:lsid:dyntaxa.se:TaxonName:52793,Leucogyrophana cremeoisabellina,species,"",Fungi,Basidiomycota,Agaricomycetes,Amylocorticiales,Amylocorticiaceae,"",leucogyrophana cremeoisabellina,FALSE,FALSE,FALSE,0
urn:lsid:dyntaxa.se:TaxonName:433190,Leucon (Leucon) nasicoides,species,"",Animalia,Arthropoda,Malacostraca,Cumacea,Leuconidae,"",leucon (leucon) nasicoides,FALSE,FALSE,FALSE,0
urn:lsid:dyntaxa.se:TaxonName:23501,Leucopaxillus amarus,species,"",Fungi,Basidiomycota,Agaricomycetes,Agaricales,Tricholomataceae,"",leucopaxillus amarus,FALSE,FALSE,FALSE,0
urn:lsid:dyntaxa.se:TaxonName:16186,Leucopaxillus rhodoleucus,species,"",Fungi,Basidiomycota,Agaricomycetes,Agaricales,"Agaricales, genera incertae sedis","",leucopaxillus rhodoleucus,FALSE,FALSE,FALSE,0
urn:lsid:dyntaxa.se:TaxonName:16187,Leucopaxillus subzonalis,species,"",Fungi,Basidiomycota,Agaricomycetes,Agaricales,"Agaricales, genera incertae sedis","",leucopaxillus subzonalis,FALSE,FALSE,FALSE,0
urn:lsid:dyntaxa.se:TaxonName:87363,Leucorchis albida ssp. albida,species,"",Plantae,Tracheophyta,Liliopsida,Asparagales,Orchidaceae,"",leucorchis albida,FALSE,FALSE,FALSE,0
urn:lsid:dyntaxa.se:TaxonName:87365,Leucorchis albida,species,"",Plantae,Tracheophyta,Liliopsida,Asparagales,Orchidaceae,"",leucorchis albida,FALSE,FALSE,FALSE,0
urn:lsid:dyntaxa.se:TaxonName:89969,Leucoscypha ovilla,species,"",Fungi,Ascomycota,Pezizomycetes,Pezizales,"Pezizales, genera incertae sedis","",leucoscypha ovilla,FALSE,FALSE,FALSE,0
urn:lsid:dyntaxa.se:TaxonName:89971,Leucoscypha rhodoleuca,species,"",Fungi,Ascomycota,Pezizomycetes,Pezizales,"Pezizales, genera incertae sedis","",leucoscypha rhodoleuca,FALSE,FALSE,FALSE,0
urn:lsid:dyntaxa.se:Taxon:102515,Levipalpus hepatariella,species,VU,Animalia,Arthropoda,Insecta,Lepidoptera,Depressariidae,native,levipalpus hepatariella,FALSE,FALSE,FALSE,0
urn:lsid:dyntaxa.se:TaxonName:77222,Libanotis montana,species,"",Plantae,Tracheophyta,Magnoliopsida,Apiales,Apiaceae,"",libanotis montana,FALSE,FALSE,FALSE,0
urn:lsid:dyntaxa.se:TaxonName:366259,Libertella dissepta,species,"",Fungi,Ascomycota,Sordariomycetes,Xylariales,Diatrypaceae,"",libertella dissepta,FALSE,FALSE,FALSE,0
urn:lsid:dyntaxa.se:TaxonName:127129,Lichen alboflavescens,species,"",Fungi,Ascomycota,Lecanoromycetes,Pertusariales,Ochrolechiaceae,"",lichen alboflavescens,FALSE,FALSE,FALSE,0
urn:lsid:dyntaxa.se:TaxonName:135506,Lichen amplissimus,species,"",Fungi,Ascomycota,Lecanoromycetes,Peltigerales,Lobariaceae,"",lichen amplissimus,FALSE,FALSE,FALSE,0
urn:lsid:dyntaxa.se:TaxonName:127322,Lichen barbatus,species,"",Fungi,Ascomycota,Lecanoromycetes,Lecanorales,Parmeliaceae,"",lichen barbatus,FALSE,FALSE,FALSE,0
urn:lsid:dyntaxa.se:TaxonName:127245,Lichen bicolor,species,"",Fungi,Ascomycota,Lecanoromycetes,Lecanorales,Parmeliaceae,"",lichen bicolor,FALSE,FALSE,FALSE,0
urn:lsid:dyntaxa.se:TaxonName:127223,Lichen calicaris,species,"",Fungi,Ascomycota,Lecanoromycetes,Lecanorales,Ramalinaceae,"",lichen calicaris,FALSE,FALSE,FALSE,0
urn:lsid:dyntaxa.se:TaxonName:132535,Lichen candidus,species,"",Fungi,Ascomycota,Lecanoromycetes,Lecanorales,Ramalinaceae,"",lichen candidus,FALSE,FALSE,FALSE,0
urn:lsid:dyntaxa.se:TaxonName:135524,Lichen collinus,species,"",Fungi,Ascomycota,Lecanoromycetes,Peltigerales,Peltigeraceae,"",lichen collinus,FALSE,FALSE,FALSE,0
urn:lsid:dyntaxa.se:TaxonName:133167,Lichen conopleus,species,"",Fungi,Ascomycota,Lecanoromycetes,Peltigerales,Pannariaceae,"",lichen conopleus,FALSE,FALSE,FALSE,0
urn:lsid:dyntaxa.se:TaxonName:127273,Lichen divaricatus,species,"",Fungi,Ascomycota,Lecanoromycetes,Lecanorales,Parmeliaceae,"",lichen divaricatus,FALSE,FALSE,FALSE,0
urn:lsid:dyntaxa.se:TaxonName:275459,Lichen fascicularis,species,"",Fungi,Ascomycota,Lecanoromycetes,Baeomycetales,Arctomiaceae,"",lichen fascicularis,FALSE,FALSE,FALSE,0
urn:lsid:dyntaxa.se:TaxonName:250224,Lichen ferrugineus,species,"",Fungi,Ascomycota,Lecanoromycetes,Teloschistales,Teloschistaceae,"",lichen ferrugineus,FALSE,FALSE,FALSE,0
urn:lsid:dyntaxa.se:TaxonName:133193,Lichen fragrans,species,"",Fungi,Ascomycota,Lecanoromycetes,Peltigerales,Collemataceae,"",lichen fragrans,FALSE,FALSE,FALSE,0
urn:lsid:dyntaxa.se:TaxonName:135516,Lichen fuliginosus,species,"",Fungi,Ascomycota,Lecanoromycetes,Peltigerales,Lobariaceae,"",lichen fuliginosus,FALSE,FALSE,FALSE,0
urn:lsid:dyntaxa.se:TaxonName:127524,Lichen gypsaceus,species,"",Fungi,Ascomycota,Lecanoromycetes,Lecanorales,Squamarinaceae,"",lichen gypsaceus,FALSE,FALSE,FALSE,0
urn:lsid:dyntaxa.se:TaxonName:133168,Lichen hookeri,species,"",Fungi,Ascomycota,Lecanoromycetes,Peltigerales,Pannariaceae,"",lichen hookeri,FALSE,FALSE,FALSE,0
urn:lsid:dyntaxa.se:TaxonName:135517,Lichen limbatus,species,"",Fungi,Ascomycota,Lecanoromycetes,Peltigerales,Lobariaceae,"",lichen limbatus,FALSE,FALSE,FALSE,0
urn:lsid:dyntaxa.se:TaxonName:133198,Lichen limosus,species,"",Fungi,Ascomycota,Lecanoromycetes,Peltigerales,Collemataceae,"",lichen limosus,FALSE,FALSE,FALSE,0
urn:lsid:dyntaxa.se:TaxonName:249384,Lichen luteoalbus,species,"",Fungi,Ascomycota,Lecanoromycetes,Teloschistales,Teloschistaceae,"",lichen luteoalbus,FALSE,FALSE,FALSE,0
urn:lsid:dyntaxa.se:TaxonName:127096,Lichen luteus .,species,"",Fungi,Ascomycota,Lecanoromycetes,Ostropales,Coenogoniaceae,"",lichen luteus,FALSE,FALSE,FALSE,0
urn:lsid:dyntaxa.se:TaxonName:133199,Lichen nigrescens,species,"",Fungi,Ascomycota,Lecanoromycetes,Peltigerales,Collemataceae,"",lichen nigrescens,FALSE,FALSE,FALSE,0
urn:lsid:dyntaxa.se:TaxonName:133216,Lichen palmatus,species,"",Fungi,Ascomycota,Lecanoromycetes,Peltigerales,Collemataceae,"",lichen palmatus,FALSE,FALSE,FALSE,0
urn:lsid:dyntaxa.se:TaxonName:127392,Lichen parasiticus,species,"",Fungi,Ascomycota,Lecanoromycetes,Lecanorales,Cladoniaceae,"",lichen parasiticus,FALSE,FALSE,FALSE,0
urn:lsid:dyntaxa.se:TaxonName:127393,Lichen peziziformis,species,"",Fungi,Ascomycota,Lecanoromycetes,Lecanorales,Cladoniaceae,"",lichen peziziformis,FALSE,FALSE,FALSE,0
urn:lsid:dyntaxa.se:TaxonName:133161,Lichen plumbeus,species,"",Fungi,Ascomycota,Lecanoromycetes,Peltigerales,Pannariaceae,"",lichen plumbeus,FALSE,FALSE,FALSE,0
urn:lsid:dyntaxa.se:TaxonName:135510,Lichen pulmonarius,species,"",Fungi,Ascomycota,Lecanoromycetes,Peltigerales,Lobariaceae,"",lichen pulmonarius,FALSE,FALSE,FALSE,0
urn:lsid:dyntaxa.se:TaxonName:133221,Lichen rivularis,species,"",Fungi,Ascomycota,Lecanoromycetes,Peltigerales,Collemataceae,"",lichen rivularis,FALSE,FALSE,FALSE,0
urn:lsid:dyntaxa.se:TaxonName:127453,Lichen rosellus,species,"",Fungi,Ascomycota,Lecanoromycetes,Lecanorales,Ramalinaceae,"",lichen rosellus,FALSE,FALSE,FALSE,0
urn:lsid:dyntaxa.se:TaxonName:133170,Lichen rubiginosus,species,"",Fungi,Ascomycota,Lecanoromycetes,Peltigerales,Pannariaceae,"",lichen rubiginosus,FALSE,FALSE,FALSE,0
urn:lsid:dyntaxa.se:TaxonName:127238,Lichen sarmentosus,species,"",Fungi,Ascomycota,Lecanoromycetes,Lecanorales,Parmeliaceae,"",lichen sarmentosus,FALSE,FALSE,FALSE,0
urn:lsid:dyntaxa.se:TaxonName:133223,Lichen schraderi Bernh.,species,"",Fungi,Ascomycota,Lecanoromycetes,Peltigerales,Collemataceae,"",lichen schraderi,FALSE,FALSE,FALSE,0
urn:lsid:dyntaxa.se:TaxonName:135512,Lichen scrobiculatus,species,"",Fungi,Ascomycota,Lecanoromycetes,Peltigerales,Lobariaceae,"",lichen scrobiculatus,FALSE,FALSE,FALSE,0
urn:lsid:dyntaxa.se:TaxonName:248861,Lichen scutatus,species,"",Fungi,Ascomycota,Lecanoromycetes,Peltigerales,Peltigeraceae,"",lichen scutatus,FALSE,FALSE,FALSE,0
urn:lsid:dyntaxa.se:TaxonName:271844,Lichen setosus,species,"",Fungi,Ascomycota,Sordariomycetes,Xylariales,"Xylariales, genera incertae sedis","",lichen setosus,FALSE,FALSE,FALSE,0
urn:lsid:dyntaxa.se:TaxonName:135518,Lichen sylvaticus,species,"",Fungi,Ascomycota,Lecanoromycetes,Peltigerales,Lobariaceae,"",lichen sylvaticus,FALSE,FALSE,FALSE,0
urn:lsid:dyntaxa.se:TaxonName:424032,Lichen tigillaris,species,"",Fungi,Ascomycota,Lecanoromycetes,Caliciales,Caliciaceae,"",lichen tigillaris,FALSE,FALSE,FALSE,0
urn:lsid:dyntaxa.se:TaxonName:132549,Lichen tumidulus,species,"",Fungi,Ascomycota,Lecanoromycetes,Lecideales,Lecideaceae,"",lichen tumidulus,FALSE,FALSE,FALSE,0
urn:lsid:dyntaxa.se:TaxonName:127114,Lichen ulmi,species,"",Fungi,Ascomycota,Lecanoromycetes,Ostropales,Gyalectaceae,"",lichen ulmi,FALSE,FALSE,FALSE,0
urn:lsid:dyntaxa.se:TaxonName:248928,Lichen verrucosus,species,"",Fungi,Ascomycota,Lecanoromycetes,Peltigerales,Lobariaceae,"",lichen verrucosus,FALSE,FALSE,FALSE,0
urn:lsid:dyntaxa.se:TaxonName:135513,Lichen virens,species,"",Fungi,Ascomycota,Lecanoromycetes,Peltigerales,Lobariaceae,"",lichen virens,FALSE,FALSE,FALSE,0
urn:lsid:dyntaxa.se:TaxonName:424082,Lichen viridescens,species,"",Fungi,Ascomycota,Lecanoromycetes,Caliciales,Caliciaceae,"",lichen viridescens,FALSE,FALSE,FALSE,0
urn:lsid:dyntaxa.se:TaxonName:127209,Lichen viridescens,species,"",Fungi,Ascomycota,Lecanoromycetes,Baeomycetales,Trapeliaceae,"",lichen viridescens,FALSE,FALSE,FALSE,0
urn:lsid:dyntaxa.se:TaxonName:127285,Lichen vulpinus,species,"",Fungi,Ascomycota,Lecanoromycetes,Lecanorales,Parmeliaceae,"",lichen vulpinus,FALSE,FALSE,FALSE,0
urn:lsid:dyntaxa.se:TaxonName:9076,Lichenomyces lichenum,species,"",Fungi,Ascomycota,Arthoniomycetes,Arthoniales,Lecanographaceae,"",lichenomyces lichenum,FALSE,FALSE,FALSE,0
urn:lsid:dyntaxa.se:TaxonName:126408,Liesthes seminigra,species,"",Animalia,Arthropoda,Insecta,Coleoptera,Endomychidae,"",liesthes seminigra,FALSE,FALSE,FALSE,0
urn:lsid:dyntaxa.se:TaxonName:399670,Lilaceophlebia centrifuga,species,"",Fungi,Basidiomycota,Agaricomycetes,Polyporales,Meruliaceae,"",lilaceophlebia centrifuga,FALSE,FALSE,FALSE,0
urn:lsid:dyntaxa.se:TaxonName:399702,Lilaceophlebia subochracea,species,"",Fungi,Basidiomycota,Agaricomycetes,Polyporales,Meruliaceae,"",lilaceophlebia subochracea,FALSE,FALSE,FALSE,0
urn:lsid:dyntaxa.se:TaxonName:127486,Limboria corrugata,species,"",Fungi,Ascomycota,Lecanoromycetes,Lecanorales,Ramalinaceae,"",limboria corrugata,FALSE,FALSE,FALSE,0
urn:lsid:dyntaxa.se:TaxonName:127487,Limboria corrugata var. alnea,species,"",Fungi,Ascomycota,Lecanoromycetes,Lecanorales,Ramalinaceae,"",limboria corrugata,FALSE,FALSE,FALSE,0
urn:lsid:dyntaxa.se:Taxon:101212,Limenitis camilla,species,EN,Animalia,Arthropoda,Insecta,Lepidoptera,Nymphalidae,native,limenitis camilla,FALSE,FALSE,FALSE,0
urn:lsid:dyntaxa.se:TaxonName:350684,Limnactis dura,species,"",Bacteria,Cyanobacteria,Cyanophyceae,Nostocales,Rivulariaceae,"",limnactis dura,FALSE,FALSE,FALSE,0
urn:lsid:dyntaxa.se:TaxonName:20894,Limnebius picinus,species,"",Animalia,Arthropoda,Insecta,Coleoptera,Hydraenidae,"",limnebius picinus,FALSE,FALSE,FALSE,0
urn:lsid:dyntaxa.se:TaxonName:223357,Limnobium cochlearifolium,species,"",Plantae,Bryophyta,Bryopsida,Hypnales,Amblystegiaceae,"",limnobium cochlearifolium,FALSE,FALSE,FALSE,0
urn:lsid:dyntaxa.se:TaxonName:223402,Limnobium eugyrium,species,"",Plantae,Bryophyta,Bryopsida,Hypnales,Amblystegiaceae,"",limnobium eugyrium,FALSE,FALSE,FALSE,0
urn:lsid:dyntaxa.se:TaxonName:223361,Limnobium norvegicum,species,"",Plantae,Bryophyta,Bryopsida,Hypnales,Amblystegiaceae,"",limnobium norvegicum,FALSE,FALSE,FALSE,0
urn:lsid:dyntaxa.se:TaxonName:19176,Limodromus krynickii,species,"",Animalia,Arthropoda,Insecta,Coleoptera,Carabidae,"",limodromus krynickii,FALSE,FALSE,FALSE,0
urn:lsid:dyntaxa.se:TaxonName:19177,Limodromus longiventris,species,"",Animalia,Arthropoda,Insecta,Coleoptera,Carabidae,"",limodromus longiventris,FALSE,FALSE,FALSE,0
urn:lsid:dyntaxa.se:TaxonName:77917,Linaria elatine,species,"",Plantae,Tracheophyta,Magnoliopsida,Lamiales,Plantaginaceae,"",linaria elatine,FALSE,FALSE,FALSE,0
urn:lsid:dyntaxa.se:Taxon:218008,Liostomia hansgei,species,DD,Animalia,Mollusca,Gastropoda,"",Pyramidellidae,native,liostomia hansgei,FALSE,FALSE,FALSE,0
urn:lsid:dyntaxa.se:TaxonName:123988,Lissoclinum tenerum,species,"",Animalia,Chordata,"",Aplousobranchiata,Didemnidae,"",lissoclinum tenerum,FALSE,FALSE,FALSE,0
urn:lsid:dyntaxa.se:TaxonName:25380,Lissodema quadripustulatum,species,"",Animalia,Arthropoda,Insecta,Coleoptera,Salpingidae,"",lissodema quadripustulatum,FALSE,FALSE,FALSE,0
urn:lsid:dyntaxa.se:TaxonName:466994,Lita arenariella,species,"",Animalia,Arthropoda,Insecta,Lepidoptera,Gelechiidae,"",lita arenariella,FALSE,FALSE,FALSE,0
urn:lsid:dyntaxa.se:TaxonName:131224,Lita solutella,species,"",Animalia,Arthropoda,Insecta,Lepidoptera,Gelechiidae,"",lita solutella,FALSE,FALSE,FALSE,0
urn:lsid:dyntaxa.se:TaxonName:141824,Lithobius stella-martinae,species,"",Animalia,Arthropoda,Chilopoda,Lithobiomorpha,Lithobiidae,"",lithobius stella-martinae,FALSE,FALSE,FALSE,0
urn:lsid:dyntaxa.se:TaxonName:20019,Lithocolletis staintoniella,species,"",Animalia,Arthropoda,Insecta,Lepidoptera,Gracillariidae,"",lithocolletis staintoniella,FALSE,FALSE,FALSE,0
urn:lsid:dyntaxa.se:TaxonName:2696,Lithographa flexella,species,"",Fungi,Ascomycota,Lecanoromycetes,Umbilicariales,Elixiaceae,"",lithographa flexella,FALSE,FALSE,FALSE,0
urn:lsid:dyntaxa.se:TaxonName:284317,Lithophyllum calcareum,species,"",Plantae,Rhodophyta,Florideophyceae,Corallinales,Lithothamniaceae,"",lithophyllum calcareum,FALSE,FALSE,FALSE,0
urn:lsid:dyntaxa.se:TaxonName:111969,Lithosia cereola,species,"",Animalia,Arthropoda,Insecta,Lepidoptera,Erebidae,"",lithosia cereola,FALSE,FALSE,FALSE,0
urn:lsid:dyntaxa.se:TaxonName:111940,Lithosia pygmaeola,species,"",Animalia,Arthropoda,Insecta,Lepidoptera,Erebidae,"",lithosia pygmaeola,FALSE,FALSE,FALSE,0
urn:lsid:dyntaxa.se:TaxonName:17936,Lithospermum arvense,species,"",Plantae,Tracheophyta,Magnoliopsida,Boraginales,Boraginaceae,"",lithospermum arvense,FALSE,FALSE,FALSE,0
urn:lsid:dyntaxa.se:TaxonName:64787,Lithospermum arvense var. coerulescens,variety,"",Plantae,Tracheophyta,Magnoliopsida,Boraginales,Boraginaceae,"",lithospermum arvense,FALSE,FALSE,FALSE,0
urn:lsid:dyntaxa.se:TaxonName:83054,Lithospermum arvense ssp. coerulescens,variety,"",Plantae,Tracheophyta,Magnoliopsida,Boraginales,Boraginaceae,"",lithospermum arvense,FALSE,FALSE,FALSE,0
urn:lsid:dyntaxa.se:TaxonName:91434,Lithospermum arvense coerulescens,variety,"",Plantae,Tracheophyta,Magnoliopsida,Boraginales,Boraginaceae,"",lithospermum arvense,FALSE,FALSE,FALSE,0
urn:lsid:dyntaxa.se:TaxonName:64786,Lithospermum arvense var. arvense,variety,"",Plantae,Tracheophyta,Magnoliopsida,Boraginales,Boraginaceae,"",lithospermum arvense,FALSE,FALSE,FALSE,0
urn:lsid:dyntaxa.se:TaxonName:83053,Lithospermum arvense ssp. arvense,variety,"",Plantae,Tracheophyta,Magnoliopsida,Boraginales,Boraginaceae,"",lithospermum arvense,FALSE,FALSE,FALSE,0
urn:lsid:dyntaxa.se:TaxonName:91445,Lithospermum arvense arvense,variety,"",Plantae,Tracheophyta,Magnoliopsida,Boraginales,Boraginaceae,"",lithospermum arvense,FALSE,FALSE,FALSE,0
urn:lsid:dyntaxa.se:TaxonName:77547,Lithospermum permixtum,variety,"",Plantae,Tracheophyta,Magnoliopsida,Boraginales,Boraginaceae,"",lithospermum permixtum,FALSE,FALSE,FALSE,0
urn:lsid:dyntaxa.se:TaxonName:32482,Lithothamnion calcareum,species,"",Plantae,Rhodophyta,Florideophyceae,Corallinales,Lithothamniaceae,"",lithothamnion calcareum,FALSE,FALSE,FALSE,0
urn:lsid:dyntaxa.se:TaxonName:284296,Lithothamnion deformans,species,"",Plantae,Rhodophyta,Florideophyceae,Hapalidiales,Hapalidiaceae,"",lithothamnion deformans,FALSE,FALSE,FALSE,0
urn:lsid:dyntaxa.se:Taxon:232541,Lithothamnion fornicatum,species,DD,Plantae,Rhodophyta,Florideophyceae,Corallinales,Lithothamniaceae,native,lithothamnion fornicatum,FALSE,FALSE,FALSE,0
urn:lsid:dyntaxa.se:TaxonName:284316,Lithothamnion polymorphum,species,"",Plantae,Rhodophyta,Florideophyceae,Corallinales,Lithothamniaceae,"",lithothamnion polymorphum,FALSE,FALSE,FALSE,0
urn:lsid:dyntaxa.se:TaxonName:284299,Lithothamnion vardoeënse,species,"",Plantae,Rhodophyta,Florideophyceae,Corallinales,Lithothamniaceae,"",lithothamnion vardoeënse,FALSE,FALSE,FALSE,0
urn:lsid:dyntaxa.se:Taxon:6008479,Llimoniella terricola,species,DD,Fungi,Ascomycota,Leotiomycetes,Helotiales,Cordieritidaceae,native,llimoniella terricola,FALSE,FALSE,FALSE,0
urn:lsid:dyntaxa.se:TaxonName:298814,Llimoniella terricola,species,"",Fungi,Ascomycota,Leotiomycetes,Helotiales,Cordieritidaceae,"",llimoniella terricola,FALSE,FALSE,FALSE,0
urn:lsid:dyntaxa.se:Taxon:983,Lobaria amplissima,species,CR,Fungi,Ascomycota,Lecanoromycetes,Peltigerales,Lobariaceae,native,lobaria amplissima,FALSE,FALSE,FALSE,0
urn:lsid:dyntaxa.se:TaxonName:6687,Lobaria herbacea,species,"",Fungi,Ascomycota,Lecanoromycetes,Peltigerales,Lobariaceae,"",lobaria herbacea,FALSE,FALSE,FALSE,0
urn:lsid:dyntaxa.se:TaxonName:6682,Lobaria laciniata,species,"",Fungi,Ascomycota,Lecanoromycetes,Peltigerales,Lobariaceae,"",lobaria laciniata,FALSE,FALSE,FALSE,0
urn:lsid:dyntaxa.se:TaxonName:6686,Lobaria laetevirens,species,"",Fungi,Ascomycota,Lecanoromycetes,Peltigerales,Lobariaceae,"",lobaria laetevirens,FALSE,FALSE,FALSE,0
urn:lsid:dyntaxa.se:Taxon:2081,Lobaria scrobiculata,species,NT,Fungi,Ascomycota,Lecanoromycetes,Peltigerales,Lobariaceae,native,lobaria scrobiculata,FALSE,FALSE,FALSE,0
urn:lsid:dyntaxa.se:TaxonName:127299,Lobaria terebrata,species,"",Fungi,Ascomycota,Lecanoromycetes,Lecanorales,Parmeliaceae,"",lobaria terebrata,FALSE,FALSE,FALSE,0
urn:lsid:dyntaxa.se:TaxonName:6684,Lobaria verrucosa,species,"",Fungi,Ascomycota,Lecanoromycetes,Peltigerales,Lobariaceae,"",lobaria verrucosa,FALSE,FALSE,FALSE,0
urn:lsid:dyntaxa.se:Taxon:986,Lobaria virens,species,EN,Fungi,Ascomycota,Lecanoromycetes,Peltigerales,Lobariaceae,native,lobaria virens,FALSE,FALSE,FALSE,0
urn:lsid:dyntaxa.se:TaxonName:90861,Lolium linicolum,species,"",Plantae,Tracheophyta,Liliopsida,Poales,Poaceae,"",lolium linicolum,FALSE,FALSE,FALSE,0
urn:lsid:dyntaxa.se:TaxonName:424701,Longitarsus waterhousei,species,"",Animalia,Arthropoda,Insecta,Coleoptera,Chrysomelidae,"",longitarsus waterhousei,FALSE,FALSE,FALSE,0
urn:lsid:dyntaxa.se:Taxon:4918,Lopadostoma gastrinum,species,DD,Fungi,Ascomycota,Sordariomycetes,Xylariales,Lopadostomataceae,native,lopadostoma gastrinum,FALSE,FALSE,FALSE,0
urn:lsid:dyntaxa.se:TaxonName:16207,Lopadostoma gastrinum,species,"",Fungi,Ascomycota,Sordariomycetes,Xylariales,Lopadostomataceae,"",lopadostoma gastrinum,FALSE,FALSE,FALSE,0
urn:lsid:dyntaxa.se:Taxon:217890,Lophelia pertusa,species,CR,Animalia,Cnidaria,Anthozoa,Scleractinia,Caryophyllidae,native,lophelia pertusa,FALSE,FALSE,FALSE,0
urn:lsid:dyntaxa.se:TaxonName:78105,Lophelia prolifera,species,"",Animalia,Cnidaria,Anthozoa,Scleractinia,Caryophyllidae,"",lophelia prolifera,FALSE,FALSE,FALSE,0
urn:lsid:dyntaxa.se:TaxonName:142278,Lophocarenum radicicola,species,"",Animalia,Arthropoda,Arachnida,Araneae,Linyphiidae,"",lophocarenum radicicola,FALSE,FALSE,FALSE,0
urn:lsid:dyntaxa.se:TaxonName:242100,Lophozia alpestris subsp. polaris,species,"",Plantae,Marchantiophyta,Marchantiopsida,Jungermanniales,Jungermanniaceae,"",lophozia alpestris,FALSE,FALSE,FALSE,0
urn:lsid:dyntaxa.se:TaxonName:145042,Lophozia capitata,species,"",Plantae,Marchantiophyta,Marchantiopsida,Jungermanniales,Jungermanniaceae,"",lophozia capitata,FALSE,FALSE,FALSE,0
urn:lsid:dyntaxa.se:TaxonName:337224,Lophozia cavifolia,species,"",Plantae,Marchantiophyta,Marchantiopsida,Jungermanniales,Anastrophyllaceae,"",lophozia cavifolia,FALSE,FALSE,FALSE,0
urn:lsid:dyntaxa.se:TaxonName:145045,Lophozia elongata,species,"",Plantae,Marchantiophyta,Marchantiopsida,Jungermanniales,Cephaloziellaceae,"",lophozia elongata,FALSE,FALSE,FALSE,0
urn:lsid:dyntaxa.se:TaxonName:242116,Lophozia excisa var. grandiretis,species,"",Plantae,Marchantiophyta,Marchantiopsida,Jungermanniales,Jungermanniaceae,"",lophozia excisa,FALSE,FALSE,FALSE,0
urn:lsid:dyntaxa.se:TaxonName:282894,Lophozia major,species,"",Plantae,Marchantiophyta,Marchantiopsida,Jungermanniales,Jungermanniaceae,"",lophozia major,FALSE,FALSE,FALSE,0
urn:lsid:dyntaxa.se:TaxonName:145056,Lophozia pellucida,species,"",Plantae,Marchantiophyta,Marchantiopsida,Jungermanniales,Jungermanniaceae,"",lophozia pellucida,FALSE,FALSE,FALSE,0
urn:lsid:dyntaxa.se:TaxonName:242109,Lophozia pellucida,species,"",Plantae,Marchantiophyta,Marchantiopsida,Jungermanniales,Jungermanniaceae,"",lophozia pellucida,FALSE,FALSE,FALSE,0
urn:lsid:dyntaxa.se:TaxonName:145058,Lophozia polaris,species,"",Plantae,Marchantiophyta,Marchantiopsida,Jungermanniales,Jungermanniaceae,"",lophozia polaris,FALSE,FALSE,FALSE,0
urn:lsid:dyntaxa.se:TaxonName:242096,Lophozia polaris,species,"",Plantae,Marchantiophyta,Marchantiopsida,Jungermanniales,Jungermanniaceae,"",lophozia polaris,FALSE,FALSE,FALSE,0
urn:lsid:dyntaxa.se:TaxonName:305969,Lora reticulata,species,"",Animalia,Mollusca,Gastropoda,Neogastropoda,Mangeliidae,"",lora reticulata,FALSE,FALSE,FALSE,0
urn:lsid:dyntaxa.se:Taxon:101243,Lordithon pulchellus,species,NT,Animalia,Arthropoda,Insecta,Coleoptera,Staphylinidae,native,lordithon pulchellus,FALSE,FALSE,FALSE,0
urn:lsid:dyntaxa.se:Taxon:101245,Loricula ruficeps,species,EN,Animalia,Arthropoda,Insecta,Hemiptera,Microphysidae,native,loricula ruficeps,FALSE,FALSE,FALSE,0
urn:lsid:dyntaxa.se:TaxonName:72566,Lotus glaber,species,"",Plantae,Tracheophyta,Magnoliopsida,Fabales,Fabaceae,"",lotus glaber,FALSE,FALSE,FALSE,0
urn:lsid:dyntaxa.se:TaxonName:72567,Lotus tenuifolius,species,"",Plantae,Tracheophyta,Magnoliopsida,Fabales,Fabaceae,"",lotus tenuifolius,FALSE,FALSE,FALSE,0
urn:lsid:dyntaxa.se:TaxonName:152843,Loweomyces wynnei,species,"",Fungi,Basidiomycota,Agaricomycetes,Polyporales,Steccherinaceae,"",loweomyces wynnei,FALSE,FALSE,FALSE,0
urn:lsid:dyntaxa.se:TaxonName:134181,Loxia Chloris,species,"",Animalia,Chordata,Aves,Passeriformes,Fringillidae,"",loxia chloris,FALSE,FALSE,FALSE,0
urn:lsid:dyntaxa.se:TaxonName:134191,Loxia enucleator,species,"",Animalia,Chordata,Aves,Passeriformes,Fringillidae,"",loxia enucleator,FALSE,FALSE,FALSE,0
urn:lsid:dyntaxa.se:TaxonName:134189,Loxia erythrina,species,"",Animalia,Chordata,Aves,Passeriformes,Fringillidae,"",loxia erythrina,FALSE,FALSE,FALSE,0
urn:lsid:dyntaxa.se:TaxonName:125561,Ludius ferrugineus,species,"",Animalia,Arthropoda,Insecta,Coleoptera,Elateridae,"",ludius ferrugineus,FALSE,FALSE,FALSE,0
urn:lsid:dyntaxa.se:TaxonName:87587,Luzula maxima,species,"",Plantae,Tracheophyta,Liliopsida,Poales,Juncaceae,"",luzula maxima,FALSE,FALSE,FALSE,0
urn:lsid:dyntaxa.se:Taxon:101248,Lycaena helle,species,EN,Animalia,Arthropoda,Insecta,Lepidoptera,Lycaenidae,native,lycaena helle,FALSE,FALSE,FALSE,0
urn:lsid:dyntaxa.se:Taxon:102923,Lycaena hippothoe,species,NT,Animalia,Arthropoda,Insecta,Lepidoptera,Lycaenidae,native,lycaena hippothoe,FALSE,FALSE,FALSE,0
urn:lsid:dyntaxa.se:TaxonName:58706,Lychnis alpina var. serpentinicola,variety,"",Plantae,Tracheophyta,Magnoliopsida,Caryophyllales,Caryophyllaceae,"",lychnis alpina,FALSE,FALSE,FALSE,0
urn:lsid:dyntaxa.se:TaxonName:58787,Lychnis apetala var. involucrata,species,"",Plantae,Tracheophyta,Magnoliopsida,Caryophyllales,Caryophyllaceae,"",lychnis apetala,FALSE,FALSE,FALSE,0
urn:lsid:dyntaxa.se:TaxonName:58615,Lychnis githago,species,"",Plantae,Tracheophyta,Magnoliopsida,Caryophyllales,Caryophyllaceae,"",lychnis githago,FALSE,FALSE,FALSE,0
urn:lsid:dyntaxa.se:TaxonName:58789,Lychnis pauciflora,species,"",Plantae,Tracheophyta,Magnoliopsida,Caryophyllales,Caryophyllaceae,"",lychnis pauciflora,FALSE,FALSE,FALSE,0
urn:lsid:dyntaxa.se:TaxonName:449518,Lycoperdon aestivum,species,"",Fungi,Ascomycota,Pezizomycetes,Pezizales,Tuberaceae,"",lycoperdon aestivum,FALSE,FALSE,FALSE,0
urn:lsid:dyntaxa.se:TaxonName:103937,Lycoperdon coronatum,species,"",Fungi,Basidiomycota,Agaricomycetes,Geastrales,Geastraceae,"",lycoperdon coronatum,FALSE,FALSE,FALSE,0
urn:lsid:dyntaxa.se:TaxonName:103936,Lycoperdon fenestratum,species,"",Fungi,Basidiomycota,Agaricomycetes,Geastrales,Geastraceae,"",lycoperdon fenestratum,FALSE,FALSE,FALSE,0
urn:lsid:dyntaxa.se:TaxonName:103935,Lycoperdon fornicatum,species,"",Fungi,Basidiomycota,Agaricomycetes,Geastrales,Geastraceae,"",lycoperdon fornicatum,FALSE,FALSE,FALSE,0
urn:lsid:dyntaxa.se:TaxonName:103948,Lycoperdon mammaeforme,species,"",Fungi,Basidiomycota,Agaricomycetes,Agaricales,Lycoperdaceae,"",lycoperdon mammaeforme,FALSE,FALSE,FALSE,0
urn:lsid:dyntaxa.se:TaxonName:153020,Lycoperdon pedicellatum,species,"",Fungi,Basidiomycota,Agaricomycetes,Agaricales,Lycoperdaceae,"",lycoperdon pedicellatum,FALSE,FALSE,FALSE,0
urn:lsid:dyntaxa.se:TaxonName:153066,Lycoperdon pedunculatum,species,"",Fungi,Basidiomycota,Agaricomycetes,Agaricales,Agaricaceae,"",lycoperdon pedunculatum,FALSE,FALSE,FALSE,0
urn:lsid:dyntaxa.se:Taxon:250110,Lycoperdon radicatum,species,EN,Fungi,Basidiomycota,Agaricomycetes,Agaricales,Lycoperdaceae,native,lycoperdon radicatum,FALSE,FALSE,FALSE,0
urn:lsid:dyntaxa.se:TaxonName:144763,Lycoperdon truncatum,species,"",Fungi,Ascomycota,Pezizomycetes,Pezizales,Sarcosomataceae,"",lycoperdon truncatum,FALSE,FALSE,FALSE,0
urn:lsid:dyntaxa.se:TaxonName:103927,Lycoperdon verrucosum,species,"",Fungi,Basidiomycota,Agaricomycetes,Boletales,Sclerodermataceae,"",lycoperdon verrucosum,FALSE,FALSE,FALSE,0
urn:lsid:dyntaxa.se:TaxonName:51693,Lycopodium chamaecyparissus,species,"",Plantae,Tracheophyta,Lycopodiopsida,Lycopodiales,Lycopodiaceae,"",lycopodium chamaecyparissus,FALSE,FALSE,FALSE,0
urn:lsid:dyntaxa.se:TaxonName:51705,Lycopodium complanatum var. zeilleri,species,"",Plantae,Tracheophyta,Lycopodiopsida,Lycopodiales,Lycopodiaceae,"",lycopodium complanatum,FALSE,FALSE,FALSE,0
urn:lsid:dyntaxa.se:TaxonName:51710,Lycopodium complanatum var. intermedium,species,"",Plantae,Tracheophyta,Lycopodiopsida,Lycopodiales,Lycopodiaceae,"",lycopodium complanatum,FALSE,FALSE,FALSE,0
urn:lsid:dyntaxa.se:TaxonName:51711,Lycopodium complanatum ssp. × zeilleri,species,"",Plantae,Tracheophyta,Lycopodiopsida,Lycopodiales,Lycopodiaceae,"",lycopodium complanatum,FALSE,FALSE,FALSE,0
urn:lsid:dyntaxa.se:TaxonName:51713,Lycopodium complanatum ssp. chamaecyparissus × ssp. complanatum,species,"",Plantae,Tracheophyta,Lycopodiopsida,Lycopodiales,Lycopodiaceae,"",lycopodium complanatum,FALSE,FALSE,FALSE,0
urn:lsid:dyntaxa.se:TaxonName:256758,Lycopodium complanatum ssp. chamaecyparissus x ssp. complanatum,species,"",Plantae,Tracheophyta,Lycopodiopsida,Lycopodiales,Lycopodiaceae,"",lycopodium complanatum,FALSE,FALSE,FALSE,0
urn:lsid:dyntaxa.se:TaxonName:256763,Lycopodium complanatum ssp. x zeilleri,species,"",Plantae,Tracheophyta,Lycopodiopsida,Lycopodiales,Lycopodiaceae,"",lycopodium complanatum,FALSE,FALSE,FALSE,0
urn:lsid:dyntaxa.se:TaxonName:57165,Lycopodium complanatum ssp. chamaecyparissus,species,"",Plantae,Tracheophyta,Lycopodiopsida,Lycopodiales,Lycopodiaceae,"",lycopodium complanatum,FALSE,FALSE,FALSE,0
urn:lsid:dyntaxa.se:TaxonName:57166,Lycopodium complanatum chamaecyparissus,species,"",Plantae,Tracheophyta,Lycopodiopsida,Lycopodiales,Lycopodiaceae,"",lycopodium complanatum,FALSE,FALSE,FALSE,0
urn:lsid:dyntaxa.se:TaxonName:51671,Lycopodium inundatum,species,"",Plantae,Tracheophyta,Lycopodiopsida,Lycopodiales,Lycopodiaceae,"",lycopodium inundatum,FALSE,FALSE,FALSE,0
urn:lsid:dyntaxa.se:Taxon:552,Lycopodium tristachyum,species,VU,Plantae,Tracheophyta,Lycopodiopsida,Lycopodiales,Lycopodiaceae,native,lycopodium tristachyum,FALSE,FALSE,FALSE,0
urn:lsid:dyntaxa.se:TaxonName:256759,Lycopodium x zeilleri,species,"",Plantae,Tracheophyta,Lycopodiopsida,Lycopodiales,Lycopodiaceae,"",lycopodium x,FALSE,FALSE,FALSE,0
urn:lsid:dyntaxa.se:Taxon:221940,Lycopodium zeilleri,species,VU,Plantae,Tracheophyta,Lycopodiopsida,Lycopodiales,Lycopodiaceae,native,lycopodium zeilleri,FALSE,FALSE,FALSE,0
urn:lsid:dyntaxa.se:TaxonName:51708,Lycopodium × zeilleri,species,"",Plantae,Tracheophyta,Lycopodiopsida,Lycopodiales,Lycopodiaceae,"",lycopodium × zeilleri,FALSE,FALSE,FALSE,0
urn:lsid:dyntaxa.se:TaxonName:19755,Lyonetia albedinella,species,"",Animalia,Arthropoda,Insecta,Lepidoptera,Bucculatricidae,"",lyonetia albedinella,FALSE,FALSE,FALSE,0
urn:lsid:dyntaxa.se:TaxonName:112399,Lyonetia immundella,species,"",Animalia,Arthropoda,Insecta,Lepidoptera,Nepticulidae,"",lyonetia immundella,FALSE,FALSE,FALSE,0
urn:lsid:dyntaxa.se:TaxonName:112306,Lyonetia lemniscella,species,"",Animalia,Arthropoda,Insecta,Lepidoptera,Nepticulidae,"",lyonetia lemniscella,FALSE,FALSE,FALSE,0
urn:lsid:dyntaxa.se:TaxonName:77243,Lyonia calyculata,species,"",Plantae,Tracheophyta,Magnoliopsida,Ericales,Ericaceae,"",lyonia calyculata,FALSE,FALSE,FALSE,0
urn:lsid:dyntaxa.se:TaxonName:271647,Lyophyllum obscurissimum,species,"",Fungi,Basidiomycota,Agaricomycetes,Agaricales,Lyophyllaceae,"",lyophyllum obscurissimum,FALSE,FALSE,FALSE,0
urn:lsid:dyntaxa.se:TaxonName:105407,Lysandra hylas,species,"",Animalia,Arthropoda,Insecta,Lepidoptera,Lycaenidae,"",lysandra hylas,FALSE,FALSE,FALSE,0
urn:lsid:dyntaxa.se:Taxon:227473,Lysippe labiata,species,DD,Animalia,Annelida,Polychaeta,Terebellida,Ampharetidae,native,lysippe labiata,FALSE,FALSE,FALSE,0
urn:lsid:dyntaxa.se:TaxonName:130077,Lysippe vanelli,species,"",Animalia,Annelida,Polychaeta,Terebellida,Ampharetidae,"",lysippe vanelli,FALSE,FALSE,FALSE,0
urn:lsid:dyntaxa.se:TaxonName:124273,Lysippides fragilis,species,"",Animalia,Annelida,Polychaeta,Terebellida,Ampharetidae,"",lysippides fragilis,FALSE,FALSE,FALSE,0
urn:lsid:dyntaxa.se:TaxonName:145629,Lythria rotaria,species,"",Animalia,Arthropoda,Insecta,Lepidoptera,Geometridae,"",lythria rotaria,FALSE,FALSE,FALSE,0
urn:lsid:dyntaxa.se:Taxon:102093,Machimus arthriticus,species,VU,Animalia,Arthropoda,Insecta,Diptera,Asilidae,native,machimus arthriticus,FALSE,FALSE,FALSE,0
urn:lsid:dyntaxa.se:Taxon:575,Macowanites candidus,species,VU,Fungi,Basidiomycota,Agaricomycetes,Russulales,Russulaceae,native,macowanites candidus,FALSE,FALSE,FALSE,0
urn:lsid:dyntaxa.se:TaxonName:300979,Madrepora pertusa,species,"",Animalia,Cnidaria,Anthozoa,Scleractinia,Caryophyllidae,"",madrepora pertusa,FALSE,FALSE,FALSE,0
urn:lsid:dyntaxa.se:TaxonName:90196,Malachius barnevillei,species,"",Animalia,Arthropoda,Insecta,Coleoptera,Malachiidae,"",malachius barnevillei,FALSE,FALSE,FALSE,0
urn:lsid:dyntaxa.se:TaxonName:87325,Malaxis loeselii,species,"",Plantae,Tracheophyta,Liliopsida,Asparagales,Orchidaceae,"",malaxis loeselii,FALSE,FALSE,FALSE,0
urn:lsid:dyntaxa.se:Taxon:246928,Malletia obtusa,species,DD,Animalia,Mollusca,Bivalvia,Nuculanoida,Malletiidae,native,malletia obtusa,FALSE,FALSE,FALSE,0
urn:lsid:dyntaxa.se:TaxonName:72775,Malva rotundifolia,species,"",Plantae,Tracheophyta,Magnoliopsida,Malvales,Malvaceae,"",malva rotundifolia,FALSE,FALSE,FALSE,0
urn:lsid:dyntaxa.se:TaxonName:20938,Mannerheimia divergens,species,"",Animalia,Arthropoda,Insecta,Coleoptera,Staphylinidae,"",mannerheimia divergens,FALSE,FALSE,FALSE,0
urn:lsid:dyntaxa.se:TaxonName:25411,Mantura ambigua,species,"",Animalia,Arthropoda,Insecta,Coleoptera,Chrysomelidae,"",mantura ambigua,FALSE,FALSE,FALSE,0
urn:lsid:dyntaxa.se:TaxonName:29051,Marchantia triandra,species,"",Plantae,Marchantiophyta,Marchantiopsida,Marchantiales,Aytoniaceae,"",marchantia triandra,FALSE,FALSE,FALSE,0
urn:lsid:dyntaxa.se:TaxonName:244607,Margarita pusilla,species,"",Animalia,Mollusca,Gastropoda,"",Skeneidae,"",margarita pusilla,FALSE,FALSE,FALSE,0
urn:lsid:dyntaxa.se:TaxonName:128514,Marshallora perversa,species,"",Animalia,Mollusca,Gastropoda,"Caenogastropoda, ordo incertae sedis",Triphoridae,"",marshallora perversa,FALSE,FALSE,FALSE,0
urn:lsid:dyntaxa.se:TaxonName:261336,Marsupella adusta,species,"",Plantae,Marchantiophyta,Marchantiopsida,Jungermanniales,Gymnomitriaceae,"",marsupella adusta,FALSE,FALSE,FALSE,0
urn:lsid:dyntaxa.se:TaxonName:145077,Marsupella revoluta,species,"",Plantae,Marchantiophyta,Marchantiopsida,Jungermanniales,Gymnomitriaceae,"",marsupella revoluta,FALSE,FALSE,FALSE,0
urn:lsid:dyntaxa.se:TaxonName:242807,Martinellius spitsbergensis,species,"",Plantae,Marchantiophyta,Marchantiopsida,Jungermanniales,Scapaniaceae,"",martinellius spitsbergensis,FALSE,FALSE,FALSE,0
urn:lsid:dyntaxa.se:TaxonName:242817,Martinellius tundrae,species,"",Plantae,Marchantiophyta,Marchantiopsida,Jungermanniales,Scapaniaceae,"",martinellius tundrae,FALSE,FALSE,FALSE,0
urn:lsid:dyntaxa.se:TaxonName:144466,Massaria foedans,species,"",Fungi,Ascomycota,Dothideomycetes,Pleosporales,Pleomassariaceae,"",massaria foedans,FALSE,FALSE,FALSE,0
urn:lsid:dyntaxa.se:Taxon:101270,Mecinus heydenii,species,NT,Animalia,Arthropoda,Insecta,Coleoptera,Curculionidae,native,mecinus heydenii,FALSE,FALSE,FALSE,0
urn:lsid:dyntaxa.se:TaxonName:115084,Mecinus ianthinus,species,"",Animalia,Arthropoda,Insecta,Coleoptera,Curculionidae,"",mecinus ianthinus,FALSE,FALSE,FALSE,0
urn:lsid:dyntaxa.se:TaxonName:74796,Megarhyssa clavata,species,"",Animalia,Arthropoda,Insecta,Hymenoptera,Ichneumonidae,"",megarhyssa clavata,FALSE,FALSE,FALSE,0
urn:lsid:dyntaxa.se:TaxonName:74797,Megarhyssa gigas,species,"",Animalia,Arthropoda,Insecta,Hymenoptera,Ichneumonidae,"",megarhyssa gigas,FALSE,FALSE,FALSE,0
urn:lsid:dyntaxa.se:TaxonName:74798,Megarhyssa histrio,species,"",Animalia,Arthropoda,Insecta,Hymenoptera,Ichneumonidae,"",megarhyssa histrio,FALSE,FALSE,FALSE,0
urn:lsid:dyntaxa.se:TaxonName:231104,Megatricholoma colossum,species,"",Fungi,Basidiomycota,Agaricomycetes,Agaricales,Tricholomataceae,"",megatricholoma colossum,FALSE,FALSE,FALSE,0
urn:lsid:dyntaxa.se:TaxonName:94194,Megatricholoma colossus,species,"",Fungi,Basidiomycota,Agaricomycetes,Agaricales,Tricholomataceae,"",megatricholoma colossus,FALSE,FALSE,FALSE,0
urn:lsid:dyntaxa.se:TaxonName:329677,Megilla plagiata,species,"",Animalia,Arthropoda,Insecta,Hymenoptera,Apidae,"",megilla plagiata,FALSE,FALSE,FALSE,0
urn:lsid:dyntaxa.se:TaxonName:357053,Melanconis berkeleyi,species,"",Fungi,Ascomycota,Sordariomycetes,Diaporthales,Sydowiellaceae,"",melanconis berkeleyi,FALSE,FALSE,FALSE,0
urn:lsid:dyntaxa.se:TaxonName:58783,Melandrium rubrum var. serpentinicola,variety,"",Plantae,Tracheophyta,Magnoliopsida,Caryophyllales,Caryophyllaceae,"",melandrium rubrum,FALSE,FALSE,FALSE,0
urn:lsid:dyntaxa.se:TaxonName:58784,Melandrium rubrum var. smithii,variety,"",Plantae,Tracheophyta,Magnoliopsida,Caryophyllales,Caryophyllaceae,"",melandrium rubrum,FALSE,FALSE,FALSE,0
urn:lsid:dyntaxa.se:TaxonName:142661,Melanelia elegantula,species,"",Fungi,Ascomycota,Lecanoromycetes,Lecanorales,Parmeliaceae,"",melanelia elegantula,FALSE,FALSE,FALSE,0
urn:lsid:dyntaxa.se:TaxonName:227618,Melanelia incolorata,species,"",Fungi,Ascomycota,Lecanoromycetes,Lecanorales,Parmeliaceae,"",melanelia incolorata,FALSE,FALSE,FALSE,0
urn:lsid:dyntaxa.se:TaxonName:153153,Melanella rubrotincta,species,"",Animalia,Mollusca,Gastropoda,Littorinimorpha,Eulimidae,"",melanella rubrotincta,FALSE,FALSE,FALSE,0
urn:lsid:dyntaxa.se:TaxonName:153154,Melanella sinuosa,species,"",Animalia,Mollusca,Gastropoda,Littorinimorpha,Eulimidae,"",melanella sinuosa,FALSE,FALSE,FALSE,0
urn:lsid:dyntaxa.se:TaxonName:395792,Melanopus forquignonii,species,"",Fungi,Basidiomycota,Agaricomycetes,Polyporales,Polyporaceae,"",melanopus forquignonii,FALSE,FALSE,FALSE,0
urn:lsid:dyntaxa.se:TaxonName:42,Melaraphe neritoides,species,"",Animalia,Mollusca,Gastropoda,Littorinimorpha,Littorinidae,"",melaraphe neritoides,FALSE,FALSE,FALSE,0
urn:lsid:dyntaxa.se:TaxonName:45419,Meliceria traegardhi,species,"",Animalia,Arthropoda,Insecta,Coleoptera,Staphylinidae,"",meliceria traegardhi,FALSE,FALSE,FALSE,0
urn:lsid:dyntaxa.se:TaxonName:130104,Melinella macduffi,species,"",Animalia,Annelida,Polychaeta,Terebellida,Terebellidae,"",melinella macduffi,FALSE,FALSE,FALSE,0
urn:lsid:dyntaxa.se:TaxonName:124288,Melinna elisabethe,species,"",Animalia,Annelida,Polychaeta,Terebellida,Ampharetidae,"",melinna elisabethe,FALSE,FALSE,FALSE,0
urn:lsid:dyntaxa.se:TaxonName:105730,Melitaea aurinia,species,"",Animalia,Arthropoda,Insecta,Lepidoptera,Nymphalidae,"",melitaea aurinia,FALSE,FALSE,FALSE,0
urn:lsid:dyntaxa.se:Taxon:101300,Melitaea britomartis,species,CR,Animalia,Arthropoda,Insecta,Lepidoptera,Nymphalidae,native,melitaea britomartis,FALSE,FALSE,FALSE,0
urn:lsid:dyntaxa.se:TaxonName:105733,Melitaea dictynna,species,"",Animalia,Arthropoda,Insecta,Lepidoptera,Nymphalidae,"",melitaea dictynna,FALSE,FALSE,FALSE,0
urn:lsid:dyntaxa.se:TaxonName:105727,Melitaea iduna,species,"",Animalia,Arthropoda,Insecta,Lepidoptera,Nymphalidae,"",melitaea iduna,FALSE,FALSE,FALSE,0
urn:lsid:dyntaxa.se:TaxonName:105729,Melitaea maturna,species,"",Animalia,Arthropoda,Insecta,Lepidoptera,Nymphalidae,"",melitaea maturna,FALSE,FALSE,FALSE,0
urn:lsid:dyntaxa.se:TaxonName:326478,Melitta aerata,species,"",Animalia,Arthropoda,Insecta,Hymenoptera,Halictidae,"",melitta aerata,FALSE,FALSE,FALSE,0
urn:lsid:dyntaxa.se:TaxonName:325631,Melitta bimaculata,species,"",Animalia,Arthropoda,Insecta,Hymenoptera,Andrenidae,"",melitta bimaculata,FALSE,FALSE,FALSE,0
urn:lsid:dyntaxa.se:TaxonName:325704,Melitta dorsata,species,"",Animalia,Arthropoda,Insecta,Hymenoptera,Andrenidae,"",melitta dorsata,FALSE,FALSE,FALSE,0
urn:lsid:dyntaxa.se:TaxonName:325804,Melitta labialis,species,"",Animalia,Arthropoda,Insecta,Hymenoptera,Andrenidae,"",melitta labialis,FALSE,FALSE,FALSE,0
urn:lsid:dyntaxa.se:TaxonName:326824,Melitta nitidiuscula,species,"",Animalia,Arthropoda,Insecta,Hymenoptera,Halictidae,"",melitta nitidiuscula,FALSE,FALSE,FALSE,0
urn:lsid:dyntaxa.se:TaxonName:12360,Melitta wankowiczi,species,"",Animalia,Arthropoda,Insecta,Hymenoptera,Melittidae,"",melitta wankowiczi,FALSE,FALSE,FALSE,0
urn:lsid:dyntaxa.se:TaxonName:326970,Melitta xanthopus,species,"",Animalia,Arthropoda,Insecta,Hymenoptera,Halictidae,"",melitta xanthopus,FALSE,FALSE,FALSE,0
urn:lsid:dyntaxa.se:TaxonName:324011,Mellinus bipunctatus,species,"",Animalia,Arthropoda,Insecta,Hymenoptera,Colletidae,"",mellinus bipunctatus,FALSE,FALSE,FALSE,0
urn:lsid:dyntaxa.se:TaxonName:104879,Mellinus crabronea,species,"",Animalia,Arthropoda,Insecta,Hymenoptera,Crabronidae,"",mellinus crabronea,FALSE,FALSE,FALSE,0
urn:lsid:dyntaxa.se:TaxonName:268132,Mellinus interruptus,species,"",Animalia,Arthropoda,Insecta,Hymenoptera,Crabronidae,"",mellinus interruptus,FALSE,FALSE,FALSE,0
urn:lsid:dyntaxa.se:TaxonName:268028,Mellinus quinquecinctus,species,"",Animalia,Arthropoda,Insecta,Hymenoptera,Crabronidae,"",mellinus quinquecinctus,FALSE,FALSE,FALSE,0
urn:lsid:dyntaxa.se:TaxonName:424426,Mellinus sabulosus,species,"",Animalia,Arthropoda,Insecta,Hymenoptera,Crabronidae,"",mellinus sabulosus,FALSE,FALSE,FALSE,0
urn:lsid:dyntaxa.se:TaxonName:284313,Melobesia calcarea,species,"",Plantae,Rhodophyta,Florideophyceae,Corallinales,Lithothamniaceae,"",melobesia calcarea,FALSE,FALSE,FALSE,0
urn:lsid:dyntaxa.se:TaxonName:284314,Melobesia compressa,species,"",Plantae,Rhodophyta,Florideophyceae,Corallinales,Lithothamniaceae,"",melobesia compressa,FALSE,FALSE,FALSE,0
urn:lsid:dyntaxa.se:TaxonName:284294,Melobesia deformans,species,"",Plantae,Rhodophyta,Florideophyceae,Hapalidiales,Hapalidiaceae,"",melobesia deformans,FALSE,FALSE,FALSE,0
urn:lsid:dyntaxa.se:TaxonName:284293,Melobesia thuretii,species,"",Plantae,Rhodophyta,Florideophyceae,Hapalidiales,Hapalidiaceae,"",melobesia thuretii,FALSE,FALSE,FALSE,0
urn:lsid:dyntaxa.se:TaxonName:392710,Melolontha fallenii,species,"",Animalia,Arthropoda,Insecta,Coleoptera,Scarabaeidae,"",melolontha fallenii,FALSE,FALSE,FALSE,0
urn:lsid:dyntaxa.se:TaxonName:399684,Membranicium martianum,species,"",Fungi,Basidiomycota,Agaricomycetes,Polyporales,Meruliaceae,"",membranicium martianum,FALSE,FALSE,FALSE,0
urn:lsid:dyntaxa.se:TaxonName:398685,Membranicium sulphurinum,species,"",Fungi,Basidiomycota,Agaricomycetes,Polyporales,Phanerochaetaceae,"",membranicium sulphurinum,FALSE,FALSE,FALSE,0
urn:lsid:dyntaxa.se:TaxonName:6778,Menegazzia dissimilis,species,"",Fungi,Ascomycota,Lecanoromycetes,Lecanorales,Parmeliaceae,"",menegazzia dissimilis,FALSE,FALSE,FALSE,0
urn:lsid:dyntaxa.se:TaxonName:6780,Menegazzia pertusa,species,"",Fungi,Ascomycota,Lecanoromycetes,Lecanorales,Parmeliaceae,"",menegazzia pertusa,FALSE,FALSE,FALSE,0
urn:lsid:dyntaxa.se:TaxonName:254271,Mentha x gracilis,species,"",Plantae,Tracheophyta,Magnoliopsida,Lamiales,Lamiaceae,"",mentha x,FALSE,FALSE,FALSE,0
urn:lsid:dyntaxa.se:TaxonName:256697,Mentha x gentilis,species,"",Plantae,Tracheophyta,Magnoliopsida,Lamiales,Lamiaceae,"",mentha x,FALSE,FALSE,FALSE,0
urn:lsid:dyntaxa.se:TaxonName:77680,Mentha × gentilis,species,"",Plantae,Tracheophyta,Magnoliopsida,Lamiales,Lamiaceae,"",mentha × gentilis,FALSE,FALSE,FALSE,0
urn:lsid:dyntaxa.se:Taxon:1038,Mentha × gracilis,species,EN,Plantae,Tracheophyta,Magnoliopsida,Lamiales,Lamiaceae,naturalised,mentha × gracilis,FALSE,FALSE,FALSE,0
urn:lsid:dyntaxa.se:TaxonName:101371,Meotica angulata,species,"",Animalia,Arthropoda,Insecta,Coleoptera,Staphylinidae,"",meotica angulata,FALSE,FALSE,FALSE,0
urn:lsid:dyntaxa.se:TaxonName:88687,Meotica finnmarchia,species,"",Animalia,Arthropoda,Insecta,Coleoptera,Staphylinidae,"",meotica finnmarchia,FALSE,FALSE,FALSE,0
urn:lsid:dyntaxa.se:TaxonName:25741,Meotica finnmarchica,species,"",Animalia,Arthropoda,Insecta,Coleoptera,Staphylinidae,"",meotica finnmarchica,FALSE,FALSE,FALSE,0
urn:lsid:dyntaxa.se:TaxonName:482169,Meotica stockmanni,species,"",Animalia,Arthropoda,Insecta,Coleoptera,Staphylinidae,"",meotica stockmanni,FALSE,FALSE,FALSE,0
urn:lsid:dyntaxa.se:TaxonName:47321,Merlangus merlangus,species,"",Animalia,Chordata,Actinopterygii,Gadiformes,Gadidae,"",merlangus merlangus,FALSE,FALSE,FALSE,0
urn:lsid:dyntaxa.se:Taxon:101669,Merrifieldia baliodactyla,species,NT,Animalia,Arthropoda,Insecta,Lepidoptera,Pterophoridae,native,merrifieldia baliodactyla,FALSE,FALSE,FALSE,0
urn:lsid:dyntaxa.se:TaxonName:104214,Meruliopsis albostramineus,species,"",Fungi,Basidiomycota,Agaricomycetes,Polyporales,Irpicaceae,"",meruliopsis albostramineus,FALSE,FALSE,FALSE,0
urn:lsid:dyntaxa.se:TaxonName:52736,Merulius albostramineus,species,"",Fungi,Basidiomycota,Agaricomycetes,Polyporales,Irpicaceae,"",merulius albostramineus,FALSE,FALSE,FALSE,0
urn:lsid:dyntaxa.se:TaxonName:104215,Merulius rubicundus,species,"",Fungi,Basidiomycota,Agaricomycetes,Polyporales,Irpicaceae,"",merulius rubicundus,FALSE,FALSE,FALSE,0
urn:lsid:dyntaxa.se:TaxonName:284194,Mesogloia divaricata,species,"",Plantae,Rhodophyta,Florideophyceae,Nemaliales,Liagoraceae,"",mesogloia divaricata,FALSE,FALSE,FALSE,0
urn:lsid:dyntaxa.se:TaxonName:284195,Mesogloia hornemanni,species,"",Plantae,Rhodophyta,Florideophyceae,Nemaliales,Liagoraceae,"",mesogloia hornemanni,FALSE,FALSE,FALSE,0
urn:lsid:dyntaxa.se:Taxon:214772,Mesophleps silacellus,species,NT,Animalia,Arthropoda,Insecta,Lepidoptera,Gelechiidae,native,mesophleps silacellus,FALSE,FALSE,FALSE,0
urn:lsid:dyntaxa.se:TaxonName:104899,Methoca ichneumonides,species,"",Animalia,Arthropoda,Insecta,Hymenoptera,Thynnidae,"",methoca ichneumonides,FALSE,FALSE,FALSE,0
urn:lsid:dyntaxa.se:TaxonName:19836,Methoca mutillaria,species,"",Animalia,Arthropoda,Insecta,Hymenoptera,Thynnidae,"",methoca mutillaria,FALSE,FALSE,FALSE,0
urn:lsid:dyntaxa.se:TaxonName:157451,Methocha ichneumonides,species,"",Animalia,Arthropoda,Insecta,Hymenoptera,Thynnidae,"",methocha ichneumonides,FALSE,FALSE,FALSE,0
urn:lsid:dyntaxa.se:TaxonName:343130,Metulodontia cremeo-alutacea,species,"",Fungi,Basidiomycota,Agaricomycetes,Polyporales,Meruliaceae,"",metulodontia cremeo-alutacea,FALSE,FALSE,FALSE,0
urn:lsid:dyntaxa.se:TaxonName:343026,Metulodontia cremeoalutacea,species,"",Fungi,Basidiomycota,Agaricomycetes,Polyporales,Meruliaceae,"",metulodontia cremeoalutacea,FALSE,FALSE,FALSE,0
urn:lsid:dyntaxa.se:TaxonName:115091,Miarus micros,species,"",Animalia,Arthropoda,Insecta,Coleoptera,Curculionidae,"",miarus micros,FALSE,FALSE,FALSE,0
urn:lsid:dyntaxa.se:TaxonName:146695,Micaraia dahli,species,"",Animalia,Arthropoda,Arachnida,Araneae,Gnaphosidae,"",micaraia dahli,FALSE,FALSE,FALSE,0
urn:lsid:dyntaxa.se:TaxonName:14111,Micarea viridescens,species,"",Fungi,Ascomycota,Lecanoromycetes,Baeomycetales,Trapeliaceae,"",micarea viridescens,FALSE,FALSE,FALSE,0
urn:lsid:dyntaxa.se:TaxonName:148590,Microbryum curvicolle,species,"",Plantae,Bryophyta,Bryopsida,Pottiales,Pottiaceae,"",microbryum curvicolle,FALSE,FALSE,FALSE,0
urn:lsid:dyntaxa.se:TaxonName:13140,Microbryum starkeanum,species,"",Plantae,Bryophyta,Bryopsida,Pottiales,Pottiaceae,"",microbryum starkeanum,FALSE,FALSE,FALSE,0
urn:lsid:dyntaxa.se:TaxonName:142217,Microerigone spetsbergensis,species,"",Animalia,Arthropoda,Arachnida,Araneae,Linyphiidae,"",microerigone spetsbergensis,FALSE,FALSE,FALSE,0
urn:lsid:dyntaxa.se:TaxonName:226200,Microglaena nidarosiensis,species,"",Fungi,Ascomycota,Lecanoromycetes,Ostropales,Gyalectaceae,"",microglaena nidarosiensis,FALSE,FALSE,FALSE,0
urn:lsid:dyntaxa.se:TaxonName:126395,Microglotta nidicola,species,"",Animalia,Arthropoda,Insecta,Coleoptera,Staphylinidae,"",microglotta nidicola,FALSE,FALSE,FALSE,0
urn:lsid:dyntaxa.se:TaxonName:148,Microhedyla glandulifera,species,"",Animalia,Mollusca,Gastropoda,"",Parhedylidae,"",microhedyla glandulifera,FALSE,FALSE,FALSE,0
urn:lsid:dyntaxa.se:Taxon:218095,Microhedyle glandulifera,species,DD,Animalia,Mollusca,Gastropoda,"",Parhedylidae,native,microhedyle glandulifera,FALSE,FALSE,FALSE,0
urn:lsid:dyntaxa.se:TaxonName:147209,Micromphale acicola,species,"",Fungi,Basidiomycota,Agaricomycetes,Agaricales,Omphalotaceae,"",micromphale acicola,FALSE,FALSE,FALSE,0
urn:lsid:dyntaxa.se:TaxonName:147210,Micromphale brassicolens,species,"",Fungi,Basidiomycota,Agaricomycetes,Agaricales,Omphalotaceae,"",micromphale brassicolens,FALSE,FALSE,FALSE,0
urn:lsid:dyntaxa.se:Taxon:101327,Micropeplus caelatus,species,DD,Animalia,Arthropoda,Insecta,Coleoptera,Staphylinidae,native,micropeplus caelatus,FALSE,FALSE,FALSE,0
urn:lsid:dyntaxa.se:TaxonName:2522,Microphiale lutea,species,"",Fungi,Ascomycota,Lecanoromycetes,Ostropales,Coenogoniaceae,"",microphiale lutea,FALSE,FALSE,FALSE,0
urn:lsid:dyntaxa.se:Taxon:100186,Microporus nigrita,species,VU,Animalia,Arthropoda,Insecta,Hemiptera,Cydnidae,native,microporus nigrita,FALSE,FALSE,FALSE,0
urn:lsid:dyntaxa.se:TaxonName:118104,Microporus nigritus,species,"",Animalia,Arthropoda,Insecta,Hemiptera,Cydnidae,"",microporus nigritus,FALSE,FALSE,FALSE,0
urn:lsid:dyntaxa.se:Taxon:6010712,Microsania capnophila,species,DD,Animalia,Arthropoda,Insecta,Diptera,Platypezidae,native,microsania capnophila,FALSE,FALSE,FALSE,0
urn:lsid:dyntaxa.se:Taxon:240282,Microsania vrydaghi,species,VU,Animalia,Arthropoda,Insecta,Diptera,Platypezidae,native,microsania vrydaghi,FALSE,FALSE,FALSE,0
urn:lsid:dyntaxa.se:Taxon:232723,Microspongium stilophorae,species,DD,Chromista,Ochrophyta,Phaeophyceae,Ectocarpales,Chordariaceae,native,microspongium stilophorae,FALSE,FALSE,FALSE,0
urn:lsid:dyntaxa.se:TaxonName:74492,Microsporus acaroides,species,"",Animalia,Arthropoda,Insecta,Coleoptera,Sphaeriusidae,"",microsporus acaroides,FALSE,FALSE,FALSE,0
urn:lsid:dyntaxa.se:TaxonName:49066,Microstylis monophyllos,species,"",Plantae,Tracheophyta,Liliopsida,Asparagales,Orchidaceae,"",microstylis monophyllos,FALSE,FALSE,FALSE,0
urn:lsid:dyntaxa.se:TaxonName:243624,Mielichhoferia defecta,species,"",Plantae,Bryophyta,Bryopsida,Bryales,Mielichhoferiaceae,"",mielichhoferia defecta,FALSE,FALSE,FALSE,0
urn:lsid:dyntaxa.se:TaxonName:148596,Mielichhoferia mielichhoferi,species,"",Plantae,Bryophyta,Bryopsida,Bryales,Mielichhoferiaceae,"",mielichhoferia mielichhoferi,FALSE,FALSE,FALSE,0
urn:lsid:dyntaxa.se:TaxonName:155995,Mielichhoferia nitida,species,"",Plantae,Bryophyta,Bryopsida,Bryales,Mielichhoferiaceae,"",mielichhoferia nitida,FALSE,FALSE,FALSE,0
urn:lsid:dyntaxa.se:TaxonName:91448,Miliaria calandra,species,"",Animalia,Chordata,Aves,Passeriformes,Emberizidae,"",miliaria calandra,FALSE,FALSE,FALSE,0
urn:lsid:dyntaxa.se:TaxonName:284310,Millepora calcarea,species,"",Plantae,Rhodophyta,Florideophyceae,Corallinales,Lithothamniaceae,"",millepora calcarea,FALSE,FALSE,FALSE,0
urn:lsid:dyntaxa.se:TaxonName:284311,Millepora polymorpha,species,"",Plantae,Rhodophyta,Florideophyceae,Corallinales,Lithothamniaceae,"",millepora polymorpha,FALSE,FALSE,FALSE,0
urn:lsid:dyntaxa.se:Taxon:243949,Miltogramma ibericum,species,NT,Animalia,Arthropoda,Insecta,Diptera,Sarcophagidae,native,miltogramma ibericum,FALSE,FALSE,FALSE,0
urn:lsid:dyntaxa.se:TaxonName:269043,Mimesa littoralis,species,"",Animalia,Arthropoda,Insecta,Hymenoptera,Crabronidae,"",mimesa littoralis,FALSE,FALSE,FALSE,0
urn:lsid:dyntaxa.se:TaxonName:78442,Mimesa rufa,species,"",Animalia,Arthropoda,Insecta,Hymenoptera,Crabronidae,"",mimesa rufa,FALSE,FALSE,FALSE,0
urn:lsid:dyntaxa.se:TaxonName:425143,Mimesa spooneri,species,"",Animalia,Arthropoda,Insecta,Hymenoptera,Crabronidae,"",mimesa spooneri,FALSE,FALSE,FALSE,0
urn:lsid:dyntaxa.se:TaxonName:58722,Minuartia verna,species,"",Plantae,Tracheophyta,Magnoliopsida,Caryophyllales,Caryophyllaceae,"",minuartia verna,FALSE,FALSE,FALSE,0
urn:lsid:dyntaxa.se:TaxonName:29492,Minuartia viscosa,species,"",Plantae,Tracheophyta,Magnoliopsida,Caryophyllales,Caryophyllaceae,"",minuartia viscosa,FALSE,FALSE,FALSE,0
urn:lsid:dyntaxa.se:TaxonName:89945,Mitrula olivacea,species,"",Fungi,Ascomycota,Leotiomycetes,Leotiales,Leotiaceae,"",mitrula olivacea,FALSE,FALSE,FALSE,0
urn:lsid:dyntaxa.se:TaxonName:64481,Mitrula vitellina,species,"",Fungi,Ascomycota,Neolectomycetes,Neolectales,Neolectaceae,"",mitrula vitellina,FALSE,FALSE,FALSE,0
urn:lsid:dyntaxa.se:TaxonName:9947,Mnium andrewsianum,species,"",Plantae,Bryophyta,Bryopsida,Bryales,Cinclidiaceae,"",mnium andrewsianum,FALSE,FALSE,FALSE,0
urn:lsid:dyntaxa.se:TaxonName:244900,Mnium caespiticium var. warneum,species,"",Plantae,Bryophyta,Bryopsida,Bryales,Bryaceae,"",mnium caespiticium,FALSE,FALSE,FALSE,0
urn:lsid:dyntaxa.se:TaxonName:9948,Mnium gracile,species,"",Plantae,Bryophyta,Bryopsida,Bryales,Cinclidiaceae,"",mnium gracile,FALSE,FALSE,FALSE,0
urn:lsid:dyntaxa.se:TaxonName:266321,Modiola adriatica,species,"",Animalia,Mollusca,Bivalvia,Mytiloida,Mytilidae,"",modiola adriatica,FALSE,FALSE,FALSE,0
urn:lsid:dyntaxa.se:TaxonName:106509,Modiulus adriaticus,species,"",Animalia,Mollusca,Bivalvia,Mytiloida,Mytilidae,"",modiulus adriaticus,FALSE,FALSE,FALSE,0
urn:lsid:dyntaxa.se:TaxonName:142740,Moelleropsis humida,species,"",Fungi,Ascomycota,Lecanoromycetes,Baeomycetales,Arctomiaceae,"",moelleropsis humida,FALSE,FALSE,FALSE,0
urn:lsid:dyntaxa.se:Taxon:1063,Moelleropsis nebulosa,species,EN,Fungi,Ascomycota,Lecanoromycetes,Peltigerales,Pannariaceae,native,moelleropsis nebulosa,FALSE,FALSE,FALSE,0
urn:lsid:dyntaxa.se:Taxon:247673,Molgula hirta,species,DD,Animalia,Chordata,"",Stolidobranchiata,Molgulidae,native,molgula hirta,FALSE,FALSE,FALSE,0
urn:lsid:dyntaxa.se:Taxon:101341,Monochamus sartor,species,EN,Animalia,Arthropoda,Insecta,Coleoptera,Cerambycidae,native,monochamus sartor,FALSE,FALSE,FALSE,0
urn:lsid:dyntaxa.se:TaxonName:107590,Monochamus urussovi,species,"",Animalia,Arthropoda,Insecta,Coleoptera,Cerambycidae,"",monochamus urussovi,FALSE,FALSE,FALSE,0
urn:lsid:dyntaxa.se:TaxonName:89989,Morchella bohemica,species,"",Fungi,Ascomycota,Pezizomycetes,Pezizales,Morchellaceae,"",morchella bohemica,FALSE,FALSE,FALSE,0
urn:lsid:dyntaxa.se:TaxonName:90173,Mordellistena tournieri,species,"",Animalia,Arthropoda,Insecta,Coleoptera,Mordellidae,"",mordellistena tournieri,FALSE,FALSE,FALSE,0
urn:lsid:dyntaxa.se:TaxonName:130037,Motacilla cervina,species,"",Animalia,Chordata,Aves,Passeriformes,Motacillidae,"",motacilla cervina,FALSE,FALSE,FALSE,0
urn:lsid:dyntaxa.se:TaxonName:129974,Motacilla Curruca,species,"",Animalia,Chordata,Aves,Passeriformes,Sylviidae,"",motacilla curruca,FALSE,FALSE,FALSE,0
urn:lsid:dyntaxa.se:TaxonName:130005,Motacilla cyanurus,species,"",Animalia,Chordata,Aves,Passeriformes,Muscicapidae,"",motacilla cyanurus,FALSE,FALSE,FALSE,0
urn:lsid:dyntaxa.se:TaxonName:130022,Motacilla hypoleuca,species,"",Animalia,Chordata,Aves,Passeriformes,Muscicapidae,"",motacilla hypoleuca,FALSE,FALSE,FALSE,0
urn:lsid:dyntaxa.se:TaxonName:129973,Motacilla nisoria,species,"",Animalia,Chordata,Aves,Passeriformes,Sylviidae,"",motacilla nisoria,FALSE,FALSE,FALSE,0
urn:lsid:dyntaxa.se:TaxonName:130009,Motacilla Ochruros,species,"",Animalia,Chordata,Aves,Passeriformes,Muscicapidae,"",motacilla ochruros,FALSE,FALSE,FALSE,0
urn:lsid:dyntaxa.se:TaxonName:129921,Motacilla Pendulinus,species,"",Animalia,Chordata,Aves,Passeriformes,Remizidae,"",motacilla pendulinus,FALSE,FALSE,FALSE,0
urn:lsid:dyntaxa.se:TaxonName:130011,Motacilla Rubetra,species,"",Animalia,Chordata,Aves,Passeriformes,Muscicapidae,"",motacilla rubetra,FALSE,FALSE,FALSE,0
urn:lsid:dyntaxa.se:TaxonName:238719,Motacilla rubicola,species,"",Animalia,Chordata,Aves,Passeriformes,Muscicapidae,"",motacilla rubicola,FALSE,FALSE,FALSE,0
urn:lsid:dyntaxa.se:TaxonName:129963,Motacilla Sibilatrix,species,"",Animalia,Chordata,Aves,Passeriformes,Phylloscopidae,"",motacilla sibilatrix,FALSE,FALSE,FALSE,0
urn:lsid:dyntaxa.se:TaxonName:470528,Mucronoporus circinatus var. triqueter,species,"",Fungi,Basidiomycota,Agaricomycetes,Hymenochaetales,Hymenochaetaceae,"",mucronoporus circinatus,FALSE,FALSE,FALSE,0
urn:lsid:dyntaxa.se:TaxonName:470526,Mucronoporus tomentosus var. triqueter,species,"",Fungi,Basidiomycota,Agaricomycetes,Hymenochaetales,Hymenochaetaceae,"",mucronoporus tomentosus,FALSE,FALSE,FALSE,0
urn:lsid:dyntaxa.se:TaxonName:18341,Mulgedium quercinum,species,"",Plantae,Tracheophyta,Magnoliopsida,Asterales,Asteraceae,"",mulgedium quercinum,FALSE,FALSE,FALSE,0
urn:lsid:dyntaxa.se:TaxonName:115776,Munida bamffia,species,"",Animalia,Arthropoda,Malacostraca,Decapoda,Munididae,"",munida bamffia,FALSE,FALSE,FALSE,0
urn:lsid:dyntaxa.se:TaxonName:270351,Munida bamffica,species,"",Animalia,Arthropoda,Malacostraca,Decapoda,Munididae,"",munida bamffica,FALSE,FALSE,FALSE,0
urn:lsid:dyntaxa.se:TaxonName:160806,Munida tennuimana,species,"",Animalia,Arthropoda,Malacostraca,Decapoda,Munididae,"",munida tennuimana,FALSE,FALSE,FALSE,0
urn:lsid:dyntaxa.se:TaxonName:115777,Munida tridentatus,species,"",Animalia,Arthropoda,Malacostraca,Decapoda,Munidopsidae,"",munida tridentatus,FALSE,FALSE,FALSE,0
urn:lsid:dyntaxa.se:TaxonName:158267,Muraena anguilla,species,"",Animalia,Chordata,Actinopterygii,Anguilliformes,Anguillidae,"",muraena anguilla,FALSE,FALSE,FALSE,0
urn:lsid:dyntaxa.se:TaxonName:329394,Murex echinatus,species,"",Animalia,Mollusca,Gastropoda,Neogastropoda,Raphitomidae,"",murex echinatus,FALSE,FALSE,FALSE,0
urn:lsid:dyntaxa.se:TaxonName:329406,Murex purpureus,species,"",Animalia,Mollusca,Gastropoda,Neogastropoda,Raphitomidae,"",murex purpureus,FALSE,FALSE,FALSE,0
urn:lsid:dyntaxa.se:TaxonName:430336,Murex turricula,species,"",Animalia,Mollusca,Gastropoda,Neogastropoda,Mangeliidae,"",murex turricula,FALSE,FALSE,FALSE,0
urn:lsid:dyntaxa.se:Taxon:217838,Muriceides kuekenthali,species,RE,Animalia,Cnidaria,Anthozoa,Alcyonacea,Plexauridae,uncertain,muriceides kuekenthali,FALSE,FALSE,FALSE,0
urn:lsid:dyntaxa.se:TaxonName:300945,Muriceides kükenthali,species,"",Animalia,Cnidaria,Anthozoa,Alcyonacea,Plexauridae,"",muriceides kükenthali,FALSE,FALSE,FALSE,0
urn:lsid:dyntaxa.se:TaxonName:29060,Mus rattus,species,"",Animalia,Chordata,Mammalia,Rodentia,Muridae,"",mus rattus,FALSE,FALSE,FALSE,0
urn:lsid:dyntaxa.se:TaxonName:318357,Mustela gulo,species,"",Animalia,Chordata,Mammalia,Carnivora,Mustelidae,"",mustela gulo,FALSE,FALSE,FALSE,0
urn:lsid:dyntaxa.se:TaxonName:318358,Mustela lutra,species,"",Animalia,Chordata,Mammalia,Carnivora,Mustelidae,"",mustela lutra,FALSE,FALSE,FALSE,0
urn:lsid:dyntaxa.se:TaxonName:19834,Mutilla articulata,species,"",Animalia,Arthropoda,Insecta,Hymenoptera,Thynnidae,"",mutilla articulata,FALSE,FALSE,FALSE,0
urn:lsid:dyntaxa.se:TaxonName:19835,Mutilla formicaria,species,"",Animalia,Arthropoda,Insecta,Hymenoptera,Thynnidae,"",mutilla formicaria,FALSE,FALSE,FALSE,0
urn:lsid:dyntaxa.se:TaxonName:301608,Mya margaritifera,species,"",Animalia,Mollusca,Bivalvia,Unionoida,Margaritiferidae,"",mya margaritifera,FALSE,FALSE,FALSE,0
urn:lsid:dyntaxa.se:TaxonName:428841,Mya norvegica,species,"",Animalia,Mollusca,Bivalvia,"Euheterodonta, families incertae sedis",Hiatellidae,"",mya norvegica,FALSE,FALSE,FALSE,0
urn:lsid:dyntaxa.se:TaxonName:65225,Myagrum paniculatum,species,"",Plantae,Tracheophyta,Magnoliopsida,Brassicales,Brassicaceae,"",myagrum paniculatum,FALSE,FALSE,FALSE,0
urn:lsid:dyntaxa.se:TaxonName:88456,Mycetoporus aequalis,species,"",Animalia,Arthropoda,Insecta,Coleoptera,Staphylinidae,"",mycetoporus aequalis,FALSE,FALSE,FALSE,0
urn:lsid:dyntaxa.se:TaxonName:25743,Mycetoporus bruckii,species,"",Animalia,Arthropoda,Insecta,Coleoptera,Staphylinidae,"",mycetoporus bruckii,FALSE,FALSE,FALSE,0
urn:lsid:dyntaxa.se:TaxonName:88463,Mycetoporus laevicollis,species,"",Animalia,Arthropoda,Insecta,Coleoptera,Staphylinidae,"",mycetoporus laevicollis,FALSE,FALSE,FALSE,0
urn:lsid:dyntaxa.se:TaxonName:52626,Mycoacia bispora,species,"",Fungi,Basidiomycota,Agaricomycetes,Polyporales,Meruliaceae,"",mycoacia bispora,FALSE,FALSE,FALSE,0
urn:lsid:dyntaxa.se:TaxonName:399704,Mycoacia subochracea,species,"",Fungi,Basidiomycota,Agaricomycetes,Polyporales,Meruliaceae,"",mycoacia subochracea,FALSE,FALSE,FALSE,0
urn:lsid:dyntaxa.se:TaxonName:2387,Mycocalicium cinerascens,species,"",Fungi,Ascomycota,Eurotiomycetes,Mycocaliciales,Mycocaliciaceae,"",mycocalicium cinerascens,FALSE,FALSE,FALSE,0
urn:lsid:dyntaxa.se:TaxonName:400044,Mycoleptodon laeticolor f. robustior,species,"",Fungi,Basidiomycota,Agaricomycetes,Polyporales,Steccherinaceae,"",mycoleptodon laeticolor,FALSE,FALSE,FALSE,0
urn:lsid:dyntaxa.se:TaxonName:400013,Mycoleptodon litschaueri,species,"",Fungi,Basidiomycota,Agaricomycetes,Polyporales,Steccherinaceae,"",mycoleptodon litschaueri,FALSE,FALSE,FALSE,0
urn:lsid:dyntaxa.se:TaxonName:400041,Mycoleptodon robustior,species,"",Fungi,Basidiomycota,Agaricomycetes,Polyporales,Steccherinaceae,"",mycoleptodon robustior,FALSE,FALSE,FALSE,0
urn:lsid:dyntaxa.se:TaxonName:157644,Mycolindtneria flava,species,"",Fungi,Basidiomycota,Agaricomycetes,Agaricales,Stephanosporaceae,"",mycolindtneria flava,FALSE,FALSE,FALSE,0
urn:lsid:dyntaxa.se:TaxonName:152677,Mycolindtneria leucobryophila,species,"",Fungi,Basidiomycota,Agaricomycetes,Agaricales,Stephanosporaceae,"",mycolindtneria leucobryophila,FALSE,FALSE,FALSE,0
urn:lsid:dyntaxa.se:TaxonName:13402,Mycolindtneria trachyspora,species,"",Fungi,Basidiomycota,Agaricomycetes,Agaricales,Stephanosporaceae,"",mycolindtneria trachyspora,FALSE,FALSE,FALSE,0
urn:lsid:dyntaxa.se:TaxonName:9369,Mycopyrenula coryli,species,"",Fungi,Ascomycota,Eurotiomycetes,Pyrenulales,Pyrenulaceae,"",mycopyrenula coryli,FALSE,FALSE,FALSE,0
urn:lsid:dyntaxa.se:TaxonName:145587,Myelois cirrigerella,species,"",Animalia,Arthropoda,Insecta,Lepidoptera,Pyralidae,"",myelois cirrigerella,FALSE,FALSE,FALSE,0
urn:lsid:dyntaxa.se:Taxon:236247,Myopa pellucida,species,NT,Animalia,Arthropoda,Insecta,Diptera,Conopidae,native,myopa pellucida,FALSE,FALSE,FALSE,0
urn:lsid:dyntaxa.se:TaxonName:19000,Myopa strandi,species,"",Animalia,Arthropoda,Insecta,Diptera,Conopidae,"",myopa strandi,FALSE,FALSE,FALSE,0
urn:lsid:dyntaxa.se:TaxonName:47087,Myotis bechsteini,species,"",Animalia,Chordata,Mammalia,Chiroptera,Vespertilionidae,"",myotis bechsteini,FALSE,FALSE,FALSE,0
urn:lsid:dyntaxa.se:TaxonName:143957,Myrafant affinis,species,"",Animalia,Arthropoda,Insecta,Hymenoptera,Formicidae,"",myrafant affinis,FALSE,FALSE,FALSE,0
urn:lsid:dyntaxa.se:TaxonName:143959,Myrafant interruptus,species,"",Animalia,Arthropoda,Insecta,Hymenoptera,Formicidae,"",myrafant interruptus,FALSE,FALSE,FALSE,0
urn:lsid:dyntaxa.se:TaxonName:143955,Myrafant parvulus,species,"",Animalia,Arthropoda,Insecta,Hymenoptera,Formicidae,"",myrafant parvulus,FALSE,FALSE,FALSE,0
urn:lsid:dyntaxa.se:TaxonName:11010,Myriactis haydenii,species,"",Chromista,Ochrophyta,Phaeophyceae,Ectocarpales,Chordariaceae,"",myriactis haydenii,FALSE,FALSE,FALSE,0
urn:lsid:dyntaxa.se:TaxonName:11011,Myriactis moniliformis,species,"",Chromista,Ochrophyta,Phaeophyceae,Ectocarpales,Chordariaceae,"",myriactis moniliformis,FALSE,FALSE,FALSE,0
urn:lsid:dyntaxa.se:TaxonName:11012,Myriactula moniliformis,species,"",Chromista,Ochrophyta,Phaeophyceae,Ectocarpales,Chordariaceae,"",myriactula moniliformis,FALSE,FALSE,FALSE,0
urn:lsid:dyntaxa.se:TaxonName:11030,Myrionema foecundum f. seriatum,species,"",Chromista,Ochrophyta,Phaeophyceae,Ectocarpales,Chordariaceae,"",myrionema foecundum,FALSE,FALSE,FALSE,0
urn:lsid:dyntaxa.se:Taxon:232698,Myrionema seriatum,species,DD,Chromista,Ochrophyta,Phaeophyceae,Ectocarpales,Chordariaceae,native,myrionema seriatum,FALSE,FALSE,FALSE,0
urn:lsid:dyntaxa.se:TaxonName:244584,Myrmica interrupta,species,"",Animalia,Arthropoda,Insecta,Hymenoptera,Formicidae,"",myrmica interrupta,FALSE,FALSE,FALSE,0
urn:lsid:dyntaxa.se:TaxonName:244582,Myrmica parvula,species,"",Animalia,Arthropoda,Insecta,Hymenoptera,Formicidae,"",myrmica parvula,FALSE,FALSE,FALSE,0
urn:lsid:dyntaxa.se:TaxonName:139801,Mythimna flammea,species,"",Animalia,Arthropoda,Insecta,Lepidoptera,Noctuidae,"",mythimna flammea,FALSE,FALSE,FALSE,0
urn:lsid:dyntaxa.se:TaxonName:126418,Nacerda rufiventris,species,"",Animalia,Arthropoda,Insecta,Coleoptera,Oedemeridae,"",nacerda rufiventris,FALSE,FALSE,FALSE,0
urn:lsid:dyntaxa.se:TaxonName:33315,Naemaspora bombarda,species,"",Fungi,Ascomycota,Sordariomycetes,Sordariales,Lasiosphaeriaceae,"",naemaspora bombarda,FALSE,FALSE,FALSE,0
urn:lsid:dyntaxa.se:TaxonName:155991,Nanomitrium tenerum,species,"",Plantae,Bryophyta,Bryopsida,Pottiales,Pottiaceae,"",nanomitrium tenerum,FALSE,FALSE,FALSE,0
urn:lsid:dyntaxa.se:TaxonName:65241,Nasturtium uniseriatum,species,"",Plantae,Tracheophyta,Magnoliopsida,Brassicales,Brassicaceae,"",nasturtium uniseriatum,FALSE,FALSE,FALSE,0
urn:lsid:dyntaxa.se:TaxonName:128499,Natica clausa,species,"",Animalia,Mollusca,Gastropoda,Littorinimorpha,Naticidae,"",natica clausa,FALSE,FALSE,FALSE,0
urn:lsid:dyntaxa.se:Taxon:1078,Neckera besseri,species,NT,Plantae,Bryophyta,Bryopsida,Hypnales,Neckeraceae,native,neckera besseri,FALSE,FALSE,FALSE,0
urn:lsid:dyntaxa.se:TaxonName:148607,Neckera besseri,species,"",Plantae,Bryophyta,Bryopsida,Hypnales,Neckeraceae,"",neckera besseri,FALSE,FALSE,FALSE,0
urn:lsid:dyntaxa.se:TaxonName:223706,Neckera besseri,species,"",Plantae,Bryophyta,Bryopsida,Hypnales,Neckeraceae,"",neckera besseri,FALSE,FALSE,FALSE,0
urn:lsid:dyntaxa.se:TaxonName:224242,Neckera heteromalla,species,"",Plantae,Bryophyta,Bryopsida,Hypnales,Cryphaeaceae,"",neckera heteromalla,FALSE,FALSE,FALSE,0
urn:lsid:dyntaxa.se:TaxonName:224180,Neckera subserrata,species,"",Plantae,Bryophyta,Bryopsida,Hypnales,Neckeraceae,"",neckera subserrata,FALSE,FALSE,FALSE,0
urn:lsid:dyntaxa.se:TaxonName:224181,Neckera subserrata,species,"",Plantae,Bryophyta,Bryopsida,Hypnales,Neckeraceae,"",neckera subserrata,FALSE,FALSE,FALSE,0
urn:lsid:dyntaxa.se:TaxonName:89955,Necrophorus germanicus,species,"",Animalia,Arthropoda,Insecta,Coleoptera,Silphidae,"",necrophorus germanicus,FALSE,FALSE,FALSE,0
urn:lsid:dyntaxa.se:TaxonName:89962,Necrophorus vestigator,species,"",Animalia,Arthropoda,Insecta,Coleoptera,Silphidae,"",necrophorus vestigator,FALSE,FALSE,FALSE,0
urn:lsid:dyntaxa.se:TaxonName:284196,Nemalion ramosissimum,species,"",Plantae,Rhodophyta,Florideophyceae,Nemaliales,Liagoraceae,"",nemalion ramosissimum,FALSE,FALSE,FALSE,0
urn:lsid:dyntaxa.se:Taxon:102467,Nemapogon falstriellus,species,VU,Animalia,Arthropoda,Insecta,Lepidoptera,Tineidae,native,nemapogon falstriellus,FALSE,FALSE,FALSE,0
urn:lsid:dyntaxa.se:Taxon:102468,Nemapogon fungivorellus,species,VU,Animalia,Arthropoda,Insecta,Lepidoptera,Tineidae,native,nemapogon fungivorellus,FALSE,FALSE,FALSE,0
urn:lsid:dyntaxa.se:Taxon:264893,Nemapogon gliriellus,species,EN,Animalia,Arthropoda,Insecta,Lepidoptera,Tineidae,native,nemapogon gliriellus,FALSE,FALSE,FALSE,0
urn:lsid:dyntaxa.se:TaxonName:117616,Nemapogon heydeni,species,"",Animalia,Arthropoda,Insecta,Lepidoptera,Tineidae,"",nemapogon heydeni,FALSE,FALSE,FALSE,0
urn:lsid:dyntaxa.se:Taxon:102469,Nemapogon inconditellus,species,DD,Animalia,Arthropoda,Insecta,Lepidoptera,Tineidae,native,nemapogon inconditellus,FALSE,FALSE,FALSE,0
urn:lsid:dyntaxa.se:TaxonName:284787,Nemastoma bairdii,species,"",Plantae,Rhodophyta,Florideophyceae,Halymeniales,Tsengiaceae,"",nemastoma bairdii,FALSE,FALSE,FALSE,0
urn:lsid:dyntaxa.se:Taxon:101381,Nematopogon adansoniellus,species,VU,Animalia,Arthropoda,Insecta,Lepidoptera,Adelidae,native,nematopogon adansoniellus,FALSE,FALSE,FALSE,0
urn:lsid:dyntaxa.se:TaxonName:292922,Nematopogon panzerellus,species,"",Animalia,Arthropoda,Insecta,Lepidoptera,Adelidae,"",nematopogon panzerellus,FALSE,FALSE,FALSE,0
urn:lsid:dyntaxa.se:TaxonName:111109,Nemophora dumerilellus,species,"",Animalia,Arthropoda,Insecta,Lepidoptera,Adelidae,"",nemophora dumerilellus,FALSE,FALSE,FALSE,0
urn:lsid:dyntaxa.se:TaxonName:89902,Neogyromitra fastigiata,species,"",Fungi,Ascomycota,Pezizomycetes,Pezizales,Discinaceae,"",neogyromitra fastigiata,FALSE,FALSE,FALSE,0
urn:lsid:dyntaxa.se:TaxonName:300672,Neohygrocybe fornicata,species,"",Fungi,Basidiomycota,Agaricomycetes,Agaricales,Hygrophoraceae,"",neohygrocybe fornicata,FALSE,FALSE,FALSE,0
urn:lsid:dyntaxa.se:TaxonName:300676,Neohygrocybe fornicata var. streptopus,species,"",Fungi,Basidiomycota,Agaricomycetes,Agaricales,Hygrophoraceae,"",neohygrocybe fornicata,FALSE,FALSE,FALSE,0
urn:lsid:dyntaxa.se:TaxonName:300687,Neohygrocybe fornicatus,species,"",Fungi,Basidiomycota,Agaricomycetes,Agaricales,Hygrophoraceae,"",neohygrocybe fornicatus,FALSE,FALSE,FALSE,0
urn:lsid:dyntaxa.se:Taxon:800,Neohygrocybe ingrata,species,VU,Fungi,Basidiomycota,Agaricomycetes,Agaricales,Hygrophoraceae,native,neohygrocybe ingrata,FALSE,FALSE,FALSE,0
urn:lsid:dyntaxa.se:Taxon:106477,Neophytobius muricatus,species,DD,Animalia,Arthropoda,Insecta,Coleoptera,Curculionidae,native,neophytobius muricatus,FALSE,FALSE,FALSE,0
urn:lsid:dyntaxa.se:TaxonName:89968,Neottiella ovilla,species,"",Fungi,Ascomycota,Pezizomycetes,Pezizales,"Pezizales, genera incertae sedis","",neottiella ovilla,FALSE,FALSE,FALSE,0
urn:lsid:dyntaxa.se:TaxonName:8684,Nephroma lusitanicum,species,"",Fungi,Ascomycota,Lecanoromycetes,Peltigerales,Nephromataceae,"",nephroma lusitanicum,FALSE,FALSE,FALSE,0
urn:lsid:dyntaxa.se:TaxonName:227849,Nephromium helveticum,species,"",Fungi,Ascomycota,Lecanoromycetes,Peltigerales,Nephromataceae,"",nephromium helveticum,FALSE,FALSE,FALSE,0
urn:lsid:dyntaxa.se:TaxonName:118015,Nephthys malmgreni,species,"",Animalia,Annelida,Polychaeta,Phyllodocida,Nephtyidae,"",nephthys malmgreni,FALSE,FALSE,FALSE,0
urn:lsid:dyntaxa.se:TaxonName:118024,Nephtys breogani,species,"",Animalia,Annelida,Polychaeta,Phyllodocida,Nephtyidae,"",nephtys breogani,FALSE,FALSE,FALSE,0
urn:lsid:dyntaxa.se:TaxonName:269384,Nephtys malmgreni,species,"",Animalia,Annelida,Polychaeta,Phyllodocida,Nephtyidae,"",nephtys malmgreni,FALSE,FALSE,FALSE,0
urn:lsid:dyntaxa.se:TaxonName:112217,Nepticula acetosae,species,"",Animalia,Arthropoda,Insecta,Lepidoptera,Nepticulidae,"",nepticula acetosae,FALSE,FALSE,FALSE,0
urn:lsid:dyntaxa.se:TaxonName:112394,Nepticula cryptella,species,"",Animalia,Arthropoda,Insecta,Lepidoptera,Nepticulidae,"",nepticula cryptella,FALSE,FALSE,FALSE,0
urn:lsid:dyntaxa.se:TaxonName:112337,Nepticula dorsiguttella,species,"",Animalia,Arthropoda,Insecta,Lepidoptera,Nepticulidae,"",nepticula dorsiguttella,FALSE,FALSE,FALSE,0
urn:lsid:dyntaxa.se:TaxonName:112396,Nepticula eurema,species,"",Animalia,Arthropoda,Insecta,Lepidoptera,Nepticulidae,"",nepticula eurema,FALSE,FALSE,FALSE,0
urn:lsid:dyntaxa.se:TaxonName:112392,Nepticula headleyella,species,"",Animalia,Arthropoda,Insecta,Lepidoptera,Nepticulidae,"",nepticula headleyella,FALSE,FALSE,FALSE,0
urn:lsid:dyntaxa.se:TaxonName:112332,Nepticula lonicerarum,species,"",Animalia,Arthropoda,Insecta,Lepidoptera,Nepticulidae,"",nepticula lonicerarum,FALSE,FALSE,FALSE,0
urn:lsid:dyntaxa.se:TaxonName:141769,Nepticula marginicolella,species,"",Animalia,Arthropoda,Insecta,Lepidoptera,Nepticulidae,"",nepticula marginicolella,FALSE,FALSE,FALSE,0
urn:lsid:dyntaxa.se:TaxonName:112285,Nepticula pyri,species,"",Animalia,Arthropoda,Insecta,Lepidoptera,Nepticulidae,"",nepticula pyri,FALSE,FALSE,FALSE,0
urn:lsid:dyntaxa.se:TaxonName:141747,Nepticula ulmicola,species,"",Animalia,Arthropoda,Insecta,Lepidoptera,Nepticulidae,"",nepticula ulmicola,FALSE,FALSE,FALSE,0
urn:lsid:dyntaxa.se:TaxonName:141746,Nepticula ulmifoliae,species,"",Animalia,Arthropoda,Insecta,Lepidoptera,Nepticulidae,"",nepticula ulmifoliae,FALSE,FALSE,FALSE,0
urn:lsid:dyntaxa.se:TaxonName:112271,Nepticula ulmivora,species,"",Animalia,Arthropoda,Insecta,Lepidoptera,Nepticulidae,"",nepticula ulmivora,FALSE,FALSE,FALSE,0
urn:lsid:dyntaxa.se:TaxonName:269803,Nerita affinis,species,"",Animalia,Mollusca,Gastropoda,Littorinimorpha,Naticidae,"",nerita affinis,FALSE,FALSE,FALSE,0
urn:lsid:dyntaxa.se:TaxonName:74879,Netelia brachycera,species,"",Animalia,Arthropoda,Insecta,Hymenoptera,Ichneumonidae,"",netelia brachycera,FALSE,FALSE,FALSE,0
urn:lsid:dyntaxa.se:Taxon:256183,Netelia nigricarpus,species,DD,Animalia,Arthropoda,Insecta,Hymenoptera,Ichneumonidae,native,netelia nigricarpus,FALSE,FALSE,FALSE,0
urn:lsid:dyntaxa.se:TaxonName:81075,Nevraphes perssoni,species,"",Animalia,Arthropoda,Insecta,Coleoptera,Staphylinidae,"",nevraphes perssoni,FALSE,FALSE,FALSE,0
urn:lsid:dyntaxa.se:TaxonName:81078,Nevraphes plicicollis,species,"",Animalia,Arthropoda,Insecta,Coleoptera,Staphylinidae,"",nevraphes plicicollis,FALSE,FALSE,FALSE,0
urn:lsid:dyntaxa.se:Taxon:100338,Nialus varians,species,RE,Animalia,Arthropoda,Insecta,Coleoptera,Scarabaeidae,native,nialus varians,FALSE,FALSE,FALSE,0
urn:lsid:dyntaxa.se:Taxon:101395,Nicrophorus germanicus,species,RE,Animalia,Arthropoda,Insecta,Coleoptera,Silphidae,native,nicrophorus germanicus,FALSE,FALSE,FALSE,0
urn:lsid:dyntaxa.se:TaxonName:87317,Nigritella angustifolia,species,"",Plantae,Tracheophyta,Liliopsida,Asparagales,Orchidaceae,"",nigritella angustifolia,FALSE,FALSE,FALSE,0
urn:lsid:dyntaxa.se:TaxonName:87318,Nigritella nigra,species,"",Plantae,Tracheophyta,Liliopsida,Asparagales,Orchidaceae,"",nigritella nigra,FALSE,FALSE,FALSE,0
urn:lsid:dyntaxa.se:TaxonName:97160,Nitella batrachosperma,species,"",Plantae,"",Charophyceae,Charales,Characeae,"",nitella batrachosperma,FALSE,FALSE,FALSE,0
urn:lsid:dyntaxa.se:TaxonName:117327,Nitella capitata,species,"",Plantae,"",Charophyceae,Charales,Characeae,"",nitella capitata,FALSE,FALSE,FALSE,0
urn:lsid:dyntaxa.se:TaxonName:286161,Nitophyllum laceratum,species,"",Plantae,Rhodophyta,Florideophyceae,Ceramiales,Delesseriaceae,"",nitophyllum laceratum,FALSE,FALSE,FALSE,0
urn:lsid:dyntaxa.se:TaxonName:259990,Noctua humuli,species,"",Animalia,Arthropoda,Insecta,Lepidoptera,Hepialidae,"",noctua humuli,FALSE,FALSE,FALSE,0
urn:lsid:dyntaxa.se:TaxonName:28781,Noctua hyperici,species,"",Animalia,Arthropoda,Insecta,Lepidoptera,Noctuidae,"",noctua hyperici,FALSE,FALSE,FALSE,0
urn:lsid:dyntaxa.se:TaxonName:397979,Noctua lychnidis,species,"",Animalia,Arthropoda,Insecta,Lepidoptera,Noctuidae,"",noctua lychnidis,FALSE,FALSE,FALSE,0
urn:lsid:dyntaxa.se:TaxonName:106058,Nola albula var. karelica,species,"",Animalia,Arthropoda,Insecta,Lepidoptera,Nolidae,"",nola albula,FALSE,FALSE,FALSE,0
urn:lsid:dyntaxa.se:TaxonName:106060,Nola arctica,species,"",Animalia,Arthropoda,Insecta,Lepidoptera,Nolidae,"",nola arctica,FALSE,FALSE,FALSE,0
urn:lsid:dyntaxa.se:TaxonName:329546,Nomada cinnaberina,species,"",Animalia,Arthropoda,Insecta,Hymenoptera,Apidae,"",nomada cinnaberina,FALSE,FALSE,FALSE,0
urn:lsid:dyntaxa.se:TaxonName:329646,Nomada truncata,species,"",Animalia,Arthropoda,Insecta,Hymenoptera,Apidae,"",nomada truncata,FALSE,FALSE,FALSE,0
urn:lsid:dyntaxa.se:TaxonName:329547,Nomada villipes,species,"",Animalia,Arthropoda,Insecta,Hymenoptera,Apidae,"",nomada villipes,FALSE,FALSE,FALSE,0
urn:lsid:dyntaxa.se:TaxonName:105469,Nordmannia w-album,species,"",Animalia,Arthropoda,Insecta,Lepidoptera,Lycaenidae,"",nordmannia w-album,FALSE,FALSE,FALSE,0
urn:lsid:dyntaxa.se:Taxon:232916,Nostoc minutum,species,DD,Bacteria,Cyanobacteria,Cyanophyceae,Nostocales,Nostocaceae,native,nostoc minutum,FALSE,FALSE,FALSE,0
urn:lsid:dyntaxa.se:TaxonName:350421,Nostoc piscinale,species,"",Bacteria,Cyanobacteria,Cyanophyceae,Nostocales,Nostocaceae,"",nostoc piscinale,FALSE,FALSE,FALSE,0
urn:lsid:dyntaxa.se:TaxonName:257958,Nostoc rivulare,species,"",Bacteria,Cyanobacteria,Cyanophyceae,Nostocales,Nostocaceae,"",nostoc rivulare,FALSE,FALSE,FALSE,0
urn:lsid:dyntaxa.se:TaxonName:350443,Nostoc rothii,species,"",Bacteria,Cyanobacteria,Cyanophyceae,Nostocales,Nostocaceae,"",nostoc rothii,FALSE,FALSE,FALSE,0
urn:lsid:dyntaxa.se:TaxonName:350364,Nostoc rufescens,species,"",Bacteria,Cyanobacteria,Cyanophyceae,Nostocales,Nostocaceae,"",nostoc rufescens,FALSE,FALSE,FALSE,0
urn:lsid:dyntaxa.se:TaxonName:350362,Nostoc spongiaeforme,species,"",Bacteria,Cyanobacteria,Cyanophyceae,Nostocales,Nostocaceae,"",nostoc spongiaeforme,FALSE,FALSE,FALSE,0
urn:lsid:dyntaxa.se:TaxonName:350425,Nostocella minuta,species,"",Bacteria,Cyanobacteria,Cyanophyceae,Nostocales,Nostocaceae,"",nostocella minuta,FALSE,FALSE,FALSE,0
urn:lsid:dyntaxa.se:TaxonName:350442,Nostocella verrucosa,species,"",Bacteria,Cyanobacteria,Cyanophyceae,Nostocales,Nostocaceae,"",nostocella verrucosa,FALSE,FALSE,FALSE,0
urn:lsid:dyntaxa.se:TaxonName:114947,Notaris bimaculatus,species,"",Animalia,Arthropoda,Insecta,Coleoptera,Erirhinidae,"",notaris bimaculatus,FALSE,FALSE,FALSE,0
urn:lsid:dyntaxa.se:Taxon:101410,Nothorhina muricata,species,NT,Animalia,Arthropoda,Insecta,Coleoptera,Cerambycidae,native,nothorhina muricata,FALSE,FALSE,FALSE,0
urn:lsid:dyntaxa.se:TaxonName:25319,Notolaemus bimaculatus,species,"",Animalia,Arthropoda,Insecta,Coleoptera,Laemophloeidae,"",notolaemus bimaculatus,FALSE,FALSE,FALSE,0
urn:lsid:dyntaxa.se:TaxonName:269200,Notozus constrictus,species,"",Animalia,Arthropoda,Insecta,Hymenoptera,Chrysididae,"",notozus constrictus,FALSE,FALSE,FALSE,0
urn:lsid:dyntaxa.se:TaxonName:269202,Notozus spina,species,"",Animalia,Arthropoda,Insecta,Hymenoptera,Chrysididae,"",notozus spina,FALSE,FALSE,FALSE,0
urn:lsid:dyntaxa.se:TaxonName:421406,Nummularia bulliardii,species,"",Fungi,Ascomycota,Sordariomycetes,Xylariales,Graphostromataceae,"",nummularia bulliardii,FALSE,FALSE,FALSE,0
urn:lsid:dyntaxa.se:TaxonName:89605,Nummulariella marginata,species,"",Fungi,Ascomycota,Sordariomycetes,Xylariales,Graphostromataceae,"",nummulariella marginata,FALSE,FALSE,FALSE,0
urn:lsid:dyntaxa.se:TaxonName:394535,Numulariola cineraceo-lilacina,species,"",Fungi,Ascomycota,Sordariomycetes,Xylariales,Graphostromataceae,"",numulariola cineraceo-lilacina,FALSE,FALSE,FALSE,0
urn:lsid:dyntaxa.se:TaxonName:89599,Numulariola cinereolilacina,species,"",Fungi,Ascomycota,Sordariomycetes,Xylariales,Graphostromataceae,"",numulariola cinereolilacina,FALSE,FALSE,FALSE,0
urn:lsid:dyntaxa.se:TaxonName:91447,Nyctea scandiaca,species,"",Animalia,Chordata,Aves,Strigiformes,Strigidae,"",nyctea scandiaca,FALSE,FALSE,FALSE,0
urn:lsid:dyntaxa.se:TaxonName:106084,Nycteola pseudodilutana,species,"",Animalia,Arthropoda,Insecta,Lepidoptera,Nolidae,"",nycteola pseudodilutana,FALSE,FALSE,FALSE,0
urn:lsid:dyntaxa.se:TaxonName:139919,Nycteola siculana,species,"",Animalia,Arthropoda,Insecta,Lepidoptera,Nolidae,"",nycteola siculana,FALSE,FALSE,FALSE,0
urn:lsid:dyntaxa.se:Taxon:101418,Nycteola svecica,species,RE,Animalia,Arthropoda,Insecta,Lepidoptera,Nolidae,native,nycteola svecica,FALSE,FALSE,FALSE,0
urn:lsid:dyntaxa.se:TaxonName:58926,Nymphaea occidentalis,subspecies,"",Plantae,Tracheophyta,Magnoliopsida,Nymphaeales,Nymphaeaceae,"",nymphaea occidentalis,FALSE,FALSE,FALSE,0
urn:lsid:dyntaxa.se:TaxonName:397698,Nysia zonaria,species,"",Animalia,Arthropoda,Insecta,Lepidoptera,Geometridae,"",nysia zonaria,FALSE,FALSE,FALSE,0
urn:lsid:dyntaxa.se:TaxonName:58455,Obione pedunculata,species,"",Plantae,Tracheophyta,Magnoliopsida,Caryophyllales,Amaranthaceae,"",obione pedunculata,FALSE,FALSE,FALSE,0
urn:lsid:dyntaxa.se:TaxonName:58459,Obione portulacoides,species,"",Plantae,Tracheophyta,Magnoliopsida,Caryophyllales,Amaranthaceae,"",obione portulacoides,FALSE,FALSE,FALSE,0
urn:lsid:dyntaxa.se:TaxonName:14051,Ocellularia suecica,species,"",Fungi,Ascomycota,Lecanoromycetes,Ostropales,Graphidaceae,"",ocellularia suecica,FALSE,FALSE,FALSE,0
urn:lsid:dyntaxa.se:TaxonName:152748,Ochroporus nigrolimitatus,species,"",Fungi,Basidiomycota,Agaricomycetes,Hymenochaetales,Hymenochaetaceae,"",ochroporus nigrolimitatus,FALSE,FALSE,FALSE,0
urn:lsid:dyntaxa.se:Taxon:101427,Ochsenheimeria mediopectinella,species,NT,Animalia,Arthropoda,Insecta,Lepidoptera,Ypsolophidae,native,ochsenheimeria mediopectinella,FALSE,FALSE,FALSE,0
urn:lsid:dyntaxa.se:TaxonName:16566,Octavianina asterosperma,species,"",Fungi,Basidiomycota,Agaricomycetes,Boletales,Boletaceae,"",octavianina asterosperma,FALSE,FALSE,FALSE,0
urn:lsid:dyntaxa.se:TaxonName:253502,Octavianina asterosperma,species,"",Fungi,Basidiomycota,Agaricomycetes,Boletales,Boletaceae,"",octavianina asterosperma,FALSE,FALSE,FALSE,0
urn:lsid:dyntaxa.se:Taxon:227494,Octobranchus floriceps,species,DD,Animalia,Annelida,Polychaeta,Terebellida,Terebellidae,native,octobranchus floriceps,FALSE,FALSE,FALSE,0
urn:lsid:dyntaxa.se:TaxonName:275966,Octopus cirrhosus,species,"",Animalia,Mollusca,Cephalopoda,Octopoda,Octopodidae,"",octopus cirrhosus,FALSE,FALSE,FALSE,0
urn:lsid:dyntaxa.se:TaxonName:81249,Ocypus globulifer,species,"",Animalia,Arthropoda,Insecta,Coleoptera,Staphylinidae,"",ocypus globulifer,FALSE,FALSE,FALSE,0
urn:lsid:dyntaxa.se:TaxonName:81247,Ocypus winkleri,species,"",Animalia,Arthropoda,Insecta,Coleoptera,Staphylinidae,"",ocypus winkleri,FALSE,FALSE,FALSE,0
urn:lsid:dyntaxa.se:TaxonName:274330,Ocyusa procidua,species,"",Animalia,Arthropoda,Insecta,Coleoptera,Staphylinidae,"",ocyusa procidua,FALSE,FALSE,FALSE,0
urn:lsid:dyntaxa.se:TaxonName:20975,Ocyusa tullgreni,species,"",Animalia,Arthropoda,Insecta,Coleoptera,Staphylinidae,"",ocyusa tullgreni,FALSE,FALSE,FALSE,0
urn:lsid:dyntaxa.se:TaxonName:465490,Odontia crinalis,species,"",Fungi,Basidiomycota,Agaricomycetes,Thelephorales,Thelephoraceae,"",odontia crinalis,FALSE,FALSE,FALSE,0
urn:lsid:dyntaxa.se:TaxonName:398639,Odontia romellii,species,"",Fungi,Basidiomycota,Agaricomycetes,"Agaricomycetes, families incertae sedis","Agaricomycetes, genera incertae sedis","",odontia romellii,FALSE,FALSE,FALSE,0
urn:lsid:dyntaxa.se:TaxonName:398866,Odonticium raitviirii,species,"",Fungi,Basidiomycota,Agaricomycetes,Polyporales,"Polyporales, genera incertae sedis","",odonticium raitviirii,FALSE,FALSE,FALSE,0
urn:lsid:dyntaxa.se:TaxonName:398863,Odonticium septocystidiatum,species,"",Fungi,Basidiomycota,Agaricomycetes,Polyporales,"Polyporales, genera incertae sedis","",odonticium septocystidiatum,FALSE,FALSE,FALSE,0
urn:lsid:dyntaxa.se:TaxonName:398864,Odonticium septocystidium,species,"",Fungi,Basidiomycota,Agaricomycetes,Polyporales,"Polyporales, genera incertae sedis","",odonticium septocystidium,FALSE,FALSE,FALSE,0
urn:lsid:dyntaxa.se:TaxonName:77953,Odontites ruber ssp. vernus,species,"",Plantae,Tracheophyta,Magnoliopsida,Lamiales,Orobanchaceae,"",odontites ruber,FALSE,FALSE,FALSE,0
urn:lsid:dyntaxa.se:TaxonName:74942,Odontocolon melanarium,species,"",Animalia,Arthropoda,Insecta,Hymenoptera,Ichneumonidae,"",odontocolon melanarium,FALSE,FALSE,FALSE,0
urn:lsid:dyntaxa.se:Taxon:250096,Odoria alborubescens,species,EN,Fungi,Basidiomycota,Agaricomycetes,Polyporales,Meruliaceae,native,odoria alborubescens,FALSE,FALSE,FALSE,0
urn:lsid:dyntaxa.se:TaxonName:152515,Odostomia eulimoides,species,"",Animalia,Mollusca,Gastropoda,"",Pyramidellidae,"",odostomia eulimoides,FALSE,FALSE,FALSE,0
urn:lsid:dyntaxa.se:TaxonName:158881,Odynerus fuscipes,species,"",Animalia,Arthropoda,Insecta,Hymenoptera,Vespidae,"",odynerus fuscipes,FALSE,FALSE,FALSE,0
urn:lsid:dyntaxa.se:TaxonName:291469,Oecophora subochreella,species,"",Animalia,Arthropoda,Insecta,Lepidoptera,Lypusidae,"",oecophora subochreella,FALSE,FALSE,FALSE,0
urn:lsid:dyntaxa.se:TaxonName:152944,Oenopota reticulata,species,"",Animalia,Mollusca,Gastropoda,Neogastropoda,Mangeliidae,"",oenopota reticulata,FALSE,FALSE,FALSE,0
urn:lsid:dyntaxa.se:TaxonName:142050,Oenopota scalaroides,species,"",Animalia,Mollusca,Gastropoda,Neogastropoda,Mangeliidae,"",oenopota scalaroides,FALSE,FALSE,FALSE,0
urn:lsid:dyntaxa.se:TaxonName:134,Oenopota trevelliana,species,"",Animalia,Mollusca,Gastropoda,Neogastropoda,Mangeliidae,"",oenopota trevelliana,FALSE,FALSE,FALSE,0
urn:lsid:dyntaxa.se:TaxonName:135,Oenopota turricula,species,"",Animalia,Mollusca,Gastropoda,Neogastropoda,Mangeliidae,"",oenopota turricula,FALSE,FALSE,FALSE,0
urn:lsid:dyntaxa.se:Taxon:218083,Oenopota violacea,species,DD,Animalia,Mollusca,Gastropoda,Neogastropoda,Mangeliidae,native,oenopota violacea,FALSE,FALSE,FALSE,0
urn:lsid:dyntaxa.se:Taxon:101441,Oestrus ovis,species,RE,Animalia,Arthropoda,Insecta,Diptera,Oestridae,native,oestrus ovis,FALSE,FALSE,FALSE,0
urn:lsid:dyntaxa.se:Taxon:218165,Okenia elegans,species,DD,Animalia,Mollusca,Gastropoda,Nudibranchia,Goniodorididae,native,okenia elegans,FALSE,FALSE,FALSE,0
urn:lsid:dyntaxa.se:TaxonName:277467,Okenia pulchella,species,"",Animalia,Mollusca,Gastropoda,Nudibranchia,Goniodorididae,"",okenia pulchella,FALSE,FALSE,FALSE,0
urn:lsid:dyntaxa.se:TaxonName:277469,Okenia quadricornis,species,"",Animalia,Mollusca,Gastropoda,Nudibranchia,Goniodorididae,"",okenia quadricornis,FALSE,FALSE,FALSE,0
urn:lsid:dyntaxa.se:TaxonName:131232,Olethreutes boisduvaliana,species,"",Animalia,Arthropoda,Insecta,Lepidoptera,Tortricidae,"",olethreutes boisduvaliana,FALSE,FALSE,FALSE,0
urn:lsid:dyntaxa.se:TaxonName:131239,Olethreutes hyperboreana,species,"",Animalia,Arthropoda,Insecta,Lepidoptera,Tortricidae,"",olethreutes hyperboreana,FALSE,FALSE,FALSE,0
urn:lsid:dyntaxa.se:TaxonName:16574,Oligoporus balsameus,species,"",Fungi,Basidiomycota,Agaricomycetes,Polyporales,Dacryobolaceae,"",oligoporus balsameus,FALSE,FALSE,FALSE,0
urn:lsid:dyntaxa.se:TaxonName:331971,Oligoporus balsameus,species,"",Fungi,Basidiomycota,Agaricomycetes,Polyporales,Dacryobolaceae,"",oligoporus balsameus,FALSE,FALSE,FALSE,0
urn:lsid:dyntaxa.se:TaxonName:472968,Oligoporus borealis,species,"",Fungi,Basidiomycota,Agaricomycetes,Polyporales,Incrustoporiaceae,"",oligoporus borealis,FALSE,FALSE,FALSE,0
urn:lsid:dyntaxa.se:TaxonName:16577,Oligoporus cerifluus,species,"",Fungi,Basidiomycota,Agaricomycetes,Polyporales,Dacryobolaceae,"",oligoporus cerifluus,FALSE,FALSE,FALSE,0
urn:lsid:dyntaxa.se:TaxonName:404601,Oligoporus cerifluus,species,"",Fungi,Basidiomycota,Agaricomycetes,Polyporales,Dacryobolaceae,"",oligoporus cerifluus,FALSE,FALSE,FALSE,0
urn:lsid:dyntaxa.se:TaxonName:16578,Oligoporus floriformis,species,"",Fungi,Basidiomycota,Agaricomycetes,Polyporales,Dacryobolaceae,"",oligoporus floriformis,FALSE,FALSE,FALSE,0
urn:lsid:dyntaxa.se:TaxonName:332043,Oligoporus floriformis,species,"",Fungi,Basidiomycota,Agaricomycetes,Polyporales,Dacryobolaceae,"",oligoporus floriformis,FALSE,FALSE,FALSE,0
urn:lsid:dyntaxa.se:TaxonName:332013,Oligoporus folliculocystidiatus,species,"",Fungi,Basidiomycota,Agaricomycetes,Polyporales,Dacryobolaceae,"",oligoporus folliculocystidiatus,FALSE,FALSE,FALSE,0
urn:lsid:dyntaxa.se:TaxonName:16581,Oligoporus guttulatus,species,"",Fungi,Basidiomycota,Agaricomycetes,Polyporales,Dacryobolaceae,"",oligoporus guttulatus,FALSE,FALSE,FALSE,0
urn:lsid:dyntaxa.se:TaxonName:16582,Oligoporus hibernicus,species,"",Fungi,Basidiomycota,Agaricomycetes,Polyporales,Dacryobolaceae,"",oligoporus hibernicus,FALSE,FALSE,FALSE,0
urn:lsid:dyntaxa.se:TaxonName:68937,Oligoporus hibernicus,species,"",Fungi,Basidiomycota,Agaricomycetes,Polyporales,Dacryobolaceae,"",oligoporus hibernicus,FALSE,FALSE,FALSE,0
urn:lsid:dyntaxa.se:TaxonName:16583,Oligoporus lateritius,species,"",Fungi,Basidiomycota,Agaricomycetes,Polyporales,Dacryobolaceae,"",oligoporus lateritius,FALSE,FALSE,FALSE,0
urn:lsid:dyntaxa.se:TaxonName:16585,Oligoporus mappa,species,"",Fungi,Basidiomycota,Agaricomycetes,Polyporales,Fomitopsidaceae,"",oligoporus mappa,FALSE,FALSE,FALSE,0
urn:lsid:dyntaxa.se:TaxonName:45772,Oligoporus mappus,species,"",Fungi,Basidiomycota,Agaricomycetes,Polyporales,Fomitopsidaceae,"",oligoporus mappus,FALSE,FALSE,FALSE,0
urn:lsid:dyntaxa.se:TaxonName:332017,Oligoporus minusculoides,species,"",Fungi,Basidiomycota,Agaricomycetes,Polyporales,Dacryobolaceae,"",oligoporus minusculoides,FALSE,FALSE,FALSE,0
urn:lsid:dyntaxa.se:TaxonName:16586,Oligoporus norrlandicus,species,"",Fungi,Basidiomycota,Agaricomycetes,Polyporales,"Polyporales, genera incertae sedis","",oligoporus norrlandicus,FALSE,FALSE,FALSE,0
urn:lsid:dyntaxa.se:TaxonName:64782,Oligoporus parvus,species,"",Fungi,Basidiomycota,Agaricomycetes,Polyporales,Dacryobolaceae,"",oligoporus parvus,FALSE,FALSE,FALSE,0
urn:lsid:dyntaxa.se:TaxonName:16587,Oligoporus placenta,species,"",Fungi,Basidiomycota,Agaricomycetes,Polyporales,"Polyporales, genera incertae sedis","",oligoporus placenta,FALSE,FALSE,FALSE,0
urn:lsid:dyntaxa.se:TaxonName:152807,Oligoporus placentus,species,"",Fungi,Basidiomycota,Agaricomycetes,Polyporales,"Polyporales, genera incertae sedis","",oligoporus placentus,FALSE,FALSE,FALSE,0
urn:lsid:dyntaxa.se:TaxonName:16590,Oligoporus septentrionalis,species,"",Fungi,Basidiomycota,Agaricomycetes,Polyporales,Dacryobolaceae,"",oligoporus septentrionalis,FALSE,FALSE,FALSE,0
urn:lsid:dyntaxa.se:TaxonName:16596,Oligoporus undosus,species,"",Fungi,Basidiomycota,Agaricomycetes,Polyporales,Dacryobolaceae,"",oligoporus undosus,FALSE,FALSE,FALSE,0
urn:lsid:dyntaxa.se:TaxonName:152370,Omalus constrictus,species,"",Animalia,Arthropoda,Insecta,Hymenoptera,Chrysididae,"",omalus constrictus,FALSE,FALSE,FALSE,0
urn:lsid:dyntaxa.se:TaxonName:142146,Omalus truncatus,species,"",Animalia,Arthropoda,Insecta,Hymenoptera,Chrysididae,"",omalus truncatus,FALSE,FALSE,FALSE,0
urn:lsid:dyntaxa.se:TaxonName:25745,Omophlus betulae,species,"",Animalia,Arthropoda,Insecta,Coleoptera,Tenebrionidae,"",omophlus betulae,FALSE,FALSE,FALSE,0
urn:lsid:dyntaxa.se:TaxonName:107116,Omophlus rufitarsis,species,"",Animalia,Arthropoda,Insecta,Coleoptera,Tenebrionidae,"",omophlus rufitarsis,FALSE,FALSE,FALSE,0
urn:lsid:dyntaxa.se:TaxonName:236094,Onchidoris depressa,species,"",Animalia,Mollusca,Gastropoda,Nudibranchia,Onchidorididae,"",onchidoris depressa,FALSE,FALSE,FALSE,0
urn:lsid:dyntaxa.se:TaxonName:228,Onchidoris inconspicua,species,"",Animalia,Mollusca,Gastropoda,Nudibranchia,Onchidorididae,"",onchidoris inconspicua,FALSE,FALSE,FALSE,0
urn:lsid:dyntaxa.se:TaxonName:297661,Onchidoris loveni,species,"",Animalia,Mollusca,Gastropoda,Nudibranchia,Onchidorididae,"",onchidoris loveni,FALSE,FALSE,FALSE,0
urn:lsid:dyntaxa.se:TaxonName:297663,Onchidoris proxima,species,"",Animalia,Mollusca,Gastropoda,Nudibranchia,Onchidorididae,"",onchidoris proxima,FALSE,FALSE,FALSE,0
urn:lsid:dyntaxa.se:TaxonName:231,Onchidoris pusilla,species,"",Animalia,Mollusca,Gastropoda,Nudibranchia,Onchidorididae,"",onchidoris pusilla,FALSE,FALSE,FALSE,0
urn:lsid:dyntaxa.se:TaxonName:232,Onchidoris sparsa,species,"",Animalia,Mollusca,Gastropoda,Nudibranchia,Onchidorididae,"",onchidoris sparsa,FALSE,FALSE,FALSE,0
urn:lsid:dyntaxa.se:TaxonName:261251,Oncophorus riparius,species,"",Plantae,Bryophyta,Bryopsida,Dicranales,Dicranaceae,"",oncophorus riparius,FALSE,FALSE,FALSE,0
urn:lsid:dyntaxa.se:TaxonName:448945,Oniscus gammarellus,species,"",Animalia,Arthropoda,Malacostraca,Amphipoda,Talitridae,"",oniscus gammarellus,FALSE,FALSE,FALSE,0
urn:lsid:dyntaxa.se:TaxonName:152716,Onnia leporina,species,"",Fungi,Basidiomycota,Agaricomycetes,Hymenochaetales,Hymenochaetaceae,"",onnia leporina,FALSE,FALSE,FALSE,0
urn:lsid:dyntaxa.se:TaxonName:470539,Onnia triqueter,species,"",Fungi,Basidiomycota,Agaricomycetes,Hymenochaetales,Hymenochaetaceae,"",onnia triqueter,FALSE,FALSE,FALSE,0
urn:lsid:dyntaxa.se:TaxonName:72621,Ononis hircina,subspecies,"",Plantae,Tracheophyta,Magnoliopsida,Fabales,Fabaceae,"",ononis hircina,FALSE,FALSE,FALSE,0
urn:lsid:dyntaxa.se:Taxon:101452,Onthophagus coenobita,species,RE,Animalia,Arthropoda,Insecta,Coleoptera,Scarabaeidae,native,onthophagus coenobita,FALSE,FALSE,FALSE,0
urn:lsid:dyntaxa.se:Taxon:105030,Onthophagus gibbulus,species,RE,Animalia,Arthropoda,Insecta,Coleoptera,Scarabaeidae,native,onthophagus gibbulus,FALSE,FALSE,FALSE,0
urn:lsid:dyntaxa.se:TaxonName:95794,Onthophagus vacca,species,"",Animalia,Arthropoda,Insecta,Coleoptera,Scarabaeidae,"",onthophagus vacca,FALSE,FALSE,FALSE,0
urn:lsid:dyntaxa.se:TaxonName:6301,Opegrapha amylacea,species,"",Fungi,Ascomycota,Arthoniomycetes,Arthoniales,Lecanographaceae,"",opegrapha amylacea,FALSE,FALSE,FALSE,0
urn:lsid:dyntaxa.se:TaxonName:8725,Opegrapha betulinum,species,"",Fungi,Ascomycota,Arthoniomycetes,Arthoniales,Lecanographaceae,"",opegrapha betulinum,FALSE,FALSE,FALSE,0
urn:lsid:dyntaxa.se:TaxonName:142813,Opegrapha culmigena,species,"",Fungi,Ascomycota,Arthoniomycetes,Arthoniales,Lecanographaceae,"",opegrapha culmigena,FALSE,FALSE,FALSE,0
urn:lsid:dyntaxa.se:TaxonName:8753,Opegrapha fuscella,species,"",Fungi,Ascomycota,Arthoniomycetes,Arthoniales,Opegraphaceae,"",opegrapha fuscella,FALSE,FALSE,FALSE,0
urn:lsid:dyntaxa.se:TaxonName:8752,Opegrapha hapaleoides,species,"",Fungi,Ascomycota,Arthoniomycetes,Arthoniales,Opegraphaceae,"",opegrapha hapaleoides,FALSE,FALSE,FALSE,0
urn:lsid:dyntaxa.se:TaxonName:149576,Opegrapha herbarum,species,"",Fungi,Ascomycota,Arthoniomycetes,Arthoniales,Lecanographaceae,"",opegrapha herbarum,FALSE,FALSE,FALSE,0
urn:lsid:dyntaxa.se:TaxonName:149548,Opegrapha illecebrosa,species,"",Fungi,Ascomycota,Arthoniomycetes,Arthoniales,Lecanographaceae,"",opegrapha illecebrosa,FALSE,FALSE,FALSE,0
urn:lsid:dyntaxa.se:TaxonName:149549,Opegrapha lyncea,species,"",Fungi,Ascomycota,Arthoniomycetes,Arthoniales,Lecanographaceae,"",opegrapha lyncea,FALSE,FALSE,FALSE,0
urn:lsid:dyntaxa.se:TaxonName:8764,Opegrapha nothella,species,"",Fungi,Ascomycota,Arthoniomycetes,Arthoniales,Lecanographaceae,"",opegrapha nothella,FALSE,FALSE,FALSE,0
urn:lsid:dyntaxa.se:TaxonName:142819,Opegrapha ochrocheila,species,"",Fungi,Ascomycota,Arthoniomycetes,Arthoniales,Lecanographaceae,"",opegrapha ochrocheila,FALSE,FALSE,FALSE,0
urn:lsid:dyntaxa.se:TaxonName:226586,Opegrapha premnea,species,"",Fungi,Ascomycota,Arthoniomycetes,Arthoniales,Opegraphaceae,"",opegrapha premnea,FALSE,FALSE,FALSE,0
urn:lsid:dyntaxa.se:TaxonName:8733,Opegrapha rubescens,species,"",Fungi,Ascomycota,Arthoniomycetes,Arthoniales,Lecanographaceae,"",opegrapha rubescens,FALSE,FALSE,FALSE,0
urn:lsid:dyntaxa.se:TaxonName:8726,Opegrapha turneri,species,"",Fungi,Ascomycota,Arthoniomycetes,Arthoniales,Lecanographaceae,"",opegrapha turneri,FALSE,FALSE,FALSE,0
urn:lsid:dyntaxa.se:TaxonName:8724,Opegrapha varia v. herbarum,species,"",Fungi,Ascomycota,Arthoniomycetes,Arthoniales,Lecanographaceae,"",opegrapha varia,FALSE,FALSE,FALSE,0
urn:lsid:dyntaxa.se:TaxonName:142831,Opegrapha zwackhii,species,"",Fungi,Ascomycota,Arthoniomycetes,Arthoniales,Lecanographaceae,"",opegrapha zwackhii,FALSE,FALSE,FALSE,0
urn:lsid:dyntaxa.se:TaxonName:247496,Ophiocoma balli,species,"",Animalia,Echinodermata,Ophiuroidea,Ophiurida,Ophiactidae,"",ophiocoma balli,FALSE,FALSE,FALSE,0
urn:lsid:dyntaxa.se:TaxonName:247499,Ophiocoma goodsiri,species,"",Animalia,Echinodermata,Ophiuroidea,Ophiurida,Ophiactidae,"",ophiocoma goodsiri,FALSE,FALSE,FALSE,0
urn:lsid:dyntaxa.se:Taxon:415,Ophiocordyceps gracilis,species,NT,Fungi,Ascomycota,Sordariomycetes,Hypocreales,Ophiocordycipitaceae,native,ophiocordyceps gracilis,FALSE,FALSE,FALSE,0
urn:lsid:dyntaxa.se:TaxonName:89893,Ophiocordyceps gracilis,species,"",Fungi,Ascomycota,Sordariomycetes,Hypocreales,Ophiocordycipitaceae,"",ophiocordyceps gracilis,FALSE,FALSE,FALSE,0
urn:lsid:dyntaxa.se:TaxonName:247706,Ophiolepis robusta,species,"",Animalia,Echinodermata,Ophiuroidea,Ophiurida,Ophiuridae,"",ophiolepis robusta,FALSE,FALSE,FALSE,0
urn:lsid:dyntaxa.se:Taxon:6040049,Ophion artemisiae,species,NT,Animalia,Arthropoda,Insecta,Hymenoptera,Ichneumonidae,native,ophion artemisiae,FALSE,FALSE,FALSE,0
urn:lsid:dyntaxa.se:Taxon:6040048,Ophion dispar,species,VU,Animalia,Arthropoda,Insecta,Hymenoptera,Ichneumonidae,native,ophion dispar,FALSE,FALSE,FALSE,0
urn:lsid:dyntaxa.se:Taxon:6011206,Ophion forticornis,species,EN,Animalia,Arthropoda,Insecta,Hymenoptera,Ichneumonidae,native,ophion forticornis,FALSE,FALSE,FALSE,0
urn:lsid:dyntaxa.se:TaxonName:302811,Ophion merdarius,species,"",Animalia,Arthropoda,Insecta,Hymenoptera,Ichneumonidae,"",ophion merdarius,FALSE,FALSE,FALSE,0
urn:lsid:dyntaxa.se:Taxon:6040047,Ophion subarcticus,species,DD,Animalia,Arthropoda,Insecta,Hymenoptera,Ichneumonidae,native,ophion subarcticus,FALSE,FALSE,FALSE,0
urn:lsid:dyntaxa.se:TaxonName:331205,Ophion tournieri,species,"",Animalia,Arthropoda,Insecta,Hymenoptera,Ichneumonidae,"",ophion tournieri,FALSE,FALSE,FALSE,0
urn:lsid:dyntaxa.se:TaxonName:247637,Ophiopeltis securigera,species,"",Animalia,Echinodermata,Ophiuroidea,Ophiurida,Amphiuridae,"",ophiopeltis securigera,FALSE,FALSE,FALSE,0
urn:lsid:dyntaxa.se:TaxonName:247410,Ophioscolex fragilis,species,"",Animalia,Echinodermata,Ophiuroidea,Ophiurida,Ophiomyxidae,"",ophioscolex fragilis,FALSE,FALSE,FALSE,0
urn:lsid:dyntaxa.se:TaxonName:39514,Ophiovalsa hypodermia,species,"",Fungi,Ascomycota,Sordariomycetes,Diaporthales,Gnomoniaceae,"",ophiovalsa hypodermia,FALSE,FALSE,FALSE,0
urn:lsid:dyntaxa.se:TaxonName:247547,Ophiura elegans,species,"",Animalia,Echinodermata,Ophiuroidea,Ophiurida,Amphiuridae,"",ophiura elegans,FALSE,FALSE,FALSE,0
urn:lsid:dyntaxa.se:TaxonName:247708,Ophiura fasciculata,species,"",Animalia,Echinodermata,Ophiuroidea,Ophiurida,Ophiuridae,"",ophiura fasciculata,FALSE,FALSE,FALSE,0
urn:lsid:dyntaxa.se:TaxonName:247548,Ophiura neglecta,species,"",Animalia,Echinodermata,Ophiuroidea,Ophiurida,Amphiuridae,"",ophiura neglecta,FALSE,FALSE,FALSE,0
urn:lsid:dyntaxa.se:TaxonName:247709,Ophiura squamosa,species,"",Animalia,Echinodermata,Ophiuroidea,Ophiurida,Ophiuridae,"",ophiura squamosa,FALSE,FALSE,FALSE,0
urn:lsid:dyntaxa.se:TaxonName:247241,Ophiuraster patersoni,species,"",Animalia,Echinodermata,Ophiuroidea,Euryalida,Asteronychidae,"",ophiuraster patersoni,FALSE,FALSE,FALSE,0
urn:lsid:dyntaxa.se:TaxonName:237178,Orchestes rufus,species,"",Animalia,Arthropoda,Insecta,Coleoptera,Curculionidae,"",orchestes rufus,FALSE,FALSE,FALSE,0
urn:lsid:dyntaxa.se:TaxonName:257879,Orchestia deshayesii,species,"",Animalia,Arthropoda,Malacostraca,Amphipoda,Talitridae,"",orchestia deshayesii,FALSE,FALSE,FALSE,0
urn:lsid:dyntaxa.se:TaxonName:436825,Orchestia gammarella,species,"",Animalia,Arthropoda,Malacostraca,Amphipoda,Talitridae,"",orchestia gammarella,FALSE,FALSE,FALSE,0
urn:lsid:dyntaxa.se:TaxonName:87282,Orchis impudica,subspecies,"",Plantae,Tracheophyta,Liliopsida,Asparagales,Orchidaceae,"",orchis impudica,FALSE,FALSE,FALSE,0
urn:lsid:dyntaxa.se:TaxonName:87283,Orchis incarnata ssp. majalis,subspecies,"",Plantae,Tracheophyta,Liliopsida,Asparagales,Orchidaceae,"",orchis incarnata,FALSE,FALSE,FALSE,0
urn:lsid:dyntaxa.se:TaxonName:87281,Orchis latifolia,subspecies,"",Plantae,Tracheophyta,Liliopsida,Asparagales,Orchidaceae,"",orchis latifolia,FALSE,FALSE,FALSE,0
urn:lsid:dyntaxa.se:TaxonName:87343,Orchis laxiflora ssp. palustris,species,"",Plantae,Tracheophyta,Liliopsida,Asparagales,Orchidaceae,"",orchis laxiflora,FALSE,FALSE,FALSE,0
urn:lsid:dyntaxa.se:TaxonName:411808,Orchis laxiflora subsp. palustris,species,"",Plantae,Tracheophyta,Liliopsida,Asparagales,Orchidaceae,"",orchis laxiflora,FALSE,FALSE,FALSE,0
urn:lsid:dyntaxa.se:TaxonName:87280,Orchis majalis,subspecies,"",Plantae,Tracheophyta,Liliopsida,Asparagales,Orchidaceae,"",orchis majalis,FALSE,FALSE,FALSE,0
urn:lsid:dyntaxa.se:TaxonName:24853,Orchis palustris,species,"",Plantae,Tracheophyta,Liliopsida,Asparagales,Orchidaceae,"",orchis palustris,FALSE,FALSE,FALSE,0
urn:lsid:dyntaxa.se:TaxonName:248412,Orcula barthii,species,"",Animalia,Echinodermata,Holothuroidea,Dendrochirotida,Cucumariidae,"",orcula barthii,FALSE,FALSE,FALSE,0
urn:lsid:dyntaxa.se:TaxonName:46579,Orgyia ericae,species,"",Animalia,Arthropoda,Insecta,Lepidoptera,Erebidae,"",orgyia ericae,FALSE,FALSE,FALSE,0
urn:lsid:dyntaxa.se:TaxonName:227853,Ornatinephroma resupinatum var. helveticum,species,"",Fungi,Ascomycota,Lecanoromycetes,Peltigerales,Nephromataceae,"",ornatinephroma resupinatum,FALSE,FALSE,FALSE,0
urn:lsid:dyntaxa.se:Taxon:244701,Ornatoscalpellum stroemi,species,VU,Animalia,Arthropoda,Maxillopoda,Thoracica,Scalpellidae,native,ornatoscalpellum stroemi,FALSE,FALSE,FALSE,0
urn:lsid:dyntaxa.se:TaxonName:82213,Orobanche cirsii,species,"",Plantae,Tracheophyta,Magnoliopsida,Lamiales,Orobanchaceae,"",orobanche cirsii,FALSE,FALSE,FALSE,0
urn:lsid:dyntaxa.se:TaxonName:82201,Orobanche epithymum,species,"",Plantae,Tracheophyta,Magnoliopsida,Lamiales,Orobanchaceae,"",orobanche epithymum,FALSE,FALSE,FALSE,0
urn:lsid:dyntaxa.se:TaxonName:82206,Orobanche loricata,species,"",Plantae,Tracheophyta,Magnoliopsida,Lamiales,Orobanchaceae,"",orobanche loricata,FALSE,FALSE,FALSE,0
urn:lsid:dyntaxa.se:TaxonName:82214,Orobanche pallidiflora,species,"",Plantae,Tracheophyta,Magnoliopsida,Lamiales,Orobanchaceae,"",orobanche pallidiflora,FALSE,FALSE,FALSE,0
urn:lsid:dyntaxa.se:Taxon:1128,Orobanche purpurea,species,CR,Plantae,Tracheophyta,Magnoliopsida,Lamiales,Orobanchaceae,native,orobanche purpurea,FALSE,FALSE,FALSE,0
urn:lsid:dyntaxa.se:TaxonName:72554,Orobus niger,species,"",Plantae,Tracheophyta,Magnoliopsida,Fabales,Fabaceae,"",orobus niger,FALSE,FALSE,FALSE,0
urn:lsid:dyntaxa.se:TaxonName:96671,Orodemnias fridolini,species,"",Animalia,Arthropoda,Insecta,Lepidoptera,Erebidae,"",orodemnias fridolini,FALSE,FALSE,FALSE,0
urn:lsid:dyntaxa.se:TaxonName:112039,Orodemnias puengeleri,species,"",Animalia,Arthropoda,Insecta,Lepidoptera,Erebidae,"",orodemnias puengeleri,FALSE,FALSE,FALSE,0
urn:lsid:dyntaxa.se:TaxonName:102787,Orthocis pygmaeus,species,"",Animalia,Arthropoda,Insecta,Coleoptera,Ciidae,"",orthocis pygmaeus,FALSE,FALSE,FALSE,0
urn:lsid:dyntaxa.se:TaxonName:25367,Orthocis rhododactylus,species,"",Animalia,Arthropoda,Insecta,Coleoptera,Ciidae,"",orthocis rhododactylus,FALSE,FALSE,FALSE,0
urn:lsid:dyntaxa.se:TaxonName:126435,Orthopleura sanguinicollis,species,"",Animalia,Arthropoda,Insecta,Coleoptera,Cleridae,"",orthopleura sanguinicollis,FALSE,FALSE,FALSE,0
urn:lsid:dyntaxa.se:TaxonName:224395,Orthothecium chryseum,species,"",Plantae,Bryophyta,Bryopsida,Hypnales,Plagiotheciaceae,"",orthothecium chryseum,FALSE,FALSE,FALSE,0
urn:lsid:dyntaxa.se:TaxonName:53554,Orthotricha angustella,species,"",Animalia,Arthropoda,Insecta,Trichoptera,Hydroptilidae,"",orthotricha angustella,FALSE,FALSE,FALSE,0
urn:lsid:dyntaxa.se:TaxonName:53555,Orthotricha tragetti,species,"",Animalia,Arthropoda,Insecta,Trichoptera,Hydroptilidae,"",orthotricha tragetti,FALSE,FALSE,FALSE,0
urn:lsid:dyntaxa.se:Taxon:233334,Orthotrichum laevigatum,species,DD,Plantae,Bryophyta,Bryopsida,Orthotrichales,Orthotrichaceae,native,orthotrichum laevigatum,FALSE,FALSE,FALSE,0
urn:lsid:dyntaxa.se:TaxonName:9836,Orthotrichum obscurum,species,"",Plantae,Bryophyta,Bryopsida,Orthotrichales,Orthotrichaceae,"",orthotrichum obscurum,FALSE,FALSE,FALSE,0
urn:lsid:dyntaxa.se:TaxonName:9837,Orthotrichum pallidum,species,"",Plantae,Bryophyta,Bryopsida,Orthotrichales,Orthotrichaceae,"",orthotrichum pallidum,FALSE,FALSE,FALSE,0
urn:lsid:dyntaxa.se:TaxonName:9838,Orthotrichum paradoxum,species,"",Plantae,Bryophyta,Bryopsida,Orthotrichales,Orthotrichaceae,"",orthotrichum paradoxum,FALSE,FALSE,FALSE,0
urn:lsid:dyntaxa.se:TaxonName:144382,"Oryssus coronatus Fabricius, 1798",species,"",Animalia,Arthropoda,Insecta,Hymenoptera,Orussidae,"",oryssus coronatus,FALSE,FALSE,FALSE,0
urn:lsid:dyntaxa.se:TaxonName:90849,Oryza clandestina,species,"",Plantae,Tracheophyta,Liliopsida,Poales,Poaceae,"",oryza clandestina,FALSE,FALSE,FALSE,0
urn:lsid:dyntaxa.se:TaxonName:90848,Oryza oryzoides,species,"",Plantae,Tracheophyta,Liliopsida,Poales,Poaceae,"",oryza oryzoides,FALSE,FALSE,FALSE,0
urn:lsid:dyntaxa.se:Taxon:6021654,Osmia disjuncta,species,DD,Animalia,Arthropoda,Insecta,Hymenoptera,Megachilidae,native,osmia disjuncta,FALSE,FALSE,FALSE,0
urn:lsid:dyntaxa.se:TaxonName:327441,Osmia mitis,species,"",Animalia,Arthropoda,Insecta,Hymenoptera,Megachilidae,"",osmia mitis,FALSE,FALSE,FALSE,0
urn:lsid:dyntaxa.se:TaxonName:238702,Osmoderma coriarium,species,"",Animalia,Arthropoda,Insecta,Coleoptera,Scarabaeidae,"",osmoderma coriarium,FALSE,FALSE,FALSE,0
urn:lsid:dyntaxa.se:Taxon:714,Osmoporus protractus,species,VU,Fungi,Basidiomycota,Agaricomycetes,Gloeophyllales,Gloeophyllaceae,native,osmoporus protractus,FALSE,FALSE,FALSE,0
urn:lsid:dyntaxa.se:TaxonName:51756,Osmunda lanceolata,species,"",Plantae,Tracheophyta,Psilotopsida,Ophioglossales,Ophioglossaceae,"",osmunda lanceolata,FALSE,FALSE,FALSE,0
urn:lsid:dyntaxa.se:TaxonName:51759,Osmunda lunaria,species,"",Plantae,Tracheophyta,Psilotopsida,Ophioglossales,Ophioglossaceae,"",osmunda lunaria,FALSE,FALSE,FALSE,0
urn:lsid:dyntaxa.se:TaxonName:51770,Osmunda multifida,species,"",Plantae,Tracheophyta,Psilotopsida,Ophioglossales,Ophioglossaceae,"",osmunda multifida,FALSE,FALSE,FALSE,0
urn:lsid:dyntaxa.se:TaxonName:51772,Osmunda virginiana,species,"",Plantae,Tracheophyta,Psilotopsida,Ophioglossales,Ophioglossaceae,"",osmunda virginiana,FALSE,FALSE,FALSE,0
urn:lsid:dyntaxa.se:TaxonName:269800,Ostrea pusio,species,"",Animalia,Mollusca,Bivalvia,Pectinoida,Pectinidae,"",ostrea pusio,FALSE,FALSE,FALSE,0
urn:lsid:dyntaxa.se:Taxon:5311,Otidea concinna,species,DD,Fungi,Ascomycota,Pezizomycetes,Pezizales,Otideaceae,native,otidea concinna,FALSE,FALSE,FALSE,0
urn:lsid:dyntaxa.se:TaxonName:303301,Otiorrhynchus rugifrons,species,"",Animalia,Arthropoda,Insecta,Coleoptera,Curculionidae,"",otiorrhynchus rugifrons,FALSE,FALSE,FALSE,0
urn:lsid:dyntaxa.se:Taxon:234367,Oxybelus latidens,species,CR,Animalia,Arthropoda,Insecta,Hymenoptera,Crabronidae,native,oxybelus latidens,FALSE,FALSE,FALSE,0
urn:lsid:dyntaxa.se:TaxonName:424425,Oxybelus mucronatus,species,"",Animalia,Arthropoda,Insecta,Hymenoptera,Crabronidae,"",oxybelus mucronatus,FALSE,FALSE,FALSE,0
urn:lsid:dyntaxa.se:Taxon:101485,Oxycera centralis,species,DD,Animalia,Arthropoda,Insecta,Diptera,Stratiomyidae,native,oxycera centralis,FALSE,FALSE,FALSE,0
urn:lsid:dyntaxa.se:TaxonName:104485,Oxycera falleni,species,"",Animalia,Arthropoda,Insecta,Diptera,Stratiomyidae,"",oxycera falleni,FALSE,FALSE,FALSE,0
urn:lsid:dyntaxa.se:TaxonName:104488,Oxycera meigeni,species,"",Animalia,Arthropoda,Insecta,Diptera,Stratiomyidae,"",oxycera meigeni,FALSE,FALSE,FALSE,0
urn:lsid:dyntaxa.se:TaxonName:97362,Oxychilus glaber,species,"",Animalia,Mollusca,Gastropoda,Stylommatophora,Oxychilidae,"",oxychilus glaber,FALSE,FALSE,FALSE,0
urn:lsid:dyntaxa.se:TaxonName:119918,Oxyporus obduscens,species,"",Fungi,Basidiomycota,Agaricomycetes,Polyporales,Meripilaceae,"",oxyporus obduscens,FALSE,FALSE,FALSE,0
urn:lsid:dyntaxa.se:TaxonName:472193,Oxyporus subacidus,species,"",Fungi,Basidiomycota,Agaricomycetes,Polyporales,Polyporaceae,"",oxyporus subacidus,FALSE,FALSE,FALSE,0
urn:lsid:dyntaxa.se:TaxonName:145589,Oxyptilus distans,species,"",Animalia,Arthropoda,Insecta,Lepidoptera,Pterophoridae,"",oxyptilus distans,FALSE,FALSE,FALSE,0
urn:lsid:dyntaxa.se:TaxonName:106666,Oxyrrhynchium pumilum,species,"",Plantae,Bryophyta,Bryopsida,Hypnales,Brachytheciaceae,"",oxyrrhynchium pumilum,FALSE,FALSE,FALSE,0
urn:lsid:dyntaxa.se:TaxonName:224578,Oxyrrhynchium pumilum,species,"",Plantae,Bryophyta,Bryopsida,Hypnales,Brachytheciaceae,"",oxyrrhynchium pumilum,FALSE,FALSE,FALSE,0
urn:lsid:dyntaxa.se:TaxonName:19207,Oxytelus nitidulus,species,"",Animalia,Arthropoda,Insecta,Coleoptera,Staphylinidae,"",oxytelus nitidulus,FALSE,FALSE,FALSE,0
urn:lsid:dyntaxa.se:TaxonName:19209,Oxytelus pumilus,species,"",Animalia,Arthropoda,Insecta,Coleoptera,Staphylinidae,"",oxytelus pumilus,FALSE,FALSE,FALSE,0
urn:lsid:dyntaxa.se:TaxonName:158659,Pachylopus maritimus,species,"",Animalia,Arthropoda,Insecta,Coleoptera,Histeridae,"",pachylopus maritimus,FALSE,FALSE,FALSE,0
urn:lsid:dyntaxa.se:TaxonName:8780,Pachyphiale cornea,species,"",Fungi,Ascomycota,Lecanoromycetes,Ostropales,Gyalectaceae,"",pachyphiale cornea,FALSE,FALSE,FALSE,0
urn:lsid:dyntaxa.se:TaxonName:142839,Pachyphiale ophiospora,species,"",Fungi,Ascomycota,Lecanoromycetes,Ostropales,Gyalectaceae,"",pachyphiale ophiospora,FALSE,FALSE,FALSE,0
urn:lsid:dyntaxa.se:TaxonName:434196,Pachyphlodes citrinus,species,"",Fungi,Ascomycota,Pezizomycetes,Pezizales,Pezizaceae,"",pachyphlodes citrinus,FALSE,FALSE,FALSE,0
urn:lsid:dyntaxa.se:TaxonName:434239,Pachyphlodes melanoxanthus,species,"",Fungi,Ascomycota,Pezizomycetes,Pezizales,Pezizaceae,"",pachyphlodes melanoxanthus,FALSE,FALSE,FALSE,0
urn:lsid:dyntaxa.se:TaxonName:16653,Pachyphloeus citrinus,species,"",Fungi,Ascomycota,Pezizomycetes,Pezizales,Pezizaceae,"",pachyphloeus citrinus,FALSE,FALSE,FALSE,0
urn:lsid:dyntaxa.se:TaxonName:16655,Pachyphloeus melanoxanthus,species,"",Fungi,Ascomycota,Pezizomycetes,Pezizales,Pezizaceae,"",pachyphloeus melanoxanthus,FALSE,FALSE,FALSE,0
urn:lsid:dyntaxa.se:TaxonName:19200,Paederus litoralis,species,"",Animalia,Arthropoda,Insecta,Coleoptera,Staphylinidae,"",paederus litoralis,FALSE,FALSE,FALSE,0
urn:lsid:dyntaxa.se:TaxonName:19199,Paederus ruficollis,species,"",Animalia,Arthropoda,Insecta,Coleoptera,Staphylinidae,"",paederus ruficollis,FALSE,FALSE,FALSE,0
urn:lsid:dyntaxa.se:TaxonName:270347,Pagurus rugosus,species,"",Animalia,Arthropoda,Malacostraca,Decapoda,Munididae,"",pagurus rugosus,FALSE,FALSE,FALSE,0
urn:lsid:dyntaxa.se:TaxonName:160867,Palaemonetes varians,species,"",Animalia,Arthropoda,Malacostraca,Decapoda,Palaemonidae,"",palaemonetes varians,FALSE,FALSE,FALSE,0
urn:lsid:dyntaxa.se:TaxonName:5523,Palliolum furtivum,species,"",Animalia,Mollusca,Bivalvia,Pectinoida,Pectinidae,"",palliolum furtivum,FALSE,FALSE,FALSE,0
urn:lsid:dyntaxa.se:TaxonName:94162,Panellus patellaris,species,"",Fungi,Basidiomycota,Agaricomycetes,Agaricales,Mycenaceae,"",panellus patellaris,FALSE,FALSE,FALSE,0
urn:lsid:dyntaxa.se:Taxon:102475,Panemeria tenebrata,species,RE,Animalia,Arthropoda,Insecta,Lepidoptera,Noctuidae,native,panemeria tenebrata,FALSE,FALSE,FALSE,0
urn:lsid:dyntaxa.se:TaxonName:149552,Pannaria ahlneri,species,"",Fungi,Ascomycota,Lecanoromycetes,Peltigerales,Pannariaceae,"",pannaria ahlneri,FALSE,FALSE,FALSE,0
urn:lsid:dyntaxa.se:TaxonName:8785,Pannaria caeruleobadia,species,"",Fungi,Ascomycota,Lecanoromycetes,Peltigerales,Pannariaceae,"",pannaria caeruleobadia,FALSE,FALSE,FALSE,0
urn:lsid:dyntaxa.se:TaxonName:149553,Pannaria confusa,species,"",Fungi,Ascomycota,Lecanoromycetes,Peltigerales,Pannariaceae,"",pannaria confusa,FALSE,FALSE,FALSE,0
urn:lsid:dyntaxa.se:TaxonName:8787,Pannaria leucolepis,species,"",Fungi,Ascomycota,Lecanoromycetes,Peltigerales,Pannariaceae,"",pannaria leucolepis,FALSE,FALSE,FALSE,0
urn:lsid:dyntaxa.se:TaxonName:149555,Pannaria mediterranea,species,"",Fungi,Ascomycota,Lecanoromycetes,Peltigerales,Pannariaceae,"",pannaria mediterranea,FALSE,FALSE,FALSE,0
urn:lsid:dyntaxa.se:TaxonName:6938,Pannaria nebulosa,species,"",Fungi,Ascomycota,Lecanoromycetes,Peltigerales,Pannariaceae,"",pannaria nebulosa,FALSE,FALSE,FALSE,0
urn:lsid:dyntaxa.se:TaxonName:2743,Pannaria pedicellata,species,"",Fungi,Ascomycota,Lecanoromycetes,Peltigerales,Pannariaceae,"",pannaria pedicellata,FALSE,FALSE,FALSE,0
urn:lsid:dyntaxa.se:TaxonName:8784,Pannaria pityrea,species,"",Fungi,Ascomycota,Lecanoromycetes,Peltigerales,Pannariaceae,"",pannaria pityrea,FALSE,FALSE,FALSE,0
urn:lsid:dyntaxa.se:TaxonName:2631,Pannaria plumbea,species,"",Fungi,Ascomycota,Lecanoromycetes,Peltigerales,Pannariaceae,"",pannaria plumbea,FALSE,FALSE,FALSE,0
urn:lsid:dyntaxa.se:TaxonName:149558,Pannaria sampaiana,species,"",Fungi,Ascomycota,Lecanoromycetes,Peltigerales,Pannariaceae,"",pannaria sampaiana,FALSE,FALSE,FALSE,0
urn:lsid:dyntaxa.se:TaxonName:160768,Panningia hyndmanni,species,"",Animalia,Echinodermata,Holothuroidea,Dendrochirotida,Cucumariidae,"",panningia hyndmanni,FALSE,FALSE,FALSE,0
urn:lsid:dyntaxa.se:TaxonName:428835,Panomya arctica,species,"",Animalia,Mollusca,Bivalvia,"Euheterodonta, families incertae sedis",Hiatellidae,"",panomya arctica,FALSE,FALSE,FALSE,0
urn:lsid:dyntaxa.se:TaxonName:26144,Panus tigrinus,species,"",Fungi,Basidiomycota,Agaricomycetes,Polyporales,Polyporaceae,"",panus tigrinus,FALSE,FALSE,FALSE,0
urn:lsid:dyntaxa.se:TaxonName:468162,Panus tigrinus,species,"",Fungi,Basidiomycota,Agaricomycetes,Polyporales,Polyporaceae,"",panus tigrinus,FALSE,FALSE,FALSE,0
urn:lsid:dyntaxa.se:TaxonName:45188,Papaver gjaerevollii,subspecies,"",Plantae,Tracheophyta,Magnoliopsida,Ranunculales,Papaveraceae,"",papaver gjaerevollii,FALSE,FALSE,FALSE,0
urn:lsid:dyntaxa.se:TaxonName:64992,Papaver nordhagenianum,species,"",Plantae,Tracheophyta,Magnoliopsida,Ranunculales,Papaveraceae,"",papaver nordhagenianum,FALSE,FALSE,FALSE,0
urn:lsid:dyntaxa.se:TaxonName:45189,Papaver nordhagenianum ssp. ovatilobum,subspecies,"",Plantae,Tracheophyta,Magnoliopsida,Ranunculales,Papaveraceae,"",papaver nordhagenianum,FALSE,FALSE,FALSE,0
urn:lsid:dyntaxa.se:TaxonName:45190,Papaver nordhagenianum var. gjaerevollii,subspecies,"",Plantae,Tracheophyta,Magnoliopsida,Ranunculales,Papaveraceae,"",papaver nordhagenianum,FALSE,FALSE,FALSE,0
urn:lsid:dyntaxa.se:TaxonName:45191,Papaver nordhagenianum var. ovatilobum,subspecies,"",Plantae,Tracheophyta,Magnoliopsida,Ranunculales,Papaveraceae,"",papaver nordhagenianum,FALSE,FALSE,FALSE,0
urn:lsid:dyntaxa.se:TaxonName:64995,Papaver nordhagenianum var. nordhagenianum,subspecies,"",Plantae,Tracheophyta,Magnoliopsida,Ranunculales,Papaveraceae,"",papaver nordhagenianum,FALSE,FALSE,FALSE,0
urn:lsid:dyntaxa.se:TaxonName:262376,Papilio achine,species,"",Animalia,Arthropoda,Insecta,Lepidoptera,Nymphalidae,"",papilio achine,FALSE,FALSE,FALSE,0
urn:lsid:dyntaxa.se:TaxonName:105356,Papilio agryrognomon,species,"",Animalia,Arthropoda,Insecta,Lepidoptera,Lycaenidae,"",papilio agryrognomon,FALSE,FALSE,FALSE,0
urn:lsid:dyntaxa.se:TaxonName:105347,Papilio alcon,species,"",Animalia,Arthropoda,Insecta,Lepidoptera,Lycaenidae,"",papilio alcon,FALSE,FALSE,FALSE,0
urn:lsid:dyntaxa.se:TaxonName:101078,Papilio alveus,species,"",Animalia,Arthropoda,Insecta,Lepidoptera,Hesperiidae,"",papilio alveus,FALSE,FALSE,FALSE,0
urn:lsid:dyntaxa.se:TaxonName:101139,Papilio apollo,species,"",Animalia,Arthropoda,Insecta,Lepidoptera,Papilionidae,"",papilio apollo,FALSE,FALSE,FALSE,0
urn:lsid:dyntaxa.se:TaxonName:105346,Papilio arion,species,"",Animalia,Arthropoda,Insecta,Lepidoptera,Lycaenidae,"",papilio arion,FALSE,FALSE,FALSE,0
urn:lsid:dyntaxa.se:TaxonName:262373,Papilio aurinia,species,"",Animalia,Arthropoda,Insecta,Lepidoptera,Nymphalidae,"",papilio aurinia,FALSE,FALSE,FALSE,0
urn:lsid:dyntaxa.se:TaxonName:105859,Papilio bore,species,"",Animalia,Arthropoda,Insecta,Lepidoptera,Nymphalidae,"",papilio bore,FALSE,FALSE,FALSE,0
urn:lsid:dyntaxa.se:TaxonName:105741,Papilio camilla,species,"",Animalia,Arthropoda,Insecta,Lepidoptera,Nymphalidae,"",papilio camilla,FALSE,FALSE,FALSE,0
urn:lsid:dyntaxa.se:TaxonName:105731,Papilio cinxia,species,"",Animalia,Arthropoda,Insecta,Lepidoptera,Nymphalidae,"",papilio cinxia,FALSE,FALSE,FALSE,0
urn:lsid:dyntaxa.se:TaxonName:101136,Papilio comma,species,"",Animalia,Arthropoda,Insecta,Lepidoptera,Hesperiidae,"",papilio comma,FALSE,FALSE,FALSE,0
urn:lsid:dyntaxa.se:TaxonName:105315,Papilio daplidice,species,"",Animalia,Arthropoda,Insecta,Lepidoptera,Pieridae,"",papilio daplidice,FALSE,FALSE,FALSE,0
urn:lsid:dyntaxa.se:TaxonName:105732,Papilio diamina,species,"",Animalia,Arthropoda,Insecta,Lepidoptera,Nymphalidae,"",papilio diamina,FALSE,FALSE,FALSE,0
urn:lsid:dyntaxa.se:TaxonName:105405,Papilio dorylas,species,"",Animalia,Arthropoda,Insecta,Lepidoptera,Lycaenidae,"",papilio dorylas,FALSE,FALSE,FALSE,0
urn:lsid:dyntaxa.se:TaxonName:105316,Papilio edusa,species,"",Animalia,Arthropoda,Insecta,Lepidoptera,Pieridae,"",papilio edusa,FALSE,FALSE,FALSE,0
urn:lsid:dyntaxa.se:TaxonName:362514,Papilio eurybia,species,"",Animalia,Arthropoda,Insecta,Lepidoptera,Lycaenidae,"",papilio eurybia,FALSE,FALSE,FALSE,0
urn:lsid:dyntaxa.se:TaxonName:105419,Papilio helle,species,"",Animalia,Arthropoda,Insecta,Lepidoptera,Lycaenidae,"",papilio helle,FALSE,FALSE,FALSE,0
urn:lsid:dyntaxa.se:TaxonName:105817,Papilio hero,species,"",Animalia,Arthropoda,Insecta,Lepidoptera,Nymphalidae,"",papilio hero,FALSE,FALSE,FALSE,0
urn:lsid:dyntaxa.se:TaxonName:105462,Papilio hippothoe,species,"",Animalia,Arthropoda,Insecta,Lepidoptera,Lycaenidae,"",papilio hippothoe,FALSE,FALSE,FALSE,0
urn:lsid:dyntaxa.se:TaxonName:105474,Papilio ilicis,species,"",Animalia,Arthropoda,Insecta,Lepidoptera,Lycaenidae,"",papilio ilicis,FALSE,FALSE,FALSE,0
urn:lsid:dyntaxa.se:TaxonName:105486,Papilio lucina,species,"",Animalia,Arthropoda,Insecta,Lepidoptera,Riodinidae,"",papilio lucina,FALSE,FALSE,FALSE,0
urn:lsid:dyntaxa.se:TaxonName:105728,Papilio maturna,species,"",Animalia,Arthropoda,Insecta,Lepidoptera,Nymphalidae,"",papilio maturna,FALSE,FALSE,FALSE,0
urn:lsid:dyntaxa.se:TaxonName:105332,Papilio minimus,species,"",Animalia,Arthropoda,Insecta,Lepidoptera,Lycaenidae,"",papilio minimus,FALSE,FALSE,FALSE,0
urn:lsid:dyntaxa.se:TaxonName:261503,Papilio mnemosyne,species,"",Animalia,Arthropoda,Insecta,Lepidoptera,Papilionidae,"",papilio mnemosyne,FALSE,FALSE,FALSE,0
urn:lsid:dyntaxa.se:TaxonName:105557,Papilio niobe,species,"",Animalia,Arthropoda,Insecta,Lepidoptera,Nymphalidae,"",papilio niobe,FALSE,FALSE,FALSE,0
urn:lsid:dyntaxa.se:TaxonName:105342,Papilio orion,species,"",Animalia,Arthropoda,Insecta,Lepidoptera,Lycaenidae,"",papilio orion,FALSE,FALSE,FALSE,0
urn:lsid:dyntaxa.se:TaxonName:105467,Papilio w-album,species,"",Animalia,Arthropoda,Insecta,Lepidoptera,Lycaenidae,"",papilio w-album,FALSE,FALSE,FALSE,0
urn:lsid:dyntaxa.se:TaxonName:97835,Paraclusia tigrina,species,"",Animalia,Arthropoda,Insecta,Diptera,Clusiidae,"",paraclusia tigrina,FALSE,FALSE,FALSE,0
urn:lsid:dyntaxa.se:TaxonName:247439,Paracorymbia scutellata,species,"",Animalia,Arthropoda,Insecta,Coleoptera,Cerambycidae,"",paracorymbia scutellata,FALSE,FALSE,FALSE,0
urn:lsid:dyntaxa.se:Taxon:218156,Paracoryphella parva,species,CR,Animalia,Mollusca,Gastropoda,Nudibranchia,Paracoryphellidae,native,paracoryphella parva,FALSE,FALSE,FALSE,0
urn:lsid:dyntaxa.se:TaxonName:155724,Paracucumaria hyndmani,species,"",Animalia,Echinodermata,Holothuroidea,Dendrochirotida,Cucumariidae,"",paracucumaria hyndmani,FALSE,FALSE,FALSE,0
urn:lsid:dyntaxa.se:TaxonName:19194,Paragabrius rubripennis,species,"",Animalia,Arthropoda,Insecta,Coleoptera,Staphylinidae,"",paragabrius rubripennis,FALSE,FALSE,FALSE,0
urn:lsid:dyntaxa.se:TaxonName:396305,Paraisaria dubia,species,"",Fungi,Ascomycota,Sordariomycetes,Hypocreales,Ophiocordycipitaceae,"",paraisaria dubia,FALSE,FALSE,FALSE,0
urn:lsid:dyntaxa.se:Taxon:227520,Paramphitrite tetrabranchia,species,DD,Animalia,Annelida,Polychaeta,Terebellida,Terebellidae,native,paramphitrite tetrabranchia,FALSE,FALSE,FALSE,0
urn:lsid:dyntaxa.se:TaxonName:116622,Paramphitrite tetrabranchiata,species,"",Animalia,Annelida,Polychaeta,Terebellida,Terebellidae,"",paramphitrite tetrabranchiata,FALSE,FALSE,FALSE,0
urn:lsid:dyntaxa.se:TaxonName:300948,Paramuricea kuekenthali,species,"",Animalia,Cnidaria,Anthozoa,Alcyonacea,Plexauridae,"",paramuricea kuekenthali,FALSE,FALSE,FALSE,0
urn:lsid:dyntaxa.se:Taxon:217837,Paramuricea placomus,species,EN,Animalia,Cnidaria,Anthozoa,Alcyonacea,Plexauridae,native,paramuricea placomus,FALSE,FALSE,FALSE,0
urn:lsid:dyntaxa.se:TaxonName:159464,Parapotes reticulata,species,"",Animalia,Arthropoda,Insecta,Hemiptera,Cicadellidae,"",parapotes reticulata,FALSE,FALSE,FALSE,0
urn:lsid:dyntaxa.se:TaxonName:105754,Pararge achine suecica,subspecies,"",Animalia,Arthropoda,Insecta,Lepidoptera,Nymphalidae,"",pararge achine,FALSE,FALSE,FALSE,0
urn:lsid:dyntaxa.se:TaxonName:105753,Pararge achine rambringi,subspecies,"",Animalia,Arthropoda,Insecta,Lepidoptera,Nymphalidae,"",pararge achine,FALSE,FALSE,FALSE,0
urn:lsid:dyntaxa.se:TaxonName:123837,Parascidia flemingi,species,"",Animalia,Chordata,"",Aplousobranchiata,Polyclinidae,"",parascidia flemingi,FALSE,FALSE,FALSE,0
urn:lsid:dyntaxa.se:TaxonName:123834,Parascidia forbesii,species,"",Animalia,Chordata,"",Aplousobranchiata,Polyclinidae,"",parascidia forbesii,FALSE,FALSE,FALSE,0
urn:lsid:dyntaxa.se:TaxonName:123822,Parascidium crispum,species,"",Animalia,Chordata,"",Aplousobranchiata,Polyclinidae,"",parascidium crispum,FALSE,FALSE,FALSE,0
urn:lsid:dyntaxa.se:TaxonName:102213,Paratinus femoralis,species,"",Animalia,Arthropoda,Insecta,Coleoptera,Malachiidae,"",paratinus femoralis,FALSE,FALSE,FALSE,0
urn:lsid:dyntaxa.se:TaxonName:52340,Parietaria erecta,species,"",Plantae,Tracheophyta,Magnoliopsida,Rosales,Urticaceae,"",parietaria erecta,FALSE,FALSE,FALSE,0
urn:lsid:dyntaxa.se:TaxonName:127293,Parmelia aspidota var. elegantula,species,"",Fungi,Ascomycota,Lecanoromycetes,Lecanorales,Parmeliaceae,"",parmelia aspidota,FALSE,FALSE,FALSE,0
urn:lsid:dyntaxa.se:TaxonName:6221,Parmelia austerodes,species,"",Fungi,Ascomycota,Lecanoromycetes,Lecanorales,Parmeliaceae,"",parmelia austerodes,FALSE,FALSE,FALSE,0
urn:lsid:dyntaxa.se:TaxonName:127278,Parmelia bitteri,species,"",Fungi,Ascomycota,Lecanoromycetes,Lecanorales,Parmeliaceae,"",parmelia bitteri,FALSE,FALSE,FALSE,0
urn:lsid:dyntaxa.se:TaxonName:2343,Parmelia cetrarioides,speciesAggregate,"",Fungi,Ascomycota,Lecanoromycetes,Lecanorales,Parmeliaceae,"",parmelia cetrarioides,FALSE,FALSE,FALSE,0
urn:lsid:dyntaxa.se:TaxonName:226557,Parmelia cetrarioides var. rubescens,speciesAggregate,"",Fungi,Ascomycota,Lecanoromycetes,Lecanorales,Parmeliaceae,"",parmelia cetrarioides,FALSE,FALSE,FALSE,0
urn:lsid:dyntaxa.se:TaxonName:227617,Parmelia elegantula,species,"",Fungi,Ascomycota,Lecanoromycetes,Lecanorales,Parmeliaceae,"",parmelia elegantula,FALSE,FALSE,FALSE,0
urn:lsid:dyntaxa.se:TaxonName:227616,Parmelia incolorata,species,"",Fungi,Ascomycota,Lecanoromycetes,Lecanorales,Parmeliaceae,"",parmelia incolorata,FALSE,FALSE,FALSE,0
urn:lsid:dyntaxa.se:TaxonName:6223,Parmelia obscurata,species,"",Fungi,Ascomycota,Lecanoromycetes,Lecanorales,Parmeliaceae,"",parmelia obscurata,FALSE,FALSE,FALSE,0
urn:lsid:dyntaxa.se:TaxonName:6222,Parmelia obscurata v. isidiata,species,"",Fungi,Ascomycota,Lecanoromycetes,Lecanorales,Parmeliaceae,"",parmelia obscurata,FALSE,FALSE,FALSE,0
urn:lsid:dyntaxa.se:TaxonName:226932,Parmelia obscurata,species,"",Fungi,Ascomycota,Lecanoromycetes,Lecanorales,Parmeliaceae,"",parmelia obscurata,FALSE,FALSE,FALSE,0
urn:lsid:dyntaxa.se:TaxonName:2346,Parmelia olivaria,speciesAggregate,"",Fungi,Ascomycota,Lecanoromycetes,Lecanorales,Parmeliaceae,"",parmelia olivaria,FALSE,FALSE,FALSE,0
urn:lsid:dyntaxa.se:TaxonName:2344,Parmelia olivetorum,speciesAggregate,"",Fungi,Ascomycota,Lecanoromycetes,Lecanorales,Parmeliaceae,"",parmelia olivetorum,FALSE,FALSE,FALSE,0
urn:lsid:dyntaxa.se:TaxonName:9324,Parmelia paleacea,species,"",Fungi,Ascomycota,Lecanoromycetes,Peltigerales,Pannariaceae,"",parmelia paleacea,FALSE,FALSE,FALSE,0
urn:lsid:dyntaxa.se:TaxonName:127501,Parmelia pallida var. fuscella,species,"",Fungi,Ascomycota,Lecanoromycetes,Lecanorales,Ramalinaceae,"",parmelia pallida,FALSE,FALSE,FALSE,0
urn:lsid:dyntaxa.se:TaxonName:226558,Parmelia perlata var. olivetorum,speciesAggregate,"",Fungi,Ascomycota,Lecanoromycetes,Lecanorales,Parmeliaceae,"",parmelia perlata,FALSE,FALSE,FALSE,0
urn:lsid:dyntaxa.se:TaxonName:6779,Parmelia pertusa,species,"",Fungi,Ascomycota,Lecanoromycetes,Lecanorales,Parmeliaceae,"",parmelia pertusa,FALSE,FALSE,FALSE,0
urn:lsid:dyntaxa.se:TaxonName:2345,Parmelia rubescens,speciesAggregate,"",Fungi,Ascomycota,Lecanoromycetes,Lecanorales,Parmeliaceae,"",parmelia rubescens,FALSE,FALSE,FALSE,0
urn:lsid:dyntaxa.se:TaxonName:127298,Parmelia subsimilis,species,"",Fungi,Ascomycota,Lecanoromycetes,Lecanorales,Parmeliaceae,"",parmelia subsimilis,FALSE,FALSE,FALSE,0
urn:lsid:dyntaxa.se:TaxonName:127184,Parmelia velata,species,"",Fungi,Ascomycota,Lecanoromycetes,Pertusariales,Ochrolechiaceae,"",parmelia velata,FALSE,FALSE,FALSE,0
urn:lsid:dyntaxa.se:TaxonName:8794,Parmeliella jamesii,species,"",Fungi,Ascomycota,Lecanoromycetes,Peltigerales,Pannariaceae,"",parmeliella jamesii,FALSE,FALSE,FALSE,0
urn:lsid:dyntaxa.se:TaxonName:2630,Parmeliella plumbea,species,"",Fungi,Ascomycota,Lecanoromycetes,Peltigerales,Pannariaceae,"",parmeliella plumbea,FALSE,FALSE,FALSE,0
urn:lsid:dyntaxa.se:TaxonName:128554,Parthenina obtusa,species,"",Animalia,Mollusca,Gastropoda,"",Pyramidellidae,"",parthenina obtusa,FALSE,FALSE,FALSE,0
urn:lsid:dyntaxa.se:TaxonName:153164,Partulida pellucida,species,"",Animalia,Mollusca,Gastropoda,"",Pyramidellidae,"",partulida pellucida,FALSE,FALSE,FALSE,0
urn:lsid:dyntaxa.se:TaxonName:40691,Parus cinctus,species,"",Animalia,Chordata,Aves,Passeriformes,Paridae,"",parus cinctus,FALSE,FALSE,FALSE,0
urn:lsid:dyntaxa.se:TaxonName:129918,Parus cinereus montanus,species,"",Animalia,Chordata,Aves,Passeriformes,Paridae,"",parus cinereus,FALSE,FALSE,FALSE,0
urn:lsid:dyntaxa.se:TaxonName:239206,Parus cinereus montanus,species,"",Animalia,Chordata,Aves,Passeriformes,Paridae,"",parus cinereus,FALSE,FALSE,FALSE,0
urn:lsid:dyntaxa.se:TaxonName:40689,Parus palustris,species,"",Animalia,Chordata,Aves,Passeriformes,Paridae,"",parus palustris,FALSE,FALSE,FALSE,0
urn:lsid:dyntaxa.se:TaxonName:127450,Patellaria laurocerasi,species,"",Fungi,Ascomycota,Lecanoromycetes,Lecanorales,Ramalinaceae,"",patellaria laurocerasi,FALSE,FALSE,FALSE,0
urn:lsid:dyntaxa.se:TaxonName:133165,Patellaria nebulosa,species,"",Fungi,Ascomycota,Lecanoromycetes,Peltigerales,Pannariaceae,"",patellaria nebulosa,FALSE,FALSE,FALSE,0
urn:lsid:dyntaxa.se:TaxonName:226587,Patellaria premnea,species,"",Fungi,Ascomycota,Arthoniomycetes,Arthoniales,Opegraphaceae,"",patellaria premnea,FALSE,FALSE,FALSE,0
urn:lsid:dyntaxa.se:TaxonName:157787,Patellaria pruinata,species,"",Fungi,Ascomycota,Arthoniomycetes,Arthoniales,Arthoniaceae,"",patellaria pruinata,FALSE,FALSE,FALSE,0
urn:lsid:dyntaxa.se:Taxon:101516,Pauropus lanceolatus,species,NT,Animalia,Arthropoda,Pauropoda,Tetramerocerata,Pauropodidae,native,pauropus lanceolatus,FALSE,FALSE,FALSE,0
urn:lsid:dyntaxa.se:TaxonName:301272,Pecten incomparabilis,species,"",Animalia,Mollusca,Bivalvia,Pectinoida,Pectinidae,"",pecten incomparabilis,FALSE,FALSE,FALSE,0
urn:lsid:dyntaxa.se:TaxonName:301413,Pecten sulcatus,species,"",Animalia,Mollusca,Bivalvia,Pectinoida,Pectinidae,"",pecten sulcatus,FALSE,FALSE,FALSE,0
urn:lsid:dyntaxa.se:TaxonName:129411,Pedostrangalia pubescens,species,"",Animalia,Arthropoda,Insecta,Coleoptera,Cerambycidae,"",pedostrangalia pubescens,FALSE,FALSE,FALSE,0
urn:lsid:dyntaxa.se:TaxonName:129683,Pelecanus aristotelis,species,"",Animalia,Chordata,Aves,Suliformes,Phalacrocoracidae,"",pelecanus aristotelis,FALSE,FALSE,FALSE,0
urn:lsid:dyntaxa.se:Taxon:102532,Pelecocera lusitanica,species,VU,Animalia,Arthropoda,Insecta,Diptera,Syrphidae,native,pelecocera lusitanica,FALSE,FALSE,FALSE,0
urn:lsid:dyntaxa.se:TaxonName:36098,Pelecocera lusitanicus,species,"",Animalia,Arthropoda,Insecta,Diptera,Syrphidae,"",pelecocera lusitanicus,FALSE,FALSE,FALSE,0
urn:lsid:dyntaxa.se:Taxon:101570,Pelenomus olssoni,species,VU,Animalia,Arthropoda,Insecta,Coleoptera,Curculionidae,native,pelenomus olssoni,FALSE,FALSE,FALSE,0
urn:lsid:dyntaxa.se:Taxon:1108,Pelloporus leporinus,species,NT,Fungi,Basidiomycota,Agaricomycetes,Hymenochaetales,Hymenochaetaceae,native,pelloporus leporinus,FALSE,FALSE,FALSE,0
urn:lsid:dyntaxa.se:Taxon:1110,Pelloporus triqueter,species,EN,Fungi,Basidiomycota,Agaricomycetes,Hymenochaetales,Hymenochaetaceae,native,pelloporus triqueter,FALSE,FALSE,FALSE,0
urn:lsid:dyntaxa.se:TaxonName:28519,Peltidea variolosa f. britannica,species,"",Fungi,Ascomycota,Lecanoromycetes,Peltigerales,Peltigeraceae,"",peltidea variolosa,FALSE,FALSE,FALSE,0
urn:lsid:dyntaxa.se:TaxonName:227852,Peltigera helvetica,species,"",Fungi,Ascomycota,Lecanoromycetes,Peltigerales,Nephromataceae,"",peltigera helvetica,FALSE,FALSE,FALSE,0
urn:lsid:dyntaxa.se:TaxonName:8808,Peltigera scutata,species,"",Fungi,Ascomycota,Lecanoromycetes,Peltigerales,Peltigeraceae,"",peltigera scutata,FALSE,FALSE,FALSE,0
urn:lsid:dyntaxa.se:TaxonName:135523,Peltigera scutata,species,"",Fungi,Ascomycota,Lecanoromycetes,Peltigerales,Peltigeraceae,"",peltigera scutata,FALSE,FALSE,FALSE,0
urn:lsid:dyntaxa.se:TaxonName:131496,Pempeliella dilutella,species,"",Animalia,Arthropoda,Insecta,Lepidoptera,Pyralidae,"",pempeliella dilutella,FALSE,FALSE,FALSE,0
urn:lsid:dyntaxa.se:Taxon:215320,Pempeliella ornatella,species,NT,Animalia,Arthropoda,Insecta,Lepidoptera,Pyralidae,native,pempeliella ornatella,FALSE,FALSE,FALSE,0
urn:lsid:dyntaxa.se:TaxonName:428771,Pemphredon (Cemonus) enslini,species,"",Animalia,Arthropoda,Insecta,Hymenoptera,Crabronidae,"",pemphredon (cemonus) enslini,FALSE,FALSE,FALSE,0
urn:lsid:dyntaxa.se:Taxon:101523,Pemphredon fennica,species,EN,Animalia,Arthropoda,Insecta,Hymenoptera,Crabronidae,native,pemphredon fennica,FALSE,FALSE,FALSE,0
urn:lsid:dyntaxa.se:TaxonName:104886,Pemphredon fennicus,species,"",Animalia,Arthropoda,Insecta,Hymenoptera,Crabronidae,"",pemphredon fennicus,FALSE,FALSE,FALSE,0
urn:lsid:dyntaxa.se:TaxonName:268825,Pemphredon tristis,species,"",Animalia,Arthropoda,Insecta,Hymenoptera,Crabronidae,"",pemphredon tristis,FALSE,FALSE,FALSE,0
urn:lsid:dyntaxa.se:TaxonName:342717,Peniophora alienata,species,"",Fungi,Basidiomycota,Agaricomycetes,Hymenochaetales,Schizoporaceae,"",peniophora alienata,FALSE,FALSE,FALSE,0
urn:lsid:dyntaxa.se:TaxonName:399677,Peniophora coccineofulva,species,"",Fungi,Basidiomycota,Agaricomycetes,Polyporales,Meruliaceae,"",peniophora coccineofulva,FALSE,FALSE,FALSE,0
urn:lsid:dyntaxa.se:TaxonName:374723,Peniophora cornea,species,"",Fungi,Basidiomycota,Agaricomycetes,Polyporales,Sparassidaceae,"",peniophora cornea,FALSE,FALSE,FALSE,0
urn:lsid:dyntaxa.se:TaxonName:399706,Peniophora danica,species,"",Fungi,Basidiomycota,Agaricomycetes,Polyporales,Meruliaceae,"",peniophora danica,FALSE,FALSE,FALSE,0
urn:lsid:dyntaxa.se:TaxonName:399690,Peniophora egelandii,species,"",Fungi,Basidiomycota,Agaricomycetes,Polyporales,Meruliaceae,"",peniophora egelandii,FALSE,FALSE,FALSE,0
urn:lsid:dyntaxa.se:TaxonName:119932,Peniophora gigantea subsp. cornea,species,"",Fungi,Basidiomycota,Agaricomycetes,Polyporales,Sparassidaceae,"",peniophora gigantea,FALSE,FALSE,FALSE,0
urn:lsid:dyntaxa.se:TaxonName:120125,Peniophora hirtella,species,"",Fungi,Basidiomycota,Agaricomycetes,Hymenochaetales,Hymenochaetaceae,"",peniophora hirtella,FALSE,FALSE,FALSE,0
urn:lsid:dyntaxa.se:TaxonName:114260,Peniophora inornata,species,"",Fungi,Basidiomycota,Agaricomycetes,Hymenochaetales,Hymenochaetaceae,"",peniophora inornata,FALSE,FALSE,FALSE,0
urn:lsid:dyntaxa.se:TaxonName:120054,Peniophora involuta,species,"",Fungi,Basidiomycota,Agaricomycetes,Polyporales,Hyphodermataceae,"",peniophora involuta,FALSE,FALSE,FALSE,0
urn:lsid:dyntaxa.se:TaxonName:343037,Peniophora lindtneri,species,"",Fungi,Basidiomycota,Agaricomycetes,Polyporales,Meruliaceae,"",peniophora lindtneri,FALSE,FALSE,FALSE,0
urn:lsid:dyntaxa.se:TaxonName:399709,Peniophora ludoviciana,species,"",Fungi,Basidiomycota,Agaricomycetes,Polyporales,Meruliaceae,"",peniophora ludoviciana,FALSE,FALSE,FALSE,0
urn:lsid:dyntaxa.se:TaxonName:120047,Peniophora luna,species,"",Fungi,Basidiomycota,Agaricomycetes,Gloeophyllales,Gloeophyllaceae,"",peniophora luna,FALSE,FALSE,FALSE,0
urn:lsid:dyntaxa.se:TaxonName:400344,Peniophora orphanella,species,"",Fungi,Basidiomycota,Agaricomycetes,Polyporales,Hyphodermataceae,"",peniophora orphanella,FALSE,FALSE,FALSE,0
urn:lsid:dyntaxa.se:TaxonName:120042,Peniophora septocystidia,species,"",Fungi,Basidiomycota,Agaricomycetes,Polyporales,"Polyporales, genera incertae sedis","",peniophora septocystidia,FALSE,FALSE,FALSE,0
urn:lsid:dyntaxa.se:TaxonName:398858,Peniophora septocystidiata,species,"",Fungi,Basidiomycota,Agaricomycetes,Polyporales,"Polyporales, genera incertae sedis","",peniophora septocystidiata,FALSE,FALSE,FALSE,0
urn:lsid:dyntaxa.se:TaxonName:398686,Peniophora sulphurina,species,"",Fungi,Basidiomycota,Agaricomycetes,Polyporales,Phanerochaetaceae,"",peniophora sulphurina,FALSE,FALSE,FALSE,0
urn:lsid:dyntaxa.se:TaxonName:374735,Peniophora tabacina,species,"",Fungi,Basidiomycota,Agaricomycetes,Polyporales,Sparassidaceae,"",peniophora tabacina,FALSE,FALSE,FALSE,0
urn:lsid:dyntaxa.se:TaxonName:247091,Pentagonaster granularis,species,"",Animalia,Echinodermata,Asteroidea,Valvatida,Goniasteridae,"",pentagonaster granularis,FALSE,FALSE,FALSE,0
urn:lsid:dyntaxa.se:Taxon:220207,Pentanema conyzae,species,EN,Plantae,Tracheophyta,Magnoliopsida,Asterales,Asteraceae,native,pentanema conyzae,FALSE,FALSE,FALSE,0
urn:lsid:dyntaxa.se:Taxon:101524,Pentanota meuseli,species,VU,Animalia,Arthropoda,Insecta,Coleoptera,Staphylinidae,native,pentanota meuseli,FALSE,FALSE,FALSE,0
urn:lsid:dyntaxa.se:TaxonName:72859,Peplis portula,species,"",Plantae,Tracheophyta,Magnoliopsida,Myrtales,Lythraceae,"",peplis portula,FALSE,FALSE,FALSE,0
urn:lsid:dyntaxa.se:Taxon:1176,Perenniporia fraxinea,species,CR,Fungi,Basidiomycota,Agaricomycetes,Polyporales,Polyporaceae,native,perenniporia fraxinea,FALSE,FALSE,FALSE,0
urn:lsid:dyntaxa.se:TaxonName:16703,Perenniporia fraxinea,species,"",Fungi,Basidiomycota,Agaricomycetes,Polyporales,Polyporaceae,"",perenniporia fraxinea,FALSE,FALSE,FALSE,0
urn:lsid:dyntaxa.se:Taxon:1179,Perenniporia subacida,species,VU,Fungi,Basidiomycota,Agaricomycetes,Polyporales,Polyporaceae,native,perenniporia subacida,FALSE,FALSE,FALSE,0
urn:lsid:dyntaxa.se:TaxonName:160822,Perimela denticulata,species,"",Animalia,Arthropoda,Malacostraca,Decapoda,Pirimelidae,"",perimela denticulata,FALSE,FALSE,FALSE,0
urn:lsid:dyntaxa.se:TaxonName:142280,Perimones britteni,species,"",Animalia,Arthropoda,Arachnida,Araneae,Linyphiidae,"",perimones britteni,FALSE,FALSE,FALSE,0
urn:lsid:dyntaxa.se:Taxon:101529,Peritrechus lundii,species,EN,Animalia,Arthropoda,Insecta,Hemiptera,Rhyparochromidae,native,peritrechus lundii,FALSE,FALSE,FALSE,0
urn:lsid:dyntaxa.se:TaxonName:110648,Peritrechus sylvestris,species,"",Animalia,Arthropoda,Insecta,Hemiptera,Rhyparochromidae,"",peritrechus sylvestris,FALSE,FALSE,FALSE,0
urn:lsid:dyntaxa.se:TaxonName:6366,Pertusaria farinacea,species,"",Fungi,Ascomycota,Lecanoromycetes,Lecanorales,Lecanoraceae,"",pertusaria farinacea,FALSE,FALSE,FALSE,0
urn:lsid:dyntaxa.se:TaxonName:8864,Pertusaria leptospora,species,"",Fungi,Ascomycota,Lecanoromycetes,Pertusariales,Pertusariaceae,"",pertusaria leptospora,FALSE,FALSE,FALSE,0
urn:lsid:dyntaxa.se:TaxonName:6367,Pertusaria maculata,species,"",Fungi,Ascomycota,Lecanoromycetes,Lecanorales,Lecanoraceae,"",pertusaria maculata,FALSE,FALSE,FALSE,0
urn:lsid:dyntaxa.se:TaxonName:8877,Pertusaria melastoma,species,"",Fungi,Ascomycota,Lecanoromycetes,Pertusariales,Pertusariaceae,"",pertusaria melastoma,FALSE,FALSE,FALSE,0
urn:lsid:dyntaxa.se:TaxonName:2292,Pertusaria miniescens,species,"",Fungi,Ascomycota,Lecanoromycetes,Lecanorales,Ramalinaceae,"",pertusaria miniescens,FALSE,FALSE,FALSE,0
urn:lsid:dyntaxa.se:TaxonName:142904,Pertusaria multipuncta,species,"",Fungi,Ascomycota,Lecanoromycetes,Pertusariales,Pertusariaceae,"",pertusaria multipuncta,FALSE,FALSE,FALSE,0
urn:lsid:dyntaxa.se:TaxonName:132827,Pertusaria sublutescens,species,"",Fungi,Ascomycota,Lecanoromycetes,Lecanorales,Lecanoraceae,"",pertusaria sublutescens,FALSE,FALSE,FALSE,0
urn:lsid:dyntaxa.se:TaxonName:142916,Pertusaria velata,species,"",Fungi,Ascomycota,Lecanoromycetes,Pertusariales,Ochrolechiaceae,"",pertusaria velata,FALSE,FALSE,FALSE,0
urn:lsid:dyntaxa.se:Taxon:1188,Peucedanum oreoselinum,species,VU,Plantae,Tracheophyta,Magnoliopsida,Apiales,Apiaceae,native,peucedanum oreoselinum,FALSE,FALSE,FALSE,0
urn:lsid:dyntaxa.se:TaxonName:127117,Peziza chrysophaea,species,"",Fungi,Ascomycota,Lecanoromycetes,Ostropales,Gyalectaceae,"",peziza chrysophaea,FALSE,FALSE,FALSE,0
urn:lsid:dyntaxa.se:TaxonName:286042,Peziza concinna,species,"",Fungi,Ascomycota,Pezizomycetes,Pezizales,Otideaceae,"",peziza concinna,FALSE,FALSE,FALSE,0
urn:lsid:dyntaxa.se:TaxonName:89973,Peziza coronaria,species,"",Fungi,Ascomycota,Pezizomycetes,Pezizales,Pezizaceae,"",peziza coronaria,FALSE,FALSE,FALSE,0
urn:lsid:dyntaxa.se:TaxonName:89987,Peziza craterium,species,"",Fungi,Ascomycota,Pezizomycetes,Pezizales,Sarcosomataceae,"",peziza craterium,FALSE,FALSE,FALSE,0
urn:lsid:dyntaxa.se:TaxonName:89975,Peziza eximia,species,"",Fungi,Ascomycota,Pezizomycetes,Pezizales,Pezizaceae,"",peziza eximia,FALSE,FALSE,FALSE,0
urn:lsid:dyntaxa.se:TaxonName:89979,Peziza imperialis,species,"",Fungi,Ascomycota,Pezizomycetes,Pezizales,Pyronemataceae,"",peziza imperialis,FALSE,FALSE,FALSE,0
urn:lsid:dyntaxa.se:TaxonName:89967,Peziza ovilla,species,"",Fungi,Ascomycota,Pezizomycetes,Pezizales,"Pezizales, genera incertae sedis","",peziza ovilla,FALSE,FALSE,FALSE,0
urn:lsid:dyntaxa.se:TaxonName:285922,Peziza propinquata,species,"",Fungi,Ascomycota,Pezizomycetes,Pezizales,Otideaceae,"",peziza propinquata,FALSE,FALSE,FALSE,0
urn:lsid:dyntaxa.se:TaxonName:150249,Peziza punctata,species,"",Fungi,Ascomycota,Sordariomycetes,Xylariales,Xylariaceae,"",peziza punctata,FALSE,FALSE,FALSE,0
urn:lsid:dyntaxa.se:TaxonName:89983,Peziza radiculata,species,"",Fungi,Ascomycota,Pezizomycetes,Pezizales,Pyronemataceae,"",peziza radiculata,FALSE,FALSE,FALSE,0
urn:lsid:dyntaxa.se:TaxonName:149871,Peziza rubra,species,"",Fungi,Ascomycota,Pezizomycetes,Pezizales,Pyronemataceae,"",peziza rubra,FALSE,FALSE,FALSE,0
urn:lsid:dyntaxa.se:TaxonName:72508,Phaca alpina,species,"",Plantae,Tracheophyta,Magnoliopsida,Fabales,Fabaceae,"",phaca alpina,FALSE,FALSE,FALSE,0
urn:lsid:dyntaxa.se:TaxonName:72507,Phaca penduliflora,species,"",Plantae,Tracheophyta,Magnoliopsida,Fabales,Fabaceae,"",phaca penduliflora,FALSE,FALSE,FALSE,0
urn:lsid:dyntaxa.se:TaxonName:13836,Phacotiella microcephala,species,"",Fungi,Ascomycota,Eurotiomycetes,Mycocaliciales,Sphinctrinaceae,"",phacotiella microcephala,FALSE,FALSE,FALSE,0
urn:lsid:dyntaxa.se:TaxonName:226285,Phacotrum curtum,species,"",Fungi,Ascomycota,Lecanoromycetes,Caliciales,Caliciaceae,"",phacotrum curtum,FALSE,FALSE,FALSE,0
urn:lsid:dyntaxa.se:TaxonName:399041,Phaeolus alborubescens,species,"",Fungi,Basidiomycota,Agaricomycetes,Polyporales,Meruliaceae,"",phaeolus alborubescens,FALSE,FALSE,FALSE,0
urn:lsid:dyntaxa.se:TaxonName:120126,Phaeolus albosordescens subsp. alborubescens,species,"",Fungi,Basidiomycota,Agaricomycetes,Polyporales,Meruliaceae,"",phaeolus albosordescens,FALSE,FALSE,FALSE,0
urn:lsid:dyntaxa.se:TaxonName:399079,Phaeolus croceus,species,"",Fungi,Basidiomycota,Agaricomycetes,Polyporales,Meruliaceae,"",phaeolus croceus,FALSE,FALSE,FALSE,0
urn:lsid:dyntaxa.se:TaxonName:105986,Phalaena (Bombyx) anastomosis,species,"",Animalia,Arthropoda,Insecta,Lepidoptera,Notodontidae,"",phalaena (bombyx) anastomosis,FALSE,FALSE,FALSE,0
urn:lsid:dyntaxa.se:TaxonName:112052,Phalaena (Bombyx) aulica,species,"",Animalia,Arthropoda,Insecta,Lepidoptera,Erebidae,"",phalaena (bombyx) aulica,FALSE,FALSE,FALSE,0
urn:lsid:dyntaxa.se:TaxonName:105926,Phalaena (Bombyx) lobulina,species,"",Animalia,Arthropoda,Insecta,Lepidoptera,Lasiocampidae,"",phalaena (bombyx) lobulina,FALSE,FALSE,FALSE,0
urn:lsid:dyntaxa.se:TaxonName:111980,Phalaena (Bombyx) striata,species,"",Animalia,Arthropoda,Insecta,Lepidoptera,Erebidae,"",phalaena (bombyx) striata,FALSE,FALSE,FALSE,0
urn:lsid:dyntaxa.se:TaxonName:112075,Phalaena (Noctua) dominula,species,"",Animalia,Arthropoda,Insecta,Lepidoptera,Erebidae,"",phalaena (noctua) dominula,FALSE,FALSE,FALSE,0
urn:lsid:dyntaxa.se:TaxonName:111970,Phalaena (Tinea) irrorella,species,"",Animalia,Arthropoda,Insecta,Lepidoptera,Erebidae,"",phalaena (tinea) irrorella,FALSE,FALSE,FALSE,0
urn:lsid:dyntaxa.se:TaxonName:117391,Phalaena adansoniella,species,"",Animalia,Arthropoda,Insecta,Lepidoptera,Adelidae,"",phalaena adansoniella,FALSE,FALSE,FALSE,0
urn:lsid:dyntaxa.se:TaxonName:111976,Phalaena ancilla,species,"",Animalia,Arthropoda,Insecta,Lepidoptera,Erebidae,"",phalaena ancilla,FALSE,FALSE,FALSE,0
urn:lsid:dyntaxa.se:TaxonName:398062,Phalaena bicruris,species,"",Animalia,Arthropoda,Insecta,Lepidoptera,Noctuidae,"",phalaena bicruris,FALSE,FALSE,FALSE,0
urn:lsid:dyntaxa.se:TaxonName:105941,Phalaena dumi,species,"",Animalia,Arthropoda,Insecta,Lepidoptera,Brahmaeidae,"",phalaena dumi,FALSE,FALSE,FALSE,0
urn:lsid:dyntaxa.se:TaxonName:397989,Phalaena lychnidis,species,"",Animalia,Arthropoda,Insecta,Lepidoptera,Noctuidae,"",phalaena lychnidis,FALSE,FALSE,FALSE,0
urn:lsid:dyntaxa.se:TaxonName:117349,Phalaena metallica,species,"",Animalia,Arthropoda,Insecta,Lepidoptera,Adelidae,"",phalaena metallica,FALSE,FALSE,FALSE,0
urn:lsid:dyntaxa.se:TaxonName:266164,Phalaena pabulatricula,species,"",Animalia,Arthropoda,Insecta,Lepidoptera,Noctuidae,"",phalaena pabulatricula,FALSE,FALSE,FALSE,0
urn:lsid:dyntaxa.se:TaxonName:23810,Phalaena roesella,species,"",Animalia,Arthropoda,Insecta,Lepidoptera,Heliodinidae,"",phalaena roesella,FALSE,FALSE,FALSE,0
urn:lsid:dyntaxa.se:TaxonName:117350,Phalaena scabiosella,species,"",Animalia,Arthropoda,Insecta,Lepidoptera,Adelidae,"",phalaena scabiosella,FALSE,FALSE,FALSE,0
urn:lsid:dyntaxa.se:TaxonName:266159,Phalaena sparganii,species,"",Animalia,Arthropoda,Insecta,Lepidoptera,Noctuidae,"",phalaena sparganii,FALSE,FALSE,FALSE,0
urn:lsid:dyntaxa.se:TaxonName:117628,Phalaena tapetzella,species,"",Animalia,Arthropoda,Insecta,Lepidoptera,Tineidae,"",phalaena tapetzella,FALSE,FALSE,FALSE,0
urn:lsid:dyntaxa.se:TaxonName:266054,Phalaena trabealis,species,"",Animalia,Arthropoda,Insecta,Lepidoptera,Noctuidae,"",phalaena trabealis,FALSE,FALSE,FALSE,0
urn:lsid:dyntaxa.se:TaxonName:261826,Phalangium tricarinatum,species,"",Animalia,Arthropoda,Arachnida,Opiliones,Trogulidae,"",phalangium tricarinatum,FALSE,FALSE,FALSE,0
urn:lsid:dyntaxa.se:TaxonName:52739,Phanerochaete septocystidia,species,"",Fungi,Basidiomycota,Agaricomycetes,Polyporales,"Polyporales, genera incertae sedis","",phanerochaete septocystidia,FALSE,FALSE,FALSE,0
urn:lsid:dyntaxa.se:TaxonName:398687,Phanerochaete sulphurina,species,"",Fungi,Basidiomycota,Agaricomycetes,Polyporales,Phanerochaetaceae,"",phanerochaete sulphurina,FALSE,FALSE,FALSE,0
urn:lsid:dyntaxa.se:TaxonName:253583,Phascum bryoides,species,"",Plantae,Bryophyta,Bryopsida,Pottiales,Pottiaceae,"",phascum bryoides,FALSE,FALSE,FALSE,0
urn:lsid:dyntaxa.se:TaxonName:252604,Phascum crispum,species,"",Plantae,Bryophyta,Bryopsida,Pottiales,Pottiaceae,"",phascum crispum,FALSE,FALSE,FALSE,0
urn:lsid:dyntaxa.se:TaxonName:302,Phascum curvicolle,species,"",Plantae,Bryophyta,Bryopsida,Pottiales,Pottiaceae,"",phascum curvicolle,FALSE,FALSE,FALSE,0
urn:lsid:dyntaxa.se:TaxonName:253110,Phascum curvicollum,species,"",Plantae,Bryophyta,Bryopsida,Pottiales,Pottiaceae,"",phascum curvicollum,FALSE,FALSE,FALSE,0
urn:lsid:dyntaxa.se:TaxonName:303,Phascum floerkeanum,species,"",Plantae,Bryophyta,Bryopsida,Pottiales,Pottiaceae,"",phascum floerkeanum,FALSE,FALSE,FALSE,0
urn:lsid:dyntaxa.se:TaxonName:253576,Phascum floerkeanum,species,"",Plantae,Bryophyta,Bryopsida,Pottiales,Pottiaceae,"",phascum floerkeanum,FALSE,FALSE,FALSE,0
urn:lsid:dyntaxa.se:TaxonName:261238,Phascum palustre,species,"",Plantae,Bryophyta,Bryopsida,Dicranales,Ditrichaceae,"",phascum palustre,FALSE,FALSE,FALSE,0
urn:lsid:dyntaxa.se:TaxonName:252614,Phascum rostellatum,species,"",Plantae,Bryophyta,Bryopsida,Pottiales,Pottiaceae,"",phascum rostellatum,FALSE,FALSE,FALSE,0
urn:lsid:dyntaxa.se:TaxonName:51865,Phegopteris robertiana,species,"",Plantae,Tracheophyta,Polypodiopsida,Polypodiales,Cystopteridaceae,"",phegopteris robertiana,FALSE,FALSE,FALSE,0
urn:lsid:dyntaxa.se:TaxonName:119924,Phellinus abietis,species,"",Fungi,Basidiomycota,Agaricomycetes,Hymenochaetales,Hymenochaetaceae,"",phellinus abietis,FALSE,FALSE,FALSE,0
urn:lsid:dyntaxa.se:TaxonName:16773,Phellinus ferrugineofuscus,species,"",Fungi,Basidiomycota,Agaricomycetes,Hymenochaetales,Hymenochaetaceae,"",phellinus ferrugineofuscus,FALSE,FALSE,FALSE,0
urn:lsid:dyntaxa.se:TaxonName:120057,Phellinus ferrugineofuscus,species,"",Fungi,Basidiomycota,Agaricomycetes,Hymenochaetales,Hymenochaetaceae,"",phellinus ferrugineofuscus,FALSE,FALSE,FALSE,0
urn:lsid:dyntaxa.se:TaxonName:16780,Phellinus nigrolimitatus,species,"",Fungi,Basidiomycota,Agaricomycetes,Hymenochaetales,Hymenochaetaceae,"",phellinus nigrolimitatus,FALSE,FALSE,FALSE,0
urn:lsid:dyntaxa.se:TaxonName:119925,Phellinus pini var. abietis,species,"",Fungi,Basidiomycota,Agaricomycetes,Hymenochaetales,Hymenochaetaceae,"",phellinus pini,FALSE,FALSE,FALSE,0
urn:lsid:dyntaxa.se:TaxonName:16781,Phellinus pini,species,"",Fungi,Basidiomycota,Agaricomycetes,Hymenochaetales,Hymenochaetaceae,"",phellinus pini,FALSE,FALSE,FALSE,0
urn:lsid:dyntaxa.se:TaxonName:16785,Phellinus robustus,species,"",Fungi,Basidiomycota,Agaricomycetes,Hymenochaetales,Hymenochaetaceae,"",phellinus robustus,FALSE,FALSE,FALSE,0
urn:lsid:dyntaxa.se:TaxonName:104362,Phellodon amicus,species,"",Fungi,Basidiomycota,Agaricomycetes,Thelephorales,Thelephoraceae,"",phellodon amicus,FALSE,FALSE,FALSE,0
urn:lsid:dyntaxa.se:Taxon:5448,Phellodon connatus,species,NT,Fungi,Basidiomycota,Agaricomycetes,Thelephorales,Thelephoraceae,native,phellodon connatus,FALSE,FALSE,FALSE,0
urn:lsid:dyntaxa.se:TaxonName:120059,Phellodon connatus,species,"",Fungi,Basidiomycota,Agaricomycetes,Thelephorales,Thelephoraceae,"",phellodon connatus,FALSE,FALSE,FALSE,0
urn:lsid:dyntaxa.se:TaxonName:82208,Phelypaea caerulea,species,"",Plantae,Tracheophyta,Magnoliopsida,Lamiales,Orobanchaceae,"",phelypaea caerulea,FALSE,FALSE,FALSE,0
urn:lsid:dyntaxa.se:TaxonName:82209,Phelypaea purpurea,species,"",Plantae,Tracheophyta,Magnoliopsida,Lamiales,Orobanchaceae,"",phelypaea purpurea,FALSE,FALSE,FALSE,0
urn:lsid:dyntaxa.se:TaxonName:261813,Phengaris alcon,species,"",Animalia,Arthropoda,Insecta,Lepidoptera,Lycaenidae,"",phengaris alcon,FALSE,FALSE,FALSE,0
urn:lsid:dyntaxa.se:TaxonName:261816,Phengaris arion,species,"",Animalia,Arthropoda,Insecta,Lepidoptera,Lycaenidae,"",phengaris arion,FALSE,FALSE,FALSE,0
urn:lsid:dyntaxa.se:TaxonName:248041,Phialea albida,species,"",Fungi,Ascomycota,Leotiomycetes,Helotiales,Helotiaceae,"",phialea albida,FALSE,FALSE,FALSE,0
urn:lsid:dyntaxa.se:Taxon:101444,Phiaris heinrichana,species,VU,Animalia,Arthropoda,Insecta,Lepidoptera,Tortricidae,native,phiaris heinrichana,FALSE,FALSE,FALSE,0
urn:lsid:dyntaxa.se:TaxonName:128538,Philbertia asperrima,species,"",Animalia,Mollusca,Gastropoda,Neogastropoda,Raphitomidae,"",philbertia asperrima,FALSE,FALSE,FALSE,0
urn:lsid:dyntaxa.se:TaxonName:128539,Philbertia boothii,species,"",Animalia,Mollusca,Gastropoda,Neogastropoda,Raphitomidae,"",philbertia boothii,FALSE,FALSE,FALSE,0
urn:lsid:dyntaxa.se:TaxonName:137,Philbertia concinna,species,"",Animalia,Mollusca,Gastropoda,Neogastropoda,Raphitomidae,"",philbertia concinna,FALSE,FALSE,FALSE,0
urn:lsid:dyntaxa.se:TaxonName:138,Philbertia echinata,species,"",Animalia,Mollusca,Gastropoda,Neogastropoda,Raphitomidae,"",philbertia echinata,FALSE,FALSE,FALSE,0
urn:lsid:dyntaxa.se:TaxonName:128540,Philbertia leufroyi,species,"",Animalia,Mollusca,Gastropoda,Neogastropoda,Raphitomidae,"",philbertia leufroyi,FALSE,FALSE,FALSE,0
urn:lsid:dyntaxa.se:TaxonName:140,Philbertia purpurea,species,"",Animalia,Mollusca,Gastropoda,Neogastropoda,Raphitomidae,"",philbertia purpurea,FALSE,FALSE,FALSE,0
urn:lsid:dyntaxa.se:TaxonName:111971,Philea irrorella,species,"",Animalia,Arthropoda,Insecta,Lepidoptera,Erebidae,"",philea irrorella,FALSE,FALSE,FALSE,0
urn:lsid:dyntaxa.se:TaxonName:329644,Phileremus punctatus,species,"",Animalia,Arthropoda,Insecta,Hymenoptera,Apidae,"",phileremus punctatus,FALSE,FALSE,FALSE,0
urn:lsid:dyntaxa.se:TaxonName:95626,Philhygra botildae,species,"",Animalia,Arthropoda,Insecta,Coleoptera,Staphylinidae,"",philhygra botildae,FALSE,FALSE,FALSE,0
urn:lsid:dyntaxa.se:TaxonName:20992,Philhygra dentifera,species,"",Animalia,Arthropoda,Insecta,Coleoptera,Staphylinidae,"",philhygra dentifera,FALSE,FALSE,FALSE,0
urn:lsid:dyntaxa.se:TaxonName:20997,Philhygra flavithorax,species,"",Animalia,Arthropoda,Insecta,Coleoptera,Staphylinidae,"",philhygra flavithorax,FALSE,FALSE,FALSE,0
urn:lsid:dyntaxa.se:TaxonName:106160,Philhygra grisea,species,"",Animalia,Arthropoda,Insecta,Coleoptera,Staphylinidae,"",philhygra grisea,FALSE,FALSE,FALSE,0
urn:lsid:dyntaxa.se:TaxonName:106162,Philhygra ripicola,species,"",Animalia,Arthropoda,Insecta,Coleoptera,Staphylinidae,"",philhygra ripicola,FALSE,FALSE,FALSE,0
urn:lsid:dyntaxa.se:TaxonName:106163,Philhygra tmolosensis,species,"",Animalia,Arthropoda,Insecta,Coleoptera,Staphylinidae,"",philhygra tmolosensis,FALSE,FALSE,FALSE,0
urn:lsid:dyntaxa.se:Taxon:218112,Philine punctata,species,EN,Animalia,Mollusca,Gastropoda,Cephalaspidea,Philinidae,native,philine punctata,FALSE,FALSE,FALSE,0
urn:lsid:dyntaxa.se:TaxonName:166,Philine quadrata,species,"",Animalia,Mollusca,Gastropoda,Cephalaspidea,Laonidae,"",philine quadrata,FALSE,FALSE,FALSE,0
urn:lsid:dyntaxa.se:TaxonName:12127,Philodromus fallax,species,"",Animalia,Arthropoda,Arachnida,Araneae,Philodromidae,"",philodromus fallax,FALSE,FALSE,FALSE,0
urn:lsid:dyntaxa.se:TaxonName:40456,Philomachus pugnax,species,"",Animalia,Chordata,Aves,Charadriiformes,Scolopacidae,"",philomachus pugnax,FALSE,FALSE,FALSE,0
urn:lsid:dyntaxa.se:TaxonName:19198,Philonthus coruscus,species,"",Animalia,Arthropoda,Insecta,Coleoptera,Staphylinidae,"",philonthus coruscus,FALSE,FALSE,FALSE,0
urn:lsid:dyntaxa.se:TaxonName:25202,Philonthus fulvipes,species,"",Animalia,Arthropoda,Insecta,Coleoptera,Staphylinidae,"",philonthus fulvipes,FALSE,FALSE,FALSE,0
urn:lsid:dyntaxa.se:TaxonName:90152,Philonthus lividipes,species,"",Animalia,Arthropoda,Insecta,Coleoptera,Staphylinidae,"",philonthus lividipes,FALSE,FALSE,FALSE,0
urn:lsid:dyntaxa.se:TaxonName:399691,Phlebia atkinsoniana,species,"",Fungi,Basidiomycota,Agaricomycetes,Polyporales,Meruliaceae,"",phlebia atkinsoniana,FALSE,FALSE,FALSE,0
urn:lsid:dyntaxa.se:TaxonName:343071,Phlebia bispora,species,"",Fungi,Basidiomycota,Agaricomycetes,Polyporales,Meruliaceae,"",phlebia bispora,FALSE,FALSE,FALSE,0
urn:lsid:dyntaxa.se:Taxon:1208,Phlebia bresadolae,species,DD,Fungi,Basidiomycota,Agaricomycetes,Polyporales,Meruliaceae,native,phlebia bresadolae,FALSE,FALSE,FALSE,0
urn:lsid:dyntaxa.se:Taxon:1209,Phlebia centrifuga,species,VU,Fungi,Basidiomycota,Agaricomycetes,Polyporales,Meruliaceae,native,phlebia centrifuga,FALSE,FALSE,FALSE,0
urn:lsid:dyntaxa.se:TaxonName:52646,Phlebia coccineo-fulva,species,"",Fungi,Basidiomycota,Agaricomycetes,Polyporales,Meruliaceae,"",phlebia coccineo-fulva,FALSE,FALSE,FALSE,0
urn:lsid:dyntaxa.se:TaxonName:16797,Phlebia cornea,species,"",Fungi,Basidiomycota,Agaricomycetes,Polyporales,Sparassidaceae,"",phlebia cornea,FALSE,FALSE,FALSE,0
urn:lsid:dyntaxa.se:TaxonName:343121,Phlebia cremeo-alutacea,species,"",Fungi,Basidiomycota,Agaricomycetes,Polyporales,Meruliaceae,"",phlebia cremeo-alutacea,FALSE,FALSE,FALSE,0
urn:lsid:dyntaxa.se:Taxon:1211,Phlebia cremeoalutacea,species,NT,Fungi,Basidiomycota,Agaricomycetes,Polyporales,Meruliaceae,native,phlebia cremeoalutacea,FALSE,FALSE,FALSE,0
urn:lsid:dyntaxa.se:TaxonName:399707,Phlebia danica,species,"",Fungi,Basidiomycota,Agaricomycetes,Polyporales,Meruliaceae,"",phlebia danica,FALSE,FALSE,FALSE,0
urn:lsid:dyntaxa.se:TaxonName:16802,Phlebia femsioeensis,species,"",Fungi,Basidiomycota,Agaricomycetes,Polyporales,Meruliaceae,"",phlebia femsioeensis,FALSE,FALSE,FALSE,0
urn:lsid:dyntaxa.se:Taxon:1213,Phlebia femsjoeensis,species,NT,Fungi,Basidiomycota,Agaricomycetes,Polyporales,Meruliaceae,native,phlebia femsjoeensis,FALSE,FALSE,FALSE,0
urn:lsid:dyntaxa.se:Taxon:1214,Phlebia georgica,species,DD,Fungi,Basidiomycota,Agaricomycetes,Polyporales,Meruliaceae,native,phlebia georgica,FALSE,FALSE,FALSE,0
urn:lsid:dyntaxa.se:TaxonName:120123,Phlebia guttulifera,species,"",Fungi,Basidiomycota,Agaricomycetes,Hymenochaetales,Rickenellaceae,"",phlebia guttulifera,FALSE,FALSE,FALSE,0
urn:lsid:dyntaxa.se:Taxon:1217,Phlebia lindtneri,species,VU,Fungi,Basidiomycota,Agaricomycetes,Polyporales,Meruliaceae,native,phlebia lindtneri,FALSE,FALSE,FALSE,0
urn:lsid:dyntaxa.se:TaxonName:16807,Phlebia lindtneri,species,"",Fungi,Basidiomycota,Agaricomycetes,Polyporales,Meruliaceae,"",phlebia lindtneri,FALSE,FALSE,FALSE,0
urn:lsid:dyntaxa.se:TaxonName:399710,Phlebia ludoviciana,species,"",Fungi,Basidiomycota,Agaricomycetes,Polyporales,Meruliaceae,"",phlebia ludoviciana,FALSE,FALSE,FALSE,0
urn:lsid:dyntaxa.se:TaxonName:36395,Phlebia martiana,species,"",Fungi,Basidiomycota,Agaricomycetes,Polyporales,Meruliaceae,"",phlebia martiana,FALSE,FALSE,FALSE,0
urn:lsid:dyntaxa.se:TaxonName:399673,Phlebia mellea,species,"",Fungi,Basidiomycota,Agaricomycetes,Polyporales,Meruliaceae,"",phlebia mellea,FALSE,FALSE,FALSE,0
urn:lsid:dyntaxa.se:TaxonName:411833,Phlebia mesenterica,species,"",Fungi,Basidiomycota,Agaricomycetes,Auriculariales,"Auriculariales, genera incertae sedis","",phlebia mesenterica,FALSE,FALSE,FALSE,0
urn:lsid:dyntaxa.se:TaxonName:399674,Phlebia subalbida,species,"",Fungi,Basidiomycota,Agaricomycetes,Polyporales,Meruliaceae,"",phlebia subalbida,FALSE,FALSE,FALSE,0
urn:lsid:dyntaxa.se:Taxon:5469,Phlebia subochracea,species,NT,Fungi,Basidiomycota,Agaricomycetes,Polyporales,Meruliaceae,native,phlebia subochracea,FALSE,FALSE,FALSE,0
urn:lsid:dyntaxa.se:TaxonName:343042,Phlebia tremelloidea,species,"",Fungi,Basidiomycota,Agaricomycetes,Polyporales,Meruliaceae,"",phlebia tremelloidea,FALSE,FALSE,FALSE,0
urn:lsid:dyntaxa.se:TaxonName:16820,Phlebia tristis,species,"",Fungi,Basidiomycota,Agaricomycetes,Polyporales,Sparassidaceae,"",phlebia tristis,FALSE,FALSE,FALSE,0
urn:lsid:dyntaxa.se:TaxonName:79807,Phlebia unica,species,"",Fungi,Basidiomycota,Agaricomycetes,Polyporales,Meruliaceae,"",phlebia unica,FALSE,FALSE,FALSE,0
urn:lsid:dyntaxa.se:TaxonName:16831,Phlebiella subflavidogrisea,species,"",Fungi,Basidiomycota,Agaricomycetes,Russulales,Xenasmataceae,"",phlebiella subflavidogrisea,FALSE,FALSE,FALSE,0
urn:lsid:dyntaxa.se:TaxonName:364356,Phlebopus lignicola,species,"",Fungi,Basidiomycota,Agaricomycetes,Boletales,Boletaceae,"",phlebopus lignicola,FALSE,FALSE,FALSE,0
urn:lsid:dyntaxa.se:TaxonName:109294,Phlegmacium amarescens,speciesAggregate,"",Fungi,Basidiomycota,Agaricomycetes,Agaricales,Cortinariaceae,"",phlegmacium amarescens,FALSE,FALSE,FALSE,0
urn:lsid:dyntaxa.se:TaxonName:99413,Phlegmacium arquatum var. haasii,species,"",Fungi,Basidiomycota,Agaricomycetes,Agaricales,Cortinariaceae,"",phlegmacium arquatum,FALSE,FALSE,FALSE,0
urn:lsid:dyntaxa.se:TaxonName:450330,Phlegmacium aureopulverulentum,species,"",Fungi,Basidiomycota,Agaricomycetes,Agaricales,Cortinariaceae,"",phlegmacium aureopulverulentum,FALSE,FALSE,FALSE,0
urn:lsid:dyntaxa.se:TaxonName:426960,Phlegmacium caesiostramineum,speciesAggregate,"",Fungi,Basidiomycota,Agaricomycetes,Agaricales,Cortinariaceae,"",phlegmacium caesiostramineum,FALSE,FALSE,FALSE,0
urn:lsid:dyntaxa.se:TaxonName:427495,Phlegmacium caroli,species,"",Fungi,Basidiomycota,Agaricomycetes,Agaricales,Cortinariaceae,"",phlegmacium caroli,FALSE,FALSE,FALSE,0
urn:lsid:dyntaxa.se:TaxonName:99486,Phlegmacium citrino-olivaceum,species,"",Fungi,Basidiomycota,Agaricomycetes,Agaricales,Cortinariaceae,"",phlegmacium citrino-olivaceum,FALSE,FALSE,FALSE,0
urn:lsid:dyntaxa.se:TaxonName:119798,Phlegmacium citrinoolivaceum,species,"",Fungi,Basidiomycota,Agaricomycetes,Agaricales,Cortinariaceae,"",phlegmacium citrinoolivaceum,FALSE,FALSE,FALSE,0
urn:lsid:dyntaxa.se:TaxonName:109279,Phlegmacium pinetorum,species,"",Fungi,Basidiomycota,Agaricomycetes,Agaricales,Cortinariaceae,"",phlegmacium pinetorum,FALSE,FALSE,FALSE,0
urn:lsid:dyntaxa.se:TaxonName:260123,Phlegmacium platypus,species,"",Fungi,Basidiomycota,Agaricomycetes,Agaricales,Cortinariaceae,"",phlegmacium platypus,FALSE,FALSE,FALSE,0
urn:lsid:dyntaxa.se:TaxonName:109276,Phlegmacium pseudoglaucopus,species,"",Fungi,Basidiomycota,Agaricomycetes,Agaricales,Cortinariaceae,"",phlegmacium pseudoglaucopus,FALSE,FALSE,FALSE,0
urn:lsid:dyntaxa.se:TaxonName:427532,Phlegmacium sodagnitum,species,"",Fungi,Basidiomycota,Agaricomycetes,Agaricales,Cortinariaceae,"",phlegmacium sodagnitum,FALSE,FALSE,FALSE,0
urn:lsid:dyntaxa.se:TaxonName:90896,Phleum boehmeri,species,"",Plantae,Tracheophyta,Liliopsida,Poales,Poaceae,"",phleum boehmeri,FALSE,FALSE,FALSE,0
urn:lsid:dyntaxa.se:TaxonName:125512,Phloeophagia spadix,species,"",Animalia,Arthropoda,Insecta,Coleoptera,Curculionidae,"",phloeophagia spadix,FALSE,FALSE,FALSE,0
urn:lsid:dyntaxa.se:TaxonName:102150,Phloeophilus edwardsi,species,"",Animalia,Arthropoda,Insecta,Coleoptera,Phloiophilidae,"",phloeophilus edwardsi,FALSE,FALSE,FALSE,0
urn:lsid:dyntaxa.se:TaxonName:147188,Pholiota albocrenulata,species,"",Fungi,Basidiomycota,Agaricomycetes,Agaricales,Strophariaceae,"",pholiota albocrenulata,FALSE,FALSE,FALSE,0
urn:lsid:dyntaxa.se:TaxonName:26168,Pholiota comosa,species,"",Fungi,Basidiomycota,Agaricomycetes,Agaricales,Strophariaceae,"",pholiota comosa,FALSE,FALSE,FALSE,0
urn:lsid:dyntaxa.se:TaxonName:26167,Pholiota destruens,species,"",Fungi,Basidiomycota,Agaricomycetes,Agaricales,Strophariaceae,"",pholiota destruens,FALSE,FALSE,FALSE,0
urn:lsid:dyntaxa.se:TaxonName:90878,Pholiurus incurvus,species,"",Plantae,Tracheophyta,Liliopsida,Poales,Poaceae,"",pholiurus incurvus,FALSE,FALSE,FALSE,0
urn:lsid:dyntaxa.se:TaxonName:289416,Phortica rufescens,species,"",Animalia,Arthropoda,Insecta,Diptera,Drosophilidae,"",phortica rufescens,FALSE,FALSE,FALSE,0
urn:lsid:dyntaxa.se:TaxonName:159490,Phtheochroa purpuratella,species,"",Animalia,Arthropoda,Insecta,Lepidoptera,Tortricidae,"",phtheochroa purpuratella,FALSE,FALSE,FALSE,0
urn:lsid:dyntaxa.se:TaxonName:128269,Phtheochroa purpuretella,species,"",Animalia,Arthropoda,Insecta,Lepidoptera,Tortricidae,"",phtheochroa purpuretella,FALSE,FALSE,FALSE,0
urn:lsid:dyntaxa.se:TaxonName:318332,Phycis inscriptella,species,"",Animalia,Arthropoda,Insecta,Lepidoptera,Pyralidae,"",phycis inscriptella,FALSE,FALSE,FALSE,0
urn:lsid:dyntaxa.se:TaxonName:51816,Phyllitis scolopendrium,species,"",Plantae,Tracheophyta,Polypodiopsida,Polypodiales,Aspleniaceae,"",phyllitis scolopendrium,FALSE,FALSE,FALSE,0
urn:lsid:dyntaxa.se:TaxonName:25909,Phyllodrepa clavigera,species,"",Animalia,Arthropoda,Insecta,Coleoptera,Staphylinidae,"",phyllodrepa clavigera,FALSE,FALSE,FALSE,0
urn:lsid:dyntaxa.se:TaxonName:238988,Phyllodrepa heeri,species,"",Animalia,Arthropoda,Insecta,Coleoptera,Staphylinidae,"",phyllodrepa heeri,FALSE,FALSE,FALSE,0
urn:lsid:dyntaxa.se:TaxonName:238986,Phyllodrepa heerii,species,"",Animalia,Arthropoda,Insecta,Coleoptera,Staphylinidae,"",phyllodrepa heerii,FALSE,FALSE,FALSE,0
urn:lsid:dyntaxa.se:Taxon:102480,Phyllonorycter schreberellus,species,NT,Animalia,Arthropoda,Insecta,Lepidoptera,Gracillariidae,native,phyllonorycter schreberellus,FALSE,FALSE,FALSE,0
urn:lsid:dyntaxa.se:Taxon:101562,Phyllonorycter staintoniellus,species,CR,Animalia,Arthropoda,Insecta,Lepidoptera,Gracillariidae,native,phyllonorycter staintoniellus,FALSE,FALSE,FALSE,0
urn:lsid:dyntaxa.se:Taxon:214109,Phyllonorycter tristrigellus,species,NT,Animalia,Arthropoda,Insecta,Lepidoptera,Gracillariidae,native,phyllonorycter tristrigellus,FALSE,FALSE,FALSE,0
urn:lsid:dyntaxa.se:TaxonName:129969,Phyllopneuste borealis,species,"",Animalia,Chordata,Aves,Passeriformes,Phylloscopidae,"",phyllopneuste borealis,FALSE,FALSE,FALSE,0
urn:lsid:dyntaxa.se:Taxon:103012,Phylloscopus sibilatrix,species,NT,Animalia,Chordata,Aves,Passeriformes,Phylloscopidae,native,phylloscopus sibilatrix,FALSE,FALSE,FALSE,0
urn:lsid:dyntaxa.se:TaxonName:107572,Phymatodes pusillus,species,"",Animalia,Arthropoda,Insecta,Coleoptera,Cerambycidae,"",phymatodes pusillus,FALSE,FALSE,FALSE,0
urn:lsid:dyntaxa.se:TaxonName:6210,Physcia adglutinata,species,"",Fungi,Ascomycota,Lecanoromycetes,Caliciales,Physciaceae,"",physcia adglutinata,FALSE,FALSE,FALSE,0
urn:lsid:dyntaxa.se:TaxonName:228205,Physcia albinea,species,"",Fungi,Ascomycota,Lecanoromycetes,Caliciales,Physciaceae,"",physcia albinea,FALSE,FALSE,FALSE,0
urn:lsid:dyntaxa.se:TaxonName:8897,Physcia constipata,species,"",Fungi,Ascomycota,Lecanoromycetes,Caliciales,Physciaceae,"",physcia constipata,FALSE,FALSE,FALSE,0
urn:lsid:dyntaxa.se:TaxonName:8941,Physcia detersa,species,"",Fungi,Ascomycota,Lecanoromycetes,Caliciales,Physciaceae,"",physcia detersa,FALSE,FALSE,FALSE,0
urn:lsid:dyntaxa.se:TaxonName:6211,Physcia elaeina,species,"",Fungi,Ascomycota,Lecanoromycetes,Caliciales,Physciaceae,"",physcia elaeina,FALSE,FALSE,FALSE,0
urn:lsid:dyntaxa.se:TaxonName:249347,Physcia elegans var. biatorina,species,"",Fungi,Ascomycota,Lecanoromycetes,Teloschistales,Teloschistaceae,"",physcia elegans,FALSE,FALSE,FALSE,0
urn:lsid:dyntaxa.se:TaxonName:8903,Physcia kairamoi,species,"",Fungi,Ascomycota,Lecanoromycetes,Caliciales,Physciaceae,"",physcia kairamoi,FALSE,FALSE,FALSE,0
urn:lsid:dyntaxa.se:TaxonName:8942,Physcia leucoleiptes,species,"",Fungi,Ascomycota,Lecanoromycetes,Caliciales,Physciaceae,"",physcia leucoleiptes,FALSE,FALSE,FALSE,0
urn:lsid:dyntaxa.se:TaxonName:8936,Physcia melops,species,"",Fungi,Ascomycota,Lecanoromycetes,Caliciales,Physciaceae,"",physcia melops,FALSE,FALSE,FALSE,0
urn:lsid:dyntaxa.se:TaxonName:8898,Physcia pulverulenta v. tenuis,species,"",Fungi,Ascomycota,Lecanoromycetes,Caliciales,Physciaceae,"",physcia pulverulenta,FALSE,FALSE,FALSE,0
urn:lsid:dyntaxa.se:TaxonName:149559,Physcia semipinnata,species,"",Fungi,Ascomycota,Lecanoromycetes,Caliciales,Physciaceae,"",physcia semipinnata,FALSE,FALSE,FALSE,0
urn:lsid:dyntaxa.se:TaxonName:6209,Physciopsis adglutinata,species,"",Fungi,Ascomycota,Lecanoromycetes,Caliciales,Physciaceae,"",physciopsis adglutinata,FALSE,FALSE,FALSE,0
urn:lsid:dyntaxa.se:Taxon:1233,Physcomitrella patens,species,NT,Plantae,Bryophyta,Bryopsida,Funariales,Funariaceae,native,physcomitrella patens,FALSE,FALSE,FALSE,0
urn:lsid:dyntaxa.se:TaxonName:10884,Physematoplea attenuata,species,"",Chromista,Ochrophyta,Phaeophyceae,Ectocarpales,Chordariaceae,"",physematoplea attenuata,FALSE,FALSE,FALSE,0
urn:lsid:dyntaxa.se:TaxonName:152646,Physisporinus aurantiacus var. saloisensis,species,"",Fungi,Basidiomycota,Agaricomycetes,Polyporales,"Polyporales, genera incertae sedis","",physisporinus aurantiacus,FALSE,FALSE,FALSE,0
urn:lsid:dyntaxa.se:TaxonName:472179,Physisporinus vitellinus,species,"",Fungi,Basidiomycota,Agaricomycetes,Polyporales,Polyporaceae,"",physisporinus vitellinus,FALSE,FALSE,FALSE,0
urn:lsid:dyntaxa.se:TaxonName:405025,Physisporus albolilacinus,species,"",Fungi,Basidiomycota,Agaricomycetes,Polyporales,"Polyporales, genera incertae sedis","",physisporus albolilacinus,FALSE,FALSE,FALSE,0
urn:lsid:dyntaxa.se:TaxonName:127028,Physisporus aurantiacus,species,"",Fungi,Basidiomycota,Agaricomycetes,Polyporales,"Polyporales, genera incertae sedis","",physisporus aurantiacus,FALSE,FALSE,FALSE,0
urn:lsid:dyntaxa.se:TaxonName:398998,Physisporus aurantiacus var. saloisensis,species,"",Fungi,Basidiomycota,Agaricomycetes,Polyporales,"Polyporales, genera incertae sedis","",physisporus aurantiacus,FALSE,FALSE,FALSE,0
urn:lsid:dyntaxa.se:TaxonName:399001,Physisporus aurantiacus var. taloisensis,species,"",Fungi,Basidiomycota,Agaricomycetes,Polyporales,"Polyporales, genera incertae sedis","",physisporus aurantiacus,FALSE,FALSE,FALSE,0
urn:lsid:dyntaxa.se:TaxonName:399002,Physisporus aurantiacus subsp. saloisensis,species,"",Fungi,Basidiomycota,Agaricomycetes,Polyporales,"Polyporales, genera incertae sedis","",physisporus aurantiacus,FALSE,FALSE,FALSE,0
urn:lsid:dyntaxa.se:TaxonName:299914,Physisporus crassus,species,"",Fungi,Basidiomycota,Agaricomycetes,Polyporales,Fomitopsidaceae,"",physisporus crassus,FALSE,FALSE,FALSE,0
urn:lsid:dyntaxa.se:TaxonName:68939,Physisporus flavicans,species,"",Fungi,Basidiomycota,Agaricomycetes,Polyporales,Dacryobolaceae,"",physisporus flavicans,FALSE,FALSE,FALSE,0
urn:lsid:dyntaxa.se:TaxonName:399890,Physisporus lacer,species,"",Fungi,Basidiomycota,Agaricomycetes,Polyporales,Steccherinaceae,"",physisporus lacer,FALSE,FALSE,FALSE,0
urn:lsid:dyntaxa.se:TaxonName:380299,Physisporus lenis,species,"",Fungi,Basidiomycota,Agaricomycetes,Hymenochaetales,"Hymenochaetales, genera incertae sedis","",physisporus lenis,FALSE,FALSE,FALSE,0
urn:lsid:dyntaxa.se:TaxonName:404978,Physisporus placenta,species,"",Fungi,Basidiomycota,Agaricomycetes,Polyporales,"Polyporales, genera incertae sedis","",physisporus placenta,FALSE,FALSE,FALSE,0
urn:lsid:dyntaxa.se:TaxonName:472178,Physisporus vitellinus,species,"",Fungi,Basidiomycota,Agaricomycetes,Polyporales,Polyporaceae,"",physisporus vitellinus,FALSE,FALSE,FALSE,0
urn:lsid:dyntaxa.se:TaxonName:298815,Physma terricola,species,"",Fungi,Ascomycota,Leotiomycetes,Helotiales,Cordieritidaceae,"",physma terricola,FALSE,FALSE,FALSE,0
urn:lsid:dyntaxa.se:TaxonName:126467,Phytonomus arundinis,species,"",Animalia,Arthropoda,Insecta,Coleoptera,Curculionidae,"",phytonomus arundinis,FALSE,FALSE,FALSE,0
urn:lsid:dyntaxa.se:TaxonName:25452,Phytonomus fasciculatus,species,"",Animalia,Arthropoda,Insecta,Coleoptera,Curculionidae,"",phytonomus fasciculatus,FALSE,FALSE,FALSE,0
urn:lsid:dyntaxa.se:TaxonName:25456,Phytonomus murinus,species,"",Animalia,Arthropoda,Insecta,Coleoptera,Curculionidae,"",phytonomus murinus,FALSE,FALSE,FALSE,0
urn:lsid:dyntaxa.se:TaxonName:129888,Picus leucotos,species,"",Animalia,Chordata,Aves,Piciformes,Picidae,"",picus leucotos,FALSE,FALSE,FALSE,0
urn:lsid:dyntaxa.se:TaxonName:129891,Picus martius,species,"",Animalia,Chordata,Aves,Piciformes,Picidae,"",picus martius,FALSE,FALSE,FALSE,0
urn:lsid:dyntaxa.se:TaxonName:129887,Picus medius,species,"",Animalia,Chordata,Aves,Piciformes,Picidae,"",picus medius,FALSE,FALSE,FALSE,0
urn:lsid:dyntaxa.se:TaxonName:129886,Picus minor,species,"",Animalia,Chordata,Aves,Piciformes,Picidae,"",picus minor,FALSE,FALSE,FALSE,0
urn:lsid:dyntaxa.se:TaxonName:129890,Picus tridactylus,species,"",Animalia,Chordata,Aves,Piciformes,Picidae,"",picus tridactylus,FALSE,FALSE,FALSE,0
urn:lsid:dyntaxa.se:Taxon:101575,Pilemostoma fastuosum,species,VU,Animalia,Arthropoda,Insecta,Coleoptera,Chrysomelidae,native,pilemostoma fastuosum,FALSE,FALSE,FALSE,0
urn:lsid:dyntaxa.se:TaxonName:9015,Pilophorus distans,species,"",Fungi,Ascomycota,Lecanoromycetes,Lecanorales,Cladoniaceae,"",pilophorus distans,FALSE,FALSE,FALSE,0
urn:lsid:dyntaxa.se:TaxonName:403759,Piloporia albobrunnea,species,"",Fungi,Basidiomycota,Agaricomycetes,Polyporales,Fomitopsidaceae,"",piloporia albobrunnea,FALSE,FALSE,FALSE,0
urn:lsid:dyntaxa.se:Taxon:1240,Piloporia sajanensis,species,EN,Fungi,Basidiomycota,Agaricomycetes,Polyporales,Incrustoporiaceae,native,piloporia sajanensis,FALSE,FALSE,FALSE,0
urn:lsid:dyntaxa.se:TaxonName:77205,Pimpinella magna,species,"",Plantae,Tracheophyta,Magnoliopsida,Apiales,Apiaceae,"",pimpinella magna,FALSE,FALSE,FALSE,0
urn:lsid:dyntaxa.se:Taxon:200715,Pipizella certa,species,NT,Animalia,Arthropoda,Insecta,Diptera,Syrphidae,native,pipizella certa,FALSE,FALSE,FALSE,0
urn:lsid:dyntaxa.se:TaxonName:152775,Piptoporus pseudobetulinus,species,"",Fungi,Basidiomycota,Agaricomycetes,Polyporales,Polyporaceae,"",piptoporus pseudobetulinus,FALSE,FALSE,FALSE,0
urn:lsid:dyntaxa.se:TaxonName:21041,Piptoporus quercinus,species,"",Fungi,Basidiomycota,Agaricomycetes,Polyporales,Fomitopsidaceae,"",piptoporus quercinus,FALSE,FALSE,FALSE,0
urn:lsid:dyntaxa.se:Taxon:101577,Pisidium hinzi,species,DD,Animalia,Mollusca,Bivalvia,Veneroida,Sphaeriidae,native,pisidium hinzi,FALSE,FALSE,FALSE,0
urn:lsid:dyntaxa.se:TaxonName:157434,Pisidium subtilestriatum,species,"",Animalia,Mollusca,Bivalvia,Veneroida,Sphaeriidae,"",pisidium subtilestriatum,FALSE,FALSE,FALSE,0
urn:lsid:dyntaxa.se:Taxon:101579,Pisidium supinum,species,DD,Animalia,Mollusca,Bivalvia,Veneroida,Sphaeriidae,native,pisidium supinum,FALSE,FALSE,FALSE,0
urn:lsid:dyntaxa.se:Taxon:101580,Pisidium tenuilineatum,species,DD,Animalia,Mollusca,Bivalvia,Veneroida,Sphaeriidae,native,pisidium tenuilineatum,FALSE,FALSE,FALSE,0
urn:lsid:dyntaxa.se:TaxonName:124322,Pista malmgreni,species,"",Animalia,Annelida,Polychaeta,Terebellida,Terebellidae,"",pista malmgreni,FALSE,FALSE,FALSE,0
urn:lsid:dyntaxa.se:Taxon:227523,Pista mediterranea,species,DD,Animalia,Annelida,Polychaeta,Terebellida,Terebellidae,native,pista mediterranea,FALSE,FALSE,FALSE,0
urn:lsid:dyntaxa.se:TaxonName:249908,Placodium fallax,species,"",Fungi,Ascomycota,Lecanoromycetes,Teloschistales,Teloschistaceae,"",placodium fallax,FALSE,FALSE,FALSE,0
urn:lsid:dyntaxa.se:TaxonName:127527,Placodium saxicola var. pachylepideum,species,"",Fungi,Ascomycota,Lecanoromycetes,Lecanorales,Squamarinaceae,"",placodium saxicola,FALSE,FALSE,FALSE,0
urn:lsid:dyntaxa.se:TaxonName:13868,Placodium saxicolum ssp. pachylepideum,species,"",Fungi,Ascomycota,Lecanoromycetes,Lecanorales,Squamarinaceae,"",placodium saxicolum,FALSE,FALSE,FALSE,0
urn:lsid:dyntaxa.se:TaxonName:82247,Plantago minor,species,"",Plantae,Tracheophyta,Magnoliopsida,Lamiales,Plantaginaceae,"",plantago minor,FALSE,FALSE,FALSE,0
urn:lsid:dyntaxa.se:TaxonName:32533,Platoma bairdii,species,"",Plantae,Rhodophyta,Florideophyceae,Halymeniales,Tsengiaceae,"",platoma bairdii,FALSE,FALSE,FALSE,0
urn:lsid:dyntaxa.se:Taxon:101587,Platyarthrus hoffmannseggi,species,NT,Animalia,Arthropoda,Malacostraca,Isopoda,Platyarthridae,uncertain,platyarthrus hoffmannseggi,FALSE,FALSE,FALSE,0
urn:lsid:dyntaxa.se:TaxonName:1821,Platyarthrus hoffmanseggi,species,"",Animalia,Arthropoda,Malacostraca,Isopoda,Platyarthridae,"",platyarthrus hoffmanseggi,FALSE,FALSE,FALSE,0
urn:lsid:dyntaxa.se:TaxonName:95935,Platycis cosnardi,species,"",Animalia,Arthropoda,Insecta,Coleoptera,Lycidae,"",platycis cosnardi,FALSE,FALSE,FALSE,0
urn:lsid:dyntaxa.se:TaxonName:247621,Platydema violacea,species,"",Animalia,Arthropoda,Insecta,Coleoptera,Tenebrionidae,"",platydema violacea,FALSE,FALSE,FALSE,0
urn:lsid:dyntaxa.se:TaxonName:13773,Platygrapha rimata,species,"",Fungi,Ascomycota,Arthoniomycetes,Arthoniales,Roccellaceae,"",platygrapha rimata,FALSE,FALSE,FALSE,0
urn:lsid:dyntaxa.se:TaxonName:145631,Platyptilia capnodactyla,species,"",Animalia,Arthropoda,Insecta,Lepidoptera,Pterophoridae,"",platyptilia capnodactyla,FALSE,FALSE,FALSE,0
urn:lsid:dyntaxa.se:TaxonName:126481,Platyrrhinus resinosus,species,"",Animalia,Arthropoda,Insecta,Coleoptera,Anthribidae,"",platyrrhinus resinosus,FALSE,FALSE,FALSE,0
urn:lsid:dyntaxa.se:TaxonName:20890,Platysoma frontale,species,"",Animalia,Arthropoda,Insecta,Coleoptera,Histeridae,"",platysoma frontale,FALSE,FALSE,FALSE,0
urn:lsid:dyntaxa.se:TaxonName:10112,Platysoma minor,species,"",Animalia,Arthropoda,Insecta,Coleoptera,Histeridae,"",platysoma minor,FALSE,FALSE,FALSE,0
urn:lsid:dyntaxa.se:TaxonName:80802,Platysoma minus,species,"",Animalia,Arthropoda,Insecta,Coleoptera,Histeridae,"",platysoma minus,FALSE,FALSE,FALSE,0
urn:lsid:dyntaxa.se:TaxonName:20892,Platysoma oblongum,species,"",Animalia,Arthropoda,Insecta,Coleoptera,Histeridae,"",platysoma oblongum,FALSE,FALSE,FALSE,0
urn:lsid:dyntaxa.se:TaxonName:46215,Platyura femoralis,species,"",Animalia,Arthropoda,Insecta,Diptera,Keroplatidae,"",platyura femoralis,FALSE,FALSE,FALSE,0
urn:lsid:dyntaxa.se:TaxonName:139129,Plebeius argyrognomon,species,"",Animalia,Arthropoda,Insecta,Lepidoptera,Lycaenidae,"",plebeius argyrognomon,FALSE,FALSE,FALSE,0
urn:lsid:dyntaxa.se:Taxon:102919,Plebejus aquilo,species,NT,Animalia,Arthropoda,Insecta,Lepidoptera,Lycaenidae,native,plebejus aquilo,FALSE,FALSE,FALSE,0
urn:lsid:dyntaxa.se:TaxonName:105390,Plebejus donzelii,species,"",Animalia,Arthropoda,Insecta,Lepidoptera,Lycaenidae,"",plebejus donzelii,FALSE,FALSE,FALSE,0
urn:lsid:dyntaxa.se:TaxonName:105357,Plebejus ismenias,species,"",Animalia,Arthropoda,Insecta,Lepidoptera,Lycaenidae,"",plebejus ismenias,FALSE,FALSE,FALSE,0
urn:lsid:dyntaxa.se:TaxonName:105406,Plebicula argester,species,"",Animalia,Arthropoda,Insecta,Lepidoptera,Lycaenidae,"",plebicula argester,FALSE,FALSE,FALSE,0
urn:lsid:dyntaxa.se:Taxon:1251,Pleuridium palustre,species,EN,Plantae,Bryophyta,Bryopsida,Dicranales,Ditrichaceae,native,pleuridium palustre,FALSE,FALSE,FALSE,0
urn:lsid:dyntaxa.se:TaxonName:158655,Pleuronectes hippoglossus,species,"",Animalia,Chordata,Actinopterygii,Pleuronectiformes,Pleuronectidae,"",pleuronectes hippoglossus,FALSE,FALSE,FALSE,0
urn:lsid:dyntaxa.se:Taxon:101604,Pleurophorus caesus,species,RE,Animalia,Arthropoda,Insecta,Coleoptera,Scarabaeidae,native,pleurophorus caesus,FALSE,FALSE,FALSE,0
urn:lsid:dyntaxa.se:TaxonName:329388,Pleurotoma concinna,species,"",Animalia,Mollusca,Gastropoda,Neogastropoda,Raphitomidae,"",pleurotoma concinna,FALSE,FALSE,FALSE,0
urn:lsid:dyntaxa.se:TaxonName:305973,Pleurotoma reticulata,species,"",Animalia,Mollusca,Gastropoda,Neogastropoda,Mangeliidae,"",pleurotoma reticulata,FALSE,FALSE,FALSE,0
urn:lsid:dyntaxa.se:TaxonName:305971,Pleurotoma trevelliana,species,"",Animalia,Mollusca,Gastropoda,Neogastropoda,Mangeliidae,"",pleurotoma trevelliana,FALSE,FALSE,FALSE,0
urn:lsid:dyntaxa.se:TaxonName:468164,Pleurotus tigrinus,species,"",Fungi,Basidiomycota,Agaricomycetes,Polyporales,Polyporaceae,"",pleurotus tigrinus,FALSE,FALSE,FALSE,0
urn:lsid:dyntaxa.se:TaxonName:102905,Pluteus luteovirens,species,"",Fungi,Basidiomycota,Agaricomycetes,Agaricales,Pluteaceae,"",pluteus luteovirens,FALSE,FALSE,FALSE,0
urn:lsid:dyntaxa.se:Taxon:6006091,Pneumodermopsis paucidens,species,DD,Animalia,Mollusca,Gastropoda,Pteropoda,Pneumodermatidae,native,pneumodermopsis paucidens,FALSE,FALSE,FALSE,0
urn:lsid:dyntaxa.se:TaxonName:278613,Pneumodermopsis paucidens f. pulex,species,"",Animalia,Mollusca,Gastropoda,Pteropoda,Pneumodermatidae,"",pneumodermopsis paucidens,FALSE,FALSE,FALSE,0
urn:lsid:dyntaxa.se:TaxonName:278614,Pneumodermopsis paucidens var. pulex,species,"",Animalia,Mollusca,Gastropoda,Pteropoda,Pneumodermatidae,"",pneumodermopsis paucidens,FALSE,FALSE,FALSE,0
urn:lsid:dyntaxa.se:TaxonName:146496,Podiceps ruficollis,species,"",Animalia,Chordata,Aves,Podicipediformes,Podicipedidae,"",podiceps ruficollis,FALSE,FALSE,FALSE,0
urn:lsid:dyntaxa.se:TaxonName:283421,Podoscypha pallida,species,"",Fungi,Basidiomycota,Agaricomycetes,Hymenochaetales,Rickenellaceae,"",podoscypha pallida,FALSE,FALSE,FALSE,0
urn:lsid:dyntaxa.se:TaxonName:271864,Podosordaria hippotrichoides,species,"",Fungi,Ascomycota,Sordariomycetes,Xylariales,"Xylariales, genera incertae sedis","",podosordaria hippotrichoides,FALSE,FALSE,FALSE,0
urn:lsid:dyntaxa.se:TaxonName:21086,Podostroma nybergianum,species,"",Fungi,Ascomycota,Sordariomycetes,Hypocreales,Hypocreaceae,"",podostroma nybergianum,FALSE,FALSE,FALSE,0
urn:lsid:dyntaxa.se:TaxonName:129462,Poecile cincta,species,"",Animalia,Chordata,Aves,Passeriformes,Paridae,"",poecile cincta,FALSE,FALSE,FALSE,0
urn:lsid:dyntaxa.se:TaxonName:129460,Poecile montana,species,"",Animalia,Chordata,Aves,Passeriformes,Paridae,"",poecile montana,FALSE,FALSE,FALSE,0
urn:lsid:dyntaxa.se:Taxon:101566,Poecilium pusillum,species,VU,Animalia,Arthropoda,Insecta,Coleoptera,Cerambycidae,native,poecilium pusillum,FALSE,FALSE,FALSE,0
urn:lsid:dyntaxa.se:Taxon:240163,Poecilobothrus ducalis,species,DD,Animalia,Arthropoda,Insecta,Diptera,Dolichopodidae,native,poecilobothrus ducalis,FALSE,FALSE,FALSE,0
urn:lsid:dyntaxa.se:Taxon:1258,Poeltinula interjecta,species,CR,Fungi,Ascomycota,Lecanoromycetes,Rhizocarpales,Rhizocarpaceae,native,poeltinula interjecta,FALSE,FALSE,FALSE,0
urn:lsid:dyntaxa.se:TaxonName:126485,Pogonochaerus caroli,species,"",Animalia,Arthropoda,Insecta,Coleoptera,Cerambycidae,"",pogonochaerus caroli,FALSE,FALSE,FALSE,0
urn:lsid:dyntaxa.se:TaxonName:156001,Pohlia cucullata,species,"",Plantae,Bryophyta,Bryopsida,Bryales,Mielichhoferiaceae,"",pohlia cucullata,FALSE,FALSE,FALSE,0
urn:lsid:dyntaxa.se:TaxonName:155998,Pohlia defecta,species,"",Plantae,Bryophyta,Bryopsida,Bryales,Mielichhoferiaceae,"",pohlia defecta,FALSE,FALSE,FALSE,0
urn:lsid:dyntaxa.se:TaxonName:243622,Pohlia defecta,species,"",Plantae,Bryophyta,Bryopsida,Bryales,Mielichhoferiaceae,"",pohlia defecta,FALSE,FALSE,FALSE,0
urn:lsid:dyntaxa.se:TaxonName:145621,Poliobrya umovii,species,"",Animalia,Arthropoda,Insecta,Lepidoptera,Noctuidae,"",poliobrya umovii,FALSE,FALSE,FALSE,0
urn:lsid:dyntaxa.se:TaxonName:245955,Polistes dubia,species,"",Animalia,Arthropoda,Insecta,Hymenoptera,Vespidae,"",polistes dubia,FALSE,FALSE,FALSE,0
urn:lsid:dyntaxa.se:TaxonName:157664,Polyblastia allobata,species,"",Fungi,Ascomycota,Eurotiomycetes,Verrucariales,Verrucariaceae,"",polyblastia allobata,FALSE,FALSE,FALSE,0
urn:lsid:dyntaxa.se:Taxon:234254,Polycarpa aernbaeckae,species,DD,Animalia,Chordata,"",Stolidobranchiata,Styelidae,native,polycarpa aernbaeckae,FALSE,FALSE,FALSE,0
urn:lsid:dyntaxa.se:TaxonName:236309,Polycera dubia,species,"",Animalia,Mollusca,Gastropoda,Nudibranchia,Polyceridae,"",polycera dubia,FALSE,FALSE,FALSE,0
urn:lsid:dyntaxa.se:TaxonName:236302,Polycera punctilucens,species,"",Animalia,Mollusca,Gastropoda,Nudibranchia,Aegiridae,"",polycera punctilucens,FALSE,FALSE,FALSE,0
urn:lsid:dyntaxa.se:TaxonName:135507,Polychidium umhausense,species,"",Fungi,Ascomycota,Lecanoromycetes,Peltigerales,Lobariaceae,"",polychidium umhausense,FALSE,FALSE,FALSE,0
urn:lsid:dyntaxa.se:Taxon:227543,Polycirrus aurantiacus,species,DD,Animalia,Annelida,Polychaeta,Terebellida,Terebellidae,native,polycirrus aurantiacus,FALSE,FALSE,FALSE,0
urn:lsid:dyntaxa.se:TaxonName:130174,Polycirrus trilobatus,species,"",Animalia,Annelida,Polychaeta,Terebellida,Terebellidae,"",polycirrus trilobatus,FALSE,FALSE,FALSE,0
urn:lsid:dyntaxa.se:TaxonName:123830,Polyclinum succineum,species,"",Animalia,Chordata,"",Aplousobranchiata,Polyclinidae,"",polyclinum succineum,FALSE,FALSE,FALSE,0
urn:lsid:dyntaxa.se:TaxonName:58302,Polygonum acadiense,species,"",Plantae,Tracheophyta,Magnoliopsida,Caryophyllales,Polygonaceae,"",polygonum acadiense,FALSE,FALSE,FALSE,0
urn:lsid:dyntaxa.se:TaxonName:58215,Polygonum foliosum,species,"",Plantae,Tracheophyta,Magnoliopsida,Caryophyllales,Polygonaceae,"",polygonum foliosum,FALSE,FALSE,FALSE,0
urn:lsid:dyntaxa.se:TaxonName:58206,Polygonum islandicum,species,"",Plantae,Tracheophyta,Magnoliopsida,Caryophyllales,Polygonaceae,"",polygonum islandicum,FALSE,FALSE,FALSE,0
urn:lsid:dyntaxa.se:TaxonName:141852,Polymicrodon polydesmoides,species,"",Animalia,Arthropoda,Diplopoda,Chordeumatida,Craspedosomatidae,"",polymicrodon polydesmoides,FALSE,FALSE,FALSE,0
urn:lsid:dyntaxa.se:Taxon:101619,Polymixis flavicincta,species,RE,Animalia,Arthropoda,Insecta,Lepidoptera,Noctuidae,native,polymixis flavicincta,FALSE,FALSE,FALSE,0
urn:lsid:dyntaxa.se:Taxon:201145,Polyommatus dorylas,species,NT,Animalia,Arthropoda,Insecta,Lepidoptera,Lycaenidae,native,polyommatus dorylas,FALSE,FALSE,FALSE,0
urn:lsid:dyntaxa.se:TaxonName:105389,Polyommatus nicias,species,"",Animalia,Arthropoda,Insecta,Lepidoptera,Lycaenidae,"",polyommatus nicias,FALSE,FALSE,FALSE,0
urn:lsid:dyntaxa.se:TaxonName:362515,Polyommatus stiberi,species,"",Animalia,Arthropoda,Insecta,Lepidoptera,Lycaenidae,"",polyommatus stiberi,FALSE,FALSE,FALSE,0
urn:lsid:dyntaxa.se:TaxonName:471710,Polypilus frondosus,species,"",Fungi,Basidiomycota,Agaricomycetes,Polyporales,Grifolaceae,"",polypilus frondosus,FALSE,FALSE,FALSE,0
urn:lsid:dyntaxa.se:TaxonName:470241,Polypilus umbellatus,species,"",Fungi,Basidiomycota,Agaricomycetes,Polyporales,Polyporaceae,"",polypilus umbellatus,FALSE,FALSE,FALSE,0
urn:lsid:dyntaxa.se:TaxonName:51918,Polypodium aculeatum,species,"",Plantae,Tracheophyta,Polypodiopsida,Polypodiales,Dryopteridaceae,"",polypodium aculeatum,FALSE,FALSE,FALSE,0
urn:lsid:dyntaxa.se:TaxonName:51839,Polypodium alpinum,species,"",Plantae,Tracheophyta,Polypodiopsida,Polypodiales,Cystopteridaceae,"",polypodium alpinum,FALSE,FALSE,FALSE,0
urn:lsid:dyntaxa.se:TaxonName:51863,Polypodium dryopteris ssp. robertianum,species,"",Plantae,Tracheophyta,Polypodiopsida,Polypodiales,Cystopteridaceae,"",polypodium dryopteris,FALSE,FALSE,FALSE,0
urn:lsid:dyntaxa.se:TaxonName:51866,Polypodium robertianum,species,"",Plantae,Tracheophyta,Polypodiopsida,Polypodiales,Cystopteridaceae,"",polypodium robertianum,FALSE,FALSE,FALSE,0
urn:lsid:dyntaxa.se:TaxonName:468017,Polyporellus badius,species,"",Fungi,Basidiomycota,Agaricomycetes,Polyporales,Polyporaceae,"",polyporellus badius,FALSE,FALSE,FALSE,0
urn:lsid:dyntaxa.se:TaxonName:401326,Polyporus adspersus,species,"",Fungi,Basidiomycota,Agaricomycetes,Polyporales,Polyporaceae,"",polyporus adspersus,FALSE,FALSE,FALSE,0
urn:lsid:dyntaxa.se:TaxonName:403747,Polyporus albobrunneus,species,"",Fungi,Basidiomycota,Agaricomycetes,Polyporales,Fomitopsidaceae,"",polyporus albobrunneus,FALSE,FALSE,FALSE,0
urn:lsid:dyntaxa.se:TaxonName:401399,Polyporus albocarneogilvidus,species,"",Fungi,Basidiomycota,Agaricomycetes,Polyporales,Polyporaceae,"",polyporus albocarneogilvidus,FALSE,FALSE,FALSE,0
urn:lsid:dyntaxa.se:TaxonName:335174,Polyporus albolutescens,species,"",Fungi,Basidiomycota,Agaricomycetes,Amylocorticiales,Amylocorticiaceae,"",polyporus albolutescens,FALSE,FALSE,FALSE,0
urn:lsid:dyntaxa.se:TaxonName:127029,Polyporus aurantiacus,species,"",Fungi,Basidiomycota,Agaricomycetes,Polyporales,"Polyporales, genera incertae sedis","",polyporus aurantiacus,FALSE,FALSE,FALSE,0
urn:lsid:dyntaxa.se:TaxonName:21088,Polyporus badius,species,"",Fungi,Basidiomycota,Agaricomycetes,Polyporales,Polyporaceae,"",polyporus badius,FALSE,FALSE,FALSE,0
urn:lsid:dyntaxa.se:TaxonName:331975,Polyporus balsameus,species,"",Fungi,Basidiomycota,Agaricomycetes,Polyporales,Dacryobolaceae,"",polyporus balsameus,FALSE,FALSE,FALSE,0
urn:lsid:dyntaxa.se:TaxonName:331990,Polyporus cerifluus,species,"",Fungi,Basidiomycota,Agaricomycetes,Polyporales,Dacryobolaceae,"",polyporus cerifluus,FALSE,FALSE,FALSE,0
urn:lsid:dyntaxa.se:TaxonName:119922,Polyporus chrysoloma,species,"",Fungi,Basidiomycota,Agaricomycetes,Hymenochaetales,Hymenochaetaceae,"",polyporus chrysoloma,FALSE,FALSE,FALSE,0
urn:lsid:dyntaxa.se:TaxonName:470587,Polyporus cinnamomeus,species,"",Fungi,Basidiomycota,Agaricomycetes,Hymenochaetales,Hymenochaetaceae,"",polyporus cinnamomeus,FALSE,FALSE,FALSE,0
urn:lsid:dyntaxa.se:TaxonName:399872,Polyporus collabens,species,"",Fungi,Basidiomycota,Agaricomycetes,Polyporales,Steccherinaceae,"",polyporus collabens,FALSE,FALSE,FALSE,0
urn:lsid:dyntaxa.se:TaxonName:401398,Polyporus colliculosus,species,"",Fungi,Basidiomycota,Agaricomycetes,Polyporales,Polyporaceae,"",polyporus colliculosus,FALSE,FALSE,FALSE,0
urn:lsid:dyntaxa.se:TaxonName:467764,Polyporus cristatus,species,"",Fungi,Basidiomycota,Agaricomycetes,Russulales,Albatrellaceae,"",polyporus cristatus,FALSE,FALSE,FALSE,0
urn:lsid:dyntaxa.se:TaxonName:399073,Polyporus croceus,species,"",Fungi,Basidiomycota,Agaricomycetes,Polyporales,Meruliaceae,"",polyporus croceus,FALSE,FALSE,FALSE,0
urn:lsid:dyntaxa.se:TaxonName:401368,Polyporus cupreolaccatus,species,"",Fungi,Basidiomycota,Agaricomycetes,Polyporales,Polyporaceae,"",polyporus cupreolaccatus,FALSE,FALSE,FALSE,0
urn:lsid:dyntaxa.se:TaxonName:152658,Polyporus cuticularis,species,"",Fungi,Basidiomycota,Agaricomycetes,Hymenochaetales,Hymenochaetaceae,"",polyporus cuticularis,FALSE,FALSE,FALSE,0
urn:lsid:dyntaxa.se:TaxonName:400097,Polyporus delectans,species,"",Fungi,Basidiomycota,Agaricomycetes,Polyporales,"Polyporales, genera incertae sedis","",polyporus delectans,FALSE,FALSE,FALSE,0
urn:lsid:dyntaxa.se:TaxonName:449432,Polyporus erubescens,species,"",Fungi,Basidiomycota,Agaricomycetes,Polyporales,Irpicaceae,"",polyporus erubescens,FALSE,FALSE,FALSE,0
urn:lsid:dyntaxa.se:TaxonName:401286,Polyporus extenuatus,species,"",Fungi,Basidiomycota,Agaricomycetes,Polyporales,Polyporaceae,"",polyporus extenuatus,FALSE,FALSE,FALSE,0
urn:lsid:dyntaxa.se:TaxonName:404584,Polyporus ferroaurantius,species,"",Fungi,Basidiomycota,Agaricomycetes,Polyporales,Incrustoporiaceae,"",polyporus ferroaurantius,FALSE,FALSE,FALSE,0
urn:lsid:dyntaxa.se:TaxonName:399088,Polyporus fissilis,species,"",Fungi,Basidiomycota,Agaricomycetes,Polyporales,Meruliaceae,"",polyporus fissilis,FALSE,FALSE,FALSE,0
urn:lsid:dyntaxa.se:TaxonName:395786,Polyporus floccipes,species,"",Fungi,Basidiomycota,Agaricomycetes,Polyporales,Polyporaceae,"",polyporus floccipes,FALSE,FALSE,FALSE,0
urn:lsid:dyntaxa.se:TaxonName:332036,Polyporus floriformis,species,"",Fungi,Basidiomycota,Agaricomycetes,Polyporales,Dacryobolaceae,"",polyporus floriformis,FALSE,FALSE,FALSE,0
urn:lsid:dyntaxa.se:TaxonName:395789,Polyporus forquignonii,species,"",Fungi,Basidiomycota,Agaricomycetes,Polyporales,Polyporaceae,"",polyporus forquignonii,FALSE,FALSE,FALSE,0
urn:lsid:dyntaxa.se:TaxonName:403611,Polyporus fraxineus,species,"",Fungi,Basidiomycota,Agaricomycetes,Polyporales,Polyporaceae,"",polyporus fraxineus,FALSE,FALSE,FALSE,0
urn:lsid:dyntaxa.se:TaxonName:472135,Polyporus fraxineus,species,"",Fungi,Basidiomycota,Agaricomycetes,Polyporales,Polyporaceae,"",polyporus fraxineus,FALSE,FALSE,FALSE,0
urn:lsid:dyntaxa.se:TaxonName:471715,Polyporus frondosus,species,"",Fungi,Basidiomycota,Agaricomycetes,Polyporales,Grifolaceae,"",polyporus frondosus,FALSE,FALSE,FALSE,0
urn:lsid:dyntaxa.se:TaxonName:401277,Polyporus gallicus,species,"",Fungi,Basidiomycota,Agaricomycetes,Polyporales,Polyporaceae,"",polyporus gallicus,FALSE,FALSE,FALSE,0
urn:lsid:dyntaxa.se:TaxonName:468165,Polyporus gerdai,species,"",Fungi,Basidiomycota,Agaricomycetes,Polyporales,Polyporaceae,"",polyporus gerdai,FALSE,FALSE,FALSE,0
urn:lsid:dyntaxa.se:TaxonName:467785,Polyporus griseus,species,"",Fungi,Basidiomycota,Agaricomycetes,Thelephorales,Bankeraceae,"",polyporus griseus,FALSE,FALSE,FALSE,0
urn:lsid:dyntaxa.se:TaxonName:332087,Polyporus guttulatus,species,"",Fungi,Basidiomycota,Agaricomycetes,Polyporales,Dacryobolaceae,"",polyporus guttulatus,FALSE,FALSE,FALSE,0
urn:lsid:dyntaxa.se:TaxonName:64806,Polyporus hibernicus,species,"",Fungi,Basidiomycota,Agaricomycetes,Polyporales,Dacryobolaceae,"",polyporus hibernicus,FALSE,FALSE,FALSE,0
urn:lsid:dyntaxa.se:TaxonName:404579,Polyporus kmetii,species,"",Fungi,Basidiomycota,Agaricomycetes,Polyporales,Incrustoporiaceae,"",polyporus kmetii,FALSE,FALSE,FALSE,0
urn:lsid:dyntaxa.se:TaxonName:395785,Polyporus lentus,species,"",Fungi,Basidiomycota,Agaricomycetes,Polyporales,Polyporaceae,"",polyporus lentus,FALSE,FALSE,FALSE,0
urn:lsid:dyntaxa.se:TaxonName:470505,Polyporus leporinus,species,"",Fungi,Basidiomycota,Agaricomycetes,Hymenochaetales,Hymenochaetaceae,"",polyporus leporinus,FALSE,FALSE,FALSE,0
urn:lsid:dyntaxa.se:TaxonName:467810,Polyporus leucomelas,species,"",Fungi,Basidiomycota,Agaricomycetes,Thelephorales,Bankeraceae,"",polyporus leucomelas,FALSE,FALSE,FALSE,0
urn:lsid:dyntaxa.se:TaxonName:472152,Polyporus medulla-panis,species,"",Fungi,Basidiomycota,Agaricomycetes,Polyporales,Polyporaceae,"",polyporus medulla-panis,FALSE,FALSE,FALSE,0
urn:lsid:dyntaxa.se:TaxonName:450384,Polyporus mollis,species,"",Fungi,Basidiomycota,Agaricomycetes,Polyporales,Irpicaceae,"",polyporus mollis,FALSE,FALSE,FALSE,0
urn:lsid:dyntaxa.se:TaxonName:119915,Polyporus obducens,species,"",Fungi,Basidiomycota,Agaricomycetes,Polyporales,Meripilaceae,"",polyporus obducens,FALSE,FALSE,FALSE,0
urn:lsid:dyntaxa.se:TaxonName:471903,Polyporus odorus,species,"",Fungi,Basidiomycota,Agaricomycetes,Polyporales,Polyporaceae,"",polyporus odorus,FALSE,FALSE,FALSE,0
urn:lsid:dyntaxa.se:TaxonName:399496,Polyporus pannocinctus,species,"",Fungi,Basidiomycota,Agaricomycetes,Polyporales,Irpicaceae,"",polyporus pannocinctus,FALSE,FALSE,FALSE,0
urn:lsid:dyntaxa.se:TaxonName:404966,Polyporus placenta,species,"",Fungi,Basidiomycota,Agaricomycetes,Polyporales,"Polyporales, genera incertae sedis","",polyporus placenta,FALSE,FALSE,FALSE,0
urn:lsid:dyntaxa.se:TaxonName:21092,Polyporus pseudobetulinus,species,"",Fungi,Basidiomycota,Agaricomycetes,Polyporales,Polyporaceae,"",polyporus pseudobetulinus,FALSE,FALSE,FALSE,0
urn:lsid:dyntaxa.se:TaxonName:472166,Polyporus pulchellus,species,"",Fungi,Basidiomycota,Agaricomycetes,Polyporales,Polyporaceae,"",polyporus pulchellus,FALSE,FALSE,FALSE,0
urn:lsid:dyntaxa.se:TaxonName:374563,Polyporus quercinus,species,"",Fungi,Basidiomycota,Agaricomycetes,Polyporales,Fomitopsidaceae,"",polyporus quercinus,FALSE,FALSE,FALSE,0
urn:lsid:dyntaxa.se:TaxonName:467862,Polyporus repandus,species,"",Fungi,Basidiomycota,Agaricomycetes,Thelephorales,Bankeraceae,"",polyporus repandus,FALSE,FALSE,FALSE,0
urn:lsid:dyntaxa.se:TaxonName:399887,Polyporus rixosa,species,"",Fungi,Basidiomycota,Agaricomycetes,Polyporales,Steccherinaceae,"",polyporus rixosa,FALSE,FALSE,FALSE,0
urn:lsid:dyntaxa.se:TaxonName:374634,Polyporus roseus,species,"",Fungi,Basidiomycota,Agaricomycetes,Polyporales,Fomitopsidaceae,"",polyporus roseus,FALSE,FALSE,FALSE,0
urn:lsid:dyntaxa.se:TaxonName:127032,Polyporus salmonicolor,species,"",Fungi,Basidiomycota,Agaricomycetes,Polyporales,Meruliaceae,"",polyporus salmonicolor,FALSE,FALSE,FALSE,0
urn:lsid:dyntaxa.se:TaxonName:472190,Polyporus subacidus,species,"",Fungi,Basidiomycota,Agaricomycetes,Polyporales,Polyporaceae,"",polyporus subacidus,FALSE,FALSE,FALSE,0
urn:lsid:dyntaxa.se:TaxonName:300911,Polyporus subrubescens,species,"",Fungi,Basidiomycota,Agaricomycetes,Russulales,Albatrellaceae,"",polyporus subrubescens,FALSE,FALSE,FALSE,0
urn:lsid:dyntaxa.se:TaxonName:404911,Polyporus subsericeomollis,species,"",Fungi,Basidiomycota,Agaricomycetes,Polyporales,Dacryobolaceae,"",polyporus subsericeomollis,FALSE,FALSE,FALSE,0
urn:lsid:dyntaxa.se:TaxonName:467805,Polyporus subsquamosus var. leucomelas,species,"",Fungi,Basidiomycota,Agaricomycetes,Thelephorales,Bankeraceae,"",polyporus subsquamosus,FALSE,FALSE,FALSE,0
urn:lsid:dyntaxa.se:TaxonName:467860,Polyporus subsquamosus var. repandus,species,"",Fungi,Basidiomycota,Agaricomycetes,Thelephorales,Bankeraceae,"",polyporus subsquamosus,FALSE,FALSE,FALSE,0
urn:lsid:dyntaxa.se:TaxonName:472158,Polyporus tenuis,species,"",Fungi,Basidiomycota,Agaricomycetes,Polyporales,Polyporaceae,"",polyporus tenuis,FALSE,FALSE,FALSE,0
urn:lsid:dyntaxa.se:TaxonName:401391,Polyporus tuberculosus,species,"",Fungi,Basidiomycota,Agaricomycetes,Polyporales,Polyporaceae,"",polyporus tuberculosus,FALSE,FALSE,FALSE,0
urn:lsid:dyntaxa.se:TaxonName:471932,Polyporus tuberculosus,species,"",Fungi,Basidiomycota,Agaricomycetes,Polyporales,Polyporaceae,"",polyporus tuberculosus,FALSE,FALSE,FALSE,0
urn:lsid:dyntaxa.se:TaxonName:403969,Polyporus undosus,species,"",Fungi,Basidiomycota,Agaricomycetes,Polyporales,Dacryobolaceae,"",polyporus undosus,FALSE,FALSE,FALSE,0
urn:lsid:dyntaxa.se:TaxonName:399953,Polyporus wynneae,species,"",Fungi,Basidiomycota,Agaricomycetes,Polyporales,Steccherinaceae,"",polyporus wynneae,FALSE,FALSE,FALSE,0
urn:lsid:dyntaxa.se:TaxonName:286931,Polysiphonia atrorubescens,species,"",Plantae,Rhodophyta,Florideophyceae,Ceramiales,Rhodomelaceae,"",polysiphonia atrorubescens,FALSE,FALSE,FALSE,0
urn:lsid:dyntaxa.se:TaxonName:32260,Polysiphonia nigra,species,"",Plantae,Rhodophyta,Florideophyceae,Ceramiales,Rhodomelaceae,"",polysiphonia nigra,FALSE,FALSE,FALSE,0
urn:lsid:dyntaxa.se:TaxonName:51917,Polystichum lobatum,species,"",Plantae,Tracheophyta,Polypodiopsida,Polypodiales,Dryopteridaceae,"",polystichum lobatum,FALSE,FALSE,FALSE,0
urn:lsid:dyntaxa.se:TaxonName:404621,Polystictus revolutus,species,"",Fungi,Basidiomycota,Agaricomycetes,Polyporales,Dacryobolaceae,"",polystictus revolutus,FALSE,FALSE,FALSE,0
urn:lsid:dyntaxa.se:TaxonName:401294,Polystictus stuppeus,species,"",Fungi,Basidiomycota,Agaricomycetes,Polyporales,Polyporaceae,"",polystictus stuppeus,FALSE,FALSE,FALSE,0
urn:lsid:dyntaxa.se:TaxonName:36742,Polytretus reinboldii,species,"",Chromista,Ochrophyta,Phaeophyceae,Ectocarpales,Chordariaceae,"",polytretus reinboldii,FALSE,FALSE,FALSE,0
urn:lsid:dyntaxa.se:TaxonName:148724,Polytrichastrum pallidisetum,species,"",Plantae,Bryophyta,Polytrichopsida,Polytrichales,Polytrichaceae,"",polytrichastrum pallidisetum,FALSE,FALSE,FALSE,0
urn:lsid:dyntaxa.se:TaxonName:121030,Polytrichum norvegicum,species,"",Plantae,Bryophyta,Polytrichopsida,Polytrichales,Polytrichaceae,"",polytrichum norvegicum,FALSE,FALSE,FALSE,0
urn:lsid:dyntaxa.se:TaxonName:319761,Polytrichum sexangulare,species,"",Plantae,Bryophyta,Polytrichopsida,Polytrichales,Polytrichaceae,"",polytrichum sexangulare,FALSE,FALSE,FALSE,0
urn:lsid:dyntaxa.se:TaxonName:243737,Pompilus,species,"",Animalia,Arthropoda,Insecta,Hymenoptera,Pompilidae,"",pompilus,FALSE,FALSE,FALSE,0
urn:lsid:dyntaxa.se:TaxonName:104831,Pompilus aeruginosus,species,"",Animalia,Arthropoda,Insecta,Hymenoptera,Pompilidae,"",pompilus aeruginosus,FALSE,FALSE,FALSE,0
urn:lsid:dyntaxa.se:TaxonName:158716,Pompilus agilis,species,"",Animalia,Arthropoda,Insecta,Hymenoptera,Pompilidae,"",pompilus agilis,FALSE,FALSE,FALSE,0
urn:lsid:dyntaxa.se:TaxonName:104836,Pompilus alvarabnormis,species,"",Animalia,Arthropoda,Insecta,Hymenoptera,Pompilidae,"",pompilus alvarabnormis,FALSE,FALSE,FALSE,0
urn:lsid:dyntaxa.se:TaxonName:104829,Pompilus ciliatus,species,"",Animalia,Arthropoda,Insecta,Hymenoptera,Pompilidae,"",pompilus ciliatus,FALSE,FALSE,FALSE,0
urn:lsid:dyntaxa.se:TaxonName:104858,Pompilus consobrina,species,"",Animalia,Arthropoda,Insecta,Hymenoptera,Pompilidae,"",pompilus consobrina,FALSE,FALSE,FALSE,0
urn:lsid:dyntaxa.se:TaxonName:158850,Pompilus crassitarsis,species,"",Animalia,Arthropoda,Insecta,Hymenoptera,Pompilidae,"",pompilus crassitarsis,FALSE,FALSE,FALSE,0
urn:lsid:dyntaxa.se:TaxonName:243588,Pompilus declivus,species,"",Animalia,Arthropoda,Insecta,Hymenoptera,Pompilidae,"",pompilus declivus,FALSE,FALSE,FALSE,0
urn:lsid:dyntaxa.se:TaxonName:243739,Pompilus fraterculus,species,"",Animalia,Arthropoda,Insecta,Hymenoptera,Pompilidae,"",pompilus fraterculus,FALSE,FALSE,FALSE,0
urn:lsid:dyntaxa.se:TaxonName:158820,Pompilus gallicus,species,"",Animalia,Arthropoda,Insecta,Hymenoptera,Pompilidae,"",pompilus gallicus,FALSE,FALSE,FALSE,0
urn:lsid:dyntaxa.se:TaxonName:243587,Pompilus gaullei,species,"",Animalia,Arthropoda,Insecta,Hymenoptera,Pompilidae,"",pompilus gaullei,FALSE,FALSE,FALSE,0
urn:lsid:dyntaxa.se:TaxonName:158831,Pompilus gibbulus,species,"",Animalia,Arthropoda,Insecta,Hymenoptera,Pompilidae,"",pompilus gibbulus,FALSE,FALSE,FALSE,0
urn:lsid:dyntaxa.se:TaxonName:243832,Pompilus guentheri,species,"",Animalia,Arthropoda,Insecta,Hymenoptera,Pompilidae,"",pompilus guentheri,FALSE,FALSE,FALSE,0
urn:lsid:dyntaxa.se:TaxonName:243831,Pompilus guentherianus,species,"",Animalia,Arthropoda,Insecta,Hymenoptera,Pompilidae,"",pompilus guentherianus,FALSE,FALSE,FALSE,0
urn:lsid:dyntaxa.se:TaxonName:243821,Pompilus guimarensis,species,"",Animalia,Arthropoda,Insecta,Hymenoptera,Pompilidae,"",pompilus guimarensis,FALSE,FALSE,FALSE,0
urn:lsid:dyntaxa.se:TaxonName:243610,Pompilus lichtensteini,species,"",Animalia,Arthropoda,Insecta,Hymenoptera,Pompilidae,"",pompilus lichtensteini,FALSE,FALSE,FALSE,0
urn:lsid:dyntaxa.se:TaxonName:158734,Pompilus minuta,species,"",Animalia,Arthropoda,Insecta,Hymenoptera,Pompilidae,"",pompilus minuta,FALSE,FALSE,FALSE,0
urn:lsid:dyntaxa.se:TaxonName:243817,Pompilus nivariae,species,"",Animalia,Arthropoda,Insecta,Hymenoptera,Pompilidae,"",pompilus nivariae,FALSE,FALSE,FALSE,0
urn:lsid:dyntaxa.se:TaxonName:243606,Pompilus rubiginicollis,species,"",Animalia,Arthropoda,Insecta,Hymenoptera,Pompilidae,"",pompilus rubiginicollis,FALSE,FALSE,FALSE,0
urn:lsid:dyntaxa.se:TaxonName:158764,Pompilus sericeus,species,"",Animalia,Arthropoda,Insecta,Hymenoptera,Pompilidae,"",pompilus sericeus,FALSE,FALSE,FALSE,0
urn:lsid:dyntaxa.se:TaxonName:158779,Pompilus sexmaculatus,species,"",Animalia,Arthropoda,Insecta,Hymenoptera,Pompilidae,"",pompilus sexmaculatus,FALSE,FALSE,FALSE,0
urn:lsid:dyntaxa.se:TaxonName:243738,Pompilus sexnotatus,species,"",Animalia,Arthropoda,Insecta,Hymenoptera,Pompilidae,"",pompilus sexnotatus,FALSE,FALSE,FALSE,0
urn:lsid:dyntaxa.se:TaxonName:243585,Pompilus subserricornis,species,"",Animalia,Arthropoda,Insecta,Hymenoptera,Pompilidae,"",pompilus subserricornis,FALSE,FALSE,FALSE,0
urn:lsid:dyntaxa.se:TaxonName:243584,Pompilus vicinus,species,"",Animalia,Arthropoda,Insecta,Hymenoptera,Pompilidae,"",pompilus vicinus,FALSE,FALSE,FALSE,0
urn:lsid:dyntaxa.se:TaxonName:158806,Pompilus westerlundi,species,"",Animalia,Arthropoda,Insecta,Hymenoptera,Pompilidae,"",pompilus westerlundi,FALSE,FALSE,FALSE,0
urn:lsid:dyntaxa.se:Taxon:102854,Pontaster tenuispinus,species,RE,Animalia,Echinodermata,Asteroidea,Notomyotida,Benthopectinidae,uncertain,pontaster tenuispinus,FALSE,FALSE,FALSE,0
urn:lsid:dyntaxa.se:TaxonName:450149,Porcellio ratzeburgii,species,"",Animalia,Arthropoda,Malacostraca,Isopoda,Trachelipodidae,"",porcellio ratzeburgii,FALSE,FALSE,FALSE,0
urn:lsid:dyntaxa.se:TaxonName:403762,Poria albobrunnea,species,"",Fungi,Basidiomycota,Agaricomycetes,Polyporales,Fomitopsidaceae,"",poria albobrunnea,FALSE,FALSE,FALSE,0
urn:lsid:dyntaxa.se:TaxonName:335178,Poria albolutescens,species,"",Fungi,Basidiomycota,Agaricomycetes,Amylocorticiales,Amylocorticiaceae,"",poria albolutescens,FALSE,FALSE,FALSE,0
urn:lsid:dyntaxa.se:TaxonName:152811,Poria aurantiaca,species,"",Fungi,Basidiomycota,Agaricomycetes,Polyporales,"Polyporales, genera incertae sedis","",poria aurantiaca,FALSE,FALSE,FALSE,0
urn:lsid:dyntaxa.se:TaxonName:449466,Poria aurantiaca,species,"",Fungi,Basidiomycota,Agaricomycetes,Polyporales,"Polyporales, genera incertae sedis","",poria aurantiaca,FALSE,FALSE,FALSE,0
urn:lsid:dyntaxa.se:TaxonName:300493,Poria canescens,species,"",Fungi,Basidiomycota,Agaricomycetes,Auriculariales,"Auriculariales, genera incertae sedis","",poria canescens,FALSE,FALSE,FALSE,0
urn:lsid:dyntaxa.se:TaxonName:472184,Poria chrysella,species,"",Fungi,Basidiomycota,Agaricomycetes,Polyporales,Polyporaceae,"",poria chrysella,FALSE,FALSE,FALSE,0
urn:lsid:dyntaxa.se:TaxonName:399882,Poria collabens,species,"",Fungi,Basidiomycota,Agaricomycetes,Polyporales,Steccherinaceae,"",poria collabens,FALSE,FALSE,FALSE,0
urn:lsid:dyntaxa.se:TaxonName:400853,Poria crustulina,species,"",Fungi,Basidiomycota,Agaricomycetes,Polyporales,"Polyporales, genera incertae sedis","",poria crustulina,FALSE,FALSE,FALSE,0
urn:lsid:dyntaxa.se:TaxonName:120058,Poria ferrugineofusca,species,"",Fungi,Basidiomycota,Agaricomycetes,Hymenochaetales,Hymenochaetaceae,"",poria ferrugineofusca,FALSE,FALSE,FALSE,0
urn:lsid:dyntaxa.se:TaxonName:403612,Poria fraxinea,species,"",Fungi,Basidiomycota,Agaricomycetes,Polyporales,Polyporaceae,"",poria fraxinea,FALSE,FALSE,FALSE,0
urn:lsid:dyntaxa.se:TaxonName:399133,Poria gilvescens,species,"",Fungi,Basidiomycota,Agaricomycetes,Polyporales,Meruliaceae,"",poria gilvescens,FALSE,FALSE,FALSE,0
urn:lsid:dyntaxa.se:TaxonName:68940,Poria johnstonii,species,"",Fungi,Basidiomycota,Agaricomycetes,Polyporales,Dacryobolaceae,"",poria johnstonii,FALSE,FALSE,FALSE,0
urn:lsid:dyntaxa.se:TaxonName:399895,Poria lacera,species,"",Fungi,Basidiomycota,Agaricomycetes,Polyporales,Steccherinaceae,"",poria lacera,FALSE,FALSE,FALSE,0
urn:lsid:dyntaxa.se:TaxonName:380309,Poria lenis,species,"",Fungi,Basidiomycota,Agaricomycetes,Hymenochaetales,"Hymenochaetales, genera incertae sedis","",poria lenis,FALSE,FALSE,FALSE,0
urn:lsid:dyntaxa.se:TaxonName:332245,Poria mappa,species,"",Fungi,Basidiomycota,Agaricomycetes,Polyporales,Fomitopsidaceae,"",poria mappa,FALSE,FALSE,FALSE,0
urn:lsid:dyntaxa.se:TaxonName:472153,Poria medulla-panis,species,"",Fungi,Basidiomycota,Agaricomycetes,Polyporales,Polyporaceae,"",poria medulla-panis,FALSE,FALSE,FALSE,0
urn:lsid:dyntaxa.se:TaxonName:472161,Poria medullaris f. tenuis,species,"",Fungi,Basidiomycota,Agaricomycetes,Polyporales,Polyporaceae,"",poria medullaris,FALSE,FALSE,FALSE,0
urn:lsid:dyntaxa.se:TaxonName:472174,Poria medullaris f. pulchella,species,"",Fungi,Basidiomycota,Agaricomycetes,Polyporales,Polyporaceae,"",poria medullaris,FALSE,FALSE,FALSE,0
urn:lsid:dyntaxa.se:TaxonName:119965,Poria mentschulensis,species,"",Fungi,Basidiomycota,Agaricomycetes,Polyporales,Steccherinaceae,"",poria mentschulensis,FALSE,FALSE,FALSE,0
urn:lsid:dyntaxa.se:TaxonName:259978,Poria myceliosa,species,"",Fungi,Basidiomycota,Agaricomycetes,Amylocorticiales,Amylocorticiaceae,"",poria myceliosa,FALSE,FALSE,FALSE,0
urn:lsid:dyntaxa.se:TaxonName:119917,Poria obducens,species,"",Fungi,Basidiomycota,Agaricomycetes,Polyporales,Meripilaceae,"",poria obducens,FALSE,FALSE,FALSE,0
urn:lsid:dyntaxa.se:TaxonName:152647,Poria ochraceolateritia,species,"",Fungi,Basidiomycota,Agaricomycetes,Polyporales,"Polyporales, genera incertae sedis","",poria ochraceolateritia,FALSE,FALSE,FALSE,0
urn:lsid:dyntaxa.se:TaxonName:404210,Poria odora,species,"",Fungi,Basidiomycota,Agaricomycetes,Polyporales,Incrustoporiaceae,"",poria odora,FALSE,FALSE,FALSE,0
urn:lsid:dyntaxa.se:TaxonName:399509,Poria pannocincta,species,"",Fungi,Basidiomycota,Agaricomycetes,Polyporales,Irpicaceae,"",poria pannocincta,FALSE,FALSE,FALSE,0
urn:lsid:dyntaxa.se:TaxonName:404992,Poria placenta,species,"",Fungi,Basidiomycota,Agaricomycetes,Polyporales,"Polyporales, genera incertae sedis","",poria placenta,FALSE,FALSE,FALSE,0
urn:lsid:dyntaxa.se:TaxonName:127033,Poria salmonicolor,species,"",Fungi,Basidiomycota,Agaricomycetes,Polyporales,Meruliaceae,"",poria salmonicolor,FALSE,FALSE,FALSE,0
urn:lsid:dyntaxa.se:TaxonName:471960,Poria squalens,species,"",Fungi,Basidiomycota,Agaricomycetes,Polyporales,Polyporaceae,"",poria squalens,FALSE,FALSE,FALSE,0
urn:lsid:dyntaxa.se:TaxonName:472194,Poria subacida,species,"",Fungi,Basidiomycota,Agaricomycetes,Polyporales,Polyporaceae,"",poria subacida,FALSE,FALSE,FALSE,0
urn:lsid:dyntaxa.se:TaxonName:399466,Poria subvermispora,species,"",Fungi,Basidiomycota,Agaricomycetes,Polyporales,Gelatoporiaceae,"",poria subvermispora,FALSE,FALSE,FALSE,0
urn:lsid:dyntaxa.se:TaxonName:472164,Poria tenuis,species,"",Fungi,Basidiomycota,Agaricomycetes,Polyporales,Polyporaceae,"",poria tenuis,FALSE,FALSE,FALSE,0
urn:lsid:dyntaxa.se:TaxonName:404217,Poria tschulymica,species,"",Fungi,Basidiomycota,Agaricomycetes,Polyporales,Incrustoporiaceae,"",poria tschulymica,FALSE,FALSE,FALSE,0
urn:lsid:dyntaxa.se:TaxonName:157182,Porina borreri,species,"",Fungi,Ascomycota,Lecanoromycetes,Ostropales,Porinaceae,"",porina borreri,FALSE,FALSE,FALSE,0
urn:lsid:dyntaxa.se:TaxonName:13964,Porina faginea,species,"",Fungi,Ascomycota,Dothideomycetes,Strigulales,Strigulaceae,"",porina faginea,FALSE,FALSE,FALSE,0
urn:lsid:dyntaxa.se:TaxonName:157186,Porina grandis,species,"",Fungi,Ascomycota,Lecanoromycetes,Ostropales,Porinaceae,"",porina grandis,FALSE,FALSE,FALSE,0
urn:lsid:dyntaxa.se:TaxonName:9300,Porina guentheri v. grandis,species,"",Fungi,Ascomycota,Lecanoromycetes,Ostropales,Porinaceae,"",porina guentheri,FALSE,FALSE,FALSE,0
urn:lsid:dyntaxa.se:TaxonName:157188,Porina interjungens,species,"",Fungi,Ascomycota,Lecanoromycetes,Ostropales,Porinaceae,"",porina interjungens,FALSE,FALSE,FALSE,0
urn:lsid:dyntaxa.se:TaxonName:9303,Porina interseptula,species,"",Fungi,Ascomycota,Lecanoromycetes,Ostropales,Porinaceae,"",porina interseptula,FALSE,FALSE,FALSE,0
urn:lsid:dyntaxa.se:Taxon:1824,Porina leptalea,species,VU,Fungi,Ascomycota,Lecanoromycetes,Ostropales,Porinaceae,native,porina leptalea,FALSE,FALSE,FALSE,0
urn:lsid:dyntaxa.se:Taxon:5432,Porodaedalea chrysoloma,species,NT,Fungi,Basidiomycota,Agaricomycetes,Hymenochaetales,Hymenochaetaceae,native,porodaedalea chrysoloma,FALSE,FALSE,FALSE,0
urn:lsid:dyntaxa.se:TaxonName:224183,Porotrichum alopecurum var. smolandicum,species,"",Plantae,Bryophyta,Bryopsida,Hypnales,Neckeraceae,"",porotrichum alopecurum,FALSE,FALSE,FALSE,0
urn:lsid:dyntaxa.se:TaxonName:100128,Porphyrellus pseudoscaber,species,"",Fungi,Basidiomycota,Agaricomycetes,Boletales,Boletaceae,"",porphyrellus pseudoscaber,FALSE,FALSE,FALSE,0
urn:lsid:dyntaxa.se:TaxonName:300671,Porpoloma fornicata,species,"",Fungi,Basidiomycota,Agaricomycetes,Agaricales,Hygrophoraceae,"",porpoloma fornicata,FALSE,FALSE,FALSE,0
urn:lsid:dyntaxa.se:Taxon:1279,Porpoloma metapodium,species,VU,Fungi,Basidiomycota,Agaricomycetes,Agaricales,Tricholomataceae,native,porpoloma metapodium,FALSE,FALSE,FALSE,0
urn:lsid:dyntaxa.se:Taxon:1280,Porpoloma pes-caprae,species,EN,Fungi,Basidiomycota,Agaricomycetes,Agaricales,Tricholomataceae,native,porpoloma pes-caprae,FALSE,FALSE,FALSE,0
urn:lsid:dyntaxa.se:TaxonName:300670,Porpolomopsis fornicata,species,"",Fungi,Basidiomycota,Agaricomycetes,Agaricales,Hygrophoraceae,"",porpolomopsis fornicata,FALSE,FALSE,FALSE,0
urn:lsid:dyntaxa.se:Taxon:250079,Postia balsamina,species,DD,Fungi,Basidiomycota,Agaricomycetes,Polyporales,Dacryobolaceae,native,postia balsamina,FALSE,FALSE,FALSE,0
urn:lsid:dyntaxa.se:Taxon:1100,Postia floriformis,species,VU,Fungi,Basidiomycota,Agaricomycetes,Polyporales,Dacryobolaceae,native,postia floriformis,FALSE,FALSE,FALSE,0
urn:lsid:dyntaxa.se:TaxonName:332014,Postia folliculocystidiata,species,"",Fungi,Basidiomycota,Agaricomycetes,Polyporales,Dacryobolaceae,"",postia folliculocystidiata,FALSE,FALSE,FALSE,0
urn:lsid:dyntaxa.se:TaxonName:332318,Postia folliculocystidiata,species,"",Fungi,Basidiomycota,Agaricomycetes,Polyporales,Dacryobolaceae,"",postia folliculocystidiata,FALSE,FALSE,FALSE,0
urn:lsid:dyntaxa.se:Taxon:1101,Postia guttulata,species,NT,Fungi,Basidiomycota,Agaricomycetes,Polyporales,Dacryobolaceae,native,postia guttulata,FALSE,FALSE,FALSE,0
urn:lsid:dyntaxa.se:TaxonName:152691,Postia hibernica,species,"",Fungi,Basidiomycota,Agaricomycetes,Polyporales,Dacryobolaceae,"",postia hibernica,FALSE,FALSE,FALSE,0
urn:lsid:dyntaxa.se:Taxon:2041,Postia hibernica,species,DD,Fungi,Basidiomycota,Agaricomycetes,Polyporales,Dacryobolaceae,native,postia hibernica,FALSE,FALSE,FALSE,0
urn:lsid:dyntaxa.se:Taxon:5260,Postia lateritia,species,VU,Fungi,Basidiomycota,Agaricomycetes,Polyporales,Dacryobolaceae,native,postia lateritia,FALSE,FALSE,FALSE,0
urn:lsid:dyntaxa.se:TaxonName:152694,Postia mappa,species,"",Fungi,Basidiomycota,Agaricomycetes,Polyporales,Fomitopsidaceae,"",postia mappa,FALSE,FALSE,FALSE,0
urn:lsid:dyntaxa.se:TaxonName:332015,Postia minusculoides,species,"",Fungi,Basidiomycota,Agaricomycetes,Polyporales,Dacryobolaceae,"",postia minusculoides,FALSE,FALSE,FALSE,0
urn:lsid:dyntaxa.se:TaxonName:96934,Postia placenta,species,"",Fungi,Basidiomycota,Agaricomycetes,Polyporales,"Polyporales, genera incertae sedis","",postia placenta,FALSE,FALSE,FALSE,0
urn:lsid:dyntaxa.se:TaxonName:68938,Postia septentrionalis,species,"",Fungi,Basidiomycota,Agaricomycetes,Polyporales,Dacryobolaceae,"",postia septentrionalis,FALSE,FALSE,FALSE,0
urn:lsid:dyntaxa.se:TaxonName:152829,Postia undosa,species,"",Fungi,Basidiomycota,Agaricomycetes,Polyporales,Dacryobolaceae,"",postia undosa,FALSE,FALSE,FALSE,0
urn:lsid:dyntaxa.se:TaxonName:87429,Potamogeton densus,species,"",Plantae,Tracheophyta,Liliopsida,Alismatales,Potamogetonaceae,"",potamogeton densus,FALSE,FALSE,FALSE,0
urn:lsid:dyntaxa.se:TaxonName:87438,Potamogeton plantagineus,species,"",Plantae,Tracheophyta,Liliopsida,Alismatales,Potamogetonaceae,"",potamogeton plantagineus,FALSE,FALSE,FALSE,0
urn:lsid:dyntaxa.se:TaxonName:12733,Potamogeton vaginatus,species,"",Plantae,Tracheophyta,Liliopsida,Alismatales,Potamogetonaceae,"",potamogeton vaginatus,FALSE,FALSE,FALSE,0
urn:lsid:dyntaxa.se:TaxonName:87439,Potamogeton zosterifolius,species,"",Plantae,Tracheophyta,Liliopsida,Alismatales,Potamogetonaceae,"",potamogeton zosterifolius,FALSE,FALSE,FALSE,0
urn:lsid:dyntaxa.se:TaxonName:45225,Potentilla arenaria,species,"",Plantae,Tracheophyta,Magnoliopsida,Rosales,Rosaceae,"",potentilla arenaria,FALSE,FALSE,FALSE,0
urn:lsid:dyntaxa.se:TaxonName:65605,Potentilla fragariastrum,species,"",Plantae,Tracheophyta,Magnoliopsida,Rosales,Rosaceae,"",potentilla fragariastrum,FALSE,FALSE,FALSE,0
urn:lsid:dyntaxa.se:TaxonName:65593,Potentilla hookeriana Lehm. ssp. chamissonis,species,"",Plantae,Tracheophyta,Magnoliopsida,Rosales,Rosaceae,"",potentilla hookeriana,FALSE,FALSE,FALSE,0
urn:lsid:dyntaxa.se:TaxonName:45228,Potentilla minor ssp. incana,species,"",Plantae,Tracheophyta,Magnoliopsida,Rosales,Rosaceae,"",potentilla minor,FALSE,FALSE,FALSE,0
urn:lsid:dyntaxa.se:TaxonName:65588,Potentilla opaca,species,"",Plantae,Tracheophyta,Magnoliopsida,Rosales,Rosaceae,"",potentilla opaca,FALSE,FALSE,FALSE,0
urn:lsid:dyntaxa.se:TaxonName:65567,Potentilla procumbens,species,"",Plantae,Tracheophyta,Magnoliopsida,Rosales,Rosaceae,"",potentilla procumbens,FALSE,FALSE,FALSE,0
urn:lsid:dyntaxa.se:TaxonName:65523,Potentilla rupestris,species,"",Plantae,Tracheophyta,Magnoliopsida,Rosales,Rosaceae,"",potentilla rupestris,FALSE,FALSE,FALSE,0
urn:lsid:dyntaxa.se:TaxonName:65604,Potentilla wiemanniana,species,"",Plantae,Tracheophyta,Magnoliopsida,Rosales,Rosaceae,"",potentilla wiemanniana,FALSE,FALSE,FALSE,0
urn:lsid:dyntaxa.se:TaxonName:304,Pottia bryoides,species,"",Plantae,Bryophyta,Bryopsida,Pottiales,Pottiaceae,"",pottia bryoides,FALSE,FALSE,FALSE,0
urn:lsid:dyntaxa.se:TaxonName:306,Pottia starckeana,species,"",Plantae,Bryophyta,Bryopsida,Pottiales,Pottiaceae,"",pottia starckeana,FALSE,FALSE,FALSE,0
urn:lsid:dyntaxa.se:TaxonName:155962,Pottia starkeana,species,"",Plantae,Bryophyta,Bryopsida,Pottiales,Pottiaceae,"",pottia starkeana,FALSE,FALSE,FALSE,0
urn:lsid:dyntaxa.se:Taxon:251415,Prasiola fluviatilis,species,DD,Plantae,Chlorophyta,Trebouxiophyceae,Prasiolales,Prasiolaceae,native,prasiola fluviatilis,FALSE,FALSE,FALSE,0
urn:lsid:dyntaxa.se:TaxonName:26999,Prasiola sauteri,species,"",Plantae,Chlorophyta,Trebouxiophyceae,Prasiolales,Prasiolaceae,"",prasiola sauteri,FALSE,FALSE,FALSE,0
urn:lsid:dyntaxa.se:TaxonName:77335,Primula acaulis,species,"",Plantae,Tracheophyta,Magnoliopsida,Ericales,Primulaceae,"",primula acaulis,FALSE,FALSE,FALSE,0
urn:lsid:dyntaxa.se:TaxonName:77334,Primula grandiflora,species,"",Plantae,Tracheophyta,Magnoliopsida,Ericales,Primulaceae,"",primula grandiflora,FALSE,FALSE,FALSE,0
urn:lsid:dyntaxa.se:TaxonName:16967,Priocnemis gracilis,species,"",Animalia,Arthropoda,Insecta,Hymenoptera,Pompilidae,"",priocnemis gracilis,FALSE,FALSE,FALSE,0
urn:lsid:dyntaxa.se:TaxonName:243498,Priocnemis obtusiventris,species,"",Animalia,Arthropoda,Insecta,Hymenoptera,Pompilidae,"",priocnemis obtusiventris,FALSE,FALSE,FALSE,0
urn:lsid:dyntaxa.se:TaxonName:101400,Pristonychus terricola,species,"",Animalia,Arthropoda,Insecta,Coleoptera,Carabidae,"",pristonychus terricola,FALSE,FALSE,FALSE,0
urn:lsid:dyntaxa.se:TaxonName:324010,Prosopis bipunctatus,species,"",Animalia,Arthropoda,Insecta,Hymenoptera,Colletidae,"",prosopis bipunctatus,FALSE,FALSE,FALSE,0
urn:lsid:dyntaxa.se:TaxonName:323915,Prosopis difformis,species,"",Animalia,Arthropoda,Insecta,Hymenoptera,Colletidae,"",prosopis difformis,FALSE,FALSE,FALSE,0
urn:lsid:dyntaxa.se:TaxonName:323947,Prosopis gracilicornis,species,"",Animalia,Arthropoda,Insecta,Hymenoptera,Colletidae,"",prosopis gracilicornis,FALSE,FALSE,FALSE,0
urn:lsid:dyntaxa.se:TaxonName:323986,Prosopis pfankuchi,species,"",Animalia,Arthropoda,Insecta,Hymenoptera,Colletidae,"",prosopis pfankuchi,FALSE,FALSE,FALSE,0
urn:lsid:dyntaxa.se:TaxonName:323998,Prosopis pratensis var. nigrifacies,species,"",Animalia,Arthropoda,Insecta,Hymenoptera,Colletidae,"",prosopis pratensis,FALSE,FALSE,FALSE,0
urn:lsid:dyntaxa.se:TaxonName:104996,Prosopistoma foliaceum,species,"",Animalia,Arthropoda,Insecta,Ephemeroptera,Prosopistomatidae,"",prosopistoma foliaceum,FALSE,FALSE,FALSE,0
urn:lsid:dyntaxa.se:TaxonName:142331,Prosopotheca incisa,species,"",Animalia,Arthropoda,Arachnida,Araneae,Linyphiidae,"",prosopotheca incisa,FALSE,FALSE,FALSE,0
urn:lsid:dyntaxa.se:TaxonName:9234,Protoblastenia globulificans,species,"",Fungi,Ascomycota,Lecanoromycetes,Lecanorales,Psoraceae,"",protoblastenia globulificans,FALSE,FALSE,FALSE,0
urn:lsid:dyntaxa.se:TaxonName:9319,Protoblastenia testacea,species,"",Fungi,Ascomycota,Lecanoromycetes,Lecanorales,Psoraceae,"",protoblastenia testacea,FALSE,FALSE,FALSE,0
urn:lsid:dyntaxa.se:Taxon:1290,Protobryum bryoides,species,VU,Plantae,Bryophyta,Bryopsida,Pottiales,Pottiaceae,native,protobryum bryoides,FALSE,FALSE,FALSE,0
urn:lsid:dyntaxa.se:TaxonName:13138,Protobryum bryoides,species,"",Plantae,Bryophyta,Bryopsida,Pottiales,Pottiaceae,"",protobryum bryoides,FALSE,FALSE,FALSE,0
urn:lsid:dyntaxa.se:TaxonName:398877,Protocalliphora chrysorrhoea,species,"",Animalia,Arthropoda,Insecta,Diptera,Calliphoridae,"",protocalliphora chrysorrhoea,FALSE,FALSE,FALSE,0
urn:lsid:dyntaxa.se:Taxon:6003482,Protoderma frequens,species,DD,Plantae,Chlorophyta,Chlorophyceae,Chaetophorales,Chaetophoraceae,native,protoderma frequens,FALSE,FALSE,FALSE,0
urn:lsid:dyntaxa.se:Taxon:1301,Protodontia subgelatinosa,species,NT,Fungi,Basidiomycota,Agaricomycetes,Auriculariales,"Auriculariales, genera incertae sedis",native,protodontia subgelatinosa,FALSE,FALSE,FALSE,0
urn:lsid:dyntaxa.se:TaxonName:429711,Protohydnum piceicola,species,"",Fungi,Basidiomycota,Agaricomycetes,Auriculariales,"Auriculariales, genera incertae sedis","",protohydnum piceicola,FALSE,FALSE,FALSE,0
urn:lsid:dyntaxa.se:TaxonName:429717,Protohydnum piceicolum,species,"",Fungi,Basidiomycota,Agaricomycetes,Auriculariales,"Auriculariales, genera incertae sedis","",protohydnum piceicolum,FALSE,FALSE,FALSE,0
urn:lsid:dyntaxa.se:TaxonName:21114,Protomerulius caryae,species,"",Fungi,Basidiomycota,Agaricomycetes,Auriculariales,"Auriculariales, genera incertae sedis","",protomerulius caryae,FALSE,FALSE,FALSE,0
urn:lsid:dyntaxa.se:TaxonName:235398,Psalliota arenicola,species,"",Fungi,Basidiomycota,Agaricomycetes,Agaricales,Agaricaceae,"",psalliota arenicola,FALSE,FALSE,FALSE,0
urn:lsid:dyntaxa.se:TaxonName:234276,Psalliota cupreobrunnea,species,"",Fungi,Basidiomycota,Agaricomycetes,Agaricales,Agaricaceae,"",psalliota cupreobrunnea,FALSE,FALSE,FALSE,0
urn:lsid:dyntaxa.se:TaxonName:235266,Psalliota lanipes,species,"",Fungi,Basidiomycota,Agaricomycetes,Agaricales,Agaricaceae,"",psalliota lanipes,FALSE,FALSE,FALSE,0
urn:lsid:dyntaxa.se:TaxonName:234155,Psalliota litoralis,species,"",Fungi,Basidiomycota,Agaricomycetes,Agaricales,Agaricaceae,"",psalliota litoralis,FALSE,FALSE,FALSE,0
urn:lsid:dyntaxa.se:TaxonName:235456,Psalliota meleagris var. terricolor,species,"",Fungi,Basidiomycota,Agaricomycetes,Agaricales,Agaricaceae,"",psalliota meleagris,FALSE,FALSE,FALSE,0
urn:lsid:dyntaxa.se:TaxonName:234071,Psalliota phaeolepidota,species,"",Fungi,Basidiomycota,Agaricomycetes,Agaricales,Agaricaceae,"",psalliota phaeolepidota,FALSE,FALSE,FALSE,0
urn:lsid:dyntaxa.se:TaxonName:234166,Psalliota spissa,species,"",Fungi,Basidiomycota,Agaricomycetes,Agaricales,Agaricaceae,"",psalliota spissa,FALSE,FALSE,FALSE,0
urn:lsid:dyntaxa.se:TaxonName:243822,Psammochares emissus,species,"",Animalia,Arthropoda,Insecta,Hymenoptera,Pompilidae,"",psammochares emissus,FALSE,FALSE,FALSE,0
urn:lsid:dyntaxa.se:TaxonName:243820,Psammochares heringi,species,"",Animalia,Arthropoda,Insecta,Hymenoptera,Pompilidae,"",psammochares heringi,FALSE,FALSE,FALSE,0
urn:lsid:dyntaxa.se:TaxonName:243818,Psammochares lanuginosus,species,"",Animalia,Arthropoda,Insecta,Hymenoptera,Pompilidae,"",psammochares lanuginosus,FALSE,FALSE,FALSE,0
urn:lsid:dyntaxa.se:TaxonName:243609,Psammochares orbiculatus,species,"",Animalia,Arthropoda,Insecta,Hymenoptera,Pompilidae,"",psammochares orbiculatus,FALSE,FALSE,FALSE,0
urn:lsid:dyntaxa.se:TaxonName:243608,Psammochares rubigidorsum,species,"",Animalia,Arthropoda,Insecta,Hymenoptera,Pompilidae,"",psammochares rubigidorsum,FALSE,FALSE,FALSE,0
urn:lsid:dyntaxa.se:TaxonName:158839,Psammochares subglaber,species,"",Animalia,Arthropoda,Insecta,Hymenoptera,Pompilidae,"",psammochares subglaber,FALSE,FALSE,FALSE,0
urn:lsid:dyntaxa.se:Taxon:5635,Psathyrella leucotephra,species,DD,Fungi,Basidiomycota,Agaricomycetes,Agaricales,Psathyrellaceae,native,psathyrella leucotephra,FALSE,FALSE,FALSE,0
urn:lsid:dyntaxa.se:Taxon:101639,Psen ater,species,RE,Animalia,Arthropoda,Insecta,Hymenoptera,Crabronidae,native,psen ater,FALSE,FALSE,FALSE,0
urn:lsid:dyntaxa.se:TaxonName:269029,Psen bicolor,species,"",Animalia,Arthropoda,Insecta,Hymenoptera,Crabronidae,"",psen bicolor,FALSE,FALSE,FALSE,0
urn:lsid:dyntaxa.se:TaxonName:2597,Pseudacolium notarisii,species,"",Fungi,Ascomycota,Lecanoromycetes,Caliciales,Caliciaceae,"",pseudacolium notarisii,FALSE,FALSE,FALSE,0
urn:lsid:dyntaxa.se:TaxonName:301412,Pseudamussium sulcatum,species,"",Animalia,Mollusca,Bivalvia,Pectinoida,Pectinidae,"",pseudamussium sulcatum,FALSE,FALSE,FALSE,0
urn:lsid:dyntaxa.se:TaxonName:128031,Pseudatemelia subochreella,species,"",Animalia,Arthropoda,Insecta,Lepidoptera,Lypusidae,"",pseudatemelia subochreella,FALSE,FALSE,FALSE,0
urn:lsid:dyntaxa.se:TaxonName:119758,Pseudepidalea viridis,species,"",Animalia,Chordata,Amphibia,Anura,Bufonidae,"",pseudepidalea viridis,FALSE,FALSE,FALSE,0
urn:lsid:dyntaxa.se:TaxonName:107006,Pseudeuglenes pentatomus,species,"",Animalia,Arthropoda,Insecta,Coleoptera,Aderidae,"",pseudeuglenes pentatomus,FALSE,FALSE,FALSE,0
urn:lsid:dyntaxa.se:TaxonName:148737,Pseudo-calliergon angustifolium,species,"",Plantae,Bryophyta,Bryopsida,Hypnales,Amblystegiaceae,"",pseudo-calliergon angustifolium,FALSE,FALSE,FALSE,0
urn:lsid:dyntaxa.se:TaxonName:330,Pseudocalliergon angustifolium,species,"",Plantae,Bryophyta,Bryopsida,Hypnales,Amblystegiaceae,"",pseudocalliergon angustifolium,FALSE,FALSE,FALSE,0
urn:lsid:dyntaxa.se:TaxonName:339650,Pseudochaete corrugata,species,"",Fungi,Basidiomycota,Agaricomycetes,Hymenochaetales,Hymenochaetaceae,"",pseudochaete corrugata,FALSE,FALSE,FALSE,0
urn:lsid:dyntaxa.se:TaxonName:269908,Pseudochantransia investiens,species,"",Plantae,Rhodophyta,Florideophyceae,Balbianiales,Balbianiaceae,"",pseudochantransia investiens,FALSE,FALSE,FALSE,0
urn:lsid:dyntaxa.se:TaxonName:284003,Pseudochantransia serpens,species,"",Plantae,Rhodophyta,Florideophyceae,Acrochaetiales,Acrochaetiaceae,"",pseudochantransia serpens,FALSE,FALSE,FALSE,0
urn:lsid:dyntaxa.se:Taxon:102641,Pseudochrysis neglecta,species,VU,Animalia,Arthropoda,Insecta,Hymenoptera,Chrysididae,native,pseudochrysis neglecta,FALSE,FALSE,FALSE,0
urn:lsid:dyntaxa.se:TaxonName:295487,Pseudocraterellus cinereus,species,"",Fungi,Basidiomycota,Agaricomycetes,Cantharellales,Hydnaceae,"",pseudocraterellus cinereus,FALSE,FALSE,FALSE,0
urn:lsid:dyntaxa.se:TaxonName:439428,Pseudocuma (Pseudocuma) longicorne,species,"",Animalia,Arthropoda,Malacostraca,Cumacea,Pseudocumatidae,"",pseudocuma (pseudocuma) longicorne,FALSE,FALSE,FALSE,0
urn:lsid:dyntaxa.se:TaxonName:120299,Pseudocuma cercaria,species,"",Animalia,Arthropoda,Malacostraca,Cumacea,Pseudocumatidae,"",pseudocuma cercaria,FALSE,FALSE,FALSE,0
urn:lsid:dyntaxa.se:TaxonName:142017,Pseudocuma longicornis,species,"",Animalia,Arthropoda,Malacostraca,Cumacea,Pseudocumatidae,"",pseudocuma longicornis,FALSE,FALSE,FALSE,0
urn:lsid:dyntaxa.se:TaxonName:116678,Pseudocuma simile,species,"",Animalia,Arthropoda,Malacostraca,Cumacea,Pseudocumatidae,"",pseudocuma simile,FALSE,FALSE,FALSE,0
urn:lsid:dyntaxa.se:Taxon:233598,Pseudocuma similis,species,VU,Animalia,Arthropoda,Malacostraca,Cumacea,Pseudocumatidae,native,pseudocuma similis,FALSE,FALSE,FALSE,0
urn:lsid:dyntaxa.se:TaxonName:137176,Pseudocuma similis,species,"",Animalia,Arthropoda,Malacostraca,Cumacea,Pseudocumatidae,"",pseudocuma similis,FALSE,FALSE,FALSE,0
urn:lsid:dyntaxa.se:TaxonName:276263,Pseudodidemnum crystallinum,species,"",Animalia,Chordata,"",Aplousobranchiata,Didemnidae,"",pseudodidemnum crystallinum,FALSE,FALSE,FALSE,0
urn:lsid:dyntaxa.se:TaxonName:276265,Pseudodiplosoma zosterarium,species,"",Animalia,Chordata,"",Aplousobranchiata,Didemnidae,"",pseudodiplosoma zosterarium,FALSE,FALSE,FALSE,0
urn:lsid:dyntaxa.se:TaxonName:63243,Pseudognaphalium luteo-album,species,"",Plantae,Tracheophyta,Magnoliopsida,Asterales,Asteraceae,"",pseudognaphalium luteo-album,FALSE,FALSE,FALSE,0
urn:lsid:dyntaxa.se:Taxon:719,Pseudognaphalium luteoalbum,species,EN,Plantae,Tracheophyta,Magnoliopsida,Asterales,Asteraceae,native,pseudognaphalium luteoalbum,FALSE,FALSE,FALSE,0
urn:lsid:dyntaxa.se:TaxonName:2491,Pseudolecidea chalybeioides,species,"",Fungi,Ascomycota,Lecanoromycetes,Lecanorales,Lecanoraceae,"",pseudolecidea chalybeioides,FALSE,FALSE,FALSE,0
urn:lsid:dyntaxa.se:TaxonName:261281,Pseudoleskea patens,species,"",Plantae,Bryophyta,Bryopsida,Hypnales,Leskeaceae,"",pseudoleskea patens,FALSE,FALSE,FALSE,0
urn:lsid:dyntaxa.se:TaxonName:82192,Pseudolysimachion spicatum,species,"",Plantae,Tracheophyta,Magnoliopsida,Lamiales,Plantaginaceae,"",pseudolysimachion spicatum,FALSE,FALSE,FALSE,0
urn:lsid:dyntaxa.se:TaxonName:120303,Pseudomalletia obtusa,species,"",Animalia,Mollusca,Bivalvia,Nuculanoida,Malletiidae,"",pseudomalletia obtusa,FALSE,FALSE,FALSE,0
urn:lsid:dyntaxa.se:TaxonName:266359,Pseudomalletia pianii,species,"",Animalia,Mollusca,Bivalvia,Nuculanoida,Malletiidae,"",pseudomalletia pianii,FALSE,FALSE,FALSE,0
urn:lsid:dyntaxa.se:TaxonName:246283,Pseudoporania stormi,species,"",Animalia,Echinodermata,Asteroidea,Valvatida,Poraniidae,"",pseudoporania stormi,FALSE,FALSE,FALSE,0
urn:lsid:dyntaxa.se:TaxonName:89932,Pseudorhizina sphaerospora,species,"",Fungi,Ascomycota,Pezizomycetes,Pezizales,Discinaceae,"",pseudorhizina sphaerospora,FALSE,FALSE,FALSE,0
urn:lsid:dyntaxa.se:TaxonName:74795,Pseudorhyssa approximator,species,"",Animalia,Arthropoda,Insecta,Hymenoptera,Ichneumonidae,"",pseudorhyssa approximator,FALSE,FALSE,FALSE,0
urn:lsid:dyntaxa.se:TaxonName:74794,Pseudorhyssa maculicoxis,species,"",Animalia,Arthropoda,Insecta,Hymenoptera,Ichneumonidae,"",pseudorhyssa maculicoxis,FALSE,FALSE,FALSE,0
urn:lsid:dyntaxa.se:Taxon:1274,Pseudosagedia grandis,species,RE,Fungi,Ascomycota,Lecanoromycetes,Ostropales,Porinaceae,native,pseudosagedia grandis,FALSE,FALSE,FALSE,0
urn:lsid:dyntaxa.se:Taxon:102876,Pseudothyone raphanus,species,DD,Animalia,Echinodermata,Holothuroidea,Dendrochirotida,Sclerodactylidae,native,pseudothyone raphanus,FALSE,FALSE,FALSE,0
urn:lsid:dyntaxa.se:Taxon:6040139,Pseudotomentella alobata,species,DD,Fungi,Basidiomycota,Agaricomycetes,Thelephorales,Thelephoraceae,native,pseudotomentella alobata,FALSE,FALSE,FALSE,0
urn:lsid:dyntaxa.se:TaxonName:21203,Pseudotomentella atrofusca,species,"",Fungi,Basidiomycota,Agaricomycetes,Thelephorales,Thelephoraceae,"",pseudotomentella atrofusca,FALSE,FALSE,FALSE,0
urn:lsid:dyntaxa.se:Taxon:6040140,Pseudotomentella pinophila,species,DD,Fungi,Basidiomycota,Agaricomycetes,Thelephorales,Thelephoraceae,native,pseudotomentella pinophila,FALSE,FALSE,FALSE,0
urn:lsid:dyntaxa.se:Taxon:6040141,Pseudotomentella pluriloba,species,DD,Fungi,Basidiomycota,Agaricomycetes,Thelephorales,Thelephoraceae,native,pseudotomentella pluriloba,FALSE,FALSE,FALSE,0
urn:lsid:dyntaxa.se:Taxon:6040142,Pseudotomentella rotundispora,species,DD,Fungi,Basidiomycota,Agaricomycetes,Thelephorales,Thelephoraceae,native,pseudotomentella rotundispora,FALSE,FALSE,FALSE,0
urn:lsid:dyntaxa.se:Taxon:5691,Pseudotomentella sciastra,species,DD,Fungi,Basidiomycota,Agaricomycetes,Thelephorales,Thelephoraceae,native,pseudotomentella sciastra,FALSE,FALSE,FALSE,0
urn:lsid:dyntaxa.se:Taxon:6040135,Pseudotomentella tristis,species,DD,Fungi,Basidiomycota,Agaricomycetes,Thelephorales,Thelephoraceae,native,pseudotomentella tristis,FALSE,FALSE,FALSE,0
urn:lsid:dyntaxa.se:Taxon:6040132,Pseudotomentella umbrinascens,species,DD,Fungi,Basidiomycota,Agaricomycetes,Thelephorales,Thelephoraceae,native,pseudotomentella umbrinascens,FALSE,FALSE,FALSE,0
urn:lsid:dyntaxa.se:Taxon:5697,Pseudotomentella vepallidospora,species,DD,Fungi,Basidiomycota,Agaricomycetes,Thelephorales,Thelephoraceae,native,pseudotomentella vepallidospora,FALSE,FALSE,FALSE,0
urn:lsid:dyntaxa.se:TaxonName:357056,Pseudovalsa berkeleyi,species,"",Fungi,Ascomycota,Sordariomycetes,Diaporthales,Sydowiellaceae,"",pseudovalsa berkeleyi,FALSE,FALSE,FALSE,0
urn:lsid:dyntaxa.se:TaxonName:94894,Pseudoxiphydria betulae,species,"",Animalia,Arthropoda,Insecta,Hymenoptera,Xiphydriidae,"",pseudoxiphydria betulae,FALSE,FALSE,FALSE,0
urn:lsid:dyntaxa.se:TaxonName:274317,Psilocybe callosa,species,"",Fungi,Basidiomycota,Agaricomycetes,Agaricales,Strophariaceae,"",psilocybe callosa,FALSE,FALSE,FALSE,0
urn:lsid:dyntaxa.se:TaxonName:43517,Psilocybe corneipes,species,"",Fungi,Basidiomycota,Agaricomycetes,Agaricales,Psathyrellaceae,"",psilocybe corneipes,FALSE,FALSE,FALSE,0
urn:lsid:dyntaxa.se:TaxonName:143567,Psilota anthracina,species,"",Animalia,Arthropoda,Insecta,Diptera,Syrphidae,"",psilota anthracina,FALSE,FALSE,FALSE,0
urn:lsid:dyntaxa.se:Taxon:249048,Psilota innupta,species,RE,Animalia,Arthropoda,Insecta,Diptera,Syrphidae,native,psilota innupta,FALSE,FALSE,FALSE,0
urn:lsid:dyntaxa.se:TaxonName:25289,Psilothrix cyaneus,species,"",Animalia,Arthropoda,Insecta,Coleoptera,Dasytidae,"",psilothrix cyaneus,FALSE,FALSE,FALSE,0
urn:lsid:dyntaxa.se:TaxonName:102195,Psilothrix viridicoeruleus,species,"",Animalia,Arthropoda,Insecta,Coleoptera,Dasytidae,"",psilothrix viridicoeruleus,FALSE,FALSE,FALSE,0
urn:lsid:dyntaxa.se:TaxonName:156451,Psolus valvatus,species,"",Animalia,Echinodermata,Holothuroidea,Dendrochirotida,Psolidae,"",psolus valvatus,FALSE,FALSE,FALSE,0
urn:lsid:dyntaxa.se:TaxonName:9321,Psora albilabra,species,"",Fungi,Ascomycota,Lecanoromycetes,Lecanorales,Psoraceae,"",psora albilabra,FALSE,FALSE,FALSE,0
urn:lsid:dyntaxa.se:TaxonName:275379,Psora cladonioides,species,"",Fungi,Ascomycota,Lecanoromycetes,Lecanorales,Carbonicolaceae,"",psora cladonioides,FALSE,FALSE,FALSE,0
urn:lsid:dyntaxa.se:TaxonName:6217,Psora cladonioides v. castaneocinerea,species,"",Fungi,Ascomycota,Lecanoromycetes,Lecanorales,Carbonicolaceae,"",psora cladonioides,FALSE,FALSE,FALSE,0
urn:lsid:dyntaxa.se:TaxonName:9326,Psoroma hirsutulum,species,"",Fungi,Ascomycota,Lecanoromycetes,Peltigerales,Pannariaceae,"",psoroma hirsutulum,FALSE,FALSE,FALSE,0
urn:lsid:dyntaxa.se:TaxonName:122822,Psyche claustrella,species,"",Animalia,Arthropoda,Insecta,Lepidoptera,Psychidae,"",psyche claustrella,FALSE,FALSE,FALSE,0
urn:lsid:dyntaxa.se:TaxonName:122835,Psyche retiella,species,"",Animalia,Arthropoda,Insecta,Lepidoptera,Psychidae,"",psyche retiella,FALSE,FALSE,FALSE,0
urn:lsid:dyntaxa.se:TaxonName:19021,Psylliodes chalcomerus,species,"",Animalia,Arthropoda,Insecta,Coleoptera,Chrysomelidae,"",psylliodes chalcomerus,FALSE,FALSE,FALSE,0
urn:lsid:dyntaxa.se:TaxonName:19019,Psylliodes cupreus,species,"",Animalia,Arthropoda,Insecta,Coleoptera,Chrysomelidae,"",psylliodes cupreus,FALSE,FALSE,FALSE,0
urn:lsid:dyntaxa.se:TaxonName:114597,Psylliodes sophiae,species,"",Animalia,Arthropoda,Insecta,Coleoptera,Chrysomelidae,"",psylliodes sophiae,FALSE,FALSE,FALSE,0
urn:lsid:dyntaxa.se:Taxon:243961,Pterella grisea,species,NT,Animalia,Arthropoda,Insecta,Diptera,Sarcophagidae,native,pterella grisea,FALSE,FALSE,FALSE,0
urn:lsid:dyntaxa.se:TaxonName:224232,Pterigynandrum gracile,species,"",Plantae,Bryophyta,Bryopsida,Hypnales,Leucodontaceae,"",pterigynandrum gracile,FALSE,FALSE,FALSE,0
urn:lsid:dyntaxa.se:TaxonName:237284,Pterochilus pulcher,species,"",Animalia,Mollusca,Gastropoda,Nudibranchia,Embletoniidae,"",pterochilus pulcher,FALSE,FALSE,FALSE,0
urn:lsid:dyntaxa.se:TaxonName:148755,Pterogonium gracile,species,"",Plantae,Bryophyta,Bryopsida,Hypnales,Leucodontaceae,"",pterogonium gracile,FALSE,FALSE,FALSE,0
urn:lsid:dyntaxa.se:TaxonName:135580,Pterolysippe vanelli,species,"",Animalia,Annelida,Polychaeta,Terebellida,Ampharetidae,"",pterolysippe vanelli,FALSE,FALSE,FALSE,0
urn:lsid:dyntaxa.se:TaxonName:145591,Pterophorus baliodactylus,species,"",Animalia,Arthropoda,Insecta,Lepidoptera,Pterophoridae,"",pterophorus baliodactylus,FALSE,FALSE,FALSE,0
urn:lsid:dyntaxa.se:TaxonName:145599,Pterophorus leucodactyla,species,"",Animalia,Arthropoda,Insecta,Lepidoptera,Pterophoridae,"",pterophorus leucodactyla,FALSE,FALSE,FALSE,0
urn:lsid:dyntaxa.se:TaxonName:145633,Pterophorus xerodactyla,species,"",Animalia,Arthropoda,Insecta,Lepidoptera,Pterophoridae,"",pterophorus xerodactyla,FALSE,FALSE,FALSE,0
urn:lsid:dyntaxa.se:TaxonName:74050,Pterostichus punctulatus,species,"",Animalia,Arthropoda,Insecta,Coleoptera,Carabidae,"",pterostichus punctulatus,FALSE,FALSE,FALSE,0
urn:lsid:dyntaxa.se:TaxonName:69501,Ptilinus banatensis,species,"",Animalia,Arthropoda,Insecta,Coleoptera,Ptinidae,"",ptilinus banatensis,FALSE,FALSE,FALSE,0
urn:lsid:dyntaxa.se:TaxonName:27055,Ptilothamnion lucifugum,species,"",Plantae,Rhodophyta,Florideophyceae,Ceramiales,Wrangeliaceae,"",ptilothamnion lucifugum,FALSE,FALSE,FALSE,0
urn:lsid:dyntaxa.se:TaxonName:27046,Ptilothamnion micropterum,species,"",Plantae,Rhodophyta,Florideophyceae,Ceramiales,Wrangeliaceae,"",ptilothamnion micropterum,FALSE,FALSE,FALSE,0
urn:lsid:dyntaxa.se:Taxon:2691,Ptychodium plicatum,species,NT,Plantae,Bryophyta,Bryopsida,Hypnales,Leskeaceae,native,ptychodium plicatum,FALSE,FALSE,FALSE,0
urn:lsid:dyntaxa.se:TaxonName:223953,Ptychodium plicatum,species,"",Plantae,Bryophyta,Bryopsida,Hypnales,Leskeaceae,"",ptychodium plicatum,FALSE,FALSE,FALSE,0
urn:lsid:dyntaxa.se:TaxonName:470614,Ptychogaster hepaticus,species,"",Fungi,Basidiomycota,Agaricomycetes,Agaricales,"Agaricales, genera incertae sedis","",ptychogaster hepaticus,FALSE,FALSE,FALSE,0
urn:lsid:dyntaxa.se:TaxonName:149564,Ptychographa flexella,species,"",Fungi,Ascomycota,Lecanoromycetes,Umbilicariales,Elixiaceae,"",ptychographa flexella,FALSE,FALSE,FALSE,0
urn:lsid:dyntaxa.se:TaxonName:18829,Ptychostomum bornholmense,species,"",Plantae,Bryophyta,Bryopsida,Bryales,Bryaceae,"",ptychostomum bornholmense,FALSE,FALSE,FALSE,0
urn:lsid:dyntaxa.se:TaxonName:18833,Ptychostomum demissum,species,"",Plantae,Bryophyta,Bryopsida,Bryales,Bryaceae,"",ptychostomum demissum,FALSE,FALSE,FALSE,0
urn:lsid:dyntaxa.se:TaxonName:18848,Ptychostomum torquescens,species,"",Plantae,Bryophyta,Bryopsida,Bryales,Bryaceae,"",ptychostomum torquescens,FALSE,FALSE,FALSE,0
urn:lsid:dyntaxa.se:TaxonName:21232,Ptychoverpa bohemica,species,"",Fungi,Ascomycota,Pezizomycetes,Pezizales,Morchellaceae,"",ptychoverpa bohemica,FALSE,FALSE,FALSE,0
urn:lsid:dyntaxa.se:Taxon:264414,Puccinellia nutkaënsis,species,VU,Plantae,Tracheophyta,Liliopsida,Poales,Poaceae,native,puccinellia nutkaënsis,FALSE,FALSE,FALSE,0
urn:lsid:dyntaxa.se:TaxonName:82765,Pulicaria prostrata,species,"",Plantae,Tracheophyta,Magnoliopsida,Asterales,Asteraceae,"",pulicaria prostrata,FALSE,FALSE,FALSE,0
urn:lsid:dyntaxa.se:TaxonName:21234,Pulveroboletus gentilis,species,"",Fungi,Basidiomycota,Agaricomycetes,Boletales,Boletaceae,"",pulveroboletus gentilis,FALSE,FALSE,FALSE,0
urn:lsid:dyntaxa.se:TaxonName:21236,Pulveroboletus lignicola,species,"",Fungi,Basidiomycota,Agaricomycetes,Boletales,Boletaceae,"",pulveroboletus lignicola,FALSE,FALSE,FALSE,0
urn:lsid:dyntaxa.se:Taxon:263715,Pulvinularia suecica,species,DD,Bacteria,Cyanobacteria,Cyanophyceae,Nostocales,Stigonemataceae,native,pulvinularia suecica,FALSE,FALSE,FALSE,0
urn:lsid:dyntaxa.se:Taxon:250126,Pupilla pratensis,species,NT,Animalia,Mollusca,Gastropoda,Stylommatophora,Pupillidae,native,pupilla pratensis,FALSE,FALSE,FALSE,0
urn:lsid:dyntaxa.se:TaxonName:89974,Pustularia coronaria,species,"",Fungi,Ascomycota,Pezizomycetes,Pezizales,Pezizaceae,"",pustularia coronaria,FALSE,FALSE,FALSE,0
urn:lsid:dyntaxa.se:TaxonName:145635,Pyrausta obsoletalis,species,"",Animalia,Arthropoda,Insecta,Lepidoptera,Crambidae,"",pyrausta obsoletalis,FALSE,FALSE,FALSE,0
urn:lsid:dyntaxa.se:TaxonName:149643,Pyrenula harrisii,species,"",Fungi,Ascomycota,Eurotiomycetes,Pyrenulales,Pyrenulaceae,"",pyrenula harrisii,FALSE,FALSE,FALSE,0
urn:lsid:dyntaxa.se:TaxonName:9371,Pyrenula neglecta,species,"",Fungi,Ascomycota,Eurotiomycetes,Pyrenulales,Pyrenulaceae,"",pyrenula neglecta,FALSE,FALSE,FALSE,0
urn:lsid:dyntaxa.se:TaxonName:242916,Pyrola maritima,subspecies,"",Plantae,Tracheophyta,Magnoliopsida,Ericales,Ericaceae,"",pyrola maritima,FALSE,FALSE,FALSE,0
urn:lsid:dyntaxa.se:TaxonName:77245,Pyrola umbellata,species,"",Plantae,Tracheophyta,Magnoliopsida,Ericales,Ericaceae,"",pyrola umbellata,FALSE,FALSE,FALSE,0
urn:lsid:dyntaxa.se:TaxonName:149648,Pyrrhospora elabens,species,"",Fungi,Ascomycota,Lecanoromycetes,Lecanorales,Ramboldiaceae,"",pyrrhospora elabens,FALSE,FALSE,FALSE,0
urn:lsid:dyntaxa.se:TaxonName:240292,Pyrus aria var. obtusifolia,species,"",Plantae,Tracheophyta,Magnoliopsida,Rosales,Rosaceae,"",pyrus aria,FALSE,FALSE,FALSE,0
urn:lsid:dyntaxa.se:TaxonName:81261,Quedius assimilis,species,"",Animalia,Arthropoda,Insecta,Coleoptera,Staphylinidae,"",quedius assimilis,FALSE,FALSE,FALSE,0
urn:lsid:dyntaxa.se:TaxonName:25205,Quedius ventralis,species,"",Animalia,Arthropoda,Insecta,Coleoptera,Staphylinidae,"",quedius ventralis,FALSE,FALSE,FALSE,0
urn:lsid:dyntaxa.se:Taxon:2514,Racomitrium macounii,species,VU,Plantae,Bryophyta,Bryopsida,Grimmiales,Grimmiaceae,native,racomitrium macounii,FALSE,FALSE,FALSE,0
urn:lsid:dyntaxa.se:TaxonName:65232,Radicula amphibia,species,"",Plantae,Tracheophyta,Magnoliopsida,Brassicales,Brassicaceae,"",radicula amphibia,FALSE,FALSE,FALSE,0
urn:lsid:dyntaxa.se:TaxonName:21247,Radiigera atrogleba,species,"",Fungi,Basidiomycota,Agaricomycetes,Geastrales,Geastraceae,"",radiigera atrogleba,FALSE,FALSE,FALSE,0
urn:lsid:dyntaxa.se:TaxonName:152881,Radiigera flexuosa,species,"",Fungi,Basidiomycota,Agaricomycetes,Geastrales,Geastraceae,"",radiigera flexuosa,FALSE,FALSE,FALSE,0
urn:lsid:dyntaxa.se:TaxonName:258918,Radiigera flexuosa,species,"",Fungi,Basidiomycota,Agaricomycetes,Geastrales,Geastraceae,"",radiigera flexuosa,FALSE,FALSE,FALSE,0
urn:lsid:dyntaxa.se:TaxonName:72730,Radiola millegrana,species,"",Plantae,Tracheophyta,Magnoliopsida,Malpighiales,Linaceae,"",radiola millegrana,FALSE,FALSE,FALSE,0
urn:lsid:dyntaxa.se:TaxonName:72731,Radiola multiflora,species,"",Plantae,Tracheophyta,Magnoliopsida,Malpighiales,Linaceae,"",radiola multiflora,FALSE,FALSE,FALSE,0
urn:lsid:dyntaxa.se:TaxonName:400085,Radulomyces pachyodon,species,"",Fungi,Basidiomycota,Agaricomycetes,Polyporales,"Polyporales, genera incertae sedis","",radulomyces pachyodon,FALSE,FALSE,FALSE,0
urn:lsid:dyntaxa.se:TaxonName:273560,Radulum eichleri,species,"",Fungi,Basidiomycota,Agaricomycetes,Agaricales,Stephanosporaceae,"",radulum eichleri,FALSE,FALSE,FALSE,0
urn:lsid:dyntaxa.se:TaxonName:273562,Radulum gallicum,species,"",Fungi,Basidiomycota,Agaricomycetes,Agaricales,Stephanosporaceae,"",radulum gallicum,FALSE,FALSE,FALSE,0
urn:lsid:dyntaxa.se:TaxonName:273567,Radulum mucidum,species,"",Fungi,Basidiomycota,Agaricomycetes,Agaricales,Stephanosporaceae,"",radulum mucidum,FALSE,FALSE,FALSE,0
urn:lsid:dyntaxa.se:TaxonName:47390,Raja batis,species,"",Animalia,Chordata,Chondrichthyes,Rajiformes,Rajidae,"",raja batis,FALSE,FALSE,FALSE,0
urn:lsid:dyntaxa.se:TaxonName:9745,Raja lintea,species,"",Animalia,Chordata,Chondrichthyes,Rajiformes,Rajidae,"",raja lintea,FALSE,FALSE,FALSE,0
urn:lsid:dyntaxa.se:TaxonName:445006,Raja lintea,species,"",Animalia,Chordata,Chondrichthyes,Rajiformes,Rajidae,"",raja lintea,FALSE,FALSE,FALSE,0
urn:lsid:dyntaxa.se:TaxonName:47397,Raja radiata,species,"",Animalia,Chordata,Chondrichthyes,Rajiformes,Rajidae,"",raja radiata,FALSE,FALSE,FALSE,0
urn:lsid:dyntaxa.se:TaxonName:129723,Rallus Crex,species,"",Animalia,Chordata,Aves,Gruiformes,Rallidae,"",rallus crex,FALSE,FALSE,FALSE,0
urn:lsid:dyntaxa.se:TaxonName:129726,Rallus Porzana,species,"",Animalia,Chordata,Aves,Gruiformes,Rallidae,"",rallus porzana,FALSE,FALSE,FALSE,0
urn:lsid:dyntaxa.se:TaxonName:9408,Ramalina crinalis,species,"",Fungi,Ascomycota,Lecanoromycetes,Lecanorales,Ramalinaceae,"",ramalina crinalis,FALSE,FALSE,FALSE,0
urn:lsid:dyntaxa.se:TaxonName:9402,Ramalina landroënsis,species,"",Fungi,Ascomycota,Lecanoromycetes,Lecanorales,Ramalinaceae,"",ramalina landroënsis,FALSE,FALSE,FALSE,0
urn:lsid:dyntaxa.se:TaxonName:127231,Ramalina minuscula var. obtusata,species,"",Fungi,Ascomycota,Lecanoromycetes,Lecanorales,Ramalinaceae,"",ramalina minuscula,FALSE,FALSE,FALSE,0
urn:lsid:dyntaxa.se:TaxonName:9403,Ramalina nervosa,species,"",Fungi,Ascomycota,Lecanoromycetes,Lecanorales,Ramalinaceae,"",ramalina nervosa,FALSE,FALSE,FALSE,0
urn:lsid:dyntaxa.se:Taxon:5735,Ramaria broomei,species,EN,Fungi,Basidiomycota,Agaricomycetes,Gomphales,Gomphaceae,native,ramaria broomei,FALSE,FALSE,FALSE,0
urn:lsid:dyntaxa.se:Taxon:1354,Ramaria echinovirens,species,EN,Fungi,Basidiomycota,Agaricomycetes,Gomphales,Gomphaceae,native,ramaria echinovirens,FALSE,FALSE,FALSE,0
urn:lsid:dyntaxa.se:TaxonName:144848,Ramaria epichnoa,species,"",Fungi,Basidiomycota,Agaricomycetes,Gomphales,Lentariaceae,"",ramaria epichnoa,FALSE,FALSE,FALSE,0
urn:lsid:dyntaxa.se:TaxonName:258083,Ramaria lacteobrunnescens,species,"",Fungi,Basidiomycota,Agaricomycetes,Gomphales,Gomphaceae,"",ramaria lacteobrunnescens,FALSE,FALSE,FALSE,0
urn:lsid:dyntaxa.se:TaxonName:353232,Ramaria macrospora,species,"",Fungi,Basidiomycota,Agaricomycetes,Gomphales,Gomphaceae,"",ramaria macrospora,FALSE,FALSE,FALSE,0
urn:lsid:dyntaxa.se:TaxonName:79777,Ramaria mairei,species,"",Fungi,Basidiomycota,Agaricomycetes,Gomphales,Gomphaceae,"",ramaria mairei,FALSE,FALSE,FALSE,0
urn:lsid:dyntaxa.se:TaxonName:440565,Ramaria neoformosa,species,"",Fungi,Basidiomycota,Agaricomycetes,Gomphales,Gomphaceae,"",ramaria neoformosa,FALSE,FALSE,FALSE,0
urn:lsid:dyntaxa.se:TaxonName:353242,Ramaria nigrescens,species,"",Fungi,Basidiomycota,Agaricomycetes,Gomphales,Gomphaceae,"",ramaria nigrescens,FALSE,FALSE,FALSE,0
urn:lsid:dyntaxa.se:TaxonName:439576,Ramaria pseudobotrys,species,"",Fungi,Basidiomycota,Agaricomycetes,Gomphales,Gomphaceae,"",ramaria pseudobotrys,FALSE,FALSE,FALSE,0
urn:lsid:dyntaxa.se:TaxonName:439569,Ramaria pseudobotrytis,species,"",Fungi,Basidiomycota,Agaricomycetes,Gomphales,Gomphaceae,"",ramaria pseudobotrytis,FALSE,FALSE,FALSE,0
urn:lsid:dyntaxa.se:Taxon:1356,Ramaria roellinii,species,VU,Fungi,Basidiomycota,Agaricomycetes,Gomphales,Gomphaceae,native,ramaria roellinii,FALSE,FALSE,FALSE,0
urn:lsid:dyntaxa.se:Taxon:5749,Ramaria schildii,species,VU,Fungi,Basidiomycota,Agaricomycetes,Gomphales,Gomphaceae,native,ramaria schildii,FALSE,FALSE,FALSE,0
urn:lsid:dyntaxa.se:TaxonName:271548,Ramaria versatilis,species,"",Fungi,Basidiomycota,Agaricomycetes,Gomphales,Gomphaceae,"",ramaria versatilis,FALSE,FALSE,FALSE,0
urn:lsid:dyntaxa.se:TaxonName:467235,Ramariopsis bizzozeriana,species,"",Fungi,Basidiomycota,Agaricomycetes,Agaricales,Clavariaceae,"",ramariopsis bizzozeriana,FALSE,FALSE,FALSE,0
urn:lsid:dyntaxa.se:TaxonName:66235,Rana lessonae,species,"",Animalia,Chordata,Amphibia,Anura,Ranidae,"",rana lessonae,FALSE,FALSE,FALSE,0
urn:lsid:dyntaxa.se:TaxonName:335764,Rana variabilis,species,"",Animalia,Chordata,Amphibia,Anura,Bufonidae,"",rana variabilis,FALSE,FALSE,FALSE,0
urn:lsid:dyntaxa.se:TaxonName:64892,Ranunculus altaicus,species,"",Plantae,Tracheophyta,Magnoliopsida,Ranunculales,Ranunculaceae,"",ranunculus altaicus,FALSE,FALSE,FALSE,0
urn:lsid:dyntaxa.se:TaxonName:63255,Ranunculus cymbalaria,species,"",Plantae,Tracheophyta,Magnoliopsida,Ranunculales,Ranunculaceae,"",ranunculus cymbalaria,FALSE,FALSE,FALSE,0
urn:lsid:dyntaxa.se:TaxonName:64837,Ranunculus salsuginosus,species,"",Plantae,Tracheophyta,Magnoliopsida,Ranunculales,Ranunculaceae,"",ranunculus salsuginosus,FALSE,FALSE,FALSE,0
urn:lsid:dyntaxa.se:Taxon:264438,Ranunculus subborealis subsp. villosus,subspecies,DD,Plantae,Tracheophyta,Magnoliopsida,Ranunculales,Ranunculaceae,native,ranunculus subborealis,FALSE,FALSE,FALSE,0
urn:lsid:dyntaxa.se:TaxonName:32840,Ranunculus subborealis ssp. villosus,subspecies,"",Plantae,Tracheophyta,Magnoliopsida,Ranunculales,Ranunculaceae,"",ranunculus subborealis,FALSE,FALSE,FALSE,0
urn:lsid:dyntaxa.se:Taxon:218084,Raphitoma concinna,species,DD,Animalia,Mollusca,Gastropoda,Neogastropoda,Raphitomidae,native,raphitoma concinna,FALSE,FALSE,FALSE,0
urn:lsid:dyntaxa.se:Taxon:102808,Raphitoma echinata,species,DD,Animalia,Mollusca,Gastropoda,Neogastropoda,Raphitomidae,native,raphitoma echinata,FALSE,FALSE,FALSE,0
urn:lsid:dyntaxa.se:TaxonName:157273,Relictacanthus lacustris,species,"",Animalia,Arthropoda,Malacostraca,Amphipoda,Gammaracanthidae,"",relictacanthus lacustris,FALSE,FALSE,FALSE,0
urn:lsid:dyntaxa.se:TaxonName:120269,Relictacanthus relictus,species,"",Animalia,Arthropoda,Malacostraca,Amphipoda,Gammaracanthidae,"",relictacanthus relictus,FALSE,FALSE,FALSE,0
urn:lsid:dyntaxa.se:Taxon:101701,Remus sericeus,species,VU,Animalia,Arthropoda,Insecta,Coleoptera,Staphylinidae,native,remus sericeus,FALSE,FALSE,FALSE,0
urn:lsid:dyntaxa.se:Taxon:1371,Repetobasidium vestitum,species,DD,Fungi,Basidiomycota,Agaricomycetes,Cantharellales,Hydnaceae,native,repetobasidium vestitum,FALSE,FALSE,FALSE,0
urn:lsid:dyntaxa.se:TaxonName:343068,Resinicium bisporum,species,"",Fungi,Basidiomycota,Agaricomycetes,Polyporales,Meruliaceae,"",resinicium bisporum,FALSE,FALSE,FALSE,0
urn:lsid:dyntaxa.se:TaxonName:259652,Rhaphium flavipalpis,species,"",Animalia,Arthropoda,Insecta,Diptera,Dolichopodidae,"",rhaphium flavipalpis,FALSE,FALSE,FALSE,0
urn:lsid:dyntaxa.se:TaxonName:259417,Rhaphium punctatum,species,"",Animalia,Arthropoda,Insecta,Diptera,Dolichopodidae,"",rhaphium punctatum,FALSE,FALSE,FALSE,0
urn:lsid:dyntaxa.se:TaxonName:259477,Rhaphium rufipes,species,"",Animalia,Arthropoda,Insecta,Diptera,Dolichopodidae,"",rhaphium rufipes,FALSE,FALSE,FALSE,0
urn:lsid:dyntaxa.se:Taxon:214205,Rhigognostis annulatella,species,NT,Animalia,Arthropoda,Insecta,Lepidoptera,Plutellidae,native,rhigognostis annulatella,FALSE,FALSE,FALSE,0
urn:lsid:dyntaxa.se:Taxon:1373,Rhinanthus angustifolius subsp. apterus,subspecies,EN,Plantae,Tracheophyta,Magnoliopsida,Lamiales,Orobanchaceae,native,rhinanthus angustifolius,FALSE,FALSE,FALSE,0
urn:lsid:dyntaxa.se:TaxonName:39787,Rhinanthus angustifolius ssp. apterus,subspecies,"",Plantae,Tracheophyta,Magnoliopsida,Lamiales,Orobanchaceae,"",rhinanthus angustifolius,FALSE,FALSE,FALSE,0
urn:lsid:dyntaxa.se:TaxonName:77982,Rhinanthus major var. apterus,subspecies,"",Plantae,Tracheophyta,Magnoliopsida,Lamiales,Orobanchaceae,"",rhinanthus major,FALSE,FALSE,FALSE,0
urn:lsid:dyntaxa.se:TaxonName:77983,Rhinanthus major f. apterus,subspecies,"",Plantae,Tracheophyta,Magnoliopsida,Lamiales,Orobanchaceae,"",rhinanthus major,FALSE,FALSE,FALSE,0
urn:lsid:dyntaxa.se:TaxonName:77984,Rhinanthus major ssp. reichenbachianus,subspecies,"",Plantae,Tracheophyta,Magnoliopsida,Lamiales,Orobanchaceae,"",rhinanthus major,FALSE,FALSE,FALSE,0
urn:lsid:dyntaxa.se:TaxonName:77986,Rhinanthus major var. hirsutus,subspecies,"",Plantae,Tracheophyta,Magnoliopsida,Lamiales,Orobanchaceae,"",rhinanthus major,FALSE,FALSE,FALSE,0
urn:lsid:dyntaxa.se:TaxonName:77981,Rhinanthus reichenbachii,subspecies,"",Plantae,Tracheophyta,Magnoliopsida,Lamiales,Orobanchaceae,"",rhinanthus reichenbachii,FALSE,FALSE,FALSE,0
urn:lsid:dyntaxa.se:Taxon:101706,Rhingia rostrata,species,RE,Animalia,Arthropoda,Insecta,Diptera,Syrphidae,native,rhingia rostrata,FALSE,FALSE,FALSE,0
urn:lsid:dyntaxa.se:TaxonName:25905,Rhinusa hispida,species,"",Animalia,Arthropoda,Insecta,Coleoptera,Curculionidae,"",rhinusa hispida,FALSE,FALSE,FALSE,0
urn:lsid:dyntaxa.se:TaxonName:271854,Rhizomorpha hippotrichoides,species,"",Fungi,Ascomycota,Sordariomycetes,Xylariales,"Xylariales, genera incertae sedis","",rhizomorpha hippotrichoides,FALSE,FALSE,FALSE,0
urn:lsid:dyntaxa.se:TaxonName:449526,Rhizopogon aestivus,species,"",Fungi,Ascomycota,Pezizomycetes,Pezizales,Tuberaceae,"",rhizopogon aestivus,FALSE,FALSE,FALSE,0
urn:lsid:dyntaxa.se:TaxonName:152975,Rhizopogon diplophloeus,species,"",Fungi,Basidiomycota,Agaricomycetes,Boletales,Paxillaceae,"",rhizopogon diplophloeus,FALSE,FALSE,FALSE,0
urn:lsid:dyntaxa.se:TaxonName:171,Rhizorus acuminatus,species,"",Animalia,Mollusca,Gastropoda,Cephalaspidea,Rhizoridae,"",rhizorus acuminatus,FALSE,FALSE,FALSE,0
urn:lsid:dyntaxa.se:TaxonName:27127,Rhodochorton catenulatum,species,"",Plantae,Rhodophyta,Florideophyceae,Acrochaetiales,Acrochaetiaceae,"",rhodochorton catenulatum,FALSE,FALSE,FALSE,0
urn:lsid:dyntaxa.se:TaxonName:27126,Rhodochorton densum,species,"",Plantae,Rhodophyta,Florideophyceae,Acrochaetiales,Acrochaetiaceae,"",rhodochorton densum,FALSE,FALSE,FALSE,0
urn:lsid:dyntaxa.se:TaxonName:284574,Rhodochorton investiens,species,"",Plantae,Rhodophyta,Florideophyceae,Balbianiales,Balbianiaceae,"",rhodochorton investiens,FALSE,FALSE,FALSE,0
urn:lsid:dyntaxa.se:TaxonName:27054,Rhodochorton mesocarpum,species,"",Plantae,Rhodophyta,Florideophyceae,Ceramiales,Wrangeliaceae,"",rhodochorton mesocarpum,FALSE,FALSE,FALSE,0
urn:lsid:dyntaxa.se:TaxonName:94157,Rhodocybe stangliana,species,"",Fungi,Basidiomycota,Agaricomycetes,Agaricales,Entolomataceae,"",rhodocybe stangliana,FALSE,FALSE,FALSE,0
urn:lsid:dyntaxa.se:TaxonName:323966,Rhodophyllus dichrous,species,"",Fungi,Basidiomycota,Agaricomycetes,Agaricales,Entolomataceae,"",rhodophyllus dichrous,FALSE,FALSE,FALSE,0
urn:lsid:dyntaxa.se:TaxonName:108837,Rhodophyllus dichrous,species,"",Fungi,Basidiomycota,Agaricomycetes,Agaricales,Entolomataceae,"",rhodophyllus dichrous,FALSE,FALSE,FALSE,0
urn:lsid:dyntaxa.se:TaxonName:108849,Rhodophyllus porphyrophaeus,species,"",Fungi,Basidiomycota,Agaricomycetes,Agaricales,Entolomataceae,"",rhodophyllus porphyrophaeus,FALSE,FALSE,FALSE,0
urn:lsid:dyntaxa.se:TaxonName:108845,Rhodophyllus prunuloides,species,"",Fungi,Basidiomycota,Agaricomycetes,Agaricales,Entolomataceae,"",rhodophyllus prunuloides,FALSE,FALSE,FALSE,0
urn:lsid:dyntaxa.se:Taxon:232923,Rhodospora sordida,species,VU,Plantae,Rhodophyta,Stylonematophyceae,Stylonematales,Stylonemataceae,native,rhodospora sordida,FALSE,FALSE,FALSE,0
urn:lsid:dyntaxa.se:TaxonName:126507,Rhopalopus femoratus,species,"",Animalia,Arthropoda,Insecta,Coleoptera,Cerambycidae,"",rhopalopus femoratus,FALSE,FALSE,FALSE,0
urn:lsid:dyntaxa.se:TaxonName:126508,Rhopalopus macropus,species,"",Animalia,Arthropoda,Insecta,Coleoptera,Cerambycidae,"",rhopalopus macropus,FALSE,FALSE,FALSE,0
urn:lsid:dyntaxa.se:TaxonName:326346,Rhophites halictulus,species,"",Animalia,Arthropoda,Insecta,Hymenoptera,Halictidae,"",rhophites halictulus,FALSE,FALSE,FALSE,0
urn:lsid:dyntaxa.se:TaxonName:115043,Rhynchaenus rufus,species,"",Animalia,Arthropoda,Insecta,Coleoptera,Curculionidae,"",rhynchaenus rufus,FALSE,FALSE,FALSE,0
urn:lsid:dyntaxa.se:TaxonName:285203,Rhynchococcus coronopifolius,species,"",Plantae,Rhodophyta,Florideophyceae,Gigartinales,Sphaerococcaceae,"",rhynchococcus coronopifolius,FALSE,FALSE,FALSE,0
urn:lsid:dyntaxa.se:TaxonName:157272,Rhynchodemus terrestris,species,"",Animalia,Platyhelminthes,Neoophora,Tricladida,Rhynchodemidae,"",rhynchodemus terrestris,FALSE,FALSE,FALSE,0
urn:lsid:dyntaxa.se:TaxonName:148782,Rhynchostegiella teesdalei,species,"",Plantae,Bryophyta,Bryopsida,Hypnales,Brachytheciaceae,"",rhynchostegiella teesdalei,FALSE,FALSE,FALSE,0
urn:lsid:dyntaxa.se:TaxonName:224120,Rhynchostegiella teesdalei,species,"",Plantae,Bryophyta,Bryopsida,Hypnales,Brachytheciaceae,"",rhynchostegiella teesdalei,FALSE,FALSE,FALSE,0
urn:lsid:dyntaxa.se:TaxonName:224122,Rhynchostegium teesdalei,species,"",Plantae,Bryophyta,Bryopsida,Hypnales,Brachytheciaceae,"",rhynchostegium teesdalei,FALSE,FALSE,FALSE,0
urn:lsid:dyntaxa.se:TaxonName:125514,Rhyncolus lignarius,species,"",Animalia,Arthropoda,Insecta,Coleoptera,Curculionidae,"",rhyncolus lignarius,FALSE,FALSE,FALSE,0
urn:lsid:dyntaxa.se:TaxonName:125515,Rhyncolus thomsoni,species,"",Animalia,Arthropoda,Insecta,Coleoptera,Curculionidae,"",rhyncolus thomsoni,FALSE,FALSE,FALSE,0
urn:lsid:dyntaxa.se:TaxonName:125513,Rhyncolus truncorum,species,"",Animalia,Arthropoda,Insecta,Coleoptera,Curculionidae,"",rhyncolus truncorum,FALSE,FALSE,FALSE,0
urn:lsid:dyntaxa.se:TaxonName:125516,Rhyncolus turbatus,species,"",Animalia,Arthropoda,Insecta,Coleoptera,Curculionidae,"",rhyncolus turbatus,FALSE,FALSE,FALSE,0
urn:lsid:dyntaxa.se:TaxonName:110650,Rhyparochromus quadratus,species,"",Animalia,Arthropoda,Insecta,Hemiptera,Rhyparochromidae,"",rhyparochromus quadratus,FALSE,FALSE,FALSE,0
urn:lsid:dyntaxa.se:TaxonName:96576,Rhypobius ruficollis,species,"",Animalia,Arthropoda,Insecta,Coleoptera,Corylophidae,"",rhypobius ruficollis,FALSE,FALSE,FALSE,0
urn:lsid:dyntaxa.se:Taxon:101718,Rhysodes sulcatus,species,RE,Animalia,Arthropoda,Insecta,Coleoptera,Rhysodidae,native,rhysodes sulcatus,FALSE,FALSE,FALSE,0
urn:lsid:dyntaxa.se:Taxon:5322,Rigidoporus obducens,species,VU,Fungi,Basidiomycota,Agaricomycetes,Polyporales,Meripilaceae,native,rigidoporus obducens,FALSE,FALSE,FALSE,0
urn:lsid:dyntaxa.se:TaxonName:157218,Rinodina castanomela,species,"",Fungi,Ascomycota,Lecanoromycetes,Caliciales,Physciaceae,"",rinodina castanomela,FALSE,FALSE,FALSE,0
urn:lsid:dyntaxa.se:TaxonName:13682,Rinodina coniopta,species,"",Fungi,Ascomycota,Lecanoromycetes,Caliciales,Physciaceae,"",rinodina coniopta,FALSE,FALSE,FALSE,0
urn:lsid:dyntaxa.se:TaxonName:135508,Rinodina hallii,species,"",Fungi,Ascomycota,Lecanoromycetes,Peltigerales,Lobariaceae,"",rinodina hallii,FALSE,FALSE,FALSE,0
urn:lsid:dyntaxa.se:TaxonName:13684,Rinodina sciodes,species,"",Fungi,Ascomycota,Lecanoromycetes,Caliciales,Physciaceae,"",rinodina sciodes,FALSE,FALSE,FALSE,0
urn:lsid:dyntaxa.se:TaxonName:350685,Rivularia chrysocoma,species,"",Bacteria,Cyanobacteria,Cyanophyceae,Nostocales,Rivulariaceae,"",rivularia chrysocoma,FALSE,FALSE,FALSE,0
urn:lsid:dyntaxa.se:TaxonName:13797,Roesleria hyalinella,species,"",Fungi,Ascomycota,Coniocybomycetes,Coniocybales,Coniocybaceae,"",roesleria hyalinella,FALSE,FALSE,FALSE,0
urn:lsid:dyntaxa.se:TaxonName:379900,Roesleria pallida,species,"",Fungi,Ascomycota,Coniocybomycetes,Coniocybales,Coniocybaceae,"",roesleria pallida,FALSE,FALSE,FALSE,0
urn:lsid:dyntaxa.se:TaxonName:57164,Rorippa microphylla,species,"",Plantae,Tracheophyta,Magnoliopsida,Brassicales,Brassicaceae,"",rorippa microphylla,FALSE,FALSE,FALSE,0
urn:lsid:dyntaxa.se:TaxonName:35322,Rorippa nasturtium-aquaticum,species,"",Plantae,Tracheophyta,Magnoliopsida,Brassicales,Brassicaceae,"",rorippa nasturtium-aquaticum,FALSE,FALSE,FALSE,0
urn:lsid:dyntaxa.se:TaxonName:72251,Rosa carelica,species,"",Plantae,Tracheophyta,Magnoliopsida,Rosales,Rosaceae,"",rosa carelica,FALSE,FALSE,FALSE,0
urn:lsid:dyntaxa.se:TaxonName:91702,Rosa elliptica ssp. inodora,species,"",Plantae,Tracheophyta,Magnoliopsida,Rosales,Rosaceae,"",rosa elliptica,FALSE,FALSE,FALSE,0
urn:lsid:dyntaxa.se:TaxonName:104620,Rosa elliptica subsp. inodora,species,"",Plantae,Tracheophyta,Magnoliopsida,Rosales,Rosaceae,"",rosa elliptica,FALSE,FALSE,FALSE,0
urn:lsid:dyntaxa.se:TaxonName:72284,Rosa graveolens var. inodora,species,"",Plantae,Tracheophyta,Magnoliopsida,Rosales,Rosaceae,"",rosa graveolens,FALSE,FALSE,FALSE,0
urn:lsid:dyntaxa.se:TaxonName:63472,Rosa jundzillii,species,"",Plantae,Tracheophyta,Magnoliopsida,Rosales,Rosaceae,"",rosa jundzillii,FALSE,FALSE,FALSE,0
urn:lsid:dyntaxa.se:TaxonName:70097,Rosa obtusifolia,species,"",Plantae,Tracheophyta,Magnoliopsida,Rosales,Rosaceae,"",rosa obtusifolia,FALSE,FALSE,FALSE,0
urn:lsid:dyntaxa.se:TaxonName:45248,Rosa pimpinellifolia var. altaica,species,"",Plantae,Tracheophyta,Magnoliopsida,Rosales,Rosaceae,"",rosa pimpinellifolia,FALSE,FALSE,FALSE,0
urn:lsid:dyntaxa.se:TaxonName:45249,Rosa pimpinellifolia var. pimpinellifolia,species,"",Plantae,Tracheophyta,Magnoliopsida,Rosales,Rosaceae,"",rosa pimpinellifolia,FALSE,FALSE,FALSE,0
urn:lsid:dyntaxa.se:TaxonName:63478,Rosa pimpinellifolia,species,"",Plantae,Tracheophyta,Magnoliopsida,Rosales,Rosaceae,"",rosa pimpinellifolia,FALSE,FALSE,FALSE,0
urn:lsid:dyntaxa.se:TaxonName:72300,Rosa sarmentacea,species,"",Plantae,Tracheophyta,Magnoliopsida,Rosales,Rosaceae,"",rosa sarmentacea,FALSE,FALSE,FALSE,0
urn:lsid:dyntaxa.se:TaxonName:72298,Rosa sclerophylla,species,"",Plantae,Tracheophyta,Magnoliopsida,Rosales,Rosaceae,"",rosa sclerophylla,FALSE,FALSE,FALSE,0
urn:lsid:dyntaxa.se:TaxonName:430791,Rosa x inodora,species,"",Plantae,Tracheophyta,Magnoliopsida,Rosales,Rosaceae,"",rosa x,FALSE,FALSE,FALSE,0
urn:lsid:dyntaxa.se:TaxonName:72304,Rosa ´Poppius´,species,"",Plantae,Tracheophyta,Magnoliopsida,Rosales,Rosaceae,"",rosa ´poppius´,FALSE,FALSE,FALSE,0
urn:lsid:dyntaxa.se:Taxon:1398,Rosa × inodora,species,EN,Plantae,Tracheophyta,Magnoliopsida,Rosales,Rosaceae,native,rosa × inodora,FALSE,FALSE,FALSE,0
urn:lsid:dyntaxa.se:TaxonName:96319,Rosenvingiella constricta,species,"",Plantae,Chlorophyta,Trebouxiophyceae,Prasiolales,Prasiolaceae,"",rosenvingiella constricta,FALSE,FALSE,FALSE,0
urn:lsid:dyntaxa.se:TaxonName:152772,Royoporus badius,species,"",Fungi,Basidiomycota,Agaricomycetes,Polyporales,Polyporaceae,"",royoporus badius,FALSE,FALSE,FALSE,0
urn:lsid:dyntaxa.se:TaxonName:152776,Royosporus pseudobetulinus,species,"",Fungi,Basidiomycota,Agaricomycetes,Polyporales,Polyporaceae,"",royosporus pseudobetulinus,FALSE,FALSE,FALSE,0
urn:lsid:dyntaxa.se:TaxonName:302147,Rubroboletus le-galiae,species,"",Fungi,Basidiomycota,Agaricomycetes,Boletales,Boletaceae,"",rubroboletus le-galiae,FALSE,FALSE,FALSE,0
urn:lsid:dyntaxa.se:TaxonName:72388,Rubus adornatus var. dasyphyllus,species,"",Plantae,Tracheophyta,Magnoliopsida,Rosales,Rosaceae,"",rubus adornatus,FALSE,FALSE,FALSE,0
urn:lsid:dyntaxa.se:TaxonName:72358,Rubus aequiserrulatus,species,"",Plantae,Tracheophyta,Magnoliopsida,Rosales,Rosaceae,"",rubus aequiserrulatus,FALSE,FALSE,FALSE,0
urn:lsid:dyntaxa.se:TaxonName:72344,Rubus bahusiensis,species,"",Plantae,Tracheophyta,Magnoliopsida,Rosales,Rosaceae,"",rubus bahusiensis,FALSE,FALSE,FALSE,0
urn:lsid:dyntaxa.se:TaxonName:72420,Rubus broensis,species,"",Plantae,Tracheophyta,Magnoliopsida,Rosales,Rosaceae,"",rubus broensis,FALSE,FALSE,FALSE,0
urn:lsid:dyntaxa.se:Taxon:235139,Rubus gillotii,species,CR,Plantae,Tracheophyta,Magnoliopsida,Rosales,Rosaceae,native,rubus gillotii,FALSE,FALSE,FALSE,0
urn:lsid:dyntaxa.se:TaxonName:72380,Rubus gustafssonii,species,"",Plantae,Tracheophyta,Magnoliopsida,Rosales,Rosaceae,"",rubus gustafssonii,FALSE,FALSE,FALSE,0
urn:lsid:dyntaxa.se:TaxonName:72423,Rubus leucostachys,species,"",Plantae,Tracheophyta,Magnoliopsida,Rosales,Rosaceae,"",rubus leucostachys,FALSE,FALSE,FALSE,0
urn:lsid:dyntaxa.se:TaxonName:72387,Rubus leyi,species,"",Plantae,Tracheophyta,Magnoliopsida,Rosales,Rosaceae,"",rubus leyi,FALSE,FALSE,FALSE,0
urn:lsid:dyntaxa.se:TaxonName:63526,Rubus loerii,species,"",Plantae,Tracheophyta,Magnoliopsida,Rosales,Rosaceae,"",rubus loerii,FALSE,FALSE,FALSE,0
urn:lsid:dyntaxa.se:TaxonName:70099,Rubus loerrii,species,"",Plantae,Tracheophyta,Magnoliopsida,Rosales,Rosaceae,"",rubus loerrii,FALSE,FALSE,FALSE,0
urn:lsid:dyntaxa.se:TaxonName:72347,Rubus milliformis var. selectus,species,"",Plantae,Tracheophyta,Magnoliopsida,Rosales,Rosaceae,"",rubus milliformis,FALSE,FALSE,FALSE,0
urn:lsid:dyntaxa.se:TaxonName:72367,Rubus milliformis f. glaber,species,"",Plantae,Tracheophyta,Magnoliopsida,Rosales,Rosaceae,"",rubus milliformis,FALSE,FALSE,FALSE,0
urn:lsid:dyntaxa.se:TaxonName:91724,Rubus nessensis ssp. scissoides,species,"",Plantae,Tracheophyta,Magnoliopsida,Rosales,Rosaceae,"",rubus nessensis,FALSE,FALSE,FALSE,0
urn:lsid:dyntaxa.se:TaxonName:104621,Rubus nessensis scissoides,species,"",Plantae,Tracheophyta,Magnoliopsida,Rosales,Rosaceae,"",rubus nessensis,FALSE,FALSE,FALSE,0
urn:lsid:dyntaxa.se:TaxonName:459580,Rubus nessensis subsp. scissoides,species,"",Plantae,Tracheophyta,Magnoliopsida,Rosales,Rosaceae,"",rubus nessensis,FALSE,FALSE,FALSE,0
urn:lsid:dyntaxa.se:TaxonName:72348,Rubus nitens,species,"",Plantae,Tracheophyta,Magnoliopsida,Rosales,Rosaceae,"",rubus nitens,FALSE,FALSE,FALSE,0
urn:lsid:dyntaxa.se:TaxonName:33089,Rubus ochracanthus,species,"",Plantae,Tracheophyta,Magnoliopsida,Rosales,Rosaceae,"",rubus ochracanthus,FALSE,FALSE,FALSE,0
urn:lsid:dyntaxa.se:Taxon:267006,Rubus onsalaënsis,species,EN,Plantae,Tracheophyta,Magnoliopsida,Rosales,Rosaceae,native,rubus onsalaënsis,FALSE,FALSE,FALSE,0
urn:lsid:dyntaxa.se:TaxonName:72411,Rubus pulcherrimus,species,"",Plantae,Tracheophyta,Magnoliopsida,Rosales,Rosaceae,"",rubus pulcherrimus,FALSE,FALSE,FALSE,0
urn:lsid:dyntaxa.se:Taxon:1412,Rubus pyramidalis,species,EN,Plantae,Tracheophyta,Magnoliopsida,Rosales,Rosaceae,native,rubus pyramidalis,FALSE,FALSE,FALSE,0
urn:lsid:dyntaxa.se:TaxonName:72386,Rubus scanicus,species,"",Plantae,Tracheophyta,Magnoliopsida,Rosales,Rosaceae,"",rubus scanicus,FALSE,FALSE,FALSE,0
urn:lsid:dyntaxa.se:TaxonName:72403,Rubus scheutzii,species,"",Plantae,Tracheophyta,Magnoliopsida,Rosales,Rosaceae,"",rubus scheutzii,FALSE,FALSE,FALSE,0
urn:lsid:dyntaxa.se:TaxonName:72415,Rubus sciaphilus,species,"",Plantae,Tracheophyta,Magnoliopsida,Rosales,Rosaceae,"",rubus sciaphilus,FALSE,FALSE,FALSE,0
urn:lsid:dyntaxa.se:TaxonName:72346,Rubus selectus,species,"",Plantae,Tracheophyta,Magnoliopsida,Rosales,Rosaceae,"",rubus selectus,FALSE,FALSE,FALSE,0
urn:lsid:dyntaxa.se:TaxonName:72357,Rubus serrulatus,species,"",Plantae,Tracheophyta,Magnoliopsida,Rosales,Rosaceae,"",rubus serrulatus,FALSE,FALSE,FALSE,0
urn:lsid:dyntaxa.se:TaxonName:63551,Rubus sprengeli,species,"",Plantae,Tracheophyta,Magnoliopsida,Rosales,Rosaceae,"",rubus sprengeli,FALSE,FALSE,FALSE,0
urn:lsid:dyntaxa.se:TaxonName:72366,Rubus sublustris,species,"",Plantae,Tracheophyta,Magnoliopsida,Rosales,Rosaceae,"",rubus sublustris,FALSE,FALSE,FALSE,0
urn:lsid:dyntaxa.se:TaxonName:72402,Rubus thyrsoideus var. virescens,species,"",Plantae,Tracheophyta,Magnoliopsida,Rosales,Rosaceae,"",rubus thyrsoideus,FALSE,FALSE,FALSE,0
urn:lsid:dyntaxa.se:TaxonName:10035,Rubus tuberculatus,species,"",Plantae,Tracheophyta,Magnoliopsida,Rosales,Rosaceae,"",rubus tuberculatus,FALSE,FALSE,FALSE,0
urn:lsid:dyntaxa.se:TaxonName:72421,Rubus umbraticus,species,"",Plantae,Tracheophyta,Magnoliopsida,Rosales,Rosaceae,"",rubus umbraticus,FALSE,FALSE,FALSE,0
urn:lsid:dyntaxa.se:Taxon:1419,Rubus vigorosus,species,CR,Plantae,Tracheophyta,Magnoliopsida,Rosales,Rosaceae,native,rubus vigorosus,FALSE,FALSE,FALSE,0
urn:lsid:dyntaxa.se:TaxonName:72369,Rubus warmingii,species,"",Plantae,Tracheophyta,Magnoliopsida,Rosales,Rosaceae,"",rubus warmingii,FALSE,FALSE,FALSE,0
urn:lsid:dyntaxa.se:Taxon:3192,Rugosomyces ionides,species,VU,Fungi,Basidiomycota,Agaricomycetes,Agaricales,Lyophyllaceae,native,rugosomyces ionides,FALSE,FALSE,FALSE,0
urn:lsid:dyntaxa.se:Taxon:3193,Rugosomyces obscurissimus,species,NT,Fungi,Basidiomycota,Agaricomycetes,Agaricales,Lyophyllaceae,native,rugosomyces obscurissimus,FALSE,FALSE,FALSE,0
urn:lsid:dyntaxa.se:Taxon:3194,Rugosomyces onychinus,species,NT,Fungi,Basidiomycota,Agaricomycetes,Agaricales,Lyophyllaceae,native,rugosomyces onychinus,FALSE,FALSE,FALSE,0
urn:lsid:dyntaxa.se:TaxonName:136869,Russula kavinae,species,"",Fungi,Basidiomycota,Agaricomycetes,Russulales,Russulaceae,"",russula kavinae,FALSE,FALSE,FALSE,0
urn:lsid:dyntaxa.se:Taxon:102005,Rusticoclytus pantherinus,species,NT,Animalia,Arthropoda,Insecta,Coleoptera,Cerambycidae,native,rusticoclytus pantherinus,FALSE,FALSE,FALSE,0
urn:lsid:dyntaxa.se:TaxonName:130085,Sabellides sexcirrata,species,"",Animalia,Annelida,Polychaeta,Terebellida,Ampharetidae,"",sabellides sexcirrata,FALSE,FALSE,FALSE,0
urn:lsid:dyntaxa.se:TaxonName:102673,Sacium pusillum,species,"",Animalia,Arthropoda,Insecta,Coleoptera,Corylophidae,"",sacium pusillum,FALSE,FALSE,FALSE,0
urn:lsid:dyntaxa.se:TaxonName:13965,Sagedia illinita,species,"",Fungi,Ascomycota,Dothideomycetes,Strigulales,Strigulaceae,"",sagedia illinita,FALSE,FALSE,FALSE,0
urn:lsid:dyntaxa.se:TaxonName:58744,Sagina carnosula,species,"",Plantae,Tracheophyta,Magnoliopsida,Caryophyllales,Caryophyllaceae,"",sagina carnosula,FALSE,FALSE,FALSE,0
urn:lsid:dyntaxa.se:TaxonName:35323,Sagina ciliata,species,"",Plantae,Tracheophyta,Magnoliopsida,Caryophyllales,Caryophyllaceae,"",sagina ciliata,FALSE,FALSE,FALSE,0
urn:lsid:dyntaxa.se:TaxonName:58753,Sagina linnaei var. typica,species,"",Plantae,Tracheophyta,Magnoliopsida,Caryophyllales,Caryophyllaceae,"",sagina linnaei,FALSE,FALSE,FALSE,0
urn:lsid:dyntaxa.se:TaxonName:58752,Sagina scotica,species,"",Plantae,Tracheophyta,Magnoliopsida,Caryophyllales,Caryophyllaceae,"",sagina scotica,FALSE,FALSE,FALSE,0
urn:lsid:dyntaxa.se:TaxonName:58743,Sagina stricta,species,"",Plantae,Tracheophyta,Magnoliopsida,Caryophyllales,Caryophyllaceae,"",sagina stricta,FALSE,FALSE,FALSE,0
urn:lsid:dyntaxa.se:TaxonName:254296,Sagina x normaniana,species,"",Plantae,Tracheophyta,Magnoliopsida,Caryophyllales,Caryophyllaceae,"",sagina x,FALSE,FALSE,FALSE,0
urn:lsid:dyntaxa.se:TaxonName:256736,Sagina x media,species,"",Plantae,Tracheophyta,Magnoliopsida,Caryophyllales,Caryophyllaceae,"",sagina x,FALSE,FALSE,FALSE,0
urn:lsid:dyntaxa.se:TaxonName:58754,Sagina × media,species,"",Plantae,Tracheophyta,Magnoliopsida,Caryophyllales,Caryophyllaceae,"",sagina × media,FALSE,FALSE,FALSE,0
urn:lsid:dyntaxa.se:Taxon:220897,Sagina × normaniana,species,VU,Plantae,Tracheophyta,Magnoliopsida,Caryophyllales,Caryophyllaceae,native,sagina × normaniana,FALSE,FALSE,FALSE,0
urn:lsid:dyntaxa.se:TaxonName:250066,Salicornia appressa,species,"",Plantae,Tracheophyta,Magnoliopsida,Caryophyllales,Amaranthaceae,"",salicornia appressa,FALSE,FALSE,FALSE,0
urn:lsid:dyntaxa.se:TaxonName:58549,Salicornia brachystachya,species,"",Plantae,Tracheophyta,Magnoliopsida,Caryophyllales,Amaranthaceae,"",salicornia brachystachya,FALSE,FALSE,FALSE,0
urn:lsid:dyntaxa.se:TaxonName:58551,Salicornia herbacea,species,"",Plantae,Tracheophyta,Magnoliopsida,Caryophyllales,Amaranthaceae,"",salicornia herbacea,FALSE,FALSE,FALSE,0
urn:lsid:dyntaxa.se:TaxonName:58550,Salicornia ramosissima,species,"",Plantae,Tracheophyta,Magnoliopsida,Caryophyllales,Amaranthaceae,"",salicornia ramosissima,FALSE,FALSE,FALSE,0
urn:lsid:dyntaxa.se:TaxonName:116761,Salpingus ater,species,"",Animalia,Arthropoda,Insecta,Coleoptera,Salpingidae,"",salpingus ater,FALSE,FALSE,FALSE,0
urn:lsid:dyntaxa.se:TaxonName:116762,Salpingus reyi,species,"",Animalia,Arthropoda,Insecta,Coleoptera,Salpingidae,"",salpingus reyi,FALSE,FALSE,FALSE,0
urn:lsid:dyntaxa.se:TaxonName:427743,Samythella eliasoni,species,"",Animalia,Annelida,Polychaeta,Terebellida,Ampharetidae,"",samythella eliasoni,FALSE,FALSE,FALSE,0
urn:lsid:dyntaxa.se:TaxonName:130078,Samythella vanelli,species,"",Animalia,Annelida,Polychaeta,Terebellida,Ampharetidae,"",samythella vanelli,FALSE,FALSE,FALSE,0
urn:lsid:dyntaxa.se:TaxonName:20877,Saprinus conjungens,species,"",Animalia,Arthropoda,Insecta,Coleoptera,Histeridae,"",saprinus conjungens,FALSE,FALSE,FALSE,0
urn:lsid:dyntaxa.se:TaxonName:10106,Saprinus decemstriatus,species,"",Animalia,Arthropoda,Insecta,Coleoptera,Histeridae,"",saprinus decemstriatus,FALSE,FALSE,FALSE,0
urn:lsid:dyntaxa.se:TaxonName:158662,Saprinus maritimus,species,"",Animalia,Arthropoda,Insecta,Coleoptera,Histeridae,"",saprinus maritimus,FALSE,FALSE,FALSE,0
urn:lsid:dyntaxa.se:TaxonName:20875,Saprinus quadristriatus,species,"",Animalia,Arthropoda,Insecta,Coleoptera,Histeridae,"",saprinus quadristriatus,FALSE,FALSE,FALSE,0
urn:lsid:dyntaxa.se:TaxonName:10107,Saprinus rufipes,species,"",Animalia,Arthropoda,Insecta,Coleoptera,Histeridae,"",saprinus rufipes,FALSE,FALSE,FALSE,0
urn:lsid:dyntaxa.se:TaxonName:10109,Saprinus rugiceps,species,"",Animalia,Arthropoda,Insecta,Coleoptera,Histeridae,"",saprinus rugiceps,FALSE,FALSE,FALSE,0
urn:lsid:dyntaxa.se:TaxonName:326089,Sarcocyphos revolutus,species,"",Plantae,Marchantiophyta,Marchantiopsida,Jungermanniales,Gymnomitriaceae,"",sarcocyphos revolutus,FALSE,FALSE,FALSE,0
urn:lsid:dyntaxa.se:TaxonName:326328,Sarcodon armeniacus,species,"",Fungi,Basidiomycota,Agaricomycetes,Thelephorales,Bankeraceae,"",sarcodon armeniacus,FALSE,FALSE,FALSE,0
urn:lsid:dyntaxa.se:TaxonName:326225,Sarcodon cfr “modestum”,species,"",Fungi,Basidiomycota,Agaricomycetes,Thelephorales,Bankeraceae,"",sarcodon cfr,FALSE,FALSE,FALSE,0
urn:lsid:dyntaxa.se:TaxonName:34311,Sarcodon fennicus,species,"",Fungi,Basidiomycota,Agaricomycetes,Thelephorales,Bankeraceae,"",sarcodon fennicus,FALSE,FALSE,FALSE,0
urn:lsid:dyntaxa.se:TaxonName:34312,Sarcodon fuligineoviolaceus,species,"",Fungi,Basidiomycota,Agaricomycetes,Thelephorales,Bankeraceae,"",sarcodon fuligineoviolaceus,FALSE,FALSE,FALSE,0
urn:lsid:dyntaxa.se:TaxonName:326209,Sarcodon fuscoindicus,species,"",Fungi,Basidiomycota,Agaricomycetes,Thelephorales,Bankeraceae,"",sarcodon fuscoindicus,FALSE,FALSE,FALSE,0
urn:lsid:dyntaxa.se:TaxonName:252950,Sarcodon glaucopus s. str.,species,"",Fungi,Basidiomycota,Agaricomycetes,Thelephorales,Bankeraceae,"",sarcodon glaucopus,FALSE,FALSE,FALSE,0
urn:lsid:dyntaxa.se:TaxonName:473327,Sarcodon illudens,species,"",Fungi,Basidiomycota,Agaricomycetes,Thelephorales,Bankeraceae,"",sarcodon illudens,FALSE,FALSE,FALSE,0
urn:lsid:dyntaxa.se:TaxonName:445171,Sarcodon ioeides,species,"",Fungi,Basidiomycota,Agaricomycetes,Thelephorales,Bankeraceae,"",sarcodon ioeides,FALSE,FALSE,FALSE,0
urn:lsid:dyntaxa.se:TaxonName:326180,Sarcodon laevigatus,species,"",Fungi,Basidiomycota,Agaricomycetes,Thelephorales,Bankeraceae,"",sarcodon laevigatus,FALSE,FALSE,FALSE,0
urn:lsid:dyntaxa.se:TaxonName:252710,Sarcodon lepidus,species,"",Fungi,Basidiomycota,Agaricomycetes,Thelephorales,Bankeraceae,"",sarcodon lepidus,FALSE,FALSE,FALSE,0
urn:lsid:dyntaxa.se:TaxonName:34317,Sarcodon lundellii,species,"",Fungi,Basidiomycota,Agaricomycetes,Thelephorales,Bankeraceae,"",sarcodon lundellii,FALSE,FALSE,FALSE,0
urn:lsid:dyntaxa.se:TaxonName:473270,Sarcodon lundellii,species,"",Fungi,Basidiomycota,Agaricomycetes,Thelephorales,Bankeraceae,"",sarcodon lundellii,FALSE,FALSE,FALSE,0
urn:lsid:dyntaxa.se:TaxonName:34318,Sarcodon martioflavus,species,"",Fungi,Basidiomycota,Agaricomycetes,Thelephorales,Bankeraceae,"",sarcodon martioflavus,FALSE,FALSE,FALSE,0
urn:lsid:dyntaxa.se:TaxonName:104346,Sarcodon martioflavus,species,"",Fungi,Basidiomycota,Agaricomycetes,Thelephorales,Bankeraceae,"",sarcodon martioflavus,FALSE,FALSE,FALSE,0
urn:lsid:dyntaxa.se:TaxonName:252954,Sarcodon pseudoglaucopus,species,"",Fungi,Basidiomycota,Agaricomycetes,Thelephorales,Bankeraceae,"",sarcodon pseudoglaucopus,FALSE,FALSE,FALSE,0
urn:lsid:dyntaxa.se:TaxonName:104348,Sarcodon scabrosus var. fennicus,species,"",Fungi,Basidiomycota,Agaricomycetes,Thelephorales,Bankeraceae,"",sarcodon scabrosus,FALSE,FALSE,FALSE,0
urn:lsid:dyntaxa.se:TaxonName:34319,Sarcodon scabrosus,species,"",Fungi,Basidiomycota,Agaricomycetes,Thelephorales,Bankeraceae,"",sarcodon scabrosus,FALSE,FALSE,FALSE,0
urn:lsid:dyntaxa.se:TaxonName:104344,Sarcodon scabrosus,species,"",Fungi,Basidiomycota,Agaricomycetes,Thelephorales,Bankeraceae,"",sarcodon scabrosus,FALSE,FALSE,FALSE,0
urn:lsid:dyntaxa.se:TaxonName:326206,Sarcodon talpa,species,"",Fungi,Basidiomycota,Agaricomycetes,Thelephorales,Bankeraceae,"",sarcodon talpa,FALSE,FALSE,FALSE,0
urn:lsid:dyntaxa.se:TaxonName:34321,Sarcodon versipellis,species,"",Fungi,Basidiomycota,Agaricomycetes,Thelephorales,Bankeraceae,"",sarcodon versipellis,FALSE,FALSE,FALSE,0
urn:lsid:dyntaxa.se:Taxon:1441,Sarcodontia crocea,species,CR,Fungi,Basidiomycota,Agaricomycetes,Polyporales,Meruliaceae,native,sarcodontia crocea,FALSE,FALSE,FALSE,0
urn:lsid:dyntaxa.se:TaxonName:152822,Sarcodontia delectans,species,"",Fungi,Basidiomycota,Agaricomycetes,Polyporales,"Polyporales, genera incertae sedis","",sarcodontia delectans,FALSE,FALSE,FALSE,0
urn:lsid:dyntaxa.se:TaxonName:152823,Sarcodontia pachyodon,species,"",Fungi,Basidiomycota,Agaricomycetes,Polyporales,"Polyporales, genera incertae sedis","",sarcodontia pachyodon,FALSE,FALSE,FALSE,0
urn:lsid:dyntaxa.se:TaxonName:399705,Sarcodontia subochracea,species,"",Fungi,Basidiomycota,Agaricomycetes,Polyporales,Meruliaceae,"",sarcodontia subochracea,FALSE,FALSE,FALSE,0
urn:lsid:dyntaxa.se:TaxonName:1231,Sarcogyne fallax,species,"",Fungi,Ascomycota,Lecanoromycetes,Acarosporales,Acarosporaceae,"",sarcogyne fallax,FALSE,FALSE,FALSE,0
urn:lsid:dyntaxa.se:TaxonName:13752,Sarcogyne platycarpoides,species,"",Fungi,Ascomycota,Lecanoromycetes,Acarosporales,Acarosporaceae,"",sarcogyne platycarpoides,FALSE,FALSE,FALSE,0
urn:lsid:dyntaxa.se:TaxonName:89597,Sarcoleotia turficola,species,"",Fungi,Ascomycota,Leotiomycetes,Helotiales,Gelatinodiscaceae,"",sarcoleotia turficola,FALSE,FALSE,FALSE,0
urn:lsid:dyntaxa.se:TaxonName:89980,Sarcoscypha imperialis,species,"",Fungi,Ascomycota,Pezizomycetes,Pezizales,Pyronemataceae,"",sarcoscypha imperialis,FALSE,FALSE,FALSE,0
urn:lsid:dyntaxa.se:TaxonName:154356,Sarcosphaera ammophila,species,"",Fungi,Ascomycota,Pezizomycetes,Pezizales,Pezizaceae,"",sarcosphaera ammophila,FALSE,FALSE,FALSE,0
urn:lsid:dyntaxa.se:TaxonName:89978,Sarcosphaera crassa,species,"",Fungi,Ascomycota,Pezizomycetes,Pezizales,Pezizaceae,"",sarcosphaera crassa,FALSE,FALSE,FALSE,0
urn:lsid:dyntaxa.se:TaxonName:89976,Sarcosphaeria eximia,species,"",Fungi,Ascomycota,Pezizomycetes,Pezizales,Pezizaceae,"",sarcosphaeria eximia,FALSE,FALSE,FALSE,0
urn:lsid:dyntaxa.se:TaxonName:106081,Sarrothripa undulana var. siculana,species,"",Animalia,Arthropoda,Insecta,Lepidoptera,Nolidae,"",sarrothripa undulana,FALSE,FALSE,FALSE,0
urn:lsid:dyntaxa.se:TaxonName:106086,Sarrothripus degenerana svecicus,species,"",Animalia,Arthropoda,Insecta,Lepidoptera,Nolidae,"",sarrothripus degenerana,FALSE,FALSE,FALSE,0
urn:lsid:dyntaxa.se:TaxonName:106082,Sarrothripus siculana,species,"",Animalia,Arthropoda,Insecta,Lepidoptera,Nolidae,"",sarrothripus siculana,FALSE,FALSE,FALSE,0
urn:lsid:dyntaxa.se:TaxonName:106085,Sarrothripus undulana f. siculana,species,"",Animalia,Arthropoda,Insecta,Lepidoptera,Nolidae,"",sarrothripus undulana,FALSE,FALSE,FALSE,0
urn:lsid:dyntaxa.se:Taxon:101732,Satyrium ilicis,species,NT,Animalia,Arthropoda,Insecta,Lepidoptera,Lycaenidae,native,satyrium ilicis,FALSE,FALSE,FALSE,0
urn:lsid:dyntaxa.se:Taxon:1449,Saxifraga osloënsis,species,VU,Plantae,Tracheophyta,Magnoliopsida,Saxifragales,Saxifragaceae,native,saxifraga osloënsis,FALSE,FALSE,FALSE,0
urn:lsid:dyntaxa.se:TaxonName:254272,Saxifraga x opdalensis,species,"",Plantae,Tracheophyta,Magnoliopsida,Saxifragales,Saxifragaceae,"",saxifraga x,FALSE,FALSE,FALSE,0
urn:lsid:dyntaxa.se:Taxon:1934,Saxifraga × opdalensis,species,VU,Plantae,Tracheophyta,Magnoliopsida,Saxifragales,Saxifragaceae,native,saxifraga × opdalensis,FALSE,FALSE,FALSE,0
urn:lsid:dyntaxa.se:TaxonName:82304,Scabiosa suaveolens,species,"",Plantae,Tracheophyta,Magnoliopsida,Dipsacales,Caprifoliaceae,"",scabiosa suaveolens,FALSE,FALSE,FALSE,0
urn:lsid:dyntaxa.se:TaxonName:145160,Scapania massalongi,species,"",Plantae,Marchantiophyta,Marchantiopsida,Jungermanniales,Scapaniaceae,"",scapania massalongi,FALSE,FALSE,FALSE,0
urn:lsid:dyntaxa.se:TaxonName:61361,Scapania massalongoi,species,"",Plantae,Marchantiophyta,Marchantiopsida,Jungermanniales,Scapaniaceae,"",scapania massalongoi,FALSE,FALSE,FALSE,0
urn:lsid:dyntaxa.se:TaxonName:126517,Scaphosoma subalpinum,species,"",Animalia,Arthropoda,Insecta,Coleoptera,Staphylinidae,"",scaphosoma subalpinum,FALSE,FALSE,FALSE,0
urn:lsid:dyntaxa.se:Taxon:6028408,Scaptodrosophila abdita,species,NT,Animalia,Arthropoda,Insecta,Diptera,Drosophilidae,native,scaptodrosophila abdita,FALSE,FALSE,FALSE,0
urn:lsid:dyntaxa.se:TaxonName:380143,Scaptodrosophila abdita,species,"",Animalia,Arthropoda,Insecta,Diptera,Drosophilidae,"",scaptodrosophila abdita,FALSE,FALSE,FALSE,0
urn:lsid:dyntaxa.se:TaxonName:392714,Scarabaeus dubia,species,"",Animalia,Arthropoda,Insecta,Coleoptera,Scarabaeidae,"",scarabaeus dubia,FALSE,FALSE,FALSE,0
urn:lsid:dyntaxa.se:TaxonName:392715,Scarabaeus dubius,species,"",Animalia,Arthropoda,Insecta,Coleoptera,Scarabaeidae,"",scarabaeus dubius,FALSE,FALSE,FALSE,0
urn:lsid:dyntaxa.se:TaxonName:392718,Scarabaeus philanthus,species,"",Animalia,Arthropoda,Insecta,Coleoptera,Scarabaeidae,"",scarabaeus philanthus,FALSE,FALSE,FALSE,0
urn:lsid:dyntaxa.se:Taxon:243773,Scathophaga scybalaria,species,VU,Animalia,Arthropoda,Insecta,Diptera,Scathophagidae,native,scathophaga scybalaria,FALSE,FALSE,FALSE,0
urn:lsid:dyntaxa.se:TaxonName:90521,Schedonorus serotinus,species,"",Plantae,Tracheophyta,Liliopsida,Poales,Poaceae,"",schedonorus serotinus,FALSE,FALSE,FALSE,0
urn:lsid:dyntaxa.se:TaxonName:131226,Schiffermuelleria stroemella,species,"",Animalia,Arthropoda,Insecta,Lepidoptera,Oecophoridae,"",schiffermuelleria stroemella,FALSE,FALSE,FALSE,0
urn:lsid:dyntaxa.se:TaxonName:13778,Schismatomma abietina,species,"",Fungi,Ascomycota,Arthoniomycetes,Arthoniales,Roccellaceae,"",schismatomma abietina,FALSE,FALSE,FALSE,0
urn:lsid:dyntaxa.se:TaxonName:152448,Schismatomma cretaceum,species,"",Fungi,Ascomycota,Arthoniomycetes,Arthoniales,Arthoniaceae,"",schismatomma cretaceum,FALSE,FALSE,FALSE,0
urn:lsid:dyntaxa.se:TaxonName:13779,Schismatomma dolosum,species,"",Fungi,Ascomycota,Arthoniomycetes,Arthoniales,Roccellaceae,"",schismatomma dolosum,FALSE,FALSE,FALSE,0
urn:lsid:dyntaxa.se:Taxon:1460,Schismatomma pericleum,species,NT,Fungi,Ascomycota,Arthoniomycetes,Arthoniales,Roccellaceae,native,schismatomma pericleum,FALSE,FALSE,FALSE,0
urn:lsid:dyntaxa.se:TaxonName:13780,Schismatomma pericleum v. farinosum,species,"",Fungi,Ascomycota,Arthoniomycetes,Arthoniales,Roccellaceae,"",schismatomma pericleum,FALSE,FALSE,FALSE,0
urn:lsid:dyntaxa.se:TaxonName:226588,Schismatomma premneum,species,"",Fungi,Ascomycota,Arthoniomycetes,Arthoniales,Opegraphaceae,"",schismatomma premneum,FALSE,FALSE,FALSE,0
urn:lsid:dyntaxa.se:TaxonName:13774,Schismatomma rimatum,species,"",Fungi,Ascomycota,Arthoniomycetes,Arthoniales,Roccellaceae,"",schismatomma rimatum,FALSE,FALSE,FALSE,0
urn:lsid:dyntaxa.se:TaxonName:96589,Schistidium singarense,species,"",Plantae,Bryophyta,Bryopsida,Grimmiales,Grimmiaceae,"",schistidium singarense,FALSE,FALSE,FALSE,0
urn:lsid:dyntaxa.se:TaxonName:87872,Schoenoplectus setaceus,species,"",Plantae,Tracheophyta,Liliopsida,Poales,Cyperaceae,"",schoenoplectus setaceus,FALSE,FALSE,FALSE,0
urn:lsid:dyntaxa.se:TaxonName:119483,Schulzeria eyrei,species,"",Fungi,Basidiomycota,Agaricomycetes,Agaricales,Agaricaceae,"",schulzeria eyrei,FALSE,FALSE,FALSE,0
urn:lsid:dyntaxa.se:TaxonName:236450,Schulzeria grangei,species,"",Fungi,Basidiomycota,Agaricomycetes,Agaricales,Agaricaceae,"",schulzeria grangei,FALSE,FALSE,FALSE,0
urn:lsid:dyntaxa.se:TaxonName:114845,Sciaphobus rubi,species,"",Animalia,Arthropoda,Insecta,Coleoptera,Curculionidae,"",sciaphobus rubi,FALSE,FALSE,FALSE,0
urn:lsid:dyntaxa.se:TaxonName:284289,Scinaia forcellata,species,"",Plantae,Rhodophyta,Florideophyceae,Nemaliales,Scinaiaceae,"",scinaia forcellata,FALSE,FALSE,FALSE,0
urn:lsid:dyntaxa.se:TaxonName:32472,Scinaia pseudocrispa,species,"",Plantae,Rhodophyta,Florideophyceae,Nemaliales,Scinaiaceae,"",scinaia pseudocrispa,FALSE,FALSE,FALSE,0
urn:lsid:dyntaxa.se:TaxonName:284291,Scinaia trigona,species,"",Plantae,Rhodophyta,Florideophyceae,Nemaliales,Scinaiaceae,"",scinaia trigona,FALSE,FALSE,FALSE,0
urn:lsid:dyntaxa.se:TaxonName:130103,Scione lobata,species,"",Animalia,Annelida,Polychaeta,Terebellida,Terebellidae,"",scione lobata,FALSE,FALSE,FALSE,0
urn:lsid:dyntaxa.se:TaxonName:87588,Scirpus caricis,species,"",Plantae,Tracheophyta,Liliopsida,Poales,Cyperaceae,"",scirpus caricis,FALSE,FALSE,FALSE,0
urn:lsid:dyntaxa.se:TaxonName:87590,Scirpus compressus,species,"",Plantae,Tracheophyta,Liliopsida,Poales,Cyperaceae,"",scirpus compressus,FALSE,FALSE,FALSE,0
urn:lsid:dyntaxa.se:TaxonName:87589,Scirpus distichus,species,"",Plantae,Tracheophyta,Liliopsida,Poales,Cyperaceae,"",scirpus distichus,FALSE,FALSE,FALSE,0
urn:lsid:dyntaxa.se:TaxonName:87870,Scirpus fluitans,species,"",Plantae,Tracheophyta,Liliopsida,Poales,Cyperaceae,"",scirpus fluitans,FALSE,FALSE,FALSE,0
urn:lsid:dyntaxa.se:TaxonName:87591,Scirpus planifolius,species,"",Plantae,Tracheophyta,Liliopsida,Poales,Cyperaceae,"",scirpus planifolius,FALSE,FALSE,FALSE,0
urn:lsid:dyntaxa.se:TaxonName:87593,Scirpus rufus,species,"",Plantae,Tracheophyta,Liliopsida,Poales,Cyperaceae,"",scirpus rufus,FALSE,FALSE,FALSE,0
urn:lsid:dyntaxa.se:TaxonName:87871,Scirpus setaceus,species,"",Plantae,Tracheophyta,Liliopsida,Poales,Cyperaceae,"",scirpus setaceus,FALSE,FALSE,FALSE,0
urn:lsid:dyntaxa.se:TaxonName:153060,Scleroderma albidum,species,"",Fungi,Basidiomycota,Agaricomycetes,Boletales,Sclerodermataceae,"",scleroderma albidum,FALSE,FALSE,FALSE,0
urn:lsid:dyntaxa.se:TaxonName:153061,Scleroderma flavidum,species,"",Fungi,Basidiomycota,Agaricomycetes,Boletales,Sclerodermataceae,"",scleroderma flavidum,FALSE,FALSE,FALSE,0
urn:lsid:dyntaxa.se:TaxonName:20143,Scleroderma septentrionalis,species,"",Fungi,Basidiomycota,Agaricomycetes,Boletales,Sclerodermataceae,"",scleroderma septentrionalis,FALSE,FALSE,FALSE,0
urn:lsid:dyntaxa.se:TaxonName:430757,Sclerogaster broomeanus,speciesAggregate,"",Fungi,Basidiomycota,Agaricomycetes,Geastrales,Sclerogastraceae,"",sclerogaster broomeanus,FALSE,FALSE,FALSE,0
urn:lsid:dyntaxa.se:TaxonName:326025,Sclerogaster candidus,species,"",Fungi,Basidiomycota,Agaricomycetes,Russulales,Russulaceae,"",sclerogaster candidus,FALSE,FALSE,FALSE,0
urn:lsid:dyntaxa.se:TaxonName:430778,Sclerogaster lanatus,speciesAggregate,"",Fungi,Basidiomycota,Agaricomycetes,Geastrales,Sclerogastraceae,"",sclerogaster lanatus,FALSE,FALSE,FALSE,0
urn:lsid:dyntaxa.se:Taxon:1467,Sclerophora coniophaea,species,NT,Fungi,Ascomycota,Coniocybomycetes,Coniocybales,Coniocybaceae,native,sclerophora coniophaea,FALSE,FALSE,FALSE,0
urn:lsid:dyntaxa.se:TaxonName:157159,Sclerophora nivea,species,"",Fungi,Ascomycota,Coniocybomycetes,Coniocybales,Coniocybaceae,"",sclerophora nivea,FALSE,FALSE,FALSE,0
urn:lsid:dyntaxa.se:TaxonName:90987,Scolochloa arundinacea,species,"",Plantae,Tracheophyta,Liliopsida,Poales,Poaceae,"",scolochloa arundinacea,FALSE,FALSE,FALSE,0
urn:lsid:dyntaxa.se:TaxonName:129763,Scolopax Arquata,species,"",Animalia,Chordata,Aves,Charadriiformes,Scolopacidae,"",scolopax arquata,FALSE,FALSE,FALSE,0
urn:lsid:dyntaxa.se:TaxonName:129770,Scolopax erythropus,species,"",Animalia,Chordata,Aves,Charadriiformes,Scolopacidae,"",scolopax erythropus,FALSE,FALSE,FALSE,0
urn:lsid:dyntaxa.se:TaxonName:129760,Scolopax lapponica,species,"",Animalia,Chordata,Aves,Charadriiformes,Scolopacidae,"",scolopax lapponica,FALSE,FALSE,FALSE,0
urn:lsid:dyntaxa.se:TaxonName:129758,Scolopax Limosa,species,"",Animalia,Chordata,Aves,Charadriiformes,Scolopacidae,"",scolopax limosa,FALSE,FALSE,FALSE,0
urn:lsid:dyntaxa.se:TaxonName:129752,Scolopax Media,species,"",Animalia,Chordata,Aves,Charadriiformes,Scolopacidae,"",scolopax media,FALSE,FALSE,FALSE,0
urn:lsid:dyntaxa.se:TaxonName:51818,Scolopendrium officinale,species,"",Plantae,Tracheophyta,Polypodiopsida,Polypodiales,Aspleniaceae,"",scolopendrium officinale,FALSE,FALSE,FALSE,0
urn:lsid:dyntaxa.se:TaxonName:51817,Scolopendrium officinarum,species,"",Plantae,Tracheophyta,Polypodiopsida,Polypodiales,Aspleniaceae,"",scolopendrium officinarum,FALSE,FALSE,FALSE,0
urn:lsid:dyntaxa.se:TaxonName:51819,Scolopendrium vulgare,species,"",Plantae,Tracheophyta,Polypodiopsida,Polypodiales,Aspleniaceae,"",scolopendrium vulgare,FALSE,FALSE,FALSE,0
urn:lsid:dyntaxa.se:TaxonName:120043,Scopuloides septocystidia,species,"",Fungi,Basidiomycota,Agaricomycetes,Polyporales,"Polyporales, genera incertae sedis","",scopuloides septocystidia,FALSE,FALSE,FALSE,0
urn:lsid:dyntaxa.se:TaxonName:398869,Scopuloides septocystidiata,species,"",Fungi,Basidiomycota,Agaricomycetes,Polyporales,"Polyporales, genera incertae sedis","",scopuloides septocystidiata,FALSE,FALSE,FALSE,0
urn:lsid:dyntaxa.se:TaxonName:128628,Scrobicularia piperata,species,"",Animalia,Mollusca,Bivalvia,Veneroida,Semelidae,"",scrobicularia piperata,FALSE,FALSE,FALSE,0
urn:lsid:dyntaxa.se:TaxonName:78000,Scrophularia alata,species,"",Plantae,Tracheophyta,Magnoliopsida,Lamiales,Scrophulariaceae,"",scrophularia alata,FALSE,FALSE,FALSE,0
urn:lsid:dyntaxa.se:TaxonName:78001,Scrophularia aquatica,species,"",Plantae,Tracheophyta,Magnoliopsida,Lamiales,Scrophulariaceae,"",scrophularia aquatica,FALSE,FALSE,FALSE,0
urn:lsid:dyntaxa.se:TaxonName:152588,Scutiger cristatus,species,"",Fungi,Basidiomycota,Agaricomycetes,Russulales,Albatrellaceae,"",scutiger cristatus,FALSE,FALSE,FALSE,0
urn:lsid:dyntaxa.se:TaxonName:300910,Scutiger ovinus var. subrubescens,species,"",Fungi,Basidiomycota,Agaricomycetes,Russulales,Albatrellaceae,"",scutiger ovinus,FALSE,FALSE,FALSE,0
urn:lsid:dyntaxa.se:TaxonName:152590,Scutiger subrubescens,species,"",Fungi,Basidiomycota,Agaricomycetes,Russulales,Albatrellaceae,"",scutiger subrubescens,FALSE,FALSE,FALSE,0
urn:lsid:dyntaxa.se:TaxonName:81103,Scydmaenus perrisii,species,"",Animalia,Arthropoda,Insecta,Coleoptera,Staphylinidae,"",scydmaenus perrisii,FALSE,FALSE,FALSE,0
urn:lsid:dyntaxa.se:TaxonName:84535,Scymnus bipunctatus,species,"",Animalia,Arthropoda,Insecta,Coleoptera,Coccinellidae,"",scymnus bipunctatus,FALSE,FALSE,FALSE,0
urn:lsid:dyntaxa.se:TaxonName:25351,Scymnus stiglundbergi,species,"",Animalia,Arthropoda,Insecta,Coleoptera,Coccinellidae,"",scymnus stiglundbergi,FALSE,FALSE,FALSE,0
urn:lsid:dyntaxa.se:Taxon:1474,Scytinostroma galactinum,species,NT,Fungi,Basidiomycota,Agaricomycetes,Russulales,Peniophoraceae,native,scytinostroma galactinum,FALSE,FALSE,FALSE,0
urn:lsid:dyntaxa.se:TaxonName:335043,Scytinostromella subasperispora,species,"",Fungi,Basidiomycota,Agaricomycetes,Russulales,"Russulales, genera incertae sedis","",scytinostromella subasperispora,FALSE,FALSE,FALSE,0
urn:lsid:dyntaxa.se:TaxonName:10883,Scytosiphon attenuatus,species,"",Chromista,Ochrophyta,Phaeophyceae,Ectocarpales,Chordariaceae,"",scytosiphon attenuatus,FALSE,FALSE,FALSE,0
urn:lsid:dyntaxa.se:TaxonName:226859,Secoliga hypoleuca,species,"",Fungi,Ascomycota,Lecanoromycetes,Ostropales,Gyalectaceae,"",secoliga hypoleuca,FALSE,FALSE,FALSE,0
urn:lsid:dyntaxa.se:TaxonName:235558,Secotium agaricoides,species,"",Fungi,Basidiomycota,Agaricomycetes,Agaricales,Agaricaceae,"",secotium agaricoides,FALSE,FALSE,FALSE,0
urn:lsid:dyntaxa.se:Taxon:1481,Seligeria campylopoda,species,EN,Plantae,Bryophyta,Bryopsida,Grimmiales,Seligeriaceae,native,seligeria campylopoda,FALSE,FALSE,FALSE,0
urn:lsid:dyntaxa.se:Taxon:1484,Seligeria subimmersa,species,VU,Plantae,Bryophyta,Bryopsida,Grimmiales,Seligeriaceae,native,seligeria subimmersa,FALSE,FALSE,FALSE,0
urn:lsid:dyntaxa.se:TaxonName:65133,Senebiera coronopus,species,"",Plantae,Tracheophyta,Magnoliopsida,Brassicales,Brassicaceae,"",senebiera coronopus,FALSE,FALSE,FALSE,0
urn:lsid:dyntaxa.se:TaxonName:18388,Senecio aquaticus,species,"",Plantae,Tracheophyta,Magnoliopsida,Asterales,Asteraceae,"",senecio aquaticus,FALSE,FALSE,FALSE,0
urn:lsid:dyntaxa.se:TaxonName:82895,Senecio congestus,species,"",Plantae,Tracheophyta,Magnoliopsida,Asterales,Asteraceae,"",senecio congestus,FALSE,FALSE,FALSE,0
urn:lsid:dyntaxa.se:TaxonName:82896,Senecio congestus var. palustris,species,"",Plantae,Tracheophyta,Magnoliopsida,Asterales,Asteraceae,"",senecio congestus,FALSE,FALSE,FALSE,0
urn:lsid:dyntaxa.se:TaxonName:18391,Senecio erucifolius,species,"",Plantae,Tracheophyta,Magnoliopsida,Asterales,Asteraceae,"",senecio erucifolius,FALSE,FALSE,FALSE,0
urn:lsid:dyntaxa.se:TaxonName:45040,Senecio integrifolius ssp. tundricola,species,"",Plantae,Tracheophyta,Magnoliopsida,Asterales,Asteraceae,"",senecio integrifolius,FALSE,FALSE,FALSE,0
urn:lsid:dyntaxa.se:TaxonName:82888,Senecio integrifolius,species,"",Plantae,Tracheophyta,Magnoliopsida,Asterales,Asteraceae,"",senecio integrifolius,FALSE,FALSE,FALSE,0
urn:lsid:dyntaxa.se:TaxonName:18399,Senecio paludosus,species,"",Plantae,Tracheophyta,Magnoliopsida,Asterales,Asteraceae,"",senecio paludosus,FALSE,FALSE,FALSE,0
urn:lsid:dyntaxa.se:TaxonName:82892,Senecio palustris,species,"",Plantae,Tracheophyta,Magnoliopsida,Asterales,Asteraceae,"",senecio palustris,FALSE,FALSE,FALSE,0
urn:lsid:dyntaxa.se:TaxonName:82897,Senecio tubicaulis,species,"",Plantae,Tracheophyta,Magnoliopsida,Asterales,Asteraceae,"",senecio tubicaulis,FALSE,FALSE,FALSE,0
urn:lsid:dyntaxa.se:TaxonName:45041,Senecio tundricola,species,"",Plantae,Tracheophyta,Magnoliopsida,Asterales,Asteraceae,"",senecio tundricola,FALSE,FALSE,FALSE,0
urn:lsid:dyntaxa.se:Taxon:244007,Senotainia tricuspis,species,RE,Animalia,Arthropoda,Insecta,Diptera,Sarcophagidae,native,senotainia tricuspis,FALSE,FALSE,FALSE,0
urn:lsid:dyntaxa.se:Taxon:101771,Sepedophilus bipustulatus,species,RE,Animalia,Arthropoda,Insecta,Coleoptera,Staphylinidae,native,sepedophilus bipustulatus,FALSE,FALSE,FALSE,0
urn:lsid:dyntaxa.se:TaxonName:260291,Sesia andrenaeformis,species,"",Animalia,Arthropoda,Insecta,Lepidoptera,Sesiidae,"",sesia andrenaeformis,FALSE,FALSE,FALSE,0
urn:lsid:dyntaxa.se:TaxonName:260317,Sesia flaviventris,species,"",Animalia,Arthropoda,Insecta,Lepidoptera,Sesiidae,"",sesia flaviventris,FALSE,FALSE,FALSE,0
urn:lsid:dyntaxa.se:TaxonName:128250,Sesia melanocephala,species,"",Animalia,Arthropoda,Insecta,Lepidoptera,Sesiidae,"",sesia melanocephala,FALSE,FALSE,FALSE,0
urn:lsid:dyntaxa.se:Taxon:100886,Setema cereola,species,NT,Animalia,Arthropoda,Insecta,Lepidoptera,Erebidae,native,setema cereola,FALSE,FALSE,FALSE,0
urn:lsid:dyntaxa.se:TaxonName:139589,Shargacucullia verbasci,species,"",Animalia,Arthropoda,Insecta,Lepidoptera,Noctuidae,"",shargacucullia verbasci,FALSE,FALSE,FALSE,0
urn:lsid:dyntaxa.se:Taxon:232127,Sialis sibirica,species,DD,Animalia,Arthropoda,Insecta,Megaloptera,Sialidae,native,sialis sibirica,FALSE,FALSE,FALSE,0
urn:lsid:dyntaxa.se:TaxonName:25472,Sibinia potentillae,species,"",Animalia,Arthropoda,Insecta,Coleoptera,Curculionidae,"",sibinia potentillae,FALSE,FALSE,FALSE,0
urn:lsid:dyntaxa.se:Taxon:101776,Sibinia signata,species,NT,Animalia,Arthropoda,Insecta,Coleoptera,Curculionidae,native,sibinia signata,FALSE,FALSE,FALSE,0
urn:lsid:dyntaxa.se:Taxon:101777,Sicus abdominalis,species,RE,Animalia,Arthropoda,Insecta,Diptera,Conopidae,native,sicus abdominalis,FALSE,FALSE,FALSE,0
urn:lsid:dyntaxa.se:TaxonName:139778,Sideridis albicolon,species,"",Animalia,Arthropoda,Insecta,Lepidoptera,Noctuidae,"",sideridis albicolon,FALSE,FALSE,FALSE,0
urn:lsid:dyntaxa.se:TaxonName:152337,Sidnyum turbinatum,species,"",Animalia,Chordata,"",Aplousobranchiata,Polyclinidae,"",sidnyum turbinatum,FALSE,FALSE,FALSE,0
urn:lsid:dyntaxa.se:TaxonName:244492,Sifolinia karavajevi,species,"",Animalia,Arthropoda,Insecta,Hymenoptera,Formicidae,"",sifolinia karavajevi,FALSE,FALSE,FALSE,0
urn:lsid:dyntaxa.se:TaxonName:77228,Silaus flavescens,species,"",Plantae,Tracheophyta,Magnoliopsida,Apiales,Apiaceae,"",silaus flavescens,FALSE,FALSE,FALSE,0
urn:lsid:dyntaxa.se:TaxonName:77227,Silaus pratensis,species,"",Plantae,Tracheophyta,Magnoliopsida,Apiales,Apiaceae,"",silaus pratensis,FALSE,FALSE,FALSE,0
urn:lsid:dyntaxa.se:TaxonName:77226,Silaus selinoides,species,"",Plantae,Tracheophyta,Magnoliopsida,Apiales,Apiaceae,"",silaus selinoides,FALSE,FALSE,FALSE,0
urn:lsid:dyntaxa.se:TaxonName:481842,Siluris glanis,species,"",Animalia,Chordata,Actinopterygii,Siluriformes,Siluridae,"",siluris glanis,FALSE,FALSE,FALSE,0
urn:lsid:dyntaxa.se:Taxon:101783,Silvanus bidentatus,species,NT,Animalia,Arthropoda,Insecta,Coleoptera,Silvanidae,native,silvanus bidentatus,FALSE,FALSE,FALSE,0
urn:lsid:dyntaxa.se:TaxonName:146588,Singa heri,species,"",Animalia,Arthropoda,Arachnida,Araneae,Araneidae,"",singa heri,FALSE,FALSE,FALSE,0
urn:lsid:dyntaxa.se:TaxonName:72985,Sison inundatum,species,"",Plantae,Tracheophyta,Magnoliopsida,Apiales,Apiaceae,"",sison inundatum,FALSE,FALSE,FALSE,0
urn:lsid:dyntaxa.se:TaxonName:473135,Sistotrema dennisii,species,"",Fungi,Basidiomycota,Agaricomycetes,Cantharellales,Hydnaceae,"",sistotrema dennisii,FALSE,FALSE,FALSE,0
urn:lsid:dyntaxa.se:TaxonName:400088,Sistotrema pachyodon,species,"",Fungi,Basidiomycota,Agaricomycetes,Polyporales,"Polyporales, genera incertae sedis","",sistotrema pachyodon,FALSE,FALSE,FALSE,0
urn:lsid:dyntaxa.se:TaxonName:52830,Sistotrema subangulisporum,species,"",Fungi,Basidiomycota,Agaricomycetes,Cantharellales,Hydnaceae,"",sistotrema subangulisporum,FALSE,FALSE,FALSE,0
urn:lsid:dyntaxa.se:TaxonName:114879,Sitona cinerascens,species,"",Animalia,Arthropoda,Insecta,Coleoptera,Curculionidae,"",sitona cinerascens,FALSE,FALSE,FALSE,0
urn:lsid:dyntaxa.se:TaxonName:12203,Sitticus inexpectus,species,"",Animalia,Arthropoda,Arachnida,Araneae,Salticidae,"",sitticus inexpectus,FALSE,FALSE,FALSE,0
urn:lsid:dyntaxa.se:TaxonName:372931,Sittiflor inexpectus,species,"",Animalia,Arthropoda,Arachnida,Araneae,Salticidae,"",sittiflor inexpectus,FALSE,FALSE,FALSE,0
urn:lsid:dyntaxa.se:TaxonName:73027,Sium falcaria,species,"",Plantae,Tracheophyta,Magnoliopsida,Apiales,Apiaceae,"",sium falcaria,FALSE,FALSE,FALSE,0
urn:lsid:dyntaxa.se:Taxon:239730,Skeletocutis borealis,species,DD,Fungi,Basidiomycota,Agaricomycetes,Polyporales,Incrustoporiaceae,native,skeletocutis borealis,FALSE,FALSE,FALSE,0
urn:lsid:dyntaxa.se:TaxonName:49669,Skeletocutis borealis,species,"",Fungi,Basidiomycota,Agaricomycetes,Polyporales,Incrustoporiaceae,"",skeletocutis borealis,FALSE,FALSE,FALSE,0
urn:lsid:dyntaxa.se:Taxon:2062,Skeletocutis brevispora,species,VU,Fungi,Basidiomycota,Agaricomycetes,Polyporales,Incrustoporiaceae,native,skeletocutis brevispora,FALSE,FALSE,FALSE,0
urn:lsid:dyntaxa.se:Taxon:2063,Skeletocutis chrysella,species,VU,Fungi,Basidiomycota,Agaricomycetes,Polyporales,Incrustoporiaceae,native,skeletocutis chrysella,FALSE,FALSE,FALSE,0
urn:lsid:dyntaxa.se:Taxon:233025,Skeletocutis jelicii,species,EN,Fungi,Basidiomycota,Agaricomycetes,Polyporales,Incrustoporiaceae,native,skeletocutis jelicii,FALSE,FALSE,FALSE,0
urn:lsid:dyntaxa.se:TaxonName:152819,Skeletocutis jelicii,species,"",Fungi,Basidiomycota,Agaricomycetes,Polyporales,Incrustoporiaceae,"",skeletocutis jelicii,FALSE,FALSE,FALSE,0
urn:lsid:dyntaxa.se:TaxonName:34399,Skeletocutis lenis,species,"",Fungi,Basidiomycota,Agaricomycetes,Hymenochaetales,"Hymenochaetales, genera incertae sedis","",skeletocutis lenis,FALSE,FALSE,FALSE,0
urn:lsid:dyntaxa.se:TaxonName:34401,Skeletocutis ochroalba,species,"",Fungi,Basidiomycota,Agaricomycetes,Polyporales,Incrustoporiaceae,"",skeletocutis ochroalba,FALSE,FALSE,FALSE,0
urn:lsid:dyntaxa.se:Taxon:1506,Skeletocutis odora,species,VU,Fungi,Basidiomycota,Agaricomycetes,Polyporales,Incrustoporiaceae,native,skeletocutis odora,FALSE,FALSE,FALSE,0
urn:lsid:dyntaxa.se:TaxonName:34402,Skeletocutis odora,species,"",Fungi,Basidiomycota,Agaricomycetes,Polyporales,Incrustoporiaceae,"",skeletocutis odora,FALSE,FALSE,FALSE,0
urn:lsid:dyntaxa.se:TaxonName:25464,Smicronyx politus,species,"",Animalia,Arthropoda,Insecta,Coleoptera,Curculionidae,"",smicronyx politus,FALSE,FALSE,FALSE,0
urn:lsid:dyntaxa.se:TaxonName:287237,Smicronyx reichi,species,"",Animalia,Arthropoda,Insecta,Coleoptera,Curculionidae,"",smicronyx reichi,FALSE,FALSE,FALSE,0
urn:lsid:dyntaxa.se:TaxonName:287236,Smicronyx seriepilosus,species,"",Animalia,Arthropoda,Insecta,Coleoptera,Curculionidae,"",smicronyx seriepilosus,FALSE,FALSE,FALSE,0
urn:lsid:dyntaxa.se:TaxonName:77849,Solanum luteum ssp. alatum,subspecies,"",Plantae,Tracheophyta,Magnoliopsida,Solanales,Solanaceae,"",solanum luteum,FALSE,FALSE,FALSE,0
urn:lsid:dyntaxa.se:TaxonName:77853,Solanum miniatum,subspecies,"",Plantae,Tracheophyta,Magnoliopsida,Solanales,Solanaceae,"",solanum miniatum,FALSE,FALSE,FALSE,0
urn:lsid:dyntaxa.se:TaxonName:77852,Solanum rubrum,subspecies,"",Plantae,Tracheophyta,Magnoliopsida,Solanales,Solanaceae,"",solanum rubrum,FALSE,FALSE,FALSE,0
urn:lsid:dyntaxa.se:TaxonName:19346,Solva interrupta,species,"",Animalia,Arthropoda,Insecta,Diptera,Xylomyidae,"",solva interrupta,FALSE,FALSE,FALSE,0
urn:lsid:dyntaxa.se:TaxonName:63578,Sorbus norvegica,species,"",Plantae,Tracheophyta,Magnoliopsida,Rosales,Rosaceae,"",sorbus norvegica,FALSE,FALSE,FALSE,0
urn:lsid:dyntaxa.se:Taxon:1508,Sorbus obtusifolia,species,EN,Plantae,Tracheophyta,Magnoliopsida,Rosales,Rosaceae,native,sorbus obtusifolia,FALSE,FALSE,FALSE,0
urn:lsid:dyntaxa.se:Taxon:6037534,Sorbus teodori,species,CR,Plantae,Tracheophyta,Magnoliopsida,Rosales,Rosaceae,native,sorbus teodori,FALSE,FALSE,FALSE,0
urn:lsid:dyntaxa.se:TaxonName:10805,Sorocarpus reinboldii,species,"",Chromista,Ochrophyta,Phaeophyceae,Ectocarpales,Chordariaceae,"",sorocarpus reinboldii,FALSE,FALSE,FALSE,0
urn:lsid:dyntaxa.se:TaxonName:141948,Sosanopsis wireni,species,"",Animalia,Annelida,Polychaeta,Terebellida,Ampharetidae,"",sosanopsis wireni,FALSE,FALSE,FALSE,0
urn:lsid:dyntaxa.se:Taxon:252385,Sowerbyella densireticulata,species,DD,Fungi,Ascomycota,Pezizomycetes,Pezizales,Pyronemataceae,native,sowerbyella densireticulata,FALSE,FALSE,FALSE,0
urn:lsid:dyntaxa.se:TaxonName:139849,Spaelotis clandestina,species,"",Animalia,Arthropoda,Insecta,Lepidoptera,Noctuidae,"",spaelotis clandestina,FALSE,FALSE,FALSE,0
urn:lsid:dyntaxa.se:TaxonName:87519,Sparganium friesii,species,"",Plantae,Tracheophyta,Liliopsida,Poales,Typhaceae,"",sparganium friesii,FALSE,FALSE,FALSE,0
urn:lsid:dyntaxa.se:TaxonName:58741,Spergella caespitosa,species,"",Plantae,Tracheophyta,Magnoliopsida,Caryophyllales,Caryophyllaceae,"",spergella caespitosa,FALSE,FALSE,FALSE,0
urn:lsid:dyntaxa.se:TaxonName:58847,Spergula maxima,subspecies,"",Plantae,Tracheophyta,Magnoliopsida,Caryophyllales,Caryophyllaceae,"",spergula maxima,FALSE,FALSE,FALSE,0
urn:lsid:dyntaxa.se:TaxonName:58845,Spergula vulgaris,subspecies,"",Plantae,Tracheophyta,Magnoliopsida,Caryophyllales,Caryophyllaceae,"",spergula vulgaris,FALSE,FALSE,FALSE,0
urn:lsid:dyntaxa.se:TaxonName:27048,Spermothamnion barbatum var. mesocarpum,species,"",Plantae,Rhodophyta,Florideophyceae,Ceramiales,Wrangeliaceae,"",spermothamnion barbatum,FALSE,FALSE,FALSE,0
urn:lsid:dyntaxa.se:TaxonName:27053,Spermothamnion barbatum,species,"",Plantae,Rhodophyta,Florideophyceae,Ceramiales,Wrangeliaceae,"",spermothamnion barbatum,FALSE,FALSE,FALSE,0
urn:lsid:dyntaxa.se:TaxonName:27047,Spermothamnion mesocarpum,species,"",Plantae,Rhodophyta,Florideophyceae,Ceramiales,Wrangeliaceae,"",spermothamnion mesocarpum,FALSE,FALSE,FALSE,0
urn:lsid:dyntaxa.se:TaxonName:89946,Sphaerella chimaphilae,species,"",Fungi,Ascomycota,Dothideomycetes,Capnodiales,Mycosphaerellaceae,"",sphaerella chimaphilae,FALSE,FALSE,FALSE,0
urn:lsid:dyntaxa.se:TaxonName:317163,Sphaerella longissima,species,"",Plantae,Tracheophyta,Liliopsida,Poales,Poaceae,"",sphaerella longissima,FALSE,FALSE,FALSE,0
urn:lsid:dyntaxa.se:TaxonName:89631,Sphaeria bombarda,species,"",Fungi,Ascomycota,Sordariomycetes,Sordariales,Lasiosphaeriaceae,"",sphaeria bombarda,FALSE,FALSE,FALSE,0
urn:lsid:dyntaxa.se:TaxonName:332003,Sphaeria byssacea,species,"",Fungi,Ascomycota,Arthoniomycetes,Arthoniales,Arthoniaceae,"",sphaeria byssacea,FALSE,FALSE,FALSE,0
urn:lsid:dyntaxa.se:TaxonName:89990,Sphaeria corniformis,species,"",Fungi,Ascomycota,Sordariomycetes,Xylariales,Xylariaceae,"",sphaeria corniformis,FALSE,FALSE,FALSE,0
urn:lsid:dyntaxa.se:TaxonName:89899,Sphaeria coronillae,species,"",Fungi,Ascomycota,Dothideomycetes,Pleosporales,Cucurbitariaceae,"",sphaeria coronillae,FALSE,FALSE,FALSE,0
urn:lsid:dyntaxa.se:TaxonName:33332,Sphaeria discreta,species,"",Fungi,Ascomycota,Sordariomycetes,Xylariales,Graphostromataceae,"",sphaeria discreta,FALSE,FALSE,FALSE,0
urn:lsid:dyntaxa.se:TaxonName:84548,Sphaeria dissepta,species,"",Fungi,Ascomycota,Sordariomycetes,Xylariales,Diatrypaceae,"",sphaeria dissepta,FALSE,FALSE,FALSE,0
urn:lsid:dyntaxa.se:TaxonName:89898,Sphaeria elongata var. coronillae,species,"",Fungi,Ascomycota,Dothideomycetes,Pleosporales,Cucurbitariaceae,"",sphaeria elongata,FALSE,FALSE,FALSE,0
urn:lsid:dyntaxa.se:TaxonName:89895,Sphaeria eunomia,species,"",Fungi,Ascomycota,Sordariomycetes,Xylariales,Diatrypaceae,"",sphaeria eunomia,FALSE,FALSE,FALSE,0
urn:lsid:dyntaxa.se:TaxonName:89632,Sphaeria fasciculata,species,"",Fungi,Ascomycota,Sordariomycetes,Sordariales,Lasiosphaeriaceae,"",sphaeria fasciculata,FALSE,FALSE,FALSE,0
urn:lsid:dyntaxa.se:TaxonName:144465,Sphaeria foedans,species,"",Fungi,Ascomycota,Dothideomycetes,Pleosporales,Pleomassariaceae,"",sphaeria foedans,FALSE,FALSE,FALSE,0
urn:lsid:dyntaxa.se:TaxonName:372902,Sphaeria gastrina,species,"",Fungi,Ascomycota,Sordariomycetes,Xylariales,Lopadostomataceae,"",sphaeria gastrina,FALSE,FALSE,FALSE,0
urn:lsid:dyntaxa.se:TaxonName:271851,Sphaeria hippotrichoides,species,"",Fungi,Ascomycota,Sordariomycetes,Xylariales,"Xylariales, genera incertae sedis","",sphaeria hippotrichoides,FALSE,FALSE,FALSE,0
urn:lsid:dyntaxa.se:TaxonName:39508,Sphaeria hypodermia,species,"",Fungi,Ascomycota,Sordariomycetes,Diaporthales,Gnomoniaceae,"",sphaeria hypodermia,FALSE,FALSE,FALSE,0
urn:lsid:dyntaxa.se:TaxonName:89650,Sphaeria lutea,species,"",Fungi,Ascomycota,Sordariomycetes,Boliniales,Boliniaceae,"",sphaeria lutea,FALSE,FALSE,FALSE,0
urn:lsid:dyntaxa.se:TaxonName:89602,Sphaeria marginata,species,"",Fungi,Ascomycota,Sordariomycetes,Xylariales,Graphostromataceae,"",sphaeria marginata,FALSE,FALSE,FALSE,0
urn:lsid:dyntaxa.se:TaxonName:89611,Sphaeria nummularia,species,"",Fungi,Ascomycota,Sordariomycetes,Xylariales,Graphostromataceae,"",sphaeria nummularia,FALSE,FALSE,FALSE,0
urn:lsid:dyntaxa.se:TaxonName:89673,Sphaeria pugillus,species,"",Fungi,Ascomycota,Sordariomycetes,Boliniales,Boliniaceae,"",sphaeria pugillus,FALSE,FALSE,FALSE,0
urn:lsid:dyntaxa.se:TaxonName:150250,Sphaeria punctata,species,"",Fungi,Ascomycota,Sordariomycetes,Xylariales,Xylariaceae,"",sphaeria punctata,FALSE,FALSE,FALSE,0
urn:lsid:dyntaxa.se:TaxonName:389343,Sphaeria pyrolae,species,"",Fungi,Ascomycota,Dothideomycetes,Capnodiales,Mycosphaerellaceae,"",sphaeria pyrolae,FALSE,FALSE,FALSE,0
urn:lsid:dyntaxa.se:TaxonName:89905,Sphaeria stellulata,species,"",Fungi,Ascomycota,Sordariomycetes,Xylariales,Diatrypaceae,"",sphaeria stellulata,FALSE,FALSE,FALSE,0
urn:lsid:dyntaxa.se:TaxonName:89888,Sphaeria tubulina,species,"",Fungi,Ascomycota,Sordariomycetes,Boliniales,Boliniaceae,"",sphaeria tubulina,FALSE,FALSE,FALSE,0
urn:lsid:dyntaxa.se:TaxonName:84397,Sphaeria umbrina,species,"",Fungi,Ascomycota,Sordariomycetes,Amphisphaeriales,Amphisphaeriaceae,"",sphaeria umbrina,FALSE,FALSE,FALSE,0
urn:lsid:dyntaxa.se:TaxonName:331067,Sphaeria umbrina,species,"",Fungi,Ascomycota,Sordariomycetes,Amphisphaeriales,Amphisphaeriaceae,"",sphaeria umbrina,FALSE,FALSE,FALSE,0
urn:lsid:dyntaxa.se:TaxonName:261984,Sphaeria vernicosa,species,"",Fungi,Ascomycota,Sordariomycetes,Xylariales,Hypoxylaceae,"",sphaeria vernicosa,FALSE,FALSE,FALSE,0
urn:lsid:dyntaxa.se:TaxonName:89940,Sphaeria vogesiaca,species,"",Fungi,Ascomycota,Sordariomycetes,Xylariales,Hypoxylaceae,"",sphaeria vogesiaca,FALSE,FALSE,FALSE,0
urn:lsid:dyntaxa.se:TaxonName:25381,Sphaeriestes ater,species,"",Animalia,Arthropoda,Insecta,Coleoptera,Salpingidae,"",sphaeriestes ater,FALSE,FALSE,FALSE,0
urn:lsid:dyntaxa.se:TaxonName:20799,Sphaerius obsidianus,species,"",Animalia,Arthropoda,Insecta,Coleoptera,Sphaeriusidae,"",sphaerius obsidianus,FALSE,FALSE,FALSE,0
urn:lsid:dyntaxa.se:Taxon:106768,Sphecodes spinulosus,species,CR,Animalia,Arthropoda,Insecta,Hymenoptera,Halictidae,native,sphecodes spinulosus,FALSE,FALSE,FALSE,0
urn:lsid:dyntaxa.se:TaxonName:241952,Sphenolobus ascendens,species,"",Plantae,Marchantiophyta,Marchantiopsida,Jungermanniales,Jungermanniaceae,"",sphenolobus ascendens,FALSE,FALSE,FALSE,0
urn:lsid:dyntaxa.se:TaxonName:141086,Sphex abietina,species,"",Animalia,Arthropoda,Insecta,Hymenoptera,Orussidae,"",sphex abietina,FALSE,FALSE,FALSE,0
urn:lsid:dyntaxa.se:TaxonName:268821,Sphex crabroneus,species,"",Animalia,Arthropoda,Insecta,Hymenoptera,Crabronidae,"",sphex crabroneus,FALSE,FALSE,FALSE,0
urn:lsid:dyntaxa.se:TaxonName:268635,Sphex fossorius,species,"",Animalia,Arthropoda,Insecta,Hymenoptera,Crabronidae,"",sphex fossorius,FALSE,FALSE,FALSE,0
urn:lsid:dyntaxa.se:TaxonName:270194,Sphex ignita,species,"",Animalia,Arthropoda,Insecta,Hymenoptera,Chrysididae,"",sphex ignita,FALSE,FALSE,FALSE,0
urn:lsid:dyntaxa.se:TaxonName:156257,Sphex maxillosus,species,"",Animalia,Arthropoda,Insecta,Hymenoptera,Sphecidae,"",sphex maxillosus,FALSE,FALSE,FALSE,0
urn:lsid:dyntaxa.se:TaxonName:104889,Sphex rufocinctus,species,"",Animalia,Arthropoda,Insecta,Hymenoptera,Sphecidae,"",sphex rufocinctus,FALSE,FALSE,FALSE,0
urn:lsid:dyntaxa.se:TaxonName:323997,Sphex signata,species,"",Animalia,Arthropoda,Insecta,Hymenoptera,Colletidae,"",sphex signata,FALSE,FALSE,FALSE,0
urn:lsid:dyntaxa.se:TaxonName:13840,Sphinctrina gelasinata,species,"",Fungi,Ascomycota,Eurotiomycetes,Mycocaliciales,Sphinctrinaceae,"",sphinctrina gelasinata,FALSE,FALSE,FALSE,0
urn:lsid:dyntaxa.se:TaxonName:13838,Sphinctrina kylemoriensis,species,"",Fungi,Ascomycota,Eurotiomycetes,Mycocaliciales,Sphinctrinaceae,"",sphinctrina kylemoriensis,FALSE,FALSE,FALSE,0
urn:lsid:dyntaxa.se:TaxonName:13835,Sphinctrina microcephala,species,"",Fungi,Ascomycota,Eurotiomycetes,Mycocaliciales,Sphinctrinaceae,"",sphinctrina microcephala,FALSE,FALSE,FALSE,0
urn:lsid:dyntaxa.se:TaxonName:13839,Sphinctrina obscurata,species,"",Fungi,Ascomycota,Eurotiomycetes,Mycocaliciales,Sphinctrinaceae,"",sphinctrina obscurata,FALSE,FALSE,FALSE,0
urn:lsid:dyntaxa.se:TaxonName:13837,Sphinctrina pedata,species,"",Fungi,Ascomycota,Eurotiomycetes,Mycocaliciales,Sphinctrinaceae,"",sphinctrina pedata,FALSE,FALSE,FALSE,0
urn:lsid:dyntaxa.se:TaxonName:260272,Sphinx bembeciformis,species,"",Animalia,Arthropoda,Insecta,Lepidoptera,Sesiidae,"",sphinx bembeciformis,FALSE,FALSE,FALSE,0
urn:lsid:dyntaxa.se:TaxonName:260273,Sphinx crabroniformis,species,"",Animalia,Arthropoda,Insecta,Lepidoptera,Sesiidae,"",sphinx crabroniformis,FALSE,FALSE,FALSE,0
urn:lsid:dyntaxa.se:TaxonName:260241,Sphinx filipendulae,species,"",Animalia,Arthropoda,Insecta,Lepidoptera,Zygaenidae,"",sphinx filipendulae,FALSE,FALSE,FALSE,0
urn:lsid:dyntaxa.se:TaxonName:260321,Sphinx ichneumoniformis,species,"",Animalia,Arthropoda,Insecta,Lepidoptera,Sesiidae,"",sphinx ichneumoniformis,FALSE,FALSE,FALSE,0
urn:lsid:dyntaxa.se:TaxonName:260242,Sphinx lonicerae,species,"",Animalia,Arthropoda,Insecta,Lepidoptera,Zygaenidae,"",sphinx lonicerae,FALSE,FALSE,FALSE,0
urn:lsid:dyntaxa.se:TaxonName:260170,Sphinx minos,species,"",Animalia,Arthropoda,Insecta,Lepidoptera,Zygaenidae,"",sphinx minos,FALSE,FALSE,FALSE,0
urn:lsid:dyntaxa.se:TaxonName:260158,Sphinx statices,species,"",Animalia,Arthropoda,Insecta,Lepidoptera,Zygaenidae,"",sphinx statices,FALSE,FALSE,FALSE,0
urn:lsid:dyntaxa.se:TaxonName:105957,Sphinx tityus,species,"",Animalia,Arthropoda,Insecta,Lepidoptera,Sphingidae,"",sphinx tityus,FALSE,FALSE,FALSE,0
urn:lsid:dyntaxa.se:TaxonName:260318,Sphinx vespiformis,species,"",Animalia,Arthropoda,Insecta,Lepidoptera,Sesiidae,"",sphinx vespiformis,FALSE,FALSE,FALSE,0
urn:lsid:dyntaxa.se:TaxonName:260240,Sphinx viciae,species,"",Animalia,Arthropoda,Insecta,Lepidoptera,Zygaenidae,"",sphinx viciae,FALSE,FALSE,FALSE,0
urn:lsid:dyntaxa.se:Taxon:102551,Sphiximorpha subsessillis,species,EN,Animalia,Arthropoda,Insecta,Diptera,Syrphidae,native,sphiximorpha subsessillis,FALSE,FALSE,FALSE,0
urn:lsid:dyntaxa.se:TaxonName:114234,Spicaria dubia,species,"",Fungi,Ascomycota,Sordariomycetes,Hypocreales,Ophiocordycipitaceae,"",spicaria dubia,FALSE,FALSE,FALSE,0
urn:lsid:dyntaxa.se:TaxonName:6304,Spiloma melaleucum,species,"",Fungi,Ascomycota,Arthoniomycetes,Arthoniales,Lecanographaceae,"",spiloma melaleucum,FALSE,FALSE,FALSE,0
urn:lsid:dyntaxa.se:TaxonName:424157,Spilomium trachylioides,species,"",Fungi,Ascomycota,Lecanoromycetes,Caliciales,Caliciaceae,"",spilomium trachylioides,FALSE,FALSE,FALSE,0
urn:lsid:dyntaxa.se:TaxonName:119390,Spiloptera arctica,species,"",Animalia,Arthropoda,Insecta,Diptera,Canthyloscelidae,"",spiloptera arctica,FALSE,FALSE,FALSE,0
urn:lsid:dyntaxa.se:TaxonName:269844,Spinolia neglecta,species,"",Animalia,Arthropoda,Insecta,Hymenoptera,Chrysididae,"",spinolia neglecta,FALSE,FALSE,FALSE,0
urn:lsid:dyntaxa.se:Taxon:218023,Spiralinella spiralis,species,DD,Animalia,Mollusca,Gastropoda,"",Pyramidellidae,native,spiralinella spiralis,FALSE,FALSE,FALSE,0
urn:lsid:dyntaxa.se:TaxonName:76,Spiratinella pellucida,species,"",Animalia,Mollusca,Gastropoda,"",Pyramidellidae,"",spiratinella pellucida,FALSE,FALSE,FALSE,0
urn:lsid:dyntaxa.se:TaxonName:357934,Spirontocaris occulta,species,"",Animalia,Arthropoda,Malacostraca,Decapoda,Thoridae,"",spirontocaris occulta,FALSE,FALSE,FALSE,0
urn:lsid:dyntaxa.se:Taxon:6037,Spongipellis delectans,species,VU,Fungi,Basidiomycota,Agaricomycetes,Polyporales,"Polyporales, genera incertae sedis",native,spongipellis delectans,FALSE,FALSE,FALSE,0
urn:lsid:dyntaxa.se:TaxonName:152826,Spongipellis fissilis,species,"",Fungi,Basidiomycota,Agaricomycetes,Polyporales,Meruliaceae,"",spongipellis fissilis,FALSE,FALSE,FALSE,0
urn:lsid:dyntaxa.se:Taxon:1518,Spongipellis pachyodon,species,RE,Fungi,Basidiomycota,Agaricomycetes,Polyporales,"Polyporales, genera incertae sedis",native,spongipellis pachyodon,FALSE,FALSE,FALSE,0
urn:lsid:dyntaxa.se:TaxonName:13405,Spongipellis spumea,species,"",Fungi,Basidiomycota,Agaricomycetes,Polyporales,"Polyporales, genera incertae sedis","",spongipellis spumea,FALSE,FALSE,FALSE,0
urn:lsid:dyntaxa.se:Taxon:1519,Spongipellis spumeus,species,NT,Fungi,Basidiomycota,Agaricomycetes,Polyporales,"Polyporales, genera incertae sedis",native,spongipellis spumeus,FALSE,FALSE,FALSE,0
urn:lsid:dyntaxa.se:TaxonName:34417,Spongipellis spumeus,species,"",Fungi,Basidiomycota,Agaricomycetes,Polyporales,"Polyporales, genera incertae sedis","",spongipellis spumeus,FALSE,FALSE,FALSE,0
urn:lsid:dyntaxa.se:TaxonName:152827,Spongipellis undosus,species,"",Fungi,Basidiomycota,Agaricomycetes,Polyporales,Dacryobolaceae,"",spongipellis undosus,FALSE,FALSE,FALSE,0
urn:lsid:dyntaxa.se:TaxonName:331976,Spongiporus balsameus,species,"",Fungi,Basidiomycota,Agaricomycetes,Polyporales,Dacryobolaceae,"",spongiporus balsameus,FALSE,FALSE,FALSE,0
urn:lsid:dyntaxa.se:TaxonName:332012,Spongiporus cerifluus,species,"",Fungi,Basidiomycota,Agaricomycetes,Polyporales,Dacryobolaceae,"",spongiporus cerifluus,FALSE,FALSE,FALSE,0
urn:lsid:dyntaxa.se:TaxonName:332092,Spongiporus guttulatus,species,"",Fungi,Basidiomycota,Agaricomycetes,Polyporales,Dacryobolaceae,"",spongiporus guttulatus,FALSE,FALSE,FALSE,0
urn:lsid:dyntaxa.se:TaxonName:399471,Spongiporus subvermisporus,species,"",Fungi,Basidiomycota,Agaricomycetes,Polyporales,Gelatoporiaceae,"",spongiporus subvermisporus,FALSE,FALSE,FALSE,0
urn:lsid:dyntaxa.se:TaxonName:152831,Spongiporus undosus,species,"",Fungi,Basidiomycota,Agaricomycetes,Polyporales,Dacryobolaceae,"",spongiporus undosus,FALSE,FALSE,FALSE,0
urn:lsid:dyntaxa.se:TaxonName:284315,Spongitis calcarea,species,"",Plantae,Rhodophyta,Florideophyceae,Corallinales,Lithothamniaceae,"",spongitis calcarea,FALSE,FALSE,FALSE,0
urn:lsid:dyntaxa.se:TaxonName:261241,Sporledera palustris,species,"",Plantae,Bryophyta,Bryopsida,Dicranales,Ditrichaceae,"",sporledera palustris,FALSE,FALSE,FALSE,0
urn:lsid:dyntaxa.se:TaxonName:15482,Sporochnus villosus,species,"",Chromista,Ochrophyta,Phaeophyceae,Desmarestiales,Arthrocladiaceae,"",sporochnus villosus,FALSE,FALSE,FALSE,0
urn:lsid:dyntaxa.se:TaxonName:89952,Spragueola vitellina,species,"",Fungi,Ascomycota,Neolectomycetes,Neolectales,Neolectaceae,"",spragueola vitellina,FALSE,FALSE,FALSE,0
urn:lsid:dyntaxa.se:Taxon:101815,Spuleria flavicaput,species,VU,Animalia,Arthropoda,Insecta,Lepidoptera,Parametriotidae,native,spuleria flavicaput,FALSE,FALSE,FALSE,0
urn:lsid:dyntaxa.se:TaxonName:365817,Squalus galeus,species,"",Animalia,Chordata,Chondrichthyes,Carcharhiniformes,Triakidae,"",squalus galeus,FALSE,FALSE,FALSE,0
urn:lsid:dyntaxa.se:TaxonName:366604,Squalus microcephalus,species,"",Animalia,Chordata,Chondrichthyes,Squaliformes,Somniosidae,"",squalus microcephalus,FALSE,FALSE,FALSE,0
urn:lsid:dyntaxa.se:TaxonName:366595,Squalus nasus,species,"",Animalia,Chordata,Chondrichthyes,Lamniformes,Lamnidae,"",squalus nasus,FALSE,FALSE,FALSE,0
urn:lsid:dyntaxa.se:TaxonName:366598,Squalus spinax,species,"",Animalia,Chordata,Chondrichthyes,Squaliformes,Etmopteridae,"",squalus spinax,FALSE,FALSE,FALSE,0
urn:lsid:dyntaxa.se:Taxon:1520,Squamanita contortipes,species,VU,Fungi,Basidiomycota,Agaricomycetes,Agaricales,Agaricaceae,native,squamanita contortipes,FALSE,FALSE,FALSE,0
urn:lsid:dyntaxa.se:TaxonName:94158,Squamanita stangliana,species,"",Fungi,Basidiomycota,Agaricomycetes,Agaricales,Entolomataceae,"",squamanita stangliana,FALSE,FALSE,FALSE,0
urn:lsid:dyntaxa.se:TaxonName:434118,Squamanita strangliana,species,"",Fungi,Basidiomycota,Agaricomycetes,Agaricales,Entolomataceae,"",squamanita strangliana,FALSE,FALSE,FALSE,0
urn:lsid:dyntaxa.se:Taxon:257114,Squamarina degelii,species,EN,Fungi,Ascomycota,Lecanoromycetes,Lecanorales,Squamarinaceae,native,squamarina degelii,FALSE,FALSE,FALSE,0
urn:lsid:dyntaxa.se:TaxonName:77765,Stachys betonica,species,"",Plantae,Tracheophyta,Magnoliopsida,Lamiales,Lamiaceae,"",stachys betonica,FALSE,FALSE,FALSE,0
urn:lsid:dyntaxa.se:TaxonName:126663,Staphylinus pubescens,species,"",Animalia,Arthropoda,Insecta,Coleoptera,Staphylinidae,"",staphylinus pubescens,FALSE,FALSE,FALSE,0
urn:lsid:dyntaxa.se:TaxonName:106405,Staphylinus siculus,species,"",Animalia,Arthropoda,Insecta,Coleoptera,Staphylinidae,"",staphylinus siculus,FALSE,FALSE,FALSE,0
urn:lsid:dyntaxa.se:TaxonName:126662,Staphylinus winkleri,species,"",Animalia,Arthropoda,Insecta,Coleoptera,Staphylinidae,"",staphylinus winkleri,FALSE,FALSE,FALSE,0
urn:lsid:dyntaxa.se:TaxonName:77355,Statice behen,species,"",Plantae,Tracheophyta,Magnoliopsida,Caryophyllales,Plumbaginaceae,"",statice behen,FALSE,FALSE,FALSE,0
urn:lsid:dyntaxa.se:TaxonName:77357,Statice limonium,species,"",Plantae,Tracheophyta,Magnoliopsida,Caryophyllales,Plumbaginaceae,"",statice limonium,FALSE,FALSE,FALSE,0
urn:lsid:dyntaxa.se:TaxonName:77356,Statice scanica,species,"",Plantae,Tracheophyta,Magnoliopsida,Caryophyllales,Plumbaginaceae,"",statice scanica,FALSE,FALSE,FALSE,0
urn:lsid:dyntaxa.se:TaxonName:69237,Steatoda oelandica,species,"",Animalia,Arthropoda,Arachnida,Araneae,Theridiidae,"",steatoda oelandica,FALSE,FALSE,FALSE,0
urn:lsid:dyntaxa.se:Taxon:253825,Steccherinum aridum,species,DD,Fungi,Basidiomycota,Agaricomycetes,Polyporales,Steccherinaceae,native,steccherinum aridum,FALSE,FALSE,FALSE,0
urn:lsid:dyntaxa.se:Taxon:898,Steccherinum collabens,species,VU,Fungi,Basidiomycota,Agaricomycetes,Polyporales,Steccherinaceae,native,steccherinum collabens,FALSE,FALSE,FALSE,0
urn:lsid:dyntaxa.se:TaxonName:52833,Steccherinum cremeoalbum,species,"",Fungi,Basidiomycota,Agaricomycetes,Polyporales,Steccherinaceae,"",steccherinum cremeoalbum,FALSE,FALSE,FALSE,0
urn:lsid:dyntaxa.se:Taxon:1526,Steccherinum litschaueri,species,DD,Fungi,Basidiomycota,Agaricomycetes,Polyporales,Steccherinaceae,native,steccherinum litschaueri,FALSE,FALSE,FALSE,0
urn:lsid:dyntaxa.se:TaxonName:152671,Steccherinum separabilimum,species,"",Fungi,Basidiomycota,Agaricomycetes,Polyporales,Steccherinaceae,"",steccherinum separabilimum,FALSE,FALSE,FALSE,0
urn:lsid:dyntaxa.se:TaxonName:399909,Steccherinum separabillimum,species,"",Fungi,Basidiomycota,Agaricomycetes,Polyporales,Steccherinaceae,"",steccherinum separabillimum,FALSE,FALSE,FALSE,0
urn:lsid:dyntaxa.se:TaxonName:343188,Steccherinum septentrionale,species,"",Fungi,Basidiomycota,Agaricomycetes,Polyporales,Meruliaceae,"",steccherinum septentrionale,FALSE,FALSE,FALSE,0
urn:lsid:dyntaxa.se:TaxonName:58887,Stellaria ciliatisepala,species,"",Plantae,Tracheophyta,Magnoliopsida,Caryophyllales,Caryophyllaceae,"",stellaria ciliatisepala,FALSE,FALSE,FALSE,0
urn:lsid:dyntaxa.se:TaxonName:58888,Stellaria crassipes var. dovrensis,species,"",Plantae,Tracheophyta,Magnoliopsida,Caryophyllales,Caryophyllaceae,"",stellaria crassipes,FALSE,FALSE,FALSE,0
urn:lsid:dyntaxa.se:TaxonName:58889,Stellaria crassipes,species,"",Plantae,Tracheophyta,Magnoliopsida,Caryophyllales,Caryophyllaceae,"",stellaria crassipes,FALSE,FALSE,FALSE,0
urn:lsid:dyntaxa.se:TaxonName:247193,Stellonia endeca,species,"",Animalia,Echinodermata,Asteroidea,Velatida,Solasteridae,"",stellonia endeca,FALSE,FALSE,FALSE,0
urn:lsid:dyntaxa.se:TaxonName:25252,Stenagostus villosus,species,"",Animalia,Arthropoda,Insecta,Coleoptera,Elateridae,"",stenagostus villosus,FALSE,FALSE,FALSE,0
urn:lsid:dyntaxa.se:TaxonName:19155,Stenagria thoracica,species,"",Animalia,Arthropoda,Insecta,Coleoptera,Staphylinidae,"",stenagria thoracica,FALSE,FALSE,FALSE,0
urn:lsid:dyntaxa.se:TaxonName:77549,Stenhammaria maritima,species,"",Plantae,Tracheophyta,Magnoliopsida,Boraginales,Boraginaceae,"",stenhammaria maritima,FALSE,FALSE,FALSE,0
urn:lsid:dyntaxa.se:TaxonName:20929,Stenichnus harwoodianus,species,"",Animalia,Arthropoda,Insecta,Coleoptera,Staphylinidae,"",stenichnus harwoodianus,FALSE,FALSE,FALSE,0
urn:lsid:dyntaxa.se:Taxon:101827,Stenodynerus bluethgeni,species,NT,Animalia,Arthropoda,Insecta,Hymenoptera,Vespidae,native,stenodynerus bluethgeni,FALSE,FALSE,FALSE,0
urn:lsid:dyntaxa.se:TaxonName:104821,Stenodynerus blüthgeni,species,"",Animalia,Arthropoda,Insecta,Hymenoptera,Vespidae,"",stenodynerus blüthgeni,FALSE,FALSE,FALSE,0
urn:lsid:dyntaxa.se:TaxonName:245382,Stenodynerus dentisquama,species,"",Animalia,Arthropoda,Insecta,Hymenoptera,Vespidae,"",stenodynerus dentisquama,FALSE,FALSE,FALSE,0
urn:lsid:dyntaxa.se:Taxon:215274,Stenoptilia islandica,species,VU,Animalia,Arthropoda,Insecta,Lepidoptera,Pterophoridae,native,stenoptilia islandica,FALSE,FALSE,FALSE,0
urn:lsid:dyntaxa.se:Taxon:102502,Stenoptilia zophodactyla,species,RE,Animalia,Arthropoda,Insecta,Lepidoptera,Pterophoridae,native,stenoptilia zophodactyla,FALSE,FALSE,FALSE,0
urn:lsid:dyntaxa.se:TaxonName:99157,Stenus ibericus,species,"",Animalia,Arthropoda,Insecta,Coleoptera,Staphylinidae,"",stenus ibericus,FALSE,FALSE,FALSE,0
urn:lsid:dyntaxa.se:TaxonName:25172,Stenus rogeri,species,"",Animalia,Arthropoda,Insecta,Coleoptera,Staphylinidae,"",stenus rogeri,FALSE,FALSE,FALSE,0
urn:lsid:dyntaxa.se:TaxonName:25173,Stenus rossicus,species,"",Animalia,Arthropoda,Insecta,Coleoptera,Staphylinidae,"",stenus rossicus,FALSE,FALSE,FALSE,0
urn:lsid:dyntaxa.se:TaxonName:25176,Stenus vafellus,species,"",Animalia,Arthropoda,Insecta,Coleoptera,Staphylinidae,"",stenus vafellus,FALSE,FALSE,FALSE,0
urn:lsid:dyntaxa.se:Taxon:1530,Stephensia bombycina,species,EN,Fungi,Ascomycota,Pezizomycetes,Pezizales,"Pezizales, genera incertae sedis",native,stephensia bombycina,FALSE,FALSE,FALSE,0
urn:lsid:dyntaxa.se:TaxonName:13905,Stereocaulon abduanum,species,"",Fungi,Ascomycota,Lecanoromycetes,Lecanorales,Stereocaulaceae,"",stereocaulon abduanum,FALSE,FALSE,FALSE,0
urn:lsid:dyntaxa.se:TaxonName:224417,Stereodon alpicola,species,"",Plantae,Bryophyta,Bryopsida,Hypnales,Plagiotheciaceae,"",stereodon alpicola,FALSE,FALSE,FALSE,0
urn:lsid:dyntaxa.se:TaxonName:104257,Stereum frustulatum,species,"",Fungi,Basidiomycota,Agaricomycetes,Russulales,Stereaceae,"",stereum frustulatum,FALSE,FALSE,FALSE,0
urn:lsid:dyntaxa.se:TaxonName:104313,Stereum sulcatum,species,"",Fungi,Basidiomycota,Agaricomycetes,Russulales,Bondarzewiaceae,"",stereum sulcatum,FALSE,FALSE,FALSE,0
urn:lsid:dyntaxa.se:TaxonName:40513,Sterna albifrons,species,"",Animalia,Chordata,Aves,Charadriiformes,Laridae,"",sterna albifrons,FALSE,FALSE,FALSE,0
urn:lsid:dyntaxa.se:TaxonName:129817,Sterna albifrons,species,"",Animalia,Chordata,Aves,Charadriiformes,Laridae,"",sterna albifrons,FALSE,FALSE,FALSE,0
urn:lsid:dyntaxa.se:TaxonName:40506,Sterna caspia,species,"",Animalia,Chordata,Aves,Charadriiformes,Laridae,"",sterna caspia,FALSE,FALSE,FALSE,0
urn:lsid:dyntaxa.se:TaxonName:129819,Sterna caspia,species,"",Animalia,Chordata,Aves,Charadriiformes,Laridae,"",sterna caspia,FALSE,FALSE,FALSE,0
urn:lsid:dyntaxa.se:TaxonName:129820,Sterna nigra,species,"",Animalia,Chordata,Aves,Charadriiformes,Laridae,"",sterna nigra,FALSE,FALSE,FALSE,0
urn:lsid:dyntaxa.se:TaxonName:40507,Sterna sandvicensis,species,"",Animalia,Chordata,Aves,Charadriiformes,Laridae,"",sterna sandvicensis,FALSE,FALSE,FALSE,0
urn:lsid:dyntaxa.se:TaxonName:231930,Stichoclavaria mucida,species,"",Fungi,Basidiomycota,Agaricomycetes,Cantharellales,Hydnaceae,"",stichoclavaria mucida,FALSE,FALSE,FALSE,0
urn:lsid:dyntaxa.se:TaxonName:9080,Sticta pulmonacea v. pleurocarpa,species,"",Fungi,Ascomycota,Arthoniomycetes,Arthoniales,Lecanographaceae,"",sticta pulmonacea,FALSE,FALSE,FALSE,0
urn:lsid:dyntaxa.se:TaxonName:9414,Stictis chrysophaea,species,"",Fungi,Ascomycota,Lecanoromycetes,Ostropales,Gyalectaceae,"",stictis chrysophaea,FALSE,FALSE,FALSE,0
urn:lsid:dyntaxa.se:TaxonName:89948,Stigmatea pirolae,species,"",Fungi,Ascomycota,Dothideomycetes,Capnodiales,Mycosphaerellaceae,"",stigmatea pirolae,FALSE,FALSE,FALSE,0
urn:lsid:dyntaxa.se:TaxonName:389347,Stigmatea pyrolae,species,"",Fungi,Ascomycota,Dothideomycetes,Capnodiales,Mycosphaerellaceae,"",stigmatea pyrolae,FALSE,FALSE,FALSE,0
urn:lsid:dyntaxa.se:TaxonName:141732,Stigmella discidia,species,"",Animalia,Arthropoda,Insecta,Lepidoptera,Nepticulidae,"",stigmella discidia,FALSE,FALSE,FALSE,0
urn:lsid:dyntaxa.se:TaxonName:141731,Stigmella distinguenda,species,"",Animalia,Arthropoda,Insecta,Lepidoptera,Nepticulidae,"",stigmella distinguenda,FALSE,FALSE,FALSE,0
urn:lsid:dyntaxa.se:Taxon:263718,Stigonema mesentericum,species,DD,Bacteria,Cyanobacteria,Cyanophyceae,Nostocales,Stigonemataceae,native,stigonema mesentericum,FALSE,FALSE,FALSE,0
urn:lsid:dyntaxa.se:TaxonName:278472,Stiliger bellulus,species,"",Animalia,Mollusca,Gastropoda,"",Limapontiidae,"",stiliger bellulus,FALSE,FALSE,FALSE,0
urn:lsid:dyntaxa.se:TaxonName:5338,Stiliger niger,species,"",Animalia,Mollusca,Gastropoda,"",Limapontiidae,"",stiliger niger,FALSE,FALSE,FALSE,0
urn:lsid:dyntaxa.se:TaxonName:278203,Stiliger niger,species,"",Animalia,Mollusca,Gastropoda,"",Limapontiidae,"",stiliger niger,FALSE,FALSE,FALSE,0
urn:lsid:dyntaxa.se:TaxonName:91014,Stipa joannis,species,"",Plantae,Tracheophyta,Liliopsida,Poales,Poaceae,"",stipa joannis,FALSE,FALSE,FALSE,0
urn:lsid:dyntaxa.se:TaxonName:126648,Strangalia nigripes,species,"",Animalia,Arthropoda,Insecta,Coleoptera,Cerambycidae,"",strangalia nigripes,FALSE,FALSE,FALSE,0
urn:lsid:dyntaxa.se:TaxonName:126649,Strangalia pubescens,species,"",Animalia,Arthropoda,Insecta,Coleoptera,Cerambycidae,"",strangalia pubescens,FALSE,FALSE,FALSE,0
urn:lsid:dyntaxa.se:TaxonName:126651,Strangalia revestita,species,"",Animalia,Arthropoda,Insecta,Coleoptera,Cerambycidae,"",strangalia revestita,FALSE,FALSE,FALSE,0
urn:lsid:dyntaxa.se:TaxonName:15295,Streblonema stilophorae,species,"",Chromista,Ochrophyta,Phaeophyceae,Ectocarpales,Chordariaceae,"",streblonema stilophorae,FALSE,FALSE,FALSE,0
urn:lsid:dyntaxa.se:TaxonName:32348,Streblonema stilophorae,species,"",Chromista,Ochrophyta,Phaeophyceae,Ectocarpales,Chordariaceae,"",streblonema stilophorae,FALSE,FALSE,FALSE,0
urn:lsid:dyntaxa.se:Taxon:1539,Strigula jamesii,species,VU,Fungi,Ascomycota,Dothideomycetes,Strigulales,Strigulaceae,native,strigula jamesii,FALSE,FALSE,FALSE,0
urn:lsid:dyntaxa.se:Taxon:230130,Strigula stigmatella,species,EN,Fungi,Ascomycota,Dothideomycetes,Strigulales,Strigulaceae,native,strigula stigmatella,FALSE,FALSE,FALSE,0
urn:lsid:dyntaxa.se:TaxonName:129858,Strix alba,species,"",Animalia,Chordata,Aves,Strigiformes,Tytonidae,"",strix alba,FALSE,FALSE,FALSE,0
urn:lsid:dyntaxa.se:TaxonName:129861,Strix Bubo,species,"",Animalia,Chordata,Aves,Strigiformes,Strigidae,"",strix bubo,FALSE,FALSE,FALSE,0
urn:lsid:dyntaxa.se:TaxonName:129869,Strix Otus,species,"",Animalia,Chordata,Aves,Strigiformes,Strigidae,"",strix otus,FALSE,FALSE,FALSE,0
urn:lsid:dyntaxa.se:TaxonName:129860,Strix scandiaca,species,"",Animalia,Chordata,Aves,Strigiformes,Strigidae,"",strix scandiaca,FALSE,FALSE,FALSE,0
urn:lsid:dyntaxa.se:TaxonName:34456,Stropharia albocrenulata,species,"",Fungi,Basidiomycota,Agaricomycetes,Agaricales,Strophariaceae,"",stropharia albocrenulata,FALSE,FALSE,FALSE,0
urn:lsid:dyntaxa.se:TaxonName:25437,Strophosoma curvipes,species,"",Animalia,Arthropoda,Insecta,Coleoptera,Curculionidae,"",strophosoma curvipes,FALSE,FALSE,FALSE,0
urn:lsid:dyntaxa.se:TaxonName:126529,Strophosomus faber,species,"",Animalia,Arthropoda,Insecta,Coleoptera,Curculionidae,"",strophosomus faber,FALSE,FALSE,FALSE,0
urn:lsid:dyntaxa.se:TaxonName:126528,Strophosomus fulvicornis,species,"",Animalia,Arthropoda,Insecta,Coleoptera,Curculionidae,"",strophosomus fulvicornis,FALSE,FALSE,FALSE,0
urn:lsid:dyntaxa.se:TaxonName:105477,Strymonidia ilicis,species,"",Animalia,Arthropoda,Insecta,Lepidoptera,Lycaenidae,"",strymonidia ilicis,FALSE,FALSE,FALSE,0
urn:lsid:dyntaxa.se:TaxonName:105470,Strymonidia w-album,species,"",Animalia,Arthropoda,Insecta,Lepidoptera,Lycaenidae,"",strymonidia w-album,FALSE,FALSE,FALSE,0
urn:lsid:dyntaxa.se:TaxonName:129863,Stryx [sic] uralensis,species,"",Animalia,Chordata,Aves,Strigiformes,Strigidae,"",stryx [sic] uralensis,FALSE,FALSE,FALSE,0
urn:lsid:dyntaxa.se:TaxonName:87326,Sturmia loeselii,species,"",Plantae,Tracheophyta,Liliopsida,Asparagales,Orchidaceae,"",sturmia loeselii,FALSE,FALSE,FALSE,0
urn:lsid:dyntaxa.se:Taxon:234248,Styela atlantica,species,EN,Animalia,Chordata,"",Stolidobranchiata,Styelidae,native,styela atlantica,FALSE,FALSE,FALSE,0
urn:lsid:dyntaxa.se:Taxon:234247,Styela gelatinosa,species,DD,Animalia,Chordata,"",Stolidobranchiata,Styelidae,native,styela gelatinosa,FALSE,FALSE,FALSE,0
urn:lsid:dyntaxa.se:TaxonName:124032,Styela rhizopus,species,"",Animalia,Chordata,"",Stolidobranchiata,Styelidae,"",styela rhizopus,FALSE,FALSE,FALSE,0
urn:lsid:dyntaxa.se:Taxon:234249,Styela theeli,species,DD,Animalia,Chordata,"",Stolidobranchiata,Styelidae,native,styela theeli,FALSE,FALSE,FALSE,0
urn:lsid:dyntaxa.se:TaxonName:32372,Stypocaulon scoparium,species,"",Chromista,Ochrophyta,Phaeophyceae,Sphacelariales,Stypocaulaceae,"",stypocaulon scoparium,FALSE,FALSE,FALSE,0
urn:lsid:dyntaxa.se:TaxonName:302167,Suillellus rhodoxanthus,species,"",Fungi,Basidiomycota,Agaricomycetes,Boletales,Boletaceae,"",suillellus rhodoxanthus,FALSE,FALSE,FALSE,0
urn:lsid:dyntaxa.se:TaxonName:302172,Suillellus satanas,species,"",Fungi,Basidiomycota,Agaricomycetes,Boletales,Boletaceae,"",suillellus satanas,FALSE,FALSE,FALSE,0
urn:lsid:dyntaxa.se:Taxon:217836,Swiftia pallida,species,DD,Animalia,Cnidaria,Anthozoa,Alcyonacea,Plexauridae,native,swiftia pallida,FALSE,FALSE,FALSE,0
urn:lsid:dyntaxa.se:TaxonName:129941,Sylvia fluviatilis,species,"",Animalia,Chordata,Aves,Passeriformes,Locustellidae,"",sylvia fluviatilis,FALSE,FALSE,FALSE,0
urn:lsid:dyntaxa.se:TaxonName:129940,Sylvia luscinioides,species,"",Animalia,Chordata,Aves,Passeriformes,Locustellidae,"",sylvia luscinioides,FALSE,FALSE,FALSE,0
urn:lsid:dyntaxa.se:TaxonName:143866,Symbiomyrma karavajevi,species,"",Animalia,Arthropoda,Insecta,Hymenoptera,Formicidae,"",symbiomyrma karavajevi,FALSE,FALSE,FALSE,0
urn:lsid:dyntaxa.se:Taxon:232725,Symphyocarpus strangulans,species,DD,Chromista,Ochrophyta,Phaeophyceae,Ectocarpales,Scytosiphonaceae,native,symphyocarpus strangulans,FALSE,FALSE,FALSE,0
urn:lsid:dyntaxa.se:TaxonName:248655,Synapta bergensis,species,"",Animalia,Echinodermata,Holothuroidea,Apodida,Synaptidae,"",synapta bergensis,FALSE,FALSE,FALSE,0
urn:lsid:dyntaxa.se:TaxonName:248660,Synapta decaria,species,"",Animalia,Echinodermata,Holothuroidea,Apodida,Synaptidae,"",synapta decaria,FALSE,FALSE,FALSE,0
urn:lsid:dyntaxa.se:TaxonName:126532,Syncalypta spinosa,species,"",Animalia,Arthropoda,Insecta,Coleoptera,Byrrhidae,"",syncalypta spinosa,FALSE,FALSE,FALSE,0
urn:lsid:dyntaxa.se:Taxon:101873,Syncopacma sangiella,species,EN,Animalia,Arthropoda,Insecta,Lepidoptera,Gelechiidae,native,syncopacma sangiella,FALSE,FALSE,FALSE,0
urn:lsid:dyntaxa.se:Taxon:101874,Syncopacma suecicella,species,CR,Animalia,Arthropoda,Insecta,Lepidoptera,Gelechiidae,native,syncopacma suecicella,FALSE,FALSE,FALSE,0
urn:lsid:dyntaxa.se:Taxon:214762,Syncopacma wormiella,species,VU,Animalia,Arthropoda,Insecta,Lepidoptera,Gelechiidae,native,syncopacma wormiella,FALSE,FALSE,FALSE,0
urn:lsid:dyntaxa.se:TaxonName:249118,Synechoblastus nigrescens var. furfuraceum,species,"",Fungi,Ascomycota,Lecanoromycetes,Peltigerales,Collemataceae,"",synechoblastus nigrescens,FALSE,FALSE,FALSE,0
urn:lsid:dyntaxa.se:Taxon:240228,Syntormon punctatum,species,DD,Animalia,Arthropoda,Insecta,Diptera,Dolichopodidae,native,syntormon punctatum,FALSE,FALSE,FALSE,0
urn:lsid:dyntaxa.se:TaxonName:259478,Syntormon rufipes,species,"",Animalia,Arthropoda,Insecta,Diptera,Dolichopodidae,"",syntormon rufipes,FALSE,FALSE,FALSE,0
urn:lsid:dyntaxa.se:Taxon:101878,Systenus scholtzi,species,VU,Animalia,Arthropoda,Insecta,Diptera,Dolichopodidae,native,systenus scholtzi,FALSE,FALSE,FALSE,0
urn:lsid:dyntaxa.se:Taxon:232160,Systenus tener,species,EN,Animalia,Arthropoda,Insecta,Diptera,Dolichopodidae,native,systenus tener,FALSE,FALSE,FALSE,0
urn:lsid:dyntaxa.se:Taxon:254018,Syzeuctus bicornis,species,DD,Animalia,Arthropoda,Insecta,Hymenoptera,Ichneumonidae,native,syzeuctus bicornis,FALSE,FALSE,FALSE,0
urn:lsid:dyntaxa.se:TaxonName:71541,Syzeuctus maculatorius,species,"",Animalia,Arthropoda,Insecta,Hymenoptera,Ichneumonidae,"",syzeuctus maculatorius,FALSE,FALSE,FALSE,0
urn:lsid:dyntaxa.se:Taxon:101879,Tachinus bipustulatus,species,RE,Animalia,Arthropoda,Insecta,Coleoptera,Staphylinidae,native,tachinus bipustulatus,FALSE,FALSE,FALSE,0
urn:lsid:dyntaxa.se:TaxonName:268660,Tachytes fulvitarsis,species,"",Animalia,Arthropoda,Insecta,Hymenoptera,Crabronidae,"",tachytes fulvitarsis,FALSE,FALSE,FALSE,0
urn:lsid:dyntaxa.se:TaxonName:238940,Tachyusa scitula,species,"",Animalia,Arthropoda,Insecta,Coleoptera,Staphylinidae,"",tachyusa scitula,FALSE,FALSE,FALSE,0
urn:lsid:dyntaxa.se:TaxonName:78797,Talorchestia deshayesii,species,"",Animalia,Arthropoda,Malacostraca,Amphipoda,Talitridae,"",talorchestia deshayesii,FALSE,FALSE,FALSE,0
urn:lsid:dyntaxa.se:TaxonName:116751,Taranis cirrata,species,"",Animalia,Mollusca,Gastropoda,Neogastropoda,Raphitomidae,"",taranis cirrata,FALSE,FALSE,FALSE,0
urn:lsid:dyntaxa.se:TaxonName:142,Taranis moerchi,species,"",Animalia,Mollusca,Gastropoda,Neogastropoda,Raphitomidae,"",taranis moerchi,FALSE,FALSE,FALSE,0
urn:lsid:dyntaxa.se:Taxon:266268,Taraxacum bavaricum,species,CR,Plantae,Tracheophyta,Magnoliopsida,Asterales,Asteraceae,native,taraxacum bavaricum,FALSE,FALSE,FALSE,0
urn:lsid:dyntaxa.se:Taxon:230712,Taraxacum biformatum,species,EN,Plantae,Tracheophyta,Magnoliopsida,Asterales,Asteraceae,native,taraxacum biformatum,FALSE,FALSE,FALSE,0
urn:lsid:dyntaxa.se:Taxon:230675,Taraxacum dilutisquameum,species,EN,Plantae,Tracheophyta,Magnoliopsida,Asterales,Asteraceae,native,taraxacum dilutisquameum,FALSE,FALSE,FALSE,0
urn:lsid:dyntaxa.se:TaxonName:82872,Taraxacum fallacinum,species,"",Plantae,Tracheophyta,Magnoliopsida,Asterales,Asteraceae,"",taraxacum fallacinum,FALSE,FALSE,FALSE,0
urn:lsid:dyntaxa.se:TaxonName:61122,Taraxacum parvuliceps,species,"",Plantae,Tracheophyta,Magnoliopsida,Asterales,Asteraceae,"",taraxacum parvuliceps,FALSE,FALSE,FALSE,0
urn:lsid:dyntaxa.se:Taxon:6005233,Taraxacum subnaevosum,species,RE,Plantae,Tracheophyta,Magnoliopsida,Asterales,Asteraceae,native,taraxacum subnaevosum,FALSE,FALSE,FALSE,0
urn:lsid:dyntaxa.se:Taxon:230655,Taraxacum tortilobum,species,CR,Plantae,Tracheophyta,Magnoliopsida,Asterales,Asteraceae,native,taraxacum tortilobum,FALSE,FALSE,FALSE,0
urn:lsid:dyntaxa.se:TaxonName:146610,Tarentula cursor,species,"",Animalia,Arthropoda,Arachnida,Araneae,Lycosidae,"",tarentula cursor,FALSE,FALSE,FALSE,0
urn:lsid:dyntaxa.se:TaxonName:146615,Tarentula schmidti,species,"",Animalia,Arthropoda,Arachnida,Araneae,Lycosidae,"",tarentula schmidti,FALSE,FALSE,FALSE,0
urn:lsid:dyntaxa.se:TaxonName:154355,Tarzetta ammophila,species,"",Fungi,Ascomycota,Pezizomycetes,Pezizales,Pezizaceae,"",tarzetta ammophila,FALSE,FALSE,FALSE,0
urn:lsid:dyntaxa.se:Taxon:244009,Taxigramma heteroneura,species,VU,Animalia,Arthropoda,Insecta,Diptera,Sarcophagidae,native,taxigramma heteroneura,FALSE,FALSE,FALSE,0
urn:lsid:dyntaxa.se:TaxonName:94163,Tectella operculata,species,"",Fungi,Basidiomycota,Agaricomycetes,Agaricales,Mycenaceae,"",tectella operculata,FALSE,FALSE,FALSE,0
urn:lsid:dyntaxa.se:TaxonName:269801,Tectonatica affinis,species,"",Animalia,Mollusca,Gastropoda,Littorinimorpha,Naticidae,"",tectonatica affinis,FALSE,FALSE,FALSE,0
urn:lsid:dyntaxa.se:TaxonName:112146,Teia antiquoides,species,"",Animalia,Arthropoda,Insecta,Lepidoptera,Erebidae,"",teia antiquoides,FALSE,FALSE,FALSE,0
urn:lsid:dyntaxa.se:Taxon:214416,Telechrysis tripuncta,species,NT,Animalia,Arthropoda,Insecta,Lepidoptera,Depressariidae,native,telechrysis tripuncta,FALSE,FALSE,FALSE,0
urn:lsid:dyntaxa.se:Taxon:214662,Teleiodes sequax,species,NT,Animalia,Arthropoda,Insecta,Lepidoptera,Gelechiidae,native,teleiodes sequax,FALSE,FALSE,FALSE,0
urn:lsid:dyntaxa.se:TaxonName:25941,Temnocheila caerulea,species,"",Animalia,Arthropoda,Insecta,Coleoptera,Trogossitidae,"",temnocheila caerulea,FALSE,FALSE,FALSE,0
urn:lsid:dyntaxa.se:TaxonName:102159,Temnochila caerulea,species,"",Animalia,Arthropoda,Insecta,Coleoptera,Trogossitidae,"",temnochila caerulea,FALSE,FALSE,FALSE,0
urn:lsid:dyntaxa.se:TaxonName:106556,Temnochila coerulea,species,"",Animalia,Arthropoda,Insecta,Coleoptera,Trogossitidae,"",temnochila coerulea,FALSE,FALSE,FALSE,0
urn:lsid:dyntaxa.se:Taxon:101195,Temnothorax affinis,species,NT,Animalia,Arthropoda,Insecta,Hymenoptera,Formicidae,native,temnothorax affinis,FALSE,FALSE,FALSE,0
urn:lsid:dyntaxa.se:Taxon:102901,Temnothorax interruptus,species,NT,Animalia,Arthropoda,Insecta,Hymenoptera,Formicidae,native,temnothorax interruptus,FALSE,FALSE,FALSE,0
urn:lsid:dyntaxa.se:Taxon:6033452,Temnothorax nigriceps,species,DD,Animalia,Arthropoda,Insecta,Hymenoptera,Formicidae,native,temnothorax nigriceps,FALSE,FALSE,FALSE,0
urn:lsid:dyntaxa.se:TaxonName:269698,Temnothorax nylanderi,species,"",Animalia,Arthropoda,Insecta,Hymenoptera,Formicidae,"",temnothorax nylanderi,FALSE,FALSE,FALSE,0
urn:lsid:dyntaxa.se:Taxon:102900,Temnothorax parvulus,species,VU,Animalia,Arthropoda,Insecta,Hymenoptera,Formicidae,native,temnothorax parvulus,FALSE,FALSE,FALSE,0
urn:lsid:dyntaxa.se:TaxonName:338775,Tenellia foliata,species,"",Animalia,Mollusca,Gastropoda,Nudibranchia,Trinchesiidae,"",tenellia foliata,FALSE,FALSE,FALSE,0
urn:lsid:dyntaxa.se:TaxonName:338777,Tenellia gymnota,species,"",Animalia,Mollusca,Gastropoda,Nudibranchia,Trinchesiidae,"",tenellia gymnota,FALSE,FALSE,FALSE,0
urn:lsid:dyntaxa.se:TaxonName:338779,Tenellia pustulata,species,"",Animalia,Mollusca,Gastropoda,Nudibranchia,Trinchesiidae,"",tenellia pustulata,FALSE,FALSE,FALSE,0
urn:lsid:dyntaxa.se:TaxonName:141777,Tenthredo amerinae,species,"",Animalia,Arthropoda,Insecta,Hymenoptera,Cimbicidae,"",tenthredo amerinae,FALSE,FALSE,FALSE,0
urn:lsid:dyntaxa.se:TaxonName:141704,Tenthredo lonicerae,species,"",Animalia,Arthropoda,Insecta,Hymenoptera,Cimbicidae,"",tenthredo lonicerae,FALSE,FALSE,FALSE,0
urn:lsid:dyntaxa.se:TaxonName:19808,Tenthredo nitens,species,"",Animalia,Arthropoda,Insecta,Hymenoptera,Cimbicidae,"",tenthredo nitens,FALSE,FALSE,FALSE,0
urn:lsid:dyntaxa.se:TaxonName:141699,Tenthredo sericea,species,"",Animalia,Arthropoda,Insecta,Hymenoptera,Cimbicidae,"",tenthredo sericea,FALSE,FALSE,FALSE,0
urn:lsid:dyntaxa.se:Taxon:241143,Tephritis fallax,species,DD,Animalia,Arthropoda,Insecta,Diptera,Tephritidae,"",tephritis fallax,FALSE,FALSE,FALSE,0
urn:lsid:dyntaxa.se:TaxonName:130112,Terebella abbreviata,species,"",Animalia,Annelida,Polychaeta,Terebellida,Terebellidae,"",terebella abbreviata,FALSE,FALSE,FALSE,0
urn:lsid:dyntaxa.se:TaxonName:130113,Terebella danielseni,species,"",Animalia,Annelida,Polychaeta,Terebellida,Terebellidae,"",terebella danielseni,FALSE,FALSE,FALSE,0
urn:lsid:dyntaxa.se:TaxonName:130114,Terebella flavescens,species,"",Animalia,Annelida,Polychaeta,Terebellida,Terebellidae,"",terebella flavescens,FALSE,FALSE,FALSE,0
urn:lsid:dyntaxa.se:TaxonName:130111,Terebella lutea,species,"",Animalia,Annelida,Polychaeta,Terebellida,Terebellidae,"",terebella lutea,FALSE,FALSE,FALSE,0
urn:lsid:dyntaxa.se:TaxonName:257883,Terebella maculata,species,"",Animalia,Annelida,Polychaeta,Terebellida,Terebellidae,"",terebella maculata,FALSE,FALSE,FALSE,0
urn:lsid:dyntaxa.se:TaxonName:301292,Terebratula cranium,species,"",Animalia,Brachiopoda,Articulata,Terebratulida,Zeilleriidae,"",terebratula cranium,FALSE,FALSE,FALSE,0
urn:lsid:dyntaxa.se:Taxon:101888,Teredus cylindricus,species,CR,Animalia,Arthropoda,Insecta,Coleoptera,Bothrideridae,native,teredus cylindricus,FALSE,FALSE,FALSE,0
urn:lsid:dyntaxa.se:TaxonName:20874,Teretrius picipes,species,"",Animalia,Arthropoda,Insecta,Coleoptera,Histeridae,"",teretrius picipes,FALSE,FALSE,FALSE,0
urn:lsid:dyntaxa.se:TaxonName:444817,Tergipes fustifer,species,"",Animalia,Mollusca,Gastropoda,Nudibranchia,Eubranchidae,"",tergipes fustifer,FALSE,FALSE,FALSE,0
urn:lsid:dyntaxa.se:TaxonName:154682,Tethyum atlanticum,species,"",Animalia,Chordata,"",Stolidobranchiata,Styelidae,"",tethyum atlanticum,FALSE,FALSE,FALSE,0
urn:lsid:dyntaxa.se:TaxonName:279330,Tetrachrysis ignita,species,"",Animalia,Arthropoda,Insecta,Hymenoptera,Chrysididae,"",tetrachrysis ignita,FALSE,FALSE,FALSE,0
urn:lsid:dyntaxa.se:TaxonName:269857,Tetrachrysis nitidula,species,"",Animalia,Arthropoda,Insecta,Hymenoptera,Chrysididae,"",tetrachrysis nitidula,FALSE,FALSE,FALSE,0
urn:lsid:dyntaxa.se:TaxonName:269853,Tetrachtysis brevitarsis,species,"",Animalia,Arthropoda,Insecta,Hymenoptera,Chrysididae,"",tetrachtysis brevitarsis,FALSE,FALSE,FALSE,0
urn:lsid:dyntaxa.se:Taxon:101511,Tetralaucopora crebrepunctata,species,NT,Animalia,Arthropoda,Insecta,Coleoptera,Staphylinidae,native,tetralaucopora crebrepunctata,FALSE,FALSE,FALSE,0
urn:lsid:dyntaxa.se:TaxonName:129646,Tetrao bonasia,species,"",Animalia,Chordata,Aves,Galliformes,Phasianidae,"",tetrao bonasia,FALSE,FALSE,FALSE,0
urn:lsid:dyntaxa.se:TaxonName:129648,Tetrao Coturnix,species,"",Animalia,Chordata,Aves,Galliformes,Phasianidae,"",tetrao coturnix,FALSE,FALSE,FALSE,0
urn:lsid:dyntaxa.se:TaxonName:129647,Tetrao Perdix,species,"",Animalia,Chordata,Aves,Galliformes,Phasianidae,"",tetrao perdix,FALSE,FALSE,FALSE,0
urn:lsid:dyntaxa.se:TaxonName:435636,Tetromatus typicus,species,"",Animalia,Arthropoda,Malacostraca,Amphipoda,Ampeliscidae,"",tetromatus typicus,FALSE,FALSE,FALSE,0
urn:lsid:dyntaxa.se:TaxonName:141846,Thalassoisobates littoralis,species,"",Animalia,Arthropoda,Diplopoda,Julida,Nemasomatidae,"",thalassoisobates littoralis,FALSE,FALSE,FALSE,0
urn:lsid:dyntaxa.se:TaxonName:224184,Thamnium alopecurum var. smolandicum,species,"",Plantae,Bryophyta,Bryopsida,Hypnales,Neckeraceae,"",thamnium alopecurum,FALSE,FALSE,FALSE,0
urn:lsid:dyntaxa.se:TaxonName:271862,Thamnomyces hippotrichoides,species,"",Fungi,Ascomycota,Sordariomycetes,Xylariales,"Xylariales, genera incertae sedis","",thamnomyces hippotrichoides,FALSE,FALSE,FALSE,0
urn:lsid:dyntaxa.se:TaxonName:45743,Thanatephorus terrigenus,species,"",Fungi,Basidiomycota,Agaricomycetes,Cantharellales,Ceratobasidiaceae,"",thanatephorus terrigenus,FALSE,FALSE,FALSE,0
urn:lsid:dyntaxa.se:TaxonName:25284,Theca pilula,species,"",Animalia,Arthropoda,Insecta,Coleoptera,Ptinidae,"",theca pilula,FALSE,FALSE,FALSE,0
urn:lsid:dyntaxa.se:TaxonName:339648,Thelephora corrugata,species,"",Fungi,Basidiomycota,Agaricomycetes,Hymenochaetales,Hymenochaetaceae,"",thelephora corrugata,FALSE,FALSE,FALSE,0
urn:lsid:dyntaxa.se:TaxonName:104256,Thelephora frustulata,species,"",Fungi,Basidiomycota,Agaricomycetes,Russulales,Stereaceae,"",thelephora frustulata,FALSE,FALSE,FALSE,0
urn:lsid:dyntaxa.se:TaxonName:119988,Thelephora galactina,species,"",Fungi,Basidiomycota,Agaricomycetes,Russulales,Peniophoraceae,"",thelephora galactina,FALSE,FALSE,FALSE,0
urn:lsid:dyntaxa.se:TaxonName:283412,Thelephora pallida,species,"",Fungi,Basidiomycota,Agaricomycetes,Hymenochaetales,Rickenellaceae,"",thelephora pallida,FALSE,FALSE,FALSE,0
urn:lsid:dyntaxa.se:TaxonName:283409,Thelephora pannosa,species,"",Fungi,Basidiomycota,Agaricomycetes,Hymenochaetales,Rickenellaceae,"",thelephora pannosa,FALSE,FALSE,FALSE,0
urn:lsid:dyntaxa.se:TaxonName:119973,Thelephora serialis,species,"",Fungi,Basidiomycota,Agaricomycetes,Polyporales,Meruliaceae,"",thelephora serialis,FALSE,FALSE,FALSE,0
urn:lsid:dyntaxa.se:TaxonName:139351,Thera serraria,species,"",Animalia,Arthropoda,Insecta,Lepidoptera,Geometridae,"",thera serraria,FALSE,FALSE,FALSE,0
urn:lsid:dyntaxa.se:TaxonName:142186,Theridion instabile,species,"",Animalia,Arthropoda,Arachnida,Araneae,Theridiidae,"",theridion instabile,FALSE,FALSE,FALSE,0
urn:lsid:dyntaxa.se:TaxonName:134022,Theridion montanum,species,"",Animalia,Arthropoda,Arachnida,Araneae,Theridiidae,"",theridion montanum,FALSE,FALSE,FALSE,0
urn:lsid:dyntaxa.se:TaxonName:69226,Theridion stictum,species,"",Animalia,Arthropoda,Arachnida,Araneae,Theridiidae,"",theridion stictum,FALSE,FALSE,FALSE,0
urn:lsid:dyntaxa.se:TaxonName:69228,Theridium braccatum,species,"",Animalia,Arthropoda,Arachnida,Araneae,Theridiidae,"",theridium braccatum,FALSE,FALSE,FALSE,0
urn:lsid:dyntaxa.se:TaxonName:74778,Theronia flavicans,species,"",Animalia,Arthropoda,Insecta,Hymenoptera,Ichneumonidae,"",theronia flavicans,FALSE,FALSE,FALSE,0
urn:lsid:dyntaxa.se:TaxonName:25160,Thinobius pusillimus,species,"",Animalia,Arthropoda,Insecta,Coleoptera,Staphylinidae,"",thinobius pusillimus,FALSE,FALSE,FALSE,0
urn:lsid:dyntaxa.se:TaxonName:259651,Thinophilus neptunus,species,"",Animalia,Arthropoda,Insecta,Diptera,Dolichopodidae,"",thinophilus neptunus,FALSE,FALSE,FALSE,0
urn:lsid:dyntaxa.se:TaxonName:146708,Thomisus albus,species,"",Animalia,Arthropoda,Arachnida,Araneae,Thomisidae,"",thomisus albus,FALSE,FALSE,FALSE,0
urn:lsid:dyntaxa.se:TaxonName:479435,Thomisus sabulosus,species,"",Animalia,Arthropoda,Arachnida,Araneae,Thomisidae,"",thomisus sabulosus,FALSE,FALSE,FALSE,0
urn:lsid:dyntaxa.se:TaxonName:160857,Thoralus cranchii,species,"",Animalia,Arthropoda,Malacostraca,Decapoda,Thoridae,"",thoralus cranchii,FALSE,FALSE,FALSE,0
urn:lsid:dyntaxa.se:TaxonName:150883,Thracia rectangularis,species,"",Animalia,Mollusca,Bivalvia,Anomalodesmata,Thraciidae,"",thracia rectangularis,FALSE,FALSE,FALSE,0
urn:lsid:dyntaxa.se:TaxonName:89925,Thuemenidium atropurpureum,species,"",Fungi,Ascomycota,Leotiomycetes,Leotiales,Leotiaceae,"",thuemenidium atropurpureum,FALSE,FALSE,FALSE,0
urn:lsid:dyntaxa.se:TaxonName:244060,Thya maurus,species,"",Animalia,Arthropoda,Insecta,Trichoptera,Beraeidae,"",thya maurus,FALSE,FALSE,FALSE,0
urn:lsid:dyntaxa.se:TaxonName:12691,Thyasira eumyaria,species,"",Animalia,Mollusca,Bivalvia,Lucinida,Thyasiridae,"",thyasira eumyaria,FALSE,FALSE,FALSE,0
urn:lsid:dyntaxa.se:TaxonName:95628,Thyasophila inquilina,species,"",Animalia,Arthropoda,Insecta,Coleoptera,Staphylinidae,"",thyasophila inquilina,FALSE,FALSE,FALSE,0
urn:lsid:dyntaxa.se:TaxonName:252040,Thymalus aubei,species,"",Animalia,Arthropoda,Insecta,Coleoptera,Trogossitidae,"",thymalus aubei,FALSE,FALSE,FALSE,0
urn:lsid:dyntaxa.se:TaxonName:102155,Thymalus subtilis,species,"",Animalia,Arthropoda,Insecta,Coleoptera,Trogossitidae,"",thymalus subtilis,FALSE,FALSE,FALSE,0
urn:lsid:dyntaxa.se:TaxonName:77778,Thymus chamaedrys,species,"",Plantae,Tracheophyta,Magnoliopsida,Lamiales,Lamiaceae,"",thymus chamaedrys,FALSE,FALSE,FALSE,0
urn:lsid:dyntaxa.se:TaxonName:248440,Thyone raphanus,species,"",Animalia,Echinodermata,Holothuroidea,Dendrochirotida,Sclerodactylidae,"",thyone raphanus,FALSE,FALSE,FALSE,0
urn:lsid:dyntaxa.se:TaxonName:99591,Thyone wahrbergi,species,"",Animalia,Echinodermata,Holothuroidea,Dendrochirotida,Phyllophoridae,"",thyone wahrbergi,FALSE,FALSE,FALSE,0
urn:lsid:dyntaxa.se:TaxonName:248414,Thyonidium pellucidum,species,"",Animalia,Echinodermata,Holothuroidea,Dendrochirotida,Cucumariidae,"",thyonidium pellucidum,FALSE,FALSE,FALSE,0
urn:lsid:dyntaxa.se:TaxonName:32272,Tilopteris mertensi,species,"",Chromista,Ochrophyta,Phaeophyceae,Tilopteridales,Tilopteridaceae,"",tilopteris mertensi,FALSE,FALSE,FALSE,0
urn:lsid:dyntaxa.se:TaxonName:19746,Tinagma transversella,species,"",Animalia,Arthropoda,Insecta,Lepidoptera,Douglasiidae,"",tinagma transversella,FALSE,FALSE,FALSE,0
urn:lsid:dyntaxa.se:TaxonName:117586,Tinea argentimaculella,species,"",Animalia,Arthropoda,Insecta,Lepidoptera,Tineidae,"",tinea argentimaculella,FALSE,FALSE,FALSE,0
urn:lsid:dyntaxa.se:TaxonName:117627,Tinea caprimulgella,species,"",Animalia,Arthropoda,Insecta,Lepidoptera,Tineidae,"",tinea caprimulgella,FALSE,FALSE,FALSE,0
urn:lsid:dyntaxa.se:TaxonName:19759,Tinea cuculipennella,species,"",Animalia,Arthropoda,Insecta,Lepidoptera,Gracillariidae,"",tinea cuculipennella,FALSE,FALSE,FALSE,0
urn:lsid:dyntaxa.se:TaxonName:117352,Tinea cupriacella,species,"",Animalia,Arthropoda,Insecta,Lepidoptera,Adelidae,"",tinea cupriacella,FALSE,FALSE,FALSE,0
urn:lsid:dyntaxa.se:TaxonName:117576,Tinea ditella,species,"",Animalia,Arthropoda,Insecta,Lepidoptera,Tineidae,"",tinea ditella,FALSE,FALSE,FALSE,0
urn:lsid:dyntaxa.se:TaxonName:117626,Tinea falstriella,species,"",Animalia,Arthropoda,Insecta,Lepidoptera,Tineidae,"",tinea falstriella,FALSE,FALSE,FALSE,0
urn:lsid:dyntaxa.se:TaxonName:293339,Tinea fraudulentella,species,"",Animalia,Arthropoda,Insecta,Lepidoptera,Tineidae,"",tinea fraudulentella,FALSE,FALSE,FALSE,0
urn:lsid:dyntaxa.se:TaxonName:122618,Tinea fuliginosella,species,"",Animalia,Arthropoda,Insecta,Lepidoptera,Tineidae,"",tinea fuliginosella,FALSE,FALSE,FALSE,0
urn:lsid:dyntaxa.se:TaxonName:117622,Tinea fungivorella,species,"",Animalia,Arthropoda,Insecta,Lepidoptera,Tineidae,"",tinea fungivorella,FALSE,FALSE,FALSE,0
urn:lsid:dyntaxa.se:TaxonName:258289,Tinea gliriella,species,"",Animalia,Arthropoda,Insecta,Lepidoptera,Tineidae,"",tinea gliriella,FALSE,FALSE,FALSE,0
urn:lsid:dyntaxa.se:TaxonName:117590,Tinea lulnatella,species,"",Animalia,Arthropoda,Insecta,Lepidoptera,Tineidae,"",tinea lulnatella,FALSE,FALSE,FALSE,0
urn:lsid:dyntaxa.se:TaxonName:117589,Tinea marianii,species,"",Animalia,Arthropoda,Insecta,Lepidoptera,Tineidae,"",tinea marianii,FALSE,FALSE,FALSE,0
urn:lsid:dyntaxa.se:TaxonName:117392,Tinea panzerella,species,"",Animalia,Arthropoda,Insecta,Lepidoptera,Adelidae,"",tinea panzerella,FALSE,FALSE,FALSE,0
urn:lsid:dyntaxa.se:TaxonName:122630,Tinea rosenbergerella,species,"",Animalia,Arthropoda,Insecta,Lepidoptera,Tineidae,"",tinea rosenbergerella,FALSE,FALSE,FALSE,0
urn:lsid:dyntaxa.se:TaxonName:454646,Tinea salicella,species,"",Animalia,Arthropoda,Insecta,Lepidoptera,Chimabachidae,"",tinea salicella,FALSE,FALSE,FALSE,0
urn:lsid:dyntaxa.se:TaxonName:20055,Tinea schreberella,species,"",Animalia,Arthropoda,Insecta,Lepidoptera,Gracillariidae,"",tinea schreberella,FALSE,FALSE,FALSE,0
urn:lsid:dyntaxa.se:TaxonName:61403,Tinea stroemella,species,"",Animalia,Arthropoda,Insecta,Lepidoptera,Oecophoridae,"",tinea stroemella,FALSE,FALSE,FALSE,0
urn:lsid:dyntaxa.se:TaxonName:20063,Tinea tristrigella,species,"",Animalia,Arthropoda,Insecta,Lepidoptera,Gracillariidae,"",tinea tristrigella,FALSE,FALSE,FALSE,0
urn:lsid:dyntaxa.se:TaxonName:122629,Tinea truncicolella,species,"",Animalia,Arthropoda,Insecta,Lepidoptera,Tineidae,"",tinea truncicolella,FALSE,FALSE,FALSE,0
urn:lsid:dyntaxa.se:TaxonName:122621,Tinea turicencis,species,"",Animalia,Arthropoda,Insecta,Lepidoptera,Tineidae,"",tinea turicencis,FALSE,FALSE,FALSE,0
urn:lsid:dyntaxa.se:TaxonName:117351,Tinea viridella,species,"",Animalia,Arthropoda,Insecta,Lepidoptera,Adelidae,"",tinea viridella,FALSE,FALSE,FALSE,0
urn:lsid:dyntaxa.se:TaxonName:104707,Tipula persignata,species,"",Animalia,Arthropoda,Insecta,Diptera,Tipulidae,"",tipula persignata,FALSE,FALSE,FALSE,0
urn:lsid:dyntaxa.se:TaxonName:362979,Tipula persignata persignata,species,"",Animalia,Arthropoda,Insecta,Diptera,Tipulidae,"",tipula persignata,FALSE,FALSE,FALSE,0
urn:lsid:dyntaxa.se:Taxon:102039,Tipula tchukchi,species,DD,Animalia,Arthropoda,Insecta,Diptera,Tipulidae,native,tipula tchukchi,FALSE,FALSE,FALSE,0
urn:lsid:dyntaxa.se:TaxonName:12022,Titanoeca psammophila,species,"",Animalia,Arthropoda,Arachnida,Araneae,Titanoecidae,"",titanoeca psammophila,FALSE,FALSE,FALSE,0
urn:lsid:dyntaxa.se:TaxonName:101,Tjaernoeia exqusita,species,"",Animalia,Mollusca,Gastropoda,Euthyneura ordo incertae sedis,Tjaernoeiidae,"",tjaernoeia exqusita,FALSE,FALSE,FALSE,0
urn:lsid:dyntaxa.se:TaxonName:128544,Tjaernoeia monterosati,species,"",Animalia,Mollusca,Gastropoda,Euthyneura ordo incertae sedis,Tjaernoeiidae,"",tjaernoeia monterosati,FALSE,FALSE,FALSE,0
urn:lsid:dyntaxa.se:TaxonName:2303,Tomasellia ischnobela,species,"",Fungi,Ascomycota,Eurotiomycetes,Pyrenulales,"Pyrenulales, genera incertae sedis","",tomasellia ischnobela,FALSE,FALSE,FALSE,0
urn:lsid:dyntaxa.se:TaxonName:398660,Tomentella sulphurina,species,"",Fungi,Basidiomycota,Agaricomycetes,Polyporales,Phanerochaetaceae,"",tomentella sulphurina,FALSE,FALSE,FALSE,0
urn:lsid:dyntaxa.se:TaxonName:448188,Tomentella tristis,species,"",Fungi,Basidiomycota,Agaricomycetes,Thelephorales,Thelephoraceae,"",tomentella tristis,FALSE,FALSE,FALSE,0
urn:lsid:dyntaxa.se:TaxonName:156630,Toninia candida,species,"",Fungi,Ascomycota,Lecanoromycetes,Lecanorales,Ramalinaceae,"",toninia candida,FALSE,FALSE,FALSE,0
urn:lsid:dyntaxa.se:TaxonName:156641,Toninia tumidula,species,"",Fungi,Ascomycota,Lecanoromycetes,Lecideales,Lecideaceae,"",toninia tumidula,FALSE,FALSE,FALSE,0
urn:lsid:dyntaxa.se:TaxonName:325735,Tortella squarrosa,species,"",Plantae,Bryophyta,Bryopsida,Pottiales,Pottiaceae,"",tortella squarrosa,FALSE,FALSE,FALSE,0
urn:lsid:dyntaxa.se:TaxonName:282713,Tortella x cuspidatissima,species,"",Plantae,Bryophyta,Bryopsida,Pottiales,Pottiaceae,"",tortella x,FALSE,FALSE,FALSE,0
urn:lsid:dyntaxa.se:Taxon:1602,Tortella × cuspidatissima,species,EN,Plantae,Bryophyta,Bryopsida,Pottiales,Pottiaceae,native,tortella × cuspidatissima,FALSE,FALSE,FALSE,0
urn:lsid:dyntaxa.se:TaxonName:106083,Tortrix dilutana,species,"",Animalia,Arthropoda,Insecta,Lepidoptera,Nolidae,"",tortrix dilutana,FALSE,FALSE,FALSE,0
urn:lsid:dyntaxa.se:TaxonName:258206,Tortrix pullana,species,"",Animalia,Arthropoda,Insecta,Lepidoptera,Tortricidae,"",tortrix pullana,FALSE,FALSE,FALSE,0
urn:lsid:dyntaxa.se:TaxonName:131243,Tortrix schreibersiana,species,"",Animalia,Arthropoda,Insecta,Lepidoptera,Tortricidae,"",tortrix schreibersiana,FALSE,FALSE,FALSE,0
urn:lsid:dyntaxa.se:TaxonName:308,Tortula laevipila,species,"",Plantae,Bryophyta,Bryopsida,Pottiales,Pottiaceae,"",tortula laevipila,FALSE,FALSE,FALSE,0
urn:lsid:dyntaxa.se:TaxonName:253081,Tortula laevipila,species,"",Plantae,Bryophyta,Bryopsida,Pottiales,Pottiaceae,"",tortula laevipila,FALSE,FALSE,FALSE,0
urn:lsid:dyntaxa.se:TaxonName:309,Tortula princeps,species,"",Plantae,Bryophyta,Bryopsida,Pottiales,Pottiaceae,"",tortula princeps,FALSE,FALSE,FALSE,0
urn:lsid:dyntaxa.se:Taxon:525,Tortula randii,species,CR,Plantae,Bryophyta,Bryopsida,Pottiales,Pottiaceae,native,tortula randii,FALSE,FALSE,FALSE,0
urn:lsid:dyntaxa.se:TaxonName:148947,Tortula systylius,species,"",Plantae,Bryophyta,Bryopsida,Pottiales,Pottiaceae,"",tortula systylius,FALSE,FALSE,FALSE,0
urn:lsid:dyntaxa.se:TaxonName:247092,Tosia granularis,species,"",Animalia,Echinodermata,Asteroidea,Valvatida,Goniasteridae,"",tosia granularis,FALSE,FALSE,FALSE,0
urn:lsid:dyntaxa.se:Taxon:101912,Trachelipus ratzeburgi,species,NT,Animalia,Arthropoda,Malacostraca,Isopoda,Trachelipodidae,native,trachelipus ratzeburgi,FALSE,FALSE,FALSE,0
urn:lsid:dyntaxa.se:TaxonName:424140,Trachylia lucida,species,"",Fungi,Ascomycota,Lecanoromycetes,Caliciales,Caliciaceae,"",trachylia lucida,FALSE,FALSE,FALSE,0
urn:lsid:dyntaxa.se:TaxonName:424038,Trachylia tigillaris,species,"",Fungi,Ascomycota,Lecanoromycetes,Caliciales,Caliciaceae,"",trachylia tigillaris,FALSE,FALSE,FALSE,0
urn:lsid:dyntaxa.se:TaxonName:300947,Trachymuricea kükenthali,species,"",Animalia,Cnidaria,Anthozoa,Alcyonacea,Plexauridae,"",trachymuricea kükenthali,FALSE,FALSE,FALSE,0
urn:lsid:dyntaxa.se:Taxon:101913,Trachypachus zetterstedti,species,VU,Animalia,Arthropoda,Insecta,Coleoptera,Trachypachidae,native,trachypachus zetterstedti,FALSE,FALSE,FALSE,0
urn:lsid:dyntaxa.se:TaxonName:114811,Trachyphloeus angustisetulus,species,"",Animalia,Arthropoda,Insecta,Coleoptera,Curculionidae,"",trachyphloeus angustisetulus,FALSE,FALSE,FALSE,0
urn:lsid:dyntaxa.se:TaxonName:25244,Trachys pumila,species,"",Animalia,Arthropoda,Insecta,Coleoptera,Buprestidae,"",trachys pumila,FALSE,FALSE,FALSE,0
urn:lsid:dyntaxa.se:Taxon:211273,Trachys scrobiculata,species,VU,Animalia,Arthropoda,Insecta,Coleoptera,Buprestidae,native,trachys scrobiculata,FALSE,FALSE,FALSE,0
urn:lsid:dyntaxa.se:TaxonName:131242,Trachysmia schreibersiana,species,"",Animalia,Arthropoda,Insecta,Lepidoptera,Tortricidae,"",trachysmia schreibersiana,FALSE,FALSE,FALSE,0
urn:lsid:dyntaxa.se:TaxonName:25751,Tragosoma depsarius,species,"",Animalia,Arthropoda,Insecta,Coleoptera,Cerambycidae,"",tragosoma depsarius,FALSE,FALSE,FALSE,0
urn:lsid:dyntaxa.se:TaxonName:401285,Trametella extenuata,species,"",Fungi,Basidiomycota,Agaricomycetes,Polyporales,Polyporaceae,"",trametella extenuata,FALSE,FALSE,FALSE,0
urn:lsid:dyntaxa.se:TaxonName:401281,Trametella gallica,species,"",Fungi,Basidiomycota,Agaricomycetes,Polyporales,Polyporaceae,"",trametella gallica,FALSE,FALSE,FALSE,0
urn:lsid:dyntaxa.se:TaxonName:401311,Trametella trogii,species,"",Fungi,Basidiomycota,Agaricomycetes,Polyporales,Polyporaceae,"",trametella trogii,FALSE,FALSE,FALSE,0
urn:lsid:dyntaxa.se:TaxonName:119926,Trametes abietis,species,"",Fungi,Basidiomycota,Agaricomycetes,Hymenochaetales,Hymenochaetaceae,"",trametes abietis,FALSE,FALSE,FALSE,0
urn:lsid:dyntaxa.se:TaxonName:395884,Trametes carbonaria,species,"",Fungi,Basidiomycota,Agaricomycetes,Gloeophyllales,Gloeophyllaceae,"",trametes carbonaria,FALSE,FALSE,FALSE,0
urn:lsid:dyntaxa.se:TaxonName:401291,Trametes extenuata,species,"",Fungi,Basidiomycota,Agaricomycetes,Polyporales,Polyporaceae,"",trametes extenuata,FALSE,FALSE,FALSE,0
urn:lsid:dyntaxa.se:TaxonName:403613,Trametes fraxinea,species,"",Fungi,Basidiomycota,Agaricomycetes,Polyporales,Polyporaceae,"",trametes fraxinea,FALSE,FALSE,FALSE,0
urn:lsid:dyntaxa.se:TaxonName:401282,Trametes gallica,species,"",Fungi,Basidiomycota,Agaricomycetes,Polyporales,Polyporaceae,"",trametes gallica,FALSE,FALSE,FALSE,0
urn:lsid:dyntaxa.se:TaxonName:401297,Trametes hexagonoides,species,"",Fungi,Basidiomycota,Agaricomycetes,Polyporales,Polyporaceae,"",trametes hexagonoides,FALSE,FALSE,FALSE,0
urn:lsid:dyntaxa.se:TaxonName:401292,Trametes hispida,species,"",Fungi,Basidiomycota,Agaricomycetes,Polyporales,Polyporaceae,"",trametes hispida,FALSE,FALSE,FALSE,0
urn:lsid:dyntaxa.se:TaxonName:471907,Trametes odora,species,"",Fungi,Basidiomycota,Agaricomycetes,Polyporales,Polyporaceae,"",trametes odora,FALSE,FALSE,FALSE,0
urn:lsid:dyntaxa.se:TaxonName:374636,Trametes rosea,species,"",Fungi,Basidiomycota,Agaricomycetes,Polyporales,Fomitopsidaceae,"",trametes rosea,FALSE,FALSE,FALSE,0
urn:lsid:dyntaxa.se:TaxonName:471955,Trametes squalens,species,"",Fungi,Basidiomycota,Agaricomycetes,Polyporales,Polyporaceae,"",trametes squalens,FALSE,FALSE,FALSE,0
urn:lsid:dyntaxa.se:TaxonName:401296,Trametes stuppea,species,"",Fungi,Basidiomycota,Agaricomycetes,Polyporales,Polyporaceae,"",trametes stuppea,FALSE,FALSE,FALSE,0
urn:lsid:dyntaxa.se:TaxonName:411839,Tremella violacea,species,"",Fungi,Basidiomycota,Agaricomycetes,Auriculariales,"Auriculariales, genera incertae sedis","",tremella violacea,FALSE,FALSE,FALSE,0
urn:lsid:dyntaxa.se:TaxonName:34639,Trichaster melanocephalus,species,"",Fungi,Basidiomycota,Agaricomycetes,Geastrales,Geastraceae,"",trichaster melanocephalus,FALSE,FALSE,FALSE,0
urn:lsid:dyntaxa.se:TaxonName:13794,Trichia nivea,species,"",Fungi,Ascomycota,Coniocybomycetes,Coniocybales,Coniocybaceae,"",trichia nivea,FALSE,FALSE,FALSE,0
urn:lsid:dyntaxa.se:Taxon:245031,Tricholoma borgsjoeënse,species,VU,Fungi,Basidiomycota,Agaricomycetes,Agaricales,Tricholomataceae,native,tricholoma borgsjoeënse,FALSE,FALSE,FALSE,0
urn:lsid:dyntaxa.se:TaxonName:231100,Tricholoma colossum,species,"",Fungi,Basidiomycota,Agaricomycetes,Agaricales,Tricholomataceae,"",tricholoma colossum,FALSE,FALSE,FALSE,0
urn:lsid:dyntaxa.se:TaxonName:271652,Tricholoma conicosporum,species,"",Fungi,Basidiomycota,Agaricomycetes,Agaricales,Lyophyllaceae,"",tricholoma conicosporum,FALSE,FALSE,FALSE,0
urn:lsid:dyntaxa.se:TaxonName:94190,Tricholoma helviodor,species,"",Fungi,Basidiomycota,Agaricomycetes,Agaricales,Tricholomataceae,"",tricholoma helviodor,FALSE,FALSE,FALSE,0
urn:lsid:dyntaxa.se:TaxonName:252257,Tricholoma ilkkaii,species,"",Fungi,Basidiomycota,Agaricomycetes,Agaricales,Tricholomataceae,"",tricholoma ilkkaii,FALSE,FALSE,FALSE,0
urn:lsid:dyntaxa.se:TaxonName:271645,Tricholoma ionides var. obscurissima,species,"",Fungi,Basidiomycota,Agaricomycetes,Agaricales,Lyophyllaceae,"",tricholoma ionides,FALSE,FALSE,FALSE,0
urn:lsid:dyntaxa.se:TaxonName:94191,Tricholoma luteovirens,species,"",Fungi,Basidiomycota,Agaricomycetes,Agaricales,Tricholomataceae,"",tricholoma luteovirens,FALSE,FALSE,FALSE,0
urn:lsid:dyntaxa.se:TaxonName:34683,Tricholoma nauseosum,species,"",Fungi,Basidiomycota,Agaricomycetes,Agaricales,Tricholomataceae,"",tricholoma nauseosum,FALSE,FALSE,FALSE,0
urn:lsid:dyntaxa.se:TaxonName:271649,Tricholoma obscurissimum,species,"",Fungi,Basidiomycota,Agaricomycetes,Agaricales,Lyophyllaceae,"",tricholoma obscurissimum,FALSE,FALSE,FALSE,0
urn:lsid:dyntaxa.se:TaxonName:271747,Tricholoma pseudoimbricatum var. roseobrunneum,species,"",Fungi,Basidiomycota,Agaricomycetes,Agaricales,Tricholomataceae,"",tricholoma pseudoimbricatum,FALSE,FALSE,FALSE,0
urn:lsid:dyntaxa.se:TaxonName:271750,Tricholoma radotinense,species,"",Fungi,Basidiomycota,Agaricomycetes,Agaricales,Tricholomataceae,"",tricholoma radotinense,FALSE,FALSE,FALSE,0
urn:lsid:dyntaxa.se:Taxon:245044,Tricholoma roseoacerbum,species,VU,Fungi,Basidiomycota,Agaricomycetes,Agaricales,Tricholomataceae,native,tricholoma roseoacerbum,FALSE,FALSE,FALSE,0
urn:lsid:dyntaxa.se:Taxon:102510,Trichosea ludifica,species,RE,Animalia,Arthropoda,Insecta,Lepidoptera,Noctuidae,native,trichosea ludifica,FALSE,FALSE,FALSE,0
urn:lsid:dyntaxa.se:Taxon:101926,Trichosirocalus thalhammeri,species,NT,Animalia,Arthropoda,Insecta,Coleoptera,Curculionidae,native,trichosirocalus thalhammeri,FALSE,FALSE,FALSE,0
urn:lsid:dyntaxa.se:TaxonName:325706,Trichostomum arcticum,species,"",Plantae,Bryophyta,Bryopsida,Pottiales,Pottiaceae,"",trichostomum arcticum,FALSE,FALSE,FALSE,0
urn:lsid:dyntaxa.se:TaxonName:148952,Trichostomum arcticum,species,"",Plantae,Bryophyta,Bryopsida,Pottiales,Pottiaceae,"",trichostomum arcticum,FALSE,FALSE,FALSE,0
urn:lsid:dyntaxa.se:TaxonName:282715,Trichostomum cuspidatissimum,species,"",Plantae,Bryophyta,Bryopsida,Pottiales,Pottiaceae,"",trichostomum cuspidatissimum,FALSE,FALSE,FALSE,0
urn:lsid:dyntaxa.se:TaxonName:72659,Trifolium agrarium,species,"",Plantae,Tracheophyta,Magnoliopsida,Fabales,Fabaceae,"",trifolium agrarium,FALSE,FALSE,FALSE,0
urn:lsid:dyntaxa.se:TaxonName:72658,Trifolium strepens,species,"",Plantae,Tracheophyta,Magnoliopsida,Fabales,Fabaceae,"",trifolium strepens,FALSE,FALSE,FALSE,0
urn:lsid:dyntaxa.se:TaxonName:112398,Trifucrula griseella,species,"",Animalia,Arthropoda,Insecta,Lepidoptera,Nepticulidae,"",trifucrula griseella,FALSE,FALSE,FALSE,0
urn:lsid:dyntaxa.se:Taxon:102511,Trifurcula headleyella,species,NT,Animalia,Arthropoda,Insecta,Lepidoptera,Nepticulidae,native,trifurcula headleyella,FALSE,FALSE,FALSE,0
urn:lsid:dyntaxa.se:TaxonName:112393,Trifurcula rodella,species,"",Animalia,Arthropoda,Insecta,Lepidoptera,Nepticulidae,"",trifurcula rodella,FALSE,FALSE,FALSE,0
urn:lsid:dyntaxa.se:TaxonName:128588,Trinchesia olivacea,species,"",Animalia,Mollusca,Gastropoda,Nudibranchia,Trinchesiidae,"",trinchesia olivacea,FALSE,FALSE,FALSE,0
urn:lsid:dyntaxa.se:TaxonName:129565,Tringa hypoleucos,species,"",Animalia,Chordata,Aves,Charadriiformes,Scolopacidae,"",tringa hypoleucos,FALSE,FALSE,FALSE,0
urn:lsid:dyntaxa.se:TaxonName:129766,Tringa Hypoleucos,species,"",Animalia,Chordata,Aves,Charadriiformes,Scolopacidae,"",tringa hypoleucos,FALSE,FALSE,FALSE,0
urn:lsid:dyntaxa.se:TaxonName:129798,Tringa Interpres,species,"",Animalia,Chordata,Aves,Charadriiformes,Scolopacidae,"",tringa interpres,FALSE,FALSE,FALSE,0
urn:lsid:dyntaxa.se:TaxonName:129797,Tringa pugnax,species,"",Animalia,Chordata,Aves,Charadriiformes,Scolopacidae,"",tringa pugnax,FALSE,FALSE,FALSE,0
urn:lsid:dyntaxa.se:TaxonName:129741,Tringa Vanellus,species,"",Animalia,Chordata,Aves,Charadriiformes,Charadriidae,"",tringa vanellus,FALSE,FALSE,FALSE,0
urn:lsid:dyntaxa.se:TaxonName:236311,Triopa nothus,species,"",Animalia,Mollusca,Gastropoda,Nudibranchia,Polyceridae,"",triopa nothus,FALSE,FALSE,FALSE,0
urn:lsid:dyntaxa.se:TaxonName:91026,Trisetum agrostideum,species,"",Plantae,Tracheophyta,Liliopsida,Poales,Poaceae,"",trisetum agrostideum,FALSE,FALSE,FALSE,0
urn:lsid:dyntaxa.se:Taxon:1605,Trisetum subalpestre,species,NT,Plantae,Tracheophyta,Liliopsida,Poales,Poaceae,native,trisetum subalpestre,FALSE,FALSE,FALSE,0
urn:lsid:dyntaxa.se:Taxon:991,Tritomaria capitata,species,VU,Plantae,Marchantiophyta,Marchantiopsida,Jungermanniales,Jungermanniaceae,native,tritomaria capitata,FALSE,FALSE,FALSE,0
urn:lsid:dyntaxa.se:TaxonName:148955,Trochobryum carniolicum,species,"",Plantae,Bryophyta,Bryopsida,Grimmiales,Seligeriaceae,"",trochobryum carniolicum,FALSE,FALSE,FALSE,0
urn:lsid:dyntaxa.se:TaxonName:97366,Trochoidea geyeri,species,"",Animalia,Mollusca,Gastropoda,Stylommatophora,Geomitridae,"",trochoidea geyeri,FALSE,FALSE,FALSE,0
urn:lsid:dyntaxa.se:TaxonName:19231,Trogophloeus subtilicornis,species,"",Animalia,Arthropoda,Insecta,Coleoptera,Staphylinidae,"",trogophloeus subtilicornis,FALSE,FALSE,FALSE,0
urn:lsid:dyntaxa.se:TaxonName:103153,Trophon barvicensis,species,"",Animalia,Mollusca,Gastropoda,Neogastropoda,Muricidae,"",trophon barvicensis,FALSE,FALSE,FALSE,0
urn:lsid:dyntaxa.se:TaxonName:123,Trophon barvincensis,species,"",Animalia,Mollusca,Gastropoda,Neogastropoda,Muricidae,"",trophon barvincensis,FALSE,FALSE,FALSE,0
urn:lsid:dyntaxa.se:TaxonName:128518,Trophon clathratus,species,"",Animalia,Mollusca,Gastropoda,Neogastropoda,Muricidae,"",trophon clathratus,FALSE,FALSE,FALSE,0
urn:lsid:dyntaxa.se:TaxonName:124,Trophon clavatus,species,"",Animalia,Mollusca,Gastropoda,Neogastropoda,Muricidae,"",trophon clavatus,FALSE,FALSE,FALSE,0
urn:lsid:dyntaxa.se:TaxonName:430355,Trophon moerchii,species,"",Animalia,Mollusca,Gastropoda,Neogastropoda,Raphitomidae,"",trophon moerchii,FALSE,FALSE,FALSE,0
urn:lsid:dyntaxa.se:TaxonName:125,Trophon truncatus,species,"",Animalia,Mollusca,Gastropoda,Neogastropoda,Muricidae,"",trophon truncatus,FALSE,FALSE,FALSE,0
urn:lsid:dyntaxa.se:TaxonName:114632,Tropideres dorsalis,species,"",Animalia,Arthropoda,Insecta,Coleoptera,Anthribidae,"",tropideres dorsalis,FALSE,FALSE,FALSE,0
urn:lsid:dyntaxa.se:TaxonName:119576,Tropideres sepicola,species,"",Animalia,Arthropoda,Insecta,Coleoptera,Anthribidae,"",tropideres sepicola,FALSE,FALSE,FALSE,0
urn:lsid:dyntaxa.se:Taxon:101937,Trypophloeus asperatus,species,NT,Animalia,Arthropoda,Insecta,Coleoptera,Curculionidae,native,trypophloeus asperatus,FALSE,FALSE,FALSE,0
urn:lsid:dyntaxa.se:Taxon:101938,Trypophloeus palmi,species,NT,Animalia,Arthropoda,Insecta,Coleoptera,Curculionidae,native,trypophloeus palmi,FALSE,FALSE,FALSE,0
urn:lsid:dyntaxa.se:Taxon:6318,Tubulicrinis cinctus,species,DD,Fungi,Basidiomycota,Agaricomycetes,Hymenochaetales,Hymenochaetaceae,native,tubulicrinis cinctus,FALSE,FALSE,FALSE,0
urn:lsid:dyntaxa.se:TaxonName:153068,Tulostoma campestre,species,"",Fungi,Basidiomycota,Agaricomycetes,Agaricales,Agaricaceae,"",tulostoma campestre,FALSE,FALSE,FALSE,0
urn:lsid:dyntaxa.se:TaxonName:357222,Tulostoma fibrillosum,species,"",Fungi,Basidiomycota,Agaricomycetes,Agaricales,Agaricaceae,"",tulostoma fibrillosum,FALSE,FALSE,FALSE,0
urn:lsid:dyntaxa.se:TaxonName:357217,Tulostoma granulosum var. campestre,species,"",Fungi,Basidiomycota,Agaricomycetes,Agaricales,Agaricaceae,"",tulostoma granulosum,FALSE,FALSE,FALSE,0
urn:lsid:dyntaxa.se:TaxonName:357243,Tulostoma moravecii,species,"",Fungi,Basidiomycota,Agaricomycetes,Agaricales,Agaricaceae,"",tulostoma moravecii,FALSE,FALSE,FALSE,0
urn:lsid:dyntaxa.se:TaxonName:58737,Tunica saxifraga,species,"",Plantae,Tracheophyta,Magnoliopsida,Caryophyllales,Caryophyllaceae,"",tunica saxifraga,FALSE,FALSE,FALSE,0
urn:lsid:dyntaxa.se:TaxonName:274825,Turbo biplicata,species,"",Animalia,Mollusca,Gastropoda,Stylommatophora,Clausiliidae,"",turbo biplicata,FALSE,FALSE,FALSE,0
urn:lsid:dyntaxa.se:TaxonName:316722,Turbo interstinctus,species,"",Animalia,Mollusca,Gastropoda,"",Pyramidellidae,"",turbo interstinctus,FALSE,FALSE,FALSE,0
urn:lsid:dyntaxa.se:TaxonName:473086,Turbo spiralis,species,"",Animalia,Mollusca,Gastropoda,"",Pyramidellidae,"",turbo spiralis,FALSE,FALSE,FALSE,0
urn:lsid:dyntaxa.se:TaxonName:129944,Turdus arundinaceus,species,"",Animalia,Chordata,Aves,Passeriformes,Acrocephalidae,"",turdus arundinaceus,FALSE,FALSE,FALSE,0
urn:lsid:dyntaxa.se:TaxonName:129949,Turdus scirpaceus,species,"",Animalia,Chordata,Aves,Passeriformes,Acrocephalidae,"",turdus scirpaceus,FALSE,FALSE,FALSE,0
urn:lsid:dyntaxa.se:TaxonName:364446,Tylopilus porphyrosporus,species,"",Fungi,Basidiomycota,Agaricomycetes,Boletales,Boletaceae,"",tylopilus porphyrosporus,FALSE,FALSE,FALSE,0
urn:lsid:dyntaxa.se:TaxonName:126599,Typhoeus typhoeus,species,"",Animalia,Arthropoda,Insecta,Coleoptera,Geotrupidae,"",typhoeus typhoeus,FALSE,FALSE,FALSE,0
urn:lsid:dyntaxa.se:TaxonName:399868,Tyromyces albellus f. aurantiacus,species,"",Fungi,Basidiomycota,Agaricomycetes,Polyporales,Steccherinaceae,"",tyromyces albellus,FALSE,FALSE,FALSE,0
urn:lsid:dyntaxa.se:TaxonName:403764,Tyromyces albobrunneus,species,"",Fungi,Basidiomycota,Agaricomycetes,Polyporales,Fomitopsidaceae,"",tyromyces albobrunneus,FALSE,FALSE,FALSE,0
urn:lsid:dyntaxa.se:TaxonName:152844,Tyromyces alborubescens,species,"",Fungi,Basidiomycota,Agaricomycetes,Polyporales,Meruliaceae,"",tyromyces alborubescens,FALSE,FALSE,FALSE,0
urn:lsid:dyntaxa.se:TaxonName:399139,Tyromyces allantoideus,species,"",Fungi,Basidiomycota,Agaricomycetes,Polyporales,Meruliaceae,"",tyromyces allantoideus,FALSE,FALSE,FALSE,0
urn:lsid:dyntaxa.se:TaxonName:399869,Tyromyces aurantiacus,species,"",Fungi,Basidiomycota,Agaricomycetes,Polyporales,Steccherinaceae,"",tyromyces aurantiacus,FALSE,FALSE,FALSE,0
urn:lsid:dyntaxa.se:TaxonName:152681,Tyromyces balsameus,species,"",Fungi,Basidiomycota,Agaricomycetes,Polyporales,Dacryobolaceae,"",tyromyces balsameus,FALSE,FALSE,FALSE,0
urn:lsid:dyntaxa.se:TaxonName:152683,Tyromyces cerifluus,species,"",Fungi,Basidiomycota,Agaricomycetes,Polyporales,Dacryobolaceae,"",tyromyces cerifluus,FALSE,FALSE,FALSE,0
urn:lsid:dyntaxa.se:TaxonName:399080,Tyromyces croceus,species,"",Fungi,Basidiomycota,Agaricomycetes,Polyporales,Meruliaceae,"",tyromyces croceus,FALSE,FALSE,FALSE,0
urn:lsid:dyntaxa.se:TaxonName:400857,Tyromyces crustulinus,species,"",Fungi,Basidiomycota,Agaricomycetes,Polyporales,"Polyporales, genera incertae sedis","",tyromyces crustulinus,FALSE,FALSE,FALSE,0
urn:lsid:dyntaxa.se:TaxonName:400100,Tyromyces delectans,species,"",Fungi,Basidiomycota,Agaricomycetes,Polyporales,"Polyporales, genera incertae sedis","",tyromyces delectans,FALSE,FALSE,FALSE,0
urn:lsid:dyntaxa.se:TaxonName:449437,Tyromyces erubescens,species,"",Fungi,Basidiomycota,Agaricomycetes,Polyporales,Irpicaceae,"",tyromyces erubescens,FALSE,FALSE,FALSE,0
urn:lsid:dyntaxa.se:TaxonName:2842,Tyromyces fissiliformis,species,"",Fungi,Basidiomycota,Agaricomycetes,Polyporales,Steccherinaceae,"",tyromyces fissiliformis,FALSE,FALSE,FALSE,0
urn:lsid:dyntaxa.se:TaxonName:34796,Tyromyces fissilis,species,"",Fungi,Basidiomycota,Agaricomycetes,Polyporales,Meruliaceae,"",tyromyces fissilis,FALSE,FALSE,FALSE,0
urn:lsid:dyntaxa.se:TaxonName:152685,Tyromyces floriformis,species,"",Fungi,Basidiomycota,Agaricomycetes,Polyporales,Dacryobolaceae,"",tyromyces floriformis,FALSE,FALSE,FALSE,0
urn:lsid:dyntaxa.se:TaxonName:152616,Tyromyces gilvescens,species,"",Fungi,Basidiomycota,Agaricomycetes,Polyporales,Meruliaceae,"",tyromyces gilvescens,FALSE,FALSE,FALSE,0
urn:lsid:dyntaxa.se:TaxonName:152690,Tyromyces guttulatus,species,"",Fungi,Basidiomycota,Agaricomycetes,Polyporales,Dacryobolaceae,"",tyromyces guttulatus,FALSE,FALSE,FALSE,0
urn:lsid:dyntaxa.se:TaxonName:332267,Tyromyces hibernicus,species,"",Fungi,Basidiomycota,Agaricomycetes,Polyporales,Dacryobolaceae,"",tyromyces hibernicus,FALSE,FALSE,FALSE,0
urn:lsid:dyntaxa.se:TaxonName:68941,Tyromyces johnstonii,species,"",Fungi,Basidiomycota,Agaricomycetes,Polyporales,Dacryobolaceae,"",tyromyces johnstonii,FALSE,FALSE,FALSE,0
urn:lsid:dyntaxa.se:TaxonName:152695,Tyromyces mappa,species,"",Fungi,Basidiomycota,Agaricomycetes,Polyporales,Fomitopsidaceae,"",tyromyces mappa,FALSE,FALSE,FALSE,0
urn:lsid:dyntaxa.se:TaxonName:399860,Tyromyces mentschulensis,species,"",Fungi,Basidiomycota,Agaricomycetes,Polyporales,Steccherinaceae,"",tyromyces mentschulensis,FALSE,FALSE,FALSE,0
urn:lsid:dyntaxa.se:TaxonName:450386,Tyromyces mollis,species,"",Fungi,Basidiomycota,Agaricomycetes,Polyporales,Irpicaceae,"",tyromyces mollis,FALSE,FALSE,FALSE,0
urn:lsid:dyntaxa.se:TaxonName:399512,Tyromyces pannocinctus,species,"",Fungi,Basidiomycota,Agaricomycetes,Polyporales,Irpicaceae,"",tyromyces pannocinctus,FALSE,FALSE,FALSE,0
urn:lsid:dyntaxa.se:TaxonName:152808,Tyromyces placenta,species,"",Fungi,Basidiomycota,Agaricomycetes,Polyporales,"Polyporales, genera incertae sedis","",tyromyces placenta,FALSE,FALSE,FALSE,0
urn:lsid:dyntaxa.se:TaxonName:404614,Tyromyces revolutus,species,"",Fungi,Basidiomycota,Agaricomycetes,Polyporales,Dacryobolaceae,"",tyromyces revolutus,FALSE,FALSE,FALSE,0
urn:lsid:dyntaxa.se:TaxonName:68942,Tyromyces septentrionalis,species,"",Fungi,Basidiomycota,Agaricomycetes,Polyporales,Dacryobolaceae,"",tyromyces septentrionalis,FALSE,FALSE,FALSE,0
urn:lsid:dyntaxa.se:TaxonName:152824,Tyromyces spumeus,species,"",Fungi,Basidiomycota,Agaricomycetes,Polyporales,"Polyporales, genera incertae sedis","",tyromyces spumeus,FALSE,FALSE,FALSE,0
urn:lsid:dyntaxa.se:TaxonName:471961,Tyromyces squalens,species,"",Fungi,Basidiomycota,Agaricomycetes,Polyporales,Polyporaceae,"",tyromyces squalens,FALSE,FALSE,FALSE,0
urn:lsid:dyntaxa.se:TaxonName:332093,Tyromyces stipticus f. guttulatus,species,"",Fungi,Basidiomycota,Agaricomycetes,Polyporales,Dacryobolaceae,"",tyromyces stipticus,FALSE,FALSE,FALSE,0
urn:lsid:dyntaxa.se:TaxonName:404912,Tyromyces subsericeomollis,species,"",Fungi,Basidiomycota,Agaricomycetes,Polyporales,Dacryobolaceae,"",tyromyces subsericeomollis,FALSE,FALSE,FALSE,0
urn:lsid:dyntaxa.se:TaxonName:399472,Tyromyces subvermisporus,species,"",Fungi,Basidiomycota,Agaricomycetes,Polyporales,Gelatoporiaceae,"",tyromyces subvermisporus,FALSE,FALSE,FALSE,0
urn:lsid:dyntaxa.se:TaxonName:403980,Tyromyces undosus,species,"",Fungi,Basidiomycota,Agaricomycetes,Polyporales,Dacryobolaceae,"",tyromyces undosus,FALSE,FALSE,FALSE,0
urn:lsid:dyntaxa.se:TaxonName:399983,Tyromyces wynneae,species,"",Fungi,Basidiomycota,Agaricomycetes,Polyporales,Steccherinaceae,"",tyromyces wynneae,FALSE,FALSE,FALSE,0
urn:lsid:dyntaxa.se:TaxonName:34798,Tyromyces wynnei,species,"",Fungi,Basidiomycota,Agaricomycetes,Polyporales,Steccherinaceae,"",tyromyces wynnei,FALSE,FALSE,FALSE,0
urn:lsid:dyntaxa.se:TaxonName:52313,Ulmus campestris,species,"",Plantae,Tracheophyta,Magnoliopsida,Rosales,Ulmaceae,"",ulmus campestris,FALSE,FALSE,FALSE,0
urn:lsid:dyntaxa.se:TaxonName:52327,Ulmus campestris,species,"",Plantae,Tracheophyta,Magnoliopsida,Rosales,Ulmaceae,"",ulmus campestris,FALSE,FALSE,FALSE,0
urn:lsid:dyntaxa.se:TaxonName:52329,Ulmus foliacea,species,"",Plantae,Tracheophyta,Magnoliopsida,Rosales,Ulmaceae,"",ulmus foliacea,FALSE,FALSE,FALSE,0
urn:lsid:dyntaxa.se:TaxonName:52312,Ulmus montana,species,"",Plantae,Tracheophyta,Magnoliopsida,Rosales,Ulmaceae,"",ulmus montana,FALSE,FALSE,FALSE,0
urn:lsid:dyntaxa.se:TaxonName:52325,Ulmus pedunculata,species,"",Plantae,Tracheophyta,Magnoliopsida,Rosales,Ulmaceae,"",ulmus pedunculata,FALSE,FALSE,FALSE,0
urn:lsid:dyntaxa.se:TaxonName:52323,Ulmus racemosa,species,"",Plantae,Tracheophyta,Magnoliopsida,Rosales,Ulmaceae,"",ulmus racemosa,FALSE,FALSE,FALSE,0
urn:lsid:dyntaxa.se:TaxonName:25376,Uloma perroudii,species,"",Animalia,Arthropoda,Insecta,Coleoptera,Tenebrionidae,"",uloma perroudii,FALSE,FALSE,FALSE,0
urn:lsid:dyntaxa.se:Taxon:232726,Ulonema rhizophorum,species,DD,Chromista,Ochrophyta,Phaeophyceae,Ectocarpales,Chordariaceae,native,ulonema rhizophorum,FALSE,FALSE,FALSE,0
urn:lsid:dyntaxa.se:TaxonName:9832,Ulota ludwigii,species,"",Plantae,Bryophyta,Bryopsida,Orthotrichales,Orthotrichaceae,"",ulota ludwigii,FALSE,FALSE,FALSE,0
urn:lsid:dyntaxa.se:TaxonName:15619,Ulva dichotoma,species,"",Chromista,Ochrophyta,Phaeophyceae,Dictyotales,Dictyotaceae,"",ulva dichotoma,FALSE,FALSE,FALSE,0
urn:lsid:dyntaxa.se:TaxonName:26998,Ulva fluviatilis,species,"",Plantae,Chlorophyta,Trebouxiophyceae,Prasiolales,Prasiolaceae,"",ulva fluviatilis,FALSE,FALSE,FALSE,0
urn:lsid:dyntaxa.se:TaxonName:284287,Ulva furcellata,species,"",Plantae,Rhodophyta,Florideophyceae,Nemaliales,Scinaiaceae,"",ulva furcellata,FALSE,FALSE,FALSE,0
urn:lsid:dyntaxa.se:TaxonName:286157,Ulva ramosa,species,"",Plantae,Rhodophyta,Florideophyceae,Ceramiales,Delesseriaceae,"",ulva ramosa,FALSE,FALSE,FALSE,0
urn:lsid:dyntaxa.se:TaxonName:258457,Ulvella frequens,species,"",Plantae,Chlorophyta,Chlorophyceae,Chaetophorales,Chaetophoraceae,"",ulvella frequens,FALSE,FALSE,FALSE,0
urn:lsid:dyntaxa.se:TaxonName:64779,Uncobasidium notabile,species,"",Fungi,Basidiomycota,Agaricomycetes,Polyporales,"Polyporales, genera incertae sedis","",uncobasidium notabile,FALSE,FALSE,FALSE,0
urn:lsid:dyntaxa.se:TaxonName:403614,Ungulina fraxinea,species,"",Fungi,Basidiomycota,Agaricomycetes,Polyporales,Polyporaceae,"",ungulina fraxinea,FALSE,FALSE,FALSE,0
urn:lsid:dyntaxa.se:TaxonName:468181,Ungulina pseudobetulina,species,"",Fungi,Basidiomycota,Agaricomycetes,Polyporales,Polyporaceae,"",ungulina pseudobetulina,FALSE,FALSE,FALSE,0
urn:lsid:dyntaxa.se:TaxonName:127090,Urceolaria hypoleuca,species,"",Fungi,Ascomycota,Lecanoromycetes,Ostropales,Gyalectaceae,"",urceolaria hypoleuca,FALSE,FALSE,FALSE,0
urn:lsid:dyntaxa.se:Taxon:241161,Urophora aprica,species,VU,Animalia,Arthropoda,Insecta,Diptera,Tephritidae,"",urophora aprica,FALSE,FALSE,FALSE,0
urn:lsid:dyntaxa.se:Taxon:249413,Urytalpa atriceps,species,NT,Animalia,Arthropoda,Insecta,Diptera,Keroplatidae,native,urytalpa atriceps,FALSE,FALSE,FALSE,0
urn:lsid:dyntaxa.se:TaxonName:229961,Usnea esthonica,species,"",Fungi,Ascomycota,Lecanoromycetes,Lecanorales,Parmeliaceae,"",usnea esthonica,FALSE,FALSE,FALSE,0
urn:lsid:dyntaxa.se:TaxonName:14176,Usnea foveolata,species,"",Fungi,Ascomycota,Lecanoromycetes,Lecanorales,Parmeliaceae,"",usnea foveolata,FALSE,FALSE,FALSE,0
urn:lsid:dyntaxa.se:TaxonName:229962,Usnea graciosa,species,"",Fungi,Ascomycota,Lecanoromycetes,Lecanorales,Parmeliaceae,"",usnea graciosa,FALSE,FALSE,FALSE,0
urn:lsid:dyntaxa.se:TaxonName:14177,Usnea leiopoga,species,"",Fungi,Ascomycota,Lecanoromycetes,Lecanorales,Parmeliaceae,"",usnea leiopoga,FALSE,FALSE,FALSE,0
urn:lsid:dyntaxa.se:TaxonName:229979,Usnea leucosticta,species,"",Fungi,Ascomycota,Lecanoromycetes,Lecanorales,Parmeliaceae,"",usnea leucosticta,FALSE,FALSE,FALSE,0
urn:lsid:dyntaxa.se:Taxon:1642,Usnea longissima,species,VU,Fungi,Ascomycota,Lecanoromycetes,Lecanorales,Parmeliaceae,native,usnea longissima,FALSE,FALSE,FALSE,0
urn:lsid:dyntaxa.se:TaxonName:127321,Usnea monstruosa,species,"",Fungi,Ascomycota,Lecanoromycetes,Lecanorales,Parmeliaceae,"",usnea monstruosa,FALSE,FALSE,FALSE,0
urn:lsid:dyntaxa.se:TaxonName:229971,Usnea pendulina,species,"",Fungi,Ascomycota,Lecanoromycetes,Lecanorales,Parmeliaceae,"",usnea pendulina,FALSE,FALSE,FALSE,0
urn:lsid:dyntaxa.se:TaxonName:229966,Usnea rugulosa,species,"",Fungi,Ascomycota,Lecanoromycetes,Lecanorales,Parmeliaceae,"",usnea rugulosa,FALSE,FALSE,FALSE,0
urn:lsid:dyntaxa.se:TaxonName:229963,Usnea scrobiculata,species,"",Fungi,Ascomycota,Lecanoromycetes,Lecanorales,Parmeliaceae,"",usnea scrobiculata,FALSE,FALSE,FALSE,0
urn:lsid:dyntaxa.se:TaxonName:127320,Usnea silvatica,species,"",Fungi,Ascomycota,Lecanoromycetes,Lecanorales,Parmeliaceae,"",usnea silvatica,FALSE,FALSE,FALSE,0
urn:lsid:dyntaxa.se:TaxonName:229995,Usnea sorediifera,species,"",Fungi,Ascomycota,Lecanoromycetes,Lecanorales,Parmeliaceae,"",usnea sorediifera,FALSE,FALSE,FALSE,0
urn:lsid:dyntaxa.se:TaxonName:114262,Uthatobasidium citriforme,species,"",Fungi,Basidiomycota,Agaricomycetes,Cantharellales,Hydnaceae,"",uthatobasidium citriforme,FALSE,FALSE,FALSE,0
urn:lsid:dyntaxa.se:TaxonName:82288,Valerianella morisonii,species,"",Plantae,Tracheophyta,Magnoliopsida,Dipsacales,Caprifoliaceae,"",valerianella morisonii,FALSE,FALSE,FALSE,0
urn:lsid:dyntaxa.se:TaxonName:90202,Valsa dissepta,species,"",Fungi,Ascomycota,Sordariomycetes,Xylariales,Diatrypaceae,"",valsa dissepta,FALSE,FALSE,FALSE,0
urn:lsid:dyntaxa.se:TaxonName:323420,Valsa eunomia,species,"",Fungi,Ascomycota,Sordariomycetes,Xylariales,Diatrypaceae,"",valsa eunomia,FALSE,FALSE,FALSE,0
urn:lsid:dyntaxa.se:TaxonName:39509,Valsa hypodermia,species,"",Fungi,Ascomycota,Sordariomycetes,Diaporthales,Gnomoniaceae,"",valsa hypodermia,FALSE,FALSE,FALSE,0
urn:lsid:dyntaxa.se:TaxonName:89906,Valsa stellulata,species,"",Fungi,Ascomycota,Sordariomycetes,Xylariales,Diatrypaceae,"",valsa stellulata,FALSE,FALSE,FALSE,0
urn:lsid:dyntaxa.se:TaxonName:119987,Vararia borealis,species,"",Fungi,Basidiomycota,Agaricomycetes,Russulales,Peniophoraceae,"",vararia borealis,FALSE,FALSE,FALSE,0
urn:lsid:dyntaxa.se:TaxonName:25369,Variimorda fasciata,species,"",Animalia,Arthropoda,Insecta,Coleoptera,Mordellidae,"",variimorda fasciata,FALSE,FALSE,FALSE,0
urn:lsid:dyntaxa.se:TaxonName:127175,Variolaria multipuncta,species,"",Fungi,Ascomycota,Lecanoromycetes,Pertusariales,Pertusariaceae,"",variolaria multipuncta,FALSE,FALSE,FALSE,0
urn:lsid:dyntaxa.se:TaxonName:152525,Velutina flexilis,species,"",Animalia,Mollusca,Gastropoda,Littorinimorpha,Velutinidae,"",velutina flexilis,FALSE,FALSE,FALSE,0
urn:lsid:dyntaxa.se:TaxonName:78005,Verbascum thapsiforme,species,"",Plantae,Tracheophyta,Magnoliopsida,Lamiales,Scrophulariaceae,"",verbascum thapsiforme,FALSE,FALSE,FALSE,0
urn:lsid:dyntaxa.se:TaxonName:13777,Verrucaria abietina,species,"",Fungi,Ascomycota,Arthoniomycetes,Arthoniales,Roccellaceae,"",verrucaria abietina,FALSE,FALSE,FALSE,0
urn:lsid:dyntaxa.se:TaxonName:368406,Verrucaria fuscorubella,species,"",Fungi,Ascomycota,Lecanoromycetes,Lecanorales,Ramalinaceae,"",verrucaria fuscorubella,FALSE,FALSE,FALSE,0
urn:lsid:dyntaxa.se:TaxonName:269056,Vespa atra,species,"",Animalia,Arthropoda,Insecta,Hymenoptera,Crabronidae,"",vespa atra,FALSE,FALSE,FALSE,0
urn:lsid:dyntaxa.se:TaxonName:158895,Vespa biglumis,species,"",Animalia,Arthropoda,Insecta,Hymenoptera,Vespidae,"",vespa biglumis,FALSE,FALSE,FALSE,0
urn:lsid:dyntaxa.se:TaxonName:158874,Vespa gazella,species,"",Animalia,Arthropoda,Insecta,Hymenoptera,Vespidae,"",vespa gazella,FALSE,FALSE,FALSE,0
urn:lsid:dyntaxa.se:TaxonName:158855,Vespa melanocephalus,species,"",Animalia,Arthropoda,Insecta,Hymenoptera,Vespidae,"",vespa melanocephalus,FALSE,FALSE,FALSE,0
urn:lsid:dyntaxa.se:TaxonName:158876,Vespa muraria,species,"",Animalia,Arthropoda,Insecta,Hymenoptera,Vespidae,"",vespa muraria,FALSE,FALSE,FALSE,0
urn:lsid:dyntaxa.se:TaxonName:158859,Vespa phalerata,species,"",Animalia,Arthropoda,Insecta,Hymenoptera,Vespidae,"",vespa phalerata,FALSE,FALSE,FALSE,0
urn:lsid:dyntaxa.se:TaxonName:324016,Vespa pratensis,species,"",Animalia,Arthropoda,Insecta,Hymenoptera,Colletidae,"",vespa pratensis,FALSE,FALSE,FALSE,0
urn:lsid:dyntaxa.se:TaxonName:158857,Vespa reniformis,species,"",Animalia,Arthropoda,Insecta,Hymenoptera,Vespidae,"",vespa reniformis,FALSE,FALSE,FALSE,0
urn:lsid:dyntaxa.se:TaxonName:119868,Vespertilio auritus,species,"",Animalia,Chordata,Mammalia,Chiroptera,Vespertilionidae,"",vespertilio auritus,FALSE,FALSE,FALSE,0
urn:lsid:dyntaxa.se:TaxonName:119870,Vespertilio austriacus,species,"",Animalia,Chordata,Mammalia,Chiroptera,Vespertilionidae,"",vespertilio austriacus,FALSE,FALSE,FALSE,0
urn:lsid:dyntaxa.se:TaxonName:119866,Vespertilio barbastellus,species,"",Animalia,Chordata,Mammalia,Chiroptera,Vespertilionidae,"",vespertilio barbastellus,FALSE,FALSE,FALSE,0
urn:lsid:dyntaxa.se:TaxonName:119851,Vespertilio bechsteinii,species,"",Animalia,Chordata,Mammalia,Chiroptera,Vespertilionidae,"",vespertilio bechsteinii,FALSE,FALSE,FALSE,0
urn:lsid:dyntaxa.se:TaxonName:119846,Vespertilio dasycneme,species,"",Animalia,Chordata,Mammalia,Chiroptera,Vespertilionidae,"",vespertilio dasycneme,FALSE,FALSE,FALSE,0
urn:lsid:dyntaxa.se:TaxonName:119857,Vespertilio leisleri,species,"",Animalia,Chordata,Mammalia,Chiroptera,Vespertilionidae,"",vespertilio leisleri,FALSE,FALSE,FALSE,0
urn:lsid:dyntaxa.se:TaxonName:119852,Vespertilio myotis,species,"",Animalia,Chordata,Mammalia,Chiroptera,Vespertilionidae,"",vespertilio myotis,FALSE,FALSE,FALSE,0
urn:lsid:dyntaxa.se:TaxonName:119850,Vespertilio nattereri,species,"",Animalia,Chordata,Mammalia,Chiroptera,Vespertilionidae,"",vespertilio nattereri,FALSE,FALSE,FALSE,0
urn:lsid:dyntaxa.se:TaxonName:119865,Vespertilio nilssonii,species,"",Animalia,Chordata,Mammalia,Chiroptera,Vespertilionidae,"",vespertilio nilssonii,FALSE,FALSE,FALSE,0
urn:lsid:dyntaxa.se:TaxonName:119859,Vespertilio pipistrellus,species,"",Animalia,Chordata,Mammalia,Chiroptera,Vespertilionidae,"",vespertilio pipistrellus,FALSE,FALSE,FALSE,0
urn:lsid:dyntaxa.se:TaxonName:119864,Vespertilio serotinus,species,"",Animalia,Chordata,Mammalia,Chiroptera,Vespertilionidae,"",vespertilio serotinus,FALSE,FALSE,FALSE,0
urn:lsid:dyntaxa.se:TaxonName:8965,Villa circumdata,species,"",Animalia,Arthropoda,Insecta,Diptera,Bombyliidae,"",villa circumdata,FALSE,FALSE,FALSE,0
urn:lsid:dyntaxa.se:Taxon:101972,Villa paniscus,species,NT,Animalia,Arthropoda,Insecta,Diptera,Bombyliidae,native,villa paniscus,FALSE,FALSE,FALSE,0
urn:lsid:dyntaxa.se:TaxonName:8963,Villa venusta,species,"",Animalia,Arthropoda,Insecta,Diptera,Bombyliidae,"",villa venusta,FALSE,FALSE,FALSE,0
urn:lsid:dyntaxa.se:TaxonName:25382,Vincenzellus viridipennis,species,"",Animalia,Arthropoda,Insecta,Coleoptera,Salpingidae,"",vincenzellus viridipennis,FALSE,FALSE,FALSE,0
urn:lsid:dyntaxa.se:TaxonName:72814,Viola arenaria,subspecies,"",Plantae,Tracheophyta,Magnoliopsida,Malpighiales,Violaceae,"",viola arenaria,FALSE,FALSE,FALSE,0
urn:lsid:dyntaxa.se:TaxonName:72802,Viola erecta,species,"",Plantae,Tracheophyta,Magnoliopsida,Malpighiales,Violaceae,"",viola erecta,FALSE,FALSE,FALSE,0
urn:lsid:dyntaxa.se:TaxonName:48484,Viola persicifolia,species,"",Plantae,Tracheophyta,Magnoliopsida,Malpighiales,Violaceae,"",viola persicifolia,FALSE,FALSE,FALSE,0
urn:lsid:dyntaxa.se:TaxonName:72815,Viola umbrosa,species,"",Plantae,Tracheophyta,Magnoliopsida,Malpighiales,Violaceae,"",viola umbrosa,FALSE,FALSE,FALSE,0
urn:lsid:dyntaxa.se:TaxonName:304491,Vitreolina cf. philippii,species,"",Animalia,Mollusca,Gastropoda,Littorinimorpha,Eulimidae,"",vitreolina cf. philippii,FALSE,FALSE,FALSE,0
urn:lsid:dyntaxa.se:TaxonName:304498,Vitreolina devians,species,"",Animalia,Mollusca,Gastropoda,Littorinimorpha,Eulimidae,"",vitreolina devians,FALSE,FALSE,FALSE,0
urn:lsid:dyntaxa.se:TaxonName:65224,Vogelia paniculata,species,"",Plantae,Tracheophyta,Magnoliopsida,Brassicales,Brassicaceae,"",vogelia paniculata,FALSE,FALSE,FALSE,0
urn:lsid:dyntaxa.se:Taxon:218118,Volvulella acuminata,species,DD,Animalia,Mollusca,Gastropoda,Cephalaspidea,Rhizoridae,native,volvulella acuminata,FALSE,FALSE,FALSE,0
urn:lsid:dyntaxa.se:Taxon:1671,Vulpia bromoides,species,EN,Plantae,Tracheophyta,Liliopsida,Poales,Poaceae,native,vulpia bromoides,FALSE,FALSE,FALSE,0
urn:lsid:dyntaxa.se:TaxonName:91039,Vulpia dertonensis,species,"",Plantae,Tracheophyta,Liliopsida,Poales,Poaceae,"",vulpia dertonensis,FALSE,FALSE,FALSE,0
urn:lsid:dyntaxa.se:TaxonName:91040,Vulpia sciuroides,species,"",Plantae,Tracheophyta,Liliopsida,Poales,Poaceae,"",vulpia sciuroides,FALSE,FALSE,FALSE,0
urn:lsid:dyntaxa.se:Taxon:234732,Wagneriala minima,species,VU,Animalia,Arthropoda,Insecta,Hemiptera,Cicadellidae,native,wagneriala minima,FALSE,FALSE,FALSE,0
urn:lsid:dyntaxa.se:TaxonName:156269,Weisia controversa var. crispata,species,"",Plantae,Bryophyta,Bryopsida,Pottiales,Pottiaceae,"",weisia controversa,FALSE,FALSE,FALSE,0
urn:lsid:dyntaxa.se:TaxonName:155986,Weisia rostellata,species,"",Plantae,Bryophyta,Bryopsida,Pottiales,Pottiaceae,"",weisia rostellata,FALSE,FALSE,FALSE,0
urn:lsid:dyntaxa.se:TaxonName:155987,Weisia rutilans,species,"",Plantae,Bryophyta,Bryopsida,Pottiales,Pottiaceae,"",weisia rutilans,FALSE,FALSE,FALSE,0
urn:lsid:dyntaxa.se:TaxonName:155985,Weisia squarrosa,species,"",Plantae,Bryophyta,Bryopsida,Pottiales,Pottiaceae,"",weisia squarrosa,FALSE,FALSE,FALSE,0
urn:lsid:dyntaxa.se:TaxonName:9984,Weissia longifolium,species,"",Plantae,Bryophyta,Bryopsida,Pottiales,Pottiaceae,"",weissia longifolium,FALSE,FALSE,FALSE,0
urn:lsid:dyntaxa.se:TaxonName:142332,Wideria polita,species,"",Animalia,Arthropoda,Arachnida,Araneae,Linyphiidae,"",wideria polita,FALSE,FALSE,FALSE,0
urn:lsid:dyntaxa.se:TaxonName:39513,Winterella hypodermia,species,"",Fungi,Ascomycota,Sordariomycetes,Diaporthales,Gnomoniaceae,"",winterella hypodermia,FALSE,FALSE,FALSE,0
urn:lsid:dyntaxa.se:TaxonName:39512,Wuestneia hypodermia,species,"",Fungi,Ascomycota,Sordariomycetes,Diaporthales,Gnomoniaceae,"",wuestneia hypodermia,FALSE,FALSE,FALSE,0
urn:lsid:dyntaxa.se:TaxonName:316293,Xanthochilus brevirostris,species,"",Animalia,Arthropoda,Insecta,Hemiptera,Rhyparochromidae,"",xanthochilus brevirostris,FALSE,FALSE,FALSE,0
urn:lsid:dyntaxa.se:TaxonName:126416,Xanthochroa carniolica,species,"",Animalia,Arthropoda,Insecta,Coleoptera,Oedemeridae,"",xanthochroa carniolica,FALSE,FALSE,FALSE,0
urn:lsid:dyntaxa.se:TaxonName:28531,Xantholinus glaber,species,"",Animalia,Arthropoda,Insecta,Coleoptera,Staphylinidae,"",xantholinus glaber,FALSE,FALSE,FALSE,0
urn:lsid:dyntaxa.se:Taxon:1673,Xanthomendoza fallax,species,CR,Fungi,Ascomycota,Lecanoromycetes,Teloschistales,Teloschistaceae,native,xanthomendoza fallax,FALSE,FALSE,FALSE,0
urn:lsid:dyntaxa.se:TaxonName:249876,Xanthomendoza fallax,species,"",Fungi,Ascomycota,Lecanoromycetes,Teloschistales,Teloschistaceae,"",xanthomendoza fallax,FALSE,FALSE,FALSE,0
urn:lsid:dyntaxa.se:TaxonName:249365,Xanthoria boulyi,species,"",Fungi,Ascomycota,Lecanoromycetes,Teloschistales,Teloschistaceae,"",xanthoria boulyi,FALSE,FALSE,FALSE,0
urn:lsid:dyntaxa.se:TaxonName:156817,Xanthoria fallax,species,"",Fungi,Ascomycota,Lecanoromycetes,Teloschistales,Teloschistaceae,"",xanthoria fallax,FALSE,FALSE,FALSE,0
urn:lsid:dyntaxa.se:TaxonName:2184,Xanthoria lobulata,species,"",Fungi,Ascomycota,Lecanoromycetes,Teloschistales,Teloschistaceae,"",xanthoria lobulata,FALSE,FALSE,FALSE,0
urn:lsid:dyntaxa.se:TaxonName:14306,Xanthoria substellaris,species,"",Fungi,Ascomycota,Lecanoromycetes,Teloschistales,Teloschistaceae,"",xanthoria substellaris,FALSE,FALSE,FALSE,0
urn:lsid:dyntaxa.se:TaxonName:339653,Xerocarpus corrugatus,species,"",Fungi,Basidiomycota,Agaricomycetes,Hymenochaetales,Hymenochaetaceae,"",xerocarpus corrugatus,FALSE,FALSE,FALSE,0
urn:lsid:dyntaxa.se:TaxonName:374730,Xerocarpus laeticolor,species,"",Fungi,Basidiomycota,Agaricomycetes,Polyporales,Sparassidaceae,"",xerocarpus laeticolor,FALSE,FALSE,FALSE,0
urn:lsid:dyntaxa.se:TaxonName:100209,Xerocomus depilatus,species,"",Fungi,Basidiomycota,Agaricomycetes,Boletales,Boletaceae,"",xerocomus depilatus,FALSE,FALSE,FALSE,0
urn:lsid:dyntaxa.se:TaxonName:258730,Xerocomus depilatus,species,"",Fungi,Basidiomycota,Agaricomycetes,Boletales,Boletaceae,"",xerocomus depilatus,FALSE,FALSE,FALSE,0
urn:lsid:dyntaxa.se:TaxonName:100207,Xerocomus impolitus,species,"",Fungi,Basidiomycota,Agaricomycetes,Boletales,Boletaceae,"",xerocomus impolitus,FALSE,FALSE,FALSE,0
urn:lsid:dyntaxa.se:Taxon:245509,Xerocomus moravicus,species,EN,Fungi,Basidiomycota,Agaricomycetes,Boletales,Boletaceae,native,xerocomus moravicus,FALSE,FALSE,FALSE,0
urn:lsid:dyntaxa.se:TaxonName:100205,Xerocomus pelletieri,species,"",Fungi,Basidiomycota,Agaricomycetes,Boletales,Boletaceae,"",xerocomus pelletieri,FALSE,FALSE,FALSE,0
urn:lsid:dyntaxa.se:TaxonName:274864,Xerophila geyeri,species,"",Animalia,Mollusca,Gastropoda,Stylommatophora,Geomitridae,"",xerophila geyeri,FALSE,FALSE,FALSE,0
urn:lsid:dyntaxa.se:TaxonName:94376,Xerula caussei,species,"",Fungi,Basidiomycota,Agaricomycetes,Agaricales,Physalacriaceae,"",xerula caussei,FALSE,FALSE,FALSE,0
urn:lsid:dyntaxa.se:TaxonName:94378,Xerula longipes,species,"",Fungi,Basidiomycota,Agaricomycetes,Agaricales,Physalacriaceae,"",xerula longipes,FALSE,FALSE,FALSE,0
urn:lsid:dyntaxa.se:Taxon:216248,Xestia baltica,species,NT,Animalia,Arthropoda,Insecta,Lepidoptera,Noctuidae,native,xestia baltica,FALSE,FALSE,FALSE,0
urn:lsid:dyntaxa.se:TaxonName:74947,Xorides ferrugatus,species,"",Animalia,Arthropoda,Insecta,Hymenoptera,Ichneumonidae,"",xorides ferrugatus,FALSE,FALSE,FALSE,0
urn:lsid:dyntaxa.se:Taxon:6009015,Xorides niger,species,NT,Animalia,Arthropoda,Insecta,Hymenoptera,Ichneumonidae,native,xorides niger,FALSE,FALSE,FALSE,0
urn:lsid:dyntaxa.se:Taxon:256291,Xorides rufipes,species,NT,Animalia,Arthropoda,Insecta,Hymenoptera,Ichneumonidae,native,xorides rufipes,FALSE,FALSE,FALSE,0
urn:lsid:dyntaxa.se:TaxonName:89894,Xylaria gracilis,species,"",Fungi,Ascomycota,Sordariomycetes,Hypocreales,Ophiocordycipitaceae,"",xylaria gracilis,FALSE,FALSE,FALSE,0
urn:lsid:dyntaxa.se:TaxonName:34853,Xylaria hippotrichoides,species,"",Fungi,Ascomycota,Sordariomycetes,Xylariales,"Xylariales, genera incertae sedis","",xylaria hippotrichoides,FALSE,FALSE,FALSE,0
urn:lsid:dyntaxa.se:TaxonName:395469,Xyletinus thomsoni,species,"",Animalia,Arthropoda,Insecta,Coleoptera,Ptinidae,"",xyletinus thomsoni,FALSE,FALSE,FALSE,0
urn:lsid:dyntaxa.se:TaxonName:107197,Xylita livida,species,"",Animalia,Arthropoda,Insecta,Coleoptera,Melandryidae,"",xylita livida,FALSE,FALSE,FALSE,0
urn:lsid:dyntaxa.se:TaxonName:126541,Xylobius corticalis,species,"",Animalia,Arthropoda,Insecta,Coleoptera,Eucnemidae,"",xylobius corticalis,FALSE,FALSE,FALSE,0
urn:lsid:dyntaxa.se:Taxon:851,Xylodon spathulatus,species,NT,Fungi,Basidiomycota,Agaricomycetes,Hymenochaetales,Schizoporaceae,native,xylodon spathulatus,FALSE,FALSE,FALSE,0
urn:lsid:dyntaxa.se:TaxonName:2697,Xylographa flexella,species,"",Fungi,Ascomycota,Lecanoromycetes,Umbilicariales,Elixiaceae,"",xylographa flexella,FALSE,FALSE,FALSE,0
urn:lsid:dyntaxa.se:TaxonName:302842,Xylonomus niger,species,"",Animalia,Arthropoda,Insecta,Hymenoptera,Ichneumonidae,"",xylonomus niger,FALSE,FALSE,FALSE,0
urn:lsid:dyntaxa.se:Taxon:102001,Xylophagus kowarzi,species,NT,Animalia,Arthropoda,Insecta,Diptera,Xylophagidae,native,xylophagus kowarzi,FALSE,FALSE,FALSE,0
urn:lsid:dyntaxa.se:TaxonName:104654,Xylophagus matsumurae,species,"",Animalia,Arthropoda,Insecta,Diptera,Xylophagidae,"",xylophagus matsumurae,FALSE,FALSE,FALSE,0
urn:lsid:dyntaxa.se:TaxonName:271863,Xylosphaera hippotrichoides,species,"",Fungi,Ascomycota,Sordariomycetes,Xylariales,"Xylariales, genera incertae sedis","",xylosphaera hippotrichoides,FALSE,FALSE,FALSE,0
urn:lsid:dyntaxa.se:TaxonName:143633,Xylota suecia,species,"",Animalia,Arthropoda,Insecta,Diptera,Syrphidae,"",xylota suecia,FALSE,FALSE,FALSE,0
urn:lsid:dyntaxa.se:TaxonName:12168,Xysticus sabulosus,species,"",Animalia,Arthropoda,Arachnida,Araneae,Thomisidae,"",xysticus sabulosus,FALSE,FALSE,FALSE,0
urn:lsid:dyntaxa.se:TaxonName:266363,Yoldia obtusa,species,"",Animalia,Mollusca,Bivalvia,Nuculanoida,Malletiidae,"",yoldia obtusa,FALSE,FALSE,FALSE,0
urn:lsid:dyntaxa.se:TaxonName:150776,Yoldiella fraterna,species,"",Animalia,Mollusca,Bivalvia,Nuculanoida,Yoldiidae,"",yoldiella fraterna,FALSE,FALSE,FALSE,0
urn:lsid:dyntaxa.se:TaxonName:149587,Ypsolophus mediopectinellus,species,"",Animalia,Arthropoda,Insecta,Lepidoptera,Ypsolophidae,"",ypsolophus mediopectinellus,FALSE,FALSE,FALSE,0
urn:lsid:dyntaxa.se:TaxonName:25343,Zavaljus fausti,species,"",Animalia,Arthropoda,Insecta,Coleoptera,Erotylidae,"",zavaljus fausti,FALSE,FALSE,FALSE,0
urn:lsid:dyntaxa.se:TaxonName:23596,Zelleria fasciapennella,species,"",Animalia,Arthropoda,Insecta,Lepidoptera,Yponomeutidae,"",zelleria fasciapennella,FALSE,FALSE,FALSE,0
urn:lsid:dyntaxa.se:TaxonName:146680,Zelotes pumilus,species,"",Animalia,Arthropoda,Arachnida,Araneae,Gnaphosidae,"",zelotes pumilus,FALSE,FALSE,FALSE,0
urn:lsid:dyntaxa.se:Taxon:219153,Zelotes puritanus,species,NT,Animalia,Arthropoda,Arachnida,Araneae,Gnaphosidae,native,zelotes puritanus,FALSE,FALSE,FALSE,0
urn:lsid:dyntaxa.se:TaxonName:90528,Zerna ramosa,species,"",Plantae,Tracheophyta,Liliopsida,Poales,Poaceae,"",zerna ramosa,FALSE,FALSE,FALSE,0
urn:lsid:dyntaxa.se:TaxonName:126539,Zimioma grossum,species,"",Animalia,Arthropoda,Insecta,Coleoptera,Trogossitidae,"",zimioma grossum,FALSE,FALSE,FALSE,0
urn:lsid:dyntaxa.se:TaxonName:87475,Zostera hornemanniana,species,"",Plantae,Tracheophyta,Liliopsida,Alismatales,Zosteraceae,"",zostera hornemanniana,FALSE,FALSE,FALSE,0
urn:lsid:dyntaxa.se:TaxonName:87480,Zostera minor,species,"",Plantae,Tracheophyta,Liliopsida,Alismatales,Zosteraceae,"",zostera minor,FALSE,FALSE,FALSE,0
urn:lsid:dyntaxa.se:TaxonName:87479,Zostera nana,species,"",Plantae,Tracheophyta,Liliopsida,Alismatales,Zosteraceae,"",zostera nana,FALSE,FALSE,FALSE,0
urn:lsid:dyntaxa.se:TaxonName:260171,Zygaena pimpinellae,species,"",Animalia,Arthropoda,Insecta,Lepidoptera,Zygaenidae,"",zygaena pimpinellae,FALSE,FALSE,FALSE,0
