grid,eeacellcode,last_ym,staleness_months,total_occurrences,priority_reason
grid10km,10kmE516N475,1820-08-01,2465,1,Not sampled in 205.4 years
grid10km,10kmE413N466,1844-12-01,2173,1,Not sampled in 181.1 years
grid10km,10kmE454N482,1856-08-01,2033,1,Not sampled in 169.4 years
grid10km,10kmE491N501,1859-07-01,1998,1,Not sampled in 166.5 years
grid10km,10kmE495N501,1859-09-01,1996,2,Not sampled in 166.3 years
grid10km,10kmE499N481,1864-08-01,1937,2,Not sampled in 161.4 years
grid10km,10kmE437N406,1867-04-01,1905,1,Not sampled in 158.8 years
grid10km,10kmE511N450,1869-07-01,1878,1,Not sampled in 156.5 years
grid10km,10kmE490N427,1869-11-01,1874,1,Not sampled in 156.2 years
grid10km,10kmE527N433,1870-06-01,1867,1,Not sampled in 155.6 years
grid10km,10kmE511N406,1871-08-01,1853,1,Not sampled in 154.4 years
grid10km,10kmE391N433,1873-06-01,1831,1,Not sampled in 152.6 years
grid10km,10kmE514N484,1874-09-01,1816,1,Not sampled in 151.3 years
grid10km,10kmE411N407,1875-07-01,1806,1,Not sampled in 150.5 years
grid10km,10kmE504N480,1875-08-01,1805,1,Not sampled in 150.4 years
grid10km,10kmE530N406,1876-02-01,1799,1,Not sampled in 149.9 years
grid10km,10kmE543N445,1876-05-01,1796,1,Not sampled in 149.7 years
grid10km,10kmE456N493,1876-07-01,1794,1,Not sampled in 149.5 years
grid10km,10kmE534N437,1877-12-01,1777,1,Not sampled in 148.1 years
grid10km,10kmE406N453,1877-12-01,1777,1,Not sampled in 148.1 years
grid10km,10kmE504N431,1878-01-01,1776,1,Not sampled in 148 years
grid10km,10kmE490N385,1878-07-01,1770,1,Not sampled in 147.5 years
grid10km,10kmE498N442,1879-05-01,1760,1,Not sampled in 146.7 years
grid10km,10kmE406N410,1880-10-01,1743,1,Not sampled in 145.2 years
grid10km,10kmE515N497,1881-08-01,1733,1,Not sampled in 144.4 years
grid10km,10kmE372N491,1881-08-01,1733,1,Not sampled in 144.4 years
grid10km,10kmE535N498,1881-08-01,1733,1,Not sampled in 144.4 years
grid10km,10kmE536N488,1881-08-01,1733,1,Not sampled in 144.4 years
grid10km,10kmE533N530,1881-08-01,1733,1,Not sampled in 144.4 years
grid10km,10kmE451N523,1881-09-01,1732,1,Not sampled in 144.3 years
grid10km,10kmE414N390,1882-08-01,1721,1,Not sampled in 143.4 years
grid10km,10kmE500N380,1882-08-01,1721,1,Not sampled in 143.4 years
grid10km,10kmE423N441,1882-09-01,1720,1,Not sampled in 143.3 years
grid10km,10kmE408N385,1883-06-01,1711,1,Not sampled in 142.6 years
grid10km,10kmE471N355,1883-07-01,1710,1,Not sampled in 142.5 years
grid10km,10kmE430N440,1883-07-01,1710,1,Not sampled in 142.5 years
grid10km,10kmE398N514,1884-06-01,1699,1,Not sampled in 141.6 years
grid10km,10kmE455N318,1884-06-01,1699,1,Not sampled in 141.6 years
grid10km,10kmE515N482,1884-06-01,1699,1,Not sampled in 141.6 years
grid10km,10kmE438N444,1884-07-01,1698,1,Not sampled in 141.5 years
grid10km,10kmE433N458,1884-07-01,1698,1,Not sampled in 141.5 years
grid10km,10kmE443N459,1884-08-01,1697,1,Not sampled in 141.4 years
grid10km,10kmE446N474,1885-08-01,1685,1,Not sampled in 140.4 years
grid10km,10kmE511N416,1886-07-01,1674,1,Not sampled in 139.5 years
grid10km,10kmE394N474,1886-07-01,1674,1,Not sampled in 139.5 years
grid10km,10kmE435N460,1887-06-01,1663,1,Not sampled in 138.6 years
grid10km,10kmE404N384,1887-08-01,1661,1,Not sampled in 138.4 years
grid10km,10kmE425N368,1887-12-01,1657,1,Not sampled in 138.1 years
grid10km,10kmE506N393,1887-12-01,1657,1,Not sampled in 138.1 years
grid10km,10kmE442N501,1888-05-01,1652,1,Not sampled in 137.7 years
grid10km,10kmE413N429,1888-05-01,1652,1,Not sampled in 137.7 years
grid10km,10kmE532N419,1888-09-01,1648,1,Not sampled in 137.3 years
grid10km,10kmE503N479,1890-03-01,1630,2,Not sampled in 135.8 years
grid10km,10kmE435N371,1890-04-01,1629,1,Not sampled in 135.8 years
grid10km,10kmE440N439,1890-07-01,1626,1,Not sampled in 135.5 years
grid10km,10kmE403N433,1890-07-01,1626,1,Not sampled in 135.5 years
grid10km,10kmE450N513,1890-07-01,1626,1,Not sampled in 135.5 years
grid10km,10kmE413N420,1890-09-01,1624,1,Not sampled in 135.3 years
grid10km,10kmE421N426,1890-09-01,1624,1,Not sampled in 135.3 years
grid10km,10kmE500N385,1890-09-01,1624,1,Not sampled in 135.3 years
grid10km,10kmE467N515,1890-10-01,1623,1,Not sampled in 135.2 years
grid10km,10kmE500N415,1890-10-01,1623,1,Not sampled in 135.2 years
grid10km,10kmE417N458,1890-10-01,1623,1,Not sampled in 135.2 years
grid10km,10kmE388N424,1890-11-01,1622,1,Not sampled in 135.2 years
grid10km,10kmE415N489,1890-11-01,1622,1,Not sampled in 135.2 years
grid10km,10kmE433N435,1890-11-01,1622,1,Not sampled in 135.2 years
grid10km,10kmE530N464,1890-11-01,1622,1,Not sampled in 135.2 years
grid10km,10kmE413N451,1890-11-01,1622,1,Not sampled in 135.2 years
grid10km,10kmE476N362,1890-11-01,1622,1,Not sampled in 135.2 years
grid10km,10kmE512N449,1890-11-01,1622,1,Not sampled in 135.2 years
grid10km,10kmE517N463,1890-11-01,1622,1,Not sampled in 135.2 years
grid10km,10kmE507N392,1890-12-01,1621,1,Not sampled in 135.1 years
grid10km,10kmE439N443,1890-12-01,1621,1,Not sampled in 135.1 years
grid10km,10kmE440N431,1890-12-01,1621,1,Not sampled in 135.1 years
grid10km,10kmE502N442,1890-12-01,1621,1,Not sampled in 135.1 years
grid10km,10kmE513N402,1891-01-01,1620,1,Not sampled in 135 years
grid10km,10kmE493N402,1891-01-01,1620,1,Not sampled in 135 years
grid10km,10kmE539N486,1891-01-01,1620,1,Not sampled in 135 years
grid10km,10kmE490N451,1891-01-01,1620,1,Not sampled in 135 years
grid10km,10kmE439N505,1891-01-01,1620,1,Not sampled in 135 years
grid10km,10kmE511N471,1891-02-01,1619,1,Not sampled in 134.9 years
grid10km,10kmE401N428,1891-02-01,1619,1,Not sampled in 134.9 years
grid10km,10kmE404N463,1891-02-01,1619,1,Not sampled in 134.9 years
grid10km,10kmE532N479,1891-02-01,1619,1,Not sampled in 134.9 years
grid10km,10kmE419N458,1891-02-01,1619,1,Not sampled in 134.9 years
grid10km,10kmE388N417,1891-03-01,1618,1,Not sampled in 134.8 years
grid10km,10kmE432N491,1891-03-01,1618,1,Not sampled in 134.8 years
grid10km,10kmE502N495,1891-03-01,1618,1,Not sampled in 134.8 years
grid10km,10kmE389N458,1891-04-01,1617,1,Not sampled in 134.8 years
grid10km,10kmE439N499,1891-04-01,1617,1,Not sampled in 134.8 years
grid10km,10kmE398N430,1891-04-01,1617,1,Not sampled in 134.8 years
grid10km,10kmE496N362,1891-04-01,1617,1,Not sampled in 134.8 years
grid10km,10kmE444N493,1891-04-01,1617,1,Not sampled in 134.8 years
grid10km,10kmE488N435,1891-04-01,1617,1,Not sampled in 134.8 years
grid10km,10kmE520N442,1891-04-01,1617,1,Not sampled in 134.8 years
grid10km,10kmE390N428,1891-04-01,1617,1,Not sampled in 134.8 years
grid10km,10kmE407N389,1891-04-01,1617,1,Not sampled in 134.8 years
grid10km,10kmE424N371,1891-04-01,1617,1,Not sampled in 134.8 years
grid10km,10kmE428N497,1891-05-01,1616,1,Not sampled in 134.7 years
grid10km,10kmE399N460,1891-05-01,1616,1,Not sampled in 134.7 years
grid10km,10kmE452N510,1891-05-01,1616,2,Not sampled in 134.7 years
grid10km,10kmE509N373,1891-05-01,1616,1,Not sampled in 134.7 years
grid10km,10kmE502N397,1891-05-01,1616,1,Not sampled in 134.7 years
grid10km,10kmE489N437,1891-05-01,1616,1,Not sampled in 134.7 years
grid10km,10kmE456N511,1891-05-01,1616,1,Not sampled in 134.7 years
grid10km,10kmE480N374,1891-05-01,1616,2,Not sampled in 134.7 years
grid10km,10kmE427N462,1891-05-01,1616,1,Not sampled in 134.7 years
grid10km,10kmE425N350,1891-05-01,1616,1,Not sampled in 134.7 years
grid10km,10kmE416N402,1891-05-01,1616,1,Not sampled in 134.7 years
grid10km,10kmE460N347,1891-05-01,1616,1,Not sampled in 134.7 years
grid10km,10kmE525N474,1891-05-01,1616,1,Not sampled in 134.7 years
grid10km,10kmE501N496,1891-06-01,1615,1,Not sampled in 134.6 years
grid10km,10kmE418N435,1891-06-01,1615,1,Not sampled in 134.6 years
grid10km,10kmE517N383,1891-06-01,1615,1,Not sampled in 134.6 years
grid10km,10kmE449N486,1891-07-01,1614,1,Not sampled in 134.5 years
grid10km,10kmE486N369,1891-07-01,1614,1,Not sampled in 134.5 years
grid10km,10kmE431N411,1891-07-01,1614,1,Not sampled in 134.5 years
grid10km,10kmE449N485,1891-07-01,1614,1,Not sampled in 134.5 years
grid10km,10kmE425N380,1891-07-01,1614,1,Not sampled in 134.5 years
grid10km,10kmE498N431,1891-07-01,1614,1,Not sampled in 134.5 years
grid10km,10kmE426N440,1891-07-01,1614,1,Not sampled in 134.5 years
grid10km,10kmE430N424,1891-08-01,1613,1,Not sampled in 134.4 years
grid10km,10kmE485N440,1891-08-01,1613,1,Not sampled in 134.4 years
grid10km,10kmE425N373,1891-08-01,1613,1,Not sampled in 134.4 years
grid10km,10kmE508N398,1891-08-01,1613,1,Not sampled in 134.4 years
grid10km,10kmE417N455,1891-09-01,1612,1,Not sampled in 134.3 years
grid10km,10kmE396N398,1891-09-01,1612,1,Not sampled in 134.3 years
grid10km,10kmE507N497,1891-09-01,1612,1,Not sampled in 134.3 years
grid10km,10kmE433N373,1891-09-01,1612,1,Not sampled in 134.3 years
grid10km,10kmE435N434,1891-10-01,1611,1,Not sampled in 134.2 years
grid10km,10kmE394N455,1891-11-01,1610,1,Not sampled in 134.2 years
grid10km,10kmE525N397,1891-11-01,1610,1,Not sampled in 134.2 years
grid10km,10kmE496N460,1891-11-01,1610,1,Not sampled in 134.2 years
grid10km,10kmE534N429,1891-11-01,1610,1,Not sampled in 134.2 years
grid10km,10kmE512N407,1891-12-01,1609,1,Not sampled in 134.1 years
grid10km,10kmE533N420,1891-12-01,1609,1,Not sampled in 134.1 years
grid10km,10kmE400N443,1892-04-01,1605,2,Not sampled in 133.8 years
grid10km,10kmE414N374,1892-04-01,1605,1,Not sampled in 133.8 years
grid10km,10kmE412N444,1892-04-01,1605,1,Not sampled in 133.8 years
grid10km,10kmE451N343,1892-05-01,1604,1,Not sampled in 133.7 years
grid10km,10kmE416N382,1892-05-01,1604,1,Not sampled in 133.7 years
grid10km,10kmE432N407,1892-05-01,1604,1,Not sampled in 133.7 years
grid10km,10kmE490N360,1892-05-01,1604,1,Not sampled in 133.7 years
grid10km,10kmE491N510,1892-05-01,1604,1,Not sampled in 133.7 years
grid10km,10kmE388N384,1892-05-01,1604,1,Not sampled in 133.7 years
grid10km,10kmE411N452,1892-05-01,1604,1,Not sampled in 133.7 years
grid10km,10kmE436N377,1892-06-01,1603,1,Not sampled in 133.6 years
grid10km,10kmE427N430,1892-06-01,1603,1,Not sampled in 133.6 years
grid10km,10kmE511N489,1892-06-01,1603,1,Not sampled in 133.6 years
grid10km,10kmE438N375,1892-07-01,1602,1,Not sampled in 133.5 years
grid10km,10kmE531N460,1893-01-01,1596,1,Not sampled in 133 years
grid10km,10kmE529N430,1893-03-01,1594,1,Not sampled in 132.8 years
grid10km,10kmE486N414,1893-03-01,1594,1,Not sampled in 132.8 years
grid10km,10kmE428N405,1893-03-01,1594,1,Not sampled in 132.8 years
grid10km,10kmE514N427,1893-04-01,1593,1,Not sampled in 132.8 years
grid10km,10kmE388N446,1893-04-01,1593,1,Not sampled in 132.8 years
grid10km,10kmE510N497,1893-04-01,1593,1,Not sampled in 132.8 years
grid10km,10kmE406N441,1893-05-01,1592,1,Not sampled in 132.7 years
grid10km,10kmE479N361,1893-05-01,1592,1,Not sampled in 132.7 years
grid10km,10kmE424N484,1893-08-01,1589,1,Not sampled in 132.4 years
grid10km,10kmE397N441,1893-09-01,1588,1,Not sampled in 132.3 years
grid10km,10kmE397N438,1894-01-01,1584,1,Not sampled in 132 years
grid10km,10kmE629N558,1894-02-01,1583,1,Not sampled in 131.9 years
grid10km,10kmE404N395,1894-04-01,1581,1,Not sampled in 131.8 years
grid10km,10kmE460N505,1894-06-01,1579,1,Not sampled in 131.6 years
grid10km,10kmE400N409,1894-06-01,1579,1,Not sampled in 131.6 years
grid10km,10kmE497N372,1894-06-01,1579,1,Not sampled in 131.6 years
grid10km,10kmE494N457,1894-07-01,1578,1,Not sampled in 131.5 years
grid10km,10kmE387N437,1894-07-01,1578,1,Not sampled in 131.5 years
grid10km,10kmE500N429,1894-11-01,1574,1,Not sampled in 131.2 years
grid10km,10kmE501N401,1895-05-01,1568,2,Not sampled in 130.7 years
grid10km,10kmE433N466,1895-05-01,1568,1,Not sampled in 130.7 years
grid10km,10kmE437N407,1895-05-01,1568,1,Not sampled in 130.7 years
grid10km,10kmE476N543,1895-05-01,1568,1,Not sampled in 130.7 years
grid10km,10kmE508N423,1895-06-01,1567,1,Not sampled in 130.6 years
grid10km,10kmE499N513,1895-06-01,1567,1,Not sampled in 130.6 years
grid10km,10kmE420N371,1895-06-01,1567,1,Not sampled in 130.6 years
grid10km,10kmE541N413,1895-06-01,1567,1,Not sampled in 130.6 years
grid10km,10kmE417N462,1895-07-01,1566,1,Not sampled in 130.5 years
grid10km,10kmE443N497,1895-07-01,1566,1,Not sampled in 130.5 years
grid10km,10kmE518N473,1895-07-01,1566,1,Not sampled in 130.5 years
grid10km,10kmE463N520,1895-07-01,1566,1,Not sampled in 130.5 years
grid10km,10kmE477N372,1895-08-01,1565,1,Not sampled in 130.4 years
grid10km,10kmE481N426,1895-08-01,1565,1,Not sampled in 130.4 years
grid10km,10kmE507N477,1895-10-01,1563,1,Not sampled in 130.2 years
grid10km,10kmE520N480,1895-10-01,1563,1,Not sampled in 130.2 years
grid10km,10kmE485N452,1896-05-01,1556,1,Not sampled in 129.7 years
grid10km,10kmE467N315,1896-06-01,1555,1,Not sampled in 129.6 years
grid10km,10kmE497N451,1896-07-01,1554,1,Not sampled in 129.5 years
grid10km,10kmE505N428,1896-07-01,1554,1,Not sampled in 129.5 years
grid10km,10kmE461N528,1896-07-01,1554,1,Not sampled in 129.5 years
grid10km,10kmE486N425,1896-08-01,1553,1,Not sampled in 129.4 years
grid10km,10kmE489N385,1896-08-01,1553,1,Not sampled in 129.4 years
grid10km,10kmE475N427,1896-08-01,1553,1,Not sampled in 129.4 years
grid10km,10kmE409N405,1896-09-01,1552,1,Not sampled in 129.3 years
grid10km,10kmE423N375,1896-09-01,1552,1,Not sampled in 129.3 years
grid10km,10kmE517N539,1897-06-01,1543,1,Not sampled in 128.6 years
grid10km,10kmE442N419,1897-07-01,1542,1,Not sampled in 128.5 years
grid10km,10kmE518N538,1897-07-01,1542,1,Not sampled in 128.5 years
grid10km,10kmE483N436,1897-07-01,1542,1,Not sampled in 128.5 years
grid10km,10kmE433N415,1897-07-01,1542,1,Not sampled in 128.5 years
grid10km,10kmE488N382,1897-08-01,1541,1,Not sampled in 128.4 years
grid10km,10kmE487N379,1897-08-01,1541,1,Not sampled in 128.4 years
grid10km,10kmE427N419,1897-08-01,1541,1,Not sampled in 128.4 years
grid10km,10kmE502N445,1897-09-01,1540,1,Not sampled in 128.3 years
grid10km,10kmE401N438,1898-04-01,1533,1,Not sampled in 127.8 years
grid10km,10kmE535N441,1898-05-01,1532,1,Not sampled in 127.7 years
grid10km,10kmE550N439,1898-05-01,1532,1,Not sampled in 127.7 years
grid10km,10kmE485N379,1898-06-01,1531,1,Not sampled in 127.6 years
grid10km,10kmE486N380,1898-06-01,1531,1,Not sampled in 127.6 years
grid10km,10kmE440N447,1898-07-01,1530,1,Not sampled in 127.5 years
grid10km,10kmE477N387,1898-07-01,1530,2,Not sampled in 127.5 years
grid10km,10kmE480N391,1898-08-01,1529,2,Not sampled in 127.4 years
grid10km,10kmE476N385,1898-08-01,1529,2,Not sampled in 127.4 years
grid10km,10kmE490N383,1898-08-01,1529,1,Not sampled in 127.4 years
grid10km,10kmE474N556,1899-05-01,1520,1,Not sampled in 126.7 years
grid10km,10kmE490N511,1899-06-01,1519,1,Not sampled in 126.6 years
grid10km,10kmE443N413,1899-06-01,1519,1,Not sampled in 126.6 years
grid10km,10kmE498N480,1899-08-01,1517,2,Not sampled in 126.4 years
grid10km,10kmE437N454,1899-08-01,1517,1,Not sampled in 126.4 years
grid10km,10kmE391N424,1900-07-01,1506,1,Not sampled in 125.5 years
grid10km,10kmE498N494,1900-08-01,1505,1,Not sampled in 125.4 years
grid10km,10kmE500N489,1901-07-01,1494,1,Not sampled in 124.5 years
grid10km,10kmE496N497,1901-08-01,1493,1,Not sampled in 124.4 years
grid10km,10kmE496N487,1901-08-01,1493,2,Not sampled in 124.4 years
grid10km,10kmE452N489,1901-08-01,1493,1,Not sampled in 124.4 years
grid10km,10kmE493N359,1901-08-01,1493,1,Not sampled in 124.4 years
grid10km,10kmE414N395,1901-08-01,1493,1,Not sampled in 124.4 years
grid10km,10kmE375N460,1901-08-01,1493,1,Not sampled in 124.4 years
grid10km,10kmE506N496,1901-09-01,1492,1,Not sampled in 124.3 years
grid10km,10kmE438N330,1902-06-01,1483,1,Not sampled in 123.6 years
grid10km,10kmE494N503,1902-07-01,1482,1,Not sampled in 123.5 years
grid10km,10kmE499N488,1902-07-01,1482,1,Not sampled in 123.5 years
grid10km,10kmE479N374,1902-07-01,1482,1,Not sampled in 123.5 years
grid10km,10kmE476N371,1902-08-01,1481,1,Not sampled in 123.4 years
grid10km,10kmE478N377,1902-08-01,1481,1,Not sampled in 123.4 years
grid10km,10kmE428N434,1902-09-01,1480,1,Not sampled in 123.3 years
grid10km,10kmE523N405,1902-10-01,1479,1,Not sampled in 123.2 years
grid10km,10kmE499N387,1903-07-01,1470,1,Not sampled in 122.5 years
grid10km,10kmE453N542,1903-07-01,1470,1,Not sampled in 122.5 years
grid10km,10kmE425N450,1903-08-01,1469,1,Not sampled in 122.4 years
grid10km,10kmE480N390,1904-06-01,1459,4,Not sampled in 121.6 years
grid10km,10kmE483N444,1904-06-01,1459,1,Not sampled in 121.6 years
grid10km,10kmE409N478,1904-07-01,1458,1,Not sampled in 121.5 years
grid10km,10kmE463N507,1904-08-01,1457,1,Not sampled in 121.4 years
grid10km,10kmE484N413,1905-05-01,1448,1,Not sampled in 120.7 years
grid10km,10kmE459N512,1905-06-01,1447,1,Not sampled in 120.6 years
grid10km,10kmE433N486,1906-07-01,1434,1,Not sampled in 119.5 years
grid10km,10kmE430N460,1908-08-01,1409,1,Not sampled in 117.4 years
grid10km,10kmE519N387,1909-07-01,1398,1,Not sampled in 116.5 years
grid10km,10kmE520N465,1910-04-01,1389,1,Not sampled in 115.8 years
grid10km,10kmE488N383,1910-07-01,1386,1,Not sampled in 115.5 years
grid10km,10kmE478N380,1910-07-01,1386,1,Not sampled in 115.5 years
grid10km,10kmE483N516,1910-07-01,1386,1,Not sampled in 115.5 years
grid10km,10kmE522N390,1910-08-01,1385,1,Not sampled in 115.4 years
grid10km,10kmE404N467,1910-09-01,1384,1,Not sampled in 115.3 years
grid10km,10kmE478N387,1911-07-01,1374,2,Not sampled in 114.5 years
grid10km,10kmE417N426,1911-07-01,1374,1,Not sampled in 114.5 years
grid10km,10kmE426N399,1911-08-01,1373,1,Not sampled in 114.4 years
grid10km,10kmE429N502,1911-09-01,1372,1,Not sampled in 114.3 years
grid10km,10kmE421N386,1912-06-01,1363,1,Not sampled in 113.6 years
grid10km,10kmE487N515,1912-07-01,1362,1,Not sampled in 113.5 years
grid10km,10kmE426N421,1912-07-01,1362,1,Not sampled in 113.5 years
grid10km,10kmE503N388,1912-08-01,1361,1,Not sampled in 113.4 years
grid10km,10kmE524N391,1912-09-01,1360,1,Not sampled in 113.3 years
grid10km,10kmE412N401,1913-06-01,1351,1,Not sampled in 112.6 years
grid10km,10kmE478N383,1913-06-01,1351,2,Not sampled in 112.6 years
grid10km,10kmE489N395,1913-08-01,1349,1,Not sampled in 112.4 years
grid10km,10kmE433N395,1914-03-01,1342,1,Not sampled in 111.8 years
grid10km,10kmE426N429,1914-05-01,1340,1,Not sampled in 111.7 years
grid10km,10kmE492N499,1914-07-01,1338,2,Not sampled in 111.5 years
grid10km,10kmE522N446,1914-08-01,1337,1,Not sampled in 111.4 years
grid10km,10kmE428N366,1914-08-01,1337,1,Not sampled in 111.4 years
grid10km,10kmE435N448,1915-06-01,1327,1,Not sampled in 110.6 years
grid10km,10kmE441N460,1915-07-01,1326,1,Not sampled in 110.5 years
grid10km,10kmE514N468,1915-08-01,1325,1,Not sampled in 110.4 years
grid10km,10kmE447N506,1916-06-01,1315,1,Not sampled in 109.6 years
grid10km,10kmE519N425,1916-09-01,1312,1,Not sampled in 109.3 years
grid10km,10kmE423N394,1917-06-01,1303,1,Not sampled in 108.6 years
grid10km,10kmE401N453,1917-07-01,1302,1,Not sampled in 108.5 years
grid10km,10kmE448N504,1918-07-01,1290,1,Not sampled in 107.5 years
grid10km,10kmE500N418,1918-08-01,1289,1,Not sampled in 107.4 years
grid10km,10kmE487N406,1918-11-01,1286,1,Not sampled in 107.2 years
grid10km,10kmE474N385,1920-06-01,1267,10,Not sampled in 105.6 years
grid10km,10kmE389N410,1920-07-01,1266,1,Not sampled in 105.5 years
grid10km,10kmE409N391,1920-08-01,1265,1,Not sampled in 105.4 years
grid10km,10kmE425N457,1920-09-01,1264,1,Not sampled in 105.3 years
grid10km,10kmE407N451,1921-05-01,1256,1,Not sampled in 104.7 years
grid10km,10kmE506N388,1921-08-01,1253,1,Not sampled in 104.4 years
grid10km,10kmE393N461,1922-06-01,1243,1,Not sampled in 103.6 years
grid10km,10kmE450N457,1922-07-01,1242,1,Not sampled in 103.5 years
grid10km,10kmE429N449,1923-07-01,1230,1,Not sampled in 102.5 years
grid10km,10kmE537N428,1923-07-01,1230,1,Not sampled in 102.5 years
grid10km,10kmE422N426,1923-07-01,1230,1,Not sampled in 102.5 years
grid10km,10kmE418N400,1924-06-01,1219,1,Not sampled in 101.6 years
grid10km,10kmE425N425,1924-06-01,1219,1,Not sampled in 101.6 years
grid10km,10kmE392N448,1924-06-01,1219,1,Not sampled in 101.6 years
grid10km,10kmE511N495,1924-07-01,1218,1,Not sampled in 101.5 years
grid10km,10kmE481N424,1924-07-01,1218,1,Not sampled in 101.5 years
grid10km,10kmE456N484,1924-07-01,1218,2,Not sampled in 101.5 years
grid10km,10kmE409N384,1924-07-01,1218,1,Not sampled in 101.5 years
grid10km,10kmE462N506,1924-08-01,1217,1,Not sampled in 101.4 years
grid10km,10kmE515N431,1924-08-01,1217,1,Not sampled in 101.4 years
grid10km,10kmE403N394,1925-07-01,1206,1,Not sampled in 100.5 years
grid10km,10kmE518N474,1925-08-01,1205,1,Not sampled in 100.4 years
grid10km,10kmE424N451,1925-08-01,1205,1,Not sampled in 100.4 years
grid10km,10kmE511N396,1925-09-01,1204,1,Not sampled in 100.3 years
grid10km,10kmE516N437,1925-09-01,1204,1,Not sampled in 100.3 years
grid10km,10kmE496N449,1926-05-01,1196,1,Not sampled in 99.7 years
grid10km,10kmE503N487,1926-06-01,1195,1,Not sampled in 99.6 years
grid10km,10kmE513N433,1926-06-01,1195,1,Not sampled in 99.6 years
grid10km,10kmE441N401,1926-07-01,1194,1,Not sampled in 99.5 years
grid10km,10kmE414N471,1926-08-01,1193,1,Not sampled in 99.4 years
grid10km,10kmE415N470,1926-08-01,1193,1,Not sampled in 99.4 years
grid10km,10kmE436N499,1926-08-01,1193,1,Not sampled in 99.4 years
grid10km,10kmE507N400,1926-09-01,1192,1,Not sampled in 99.3 years
grid10km,10kmE390N422,1926-09-01,1192,1,Not sampled in 99.3 years
grid10km,10kmE390N448,1926-09-01,1192,1,Not sampled in 99.3 years
grid10km,10kmE403N417,1926-09-01,1192,1,Not sampled in 99.3 years
grid10km,10kmE500N401,1926-09-01,1192,1,Not sampled in 99.3 years
grid10km,10kmE502N389,1926-09-01,1192,1,Not sampled in 99.3 years
grid10km,10kmE531N444,1926-09-01,1192,1,Not sampled in 99.3 years
grid10km,10kmE496N386,1926-09-01,1192,1,Not sampled in 99.3 years
grid10km,10kmE416N420,1926-09-01,1192,1,Not sampled in 99.3 years
grid10km,10kmE518N471,1926-09-01,1192,1,Not sampled in 99.3 years
grid10km,10kmE434N397,1927-05-01,1184,1,Not sampled in 98.7 years
grid10km,10kmE509N453,1927-06-01,1183,1,Not sampled in 98.6 years
grid10km,10kmE413N397,1927-06-01,1183,1,Not sampled in 98.6 years
grid10km,10kmE439N402,1927-06-01,1183,1,Not sampled in 98.6 years
grid10km,10kmE421N412,1927-06-01,1183,1,Not sampled in 98.6 years
grid10km,10kmE445N466,1927-06-01,1183,1,Not sampled in 98.6 years
grid10km,10kmE437N372,1927-06-01,1183,1,Not sampled in 98.6 years
grid10km,10kmE495N436,1927-06-01,1183,1,Not sampled in 98.6 years
grid10km,10kmE531N438,1927-06-01,1183,1,Not sampled in 98.6 years
grid10km,10kmE429N427,1927-06-01,1183,1,Not sampled in 98.6 years
grid10km,10kmE499N406,1927-06-01,1183,1,Not sampled in 98.6 years
grid10km,10kmE417N450,1927-07-01,1182,1,Not sampled in 98.5 years
grid10km,10kmE403N447,1927-07-01,1182,1,Not sampled in 98.5 years
grid10km,10kmE443N470,1927-07-01,1182,1,Not sampled in 98.5 years
grid10km,10kmE501N459,1927-07-01,1182,1,Not sampled in 98.5 years
grid10km,10kmE482N434,1927-07-01,1182,1,Not sampled in 98.5 years
grid10km,10kmE517N441,1927-07-01,1182,1,Not sampled in 98.5 years
grid10km,10kmE431N469,1927-07-01,1182,1,Not sampled in 98.5 years
grid10km,10kmE510N473,1927-07-01,1182,1,Not sampled in 98.5 years
grid10km,10kmE511N428,1927-07-01,1182,1,Not sampled in 98.5 years
grid10km,10kmE515N392,1927-07-01,1182,1,Not sampled in 98.5 years
grid10km,10kmE430N448,1927-07-01,1182,1,Not sampled in 98.5 years
grid10km,10kmE430N383,1927-07-01,1182,1,Not sampled in 98.5 years
grid10km,10kmE520N425,1927-07-01,1182,1,Not sampled in 98.5 years
grid10km,10kmE420N405,1927-07-01,1182,1,Not sampled in 98.5 years
grid10km,10kmE389N440,1927-08-01,1181,1,Not sampled in 98.4 years
grid10km,10kmE413N411,1927-08-01,1181,1,Not sampled in 98.4 years
grid10km,10kmE423N446,1927-08-01,1181,1,Not sampled in 98.4 years
grid10km,10kmE486N427,1927-08-01,1181,1,Not sampled in 98.4 years
grid10km,10kmE435N453,1927-08-01,1181,1,Not sampled in 98.4 years
grid10km,10kmE416N474,1927-08-01,1181,1,Not sampled in 98.4 years
grid10km,10kmE518N429,1927-08-01,1181,1,Not sampled in 98.4 years
grid10km,10kmE497N383,1927-08-01,1181,1,Not sampled in 98.4 years
grid10km,10kmE504N455,1927-08-01,1181,1,Not sampled in 98.4 years
grid10km,10kmE406N483,1927-08-01,1181,1,Not sampled in 98.4 years
grid10km,10kmE420N427,1927-08-01,1181,1,Not sampled in 98.4 years
grid10km,10kmE510N378,1927-09-01,1180,1,Not sampled in 98.3 years
grid10km,10kmE401N471,1927-09-01,1180,1,Not sampled in 98.3 years
grid10km,10kmE422N473,1928-06-01,1171,1,Not sampled in 97.6 years
grid10km,10kmE496N414,1928-07-01,1170,1,Not sampled in 97.5 years
grid10km,10kmE441N455,1928-07-01,1170,1,Not sampled in 97.5 years
grid10km,10kmE534N436,1928-07-01,1170,2,Not sampled in 97.5 years
grid10km,10kmE406N424,1928-07-01,1170,1,Not sampled in 97.5 years
grid10km,10kmE394N444,1928-07-01,1170,1,Not sampled in 97.5 years
grid10km,10kmE509N457,1928-08-01,1169,1,Not sampled in 97.4 years
grid10km,10kmE391N456,1928-08-01,1169,1,Not sampled in 97.4 years
grid10km,10kmE397N443,1928-08-01,1169,1,Not sampled in 97.4 years
grid10km,10kmE511N390,1928-08-01,1169,1,Not sampled in 97.4 years
grid10km,10kmE491N425,1928-08-01,1169,1,Not sampled in 97.4 years
grid10km,10kmE489N430,1928-08-01,1169,1,Not sampled in 97.4 years
grid10km,10kmE406N426,1928-08-01,1169,1,Not sampled in 97.4 years
grid10km,10kmE475N421,1928-08-01,1169,1,Not sampled in 97.4 years
grid10km,10kmE401N390,1928-08-01,1169,1,Not sampled in 97.4 years
grid10km,10kmE405N484,1928-08-01,1169,1,Not sampled in 97.4 years
grid10km,10kmE409N457,1929-03-01,1162,1,Not sampled in 96.8 years
grid10km,10kmE472N363,1929-06-01,1159,1,Not sampled in 96.6 years
grid10km,10kmE414N467,1929-07-01,1158,1,Not sampled in 96.5 years
grid10km,10kmE476N516,1929-07-01,1158,1,Not sampled in 96.5 years
grid10km,10kmE426N432,1929-08-01,1157,1,Not sampled in 96.4 years
grid10km,10kmE455N485,1929-08-01,1157,1,Not sampled in 96.4 years
grid10km,10kmE479N421,1929-08-01,1157,1,Not sampled in 96.4 years
grid10km,10kmE444N488,1929-08-01,1157,1,Not sampled in 96.4 years
grid10km,10kmE415N474,1929-08-01,1157,1,Not sampled in 96.4 years
grid10km,10kmE505N469,1929-09-01,1156,1,Not sampled in 96.3 years
grid10km,10kmE476N372,1930-05-01,1148,1,Not sampled in 95.7 years
grid10km,10kmE390N415,1930-06-01,1147,1,Not sampled in 95.6 years
grid10km,10kmE504N447,1930-06-01,1147,1,Not sampled in 95.6 years
grid10km,10kmE425N433,1930-07-01,1146,1,Not sampled in 95.5 years
grid10km,10kmE483N442,1930-07-01,1146,1,Not sampled in 95.5 years
grid10km,10kmE488N445,1930-07-01,1146,1,Not sampled in 95.5 years
grid10km,10kmE484N434,1930-07-01,1146,1,Not sampled in 95.5 years
grid10km,10kmE512N471,1930-08-01,1145,1,Not sampled in 95.4 years
grid10km,10kmE493N445,1930-08-01,1145,1,Not sampled in 95.4 years
grid10km,10kmE415N398,1930-08-01,1145,1,Not sampled in 95.4 years
grid10km,10kmE421N413,1930-08-01,1145,1,Not sampled in 95.4 years
grid10km,10kmE481N368,1930-08-01,1145,1,Not sampled in 95.4 years
grid10km,10kmE512N402,1930-08-01,1145,1,Not sampled in 95.4 years
grid10km,10kmE514N442,1930-09-01,1144,1,Not sampled in 95.3 years
grid10km,10kmE493N393,1930-09-01,1144,1,Not sampled in 95.3 years
grid10km,10kmE398N466,1930-09-01,1144,1,Not sampled in 95.3 years
grid10km,10kmE446N501,1931-05-01,1136,1,Not sampled in 94.7 years
grid10km,10kmE418N420,1931-05-01,1136,1,Not sampled in 94.7 years
grid10km,10kmE426N446,1931-05-01,1136,1,Not sampled in 94.7 years
grid10km,10kmE511N379,1931-06-01,1135,1,Not sampled in 94.6 years
grid10km,10kmE392N409,1931-06-01,1135,1,Not sampled in 94.6 years
grid10km,10kmE466N363,1931-07-01,1134,1,Not sampled in 94.5 years
grid10km,10kmE402N461,1931-07-01,1134,1,Not sampled in 94.5 years
grid10km,10kmE421N491,1931-07-01,1134,1,Not sampled in 94.5 years
grid10km,10kmE512N400,1931-07-01,1134,1,Not sampled in 94.5 years
grid10km,10kmE417N428,1931-07-01,1134,1,Not sampled in 94.5 years
grid10km,10kmE402N426,1931-07-01,1134,1,Not sampled in 94.5 years
grid10km,10kmE428N377,1931-08-01,1133,1,Not sampled in 94.4 years
grid10km,10kmE509N446,1931-08-01,1133,1,Not sampled in 94.4 years
grid10km,10kmE417N384,1931-09-01,1132,1,Not sampled in 94.3 years
grid10km,10kmE441N433,1932-07-01,1122,1,Not sampled in 93.5 years
grid10km,10kmE437N418,1932-08-01,1121,1,Not sampled in 93.4 years
grid10km,10kmE502N490,1932-08-01,1121,1,Not sampled in 93.4 years
grid10km,10kmE488N430,1932-09-01,1120,1,Not sampled in 93.3 years
grid10km,10kmE401N406,1932-09-01,1120,1,Not sampled in 93.3 years
grid10km,10kmE387N460,1932-09-01,1120,1,Not sampled in 93.3 years
grid10km,10kmE500N413,1933-01-01,1116,1,Not sampled in 93 years
grid10km,10kmE513N478,1933-05-01,1112,1,Not sampled in 92.7 years
grid10km,10kmE444N415,1933-07-01,1110,2,Not sampled in 92.5 years
grid10km,10kmE499N482,1934-06-01,1099,3,Not sampled in 91.6 years
grid10km,10kmE448N460,1934-07-01,1098,2,Not sampled in 91.5 years
grid10km,10kmE441N432,1934-08-01,1097,5,Not sampled in 91.4 years
grid10km,10kmE448N462,1935-08-01,1085,5,Not sampled in 90.4 years
grid10km,10kmE474N366,1935-08-01,1085,1,Not sampled in 90.4 years
grid10km,10kmE500N487,1935-08-01,1085,1,Not sampled in 90.4 years
grid10km,10kmE394N433,1935-11-01,1082,1,Not sampled in 90.2 years
grid10km,10kmE396N466,1936-05-01,1076,1,Not sampled in 89.7 years
grid10km,10kmE440N373,1936-06-01,1075,1,Not sampled in 89.6 years
grid10km,10kmE452N344,1936-08-01,1073,1,Not sampled in 89.4 years
grid10km,10kmE413N459,1937-07-01,1062,1,Not sampled in 88.5 years
grid10km,10kmE509N423,1938-07-01,1050,1,Not sampled in 87.5 years
grid10km,10kmE433N489,1938-07-01,1050,1,Not sampled in 87.5 years
grid10km,10kmE481N514,1939-08-01,1037,6,Not sampled in 86.4 years
grid10km,10kmE489N508,1939-08-01,1037,2,Not sampled in 86.4 years
grid10km,10kmE485N515,1939-08-01,1037,1,Not sampled in 86.4 years
grid10km,10kmE455N493,1941-07-01,1014,1,Not sampled in 84.5 years
grid10km,10kmE442N452,1942-07-01,1002,3,Not sampled in 83.5 years
grid10km,10kmE482N516,1942-07-01,1002,3,Not sampled in 83.5 years
grid10km,10kmE446N456,1942-08-01,1001,11,Not sampled in 83.4 years
grid10km,10kmE443N454,1942-08-01,1001,14,Not sampled in 83.4 years
grid10km,10kmE447N456,1942-08-01,1001,8,Not sampled in 83.4 years
grid10km,10kmE501N462,1942-09-01,1000,1,Not sampled in 83.3 years
grid10km,10kmE522N391,1942-09-01,1000,1,Not sampled in 83.3 years
grid10km,10kmE498N476,1942-11-01,998,1,Not sampled in 83.2 years
grid10km,10kmE494N475,1942-11-01,998,1,Not sampled in 83.2 years
grid10km,10kmE449N456,1943-06-01,991,3,Not sampled in 82.6 years
grid10km,10kmE500N408,1943-07-01,990,1,Not sampled in 82.5 years
grid10km,10kmE449N465,1943-08-01,989,10,Not sampled in 82.4 years
grid10km,10kmE396N476,1943-08-01,989,1,Not sampled in 82.4 years
grid10km,10kmE48N843,1944-06-01,979,1,Not sampled in 81.6 years
grid10km,10kmE470N367,1944-06-01,979,3,Not sampled in 81.6 years
grid10km,10kmE520N475,1944-07-01,978,1,Not sampled in 81.5 years
grid10km,10kmE467N510,1944-07-01,978,3,Not sampled in 81.5 years
grid10km,10kmE450N456,1944-07-01,978,7,Not sampled in 81.5 years
grid10km,10kmE470N512,1944-08-01,977,4,Not sampled in 81.4 years
grid10km,10kmE495N474,1945-06-01,967,1,Not sampled in 80.6 years
grid10km,10kmE446N468,1945-09-01,964,1,Not sampled in 80.3 years
grid10km,10kmE511N459,1946-05-01,956,1,Not sampled in 79.7 years
grid10km,10kmE498N495,1946-06-01,955,1,Not sampled in 79.6 years
grid10km,10kmE515N452,1946-07-01,954,1,Not sampled in 79.5 years
grid10km,10kmE438N432,1946-07-01,954,1,Not sampled in 79.5 years
grid10km,10kmE492N434,1946-07-01,954,1,Not sampled in 79.5 years
grid10km,10kmE397N475,1946-07-01,954,1,Not sampled in 79.5 years
grid10km,10kmE512N439,1946-08-01,953,1,Not sampled in 79.4 years
grid10km,10kmE490N432,1946-08-01,953,1,Not sampled in 79.4 years
grid10km,10kmE483N447,1946-08-01,953,1,Not sampled in 79.4 years
grid10km,10kmE507N449,1946-09-01,952,1,Not sampled in 79.3 years
grid10km,10kmE415N494,1946-09-01,952,1,Not sampled in 79.3 years
grid10km,10kmE512N481,1946-09-01,952,2,Not sampled in 79.3 years
grid10km,10kmE486N379,1946-10-01,951,1,Not sampled in 79.2 years
grid10km,10kmE459N514,1946-11-01,950,1,Not sampled in 79.2 years
grid10km,10kmE426N486,1947-04-01,945,1,Not sampled in 78.8 years
grid10km,10kmE508N384,1947-05-01,944,1,Not sampled in 78.7 years
grid10km,10kmE511N422,1947-05-01,944,1,Not sampled in 78.7 years
grid10km,10kmE489N382,1947-05-01,944,1,Not sampled in 78.7 years
grid10km,10kmE390N467,1947-06-01,943,1,Not sampled in 78.6 years
grid10km,10kmE475N438,1947-07-01,942,1,Not sampled in 78.5 years
grid10km,10kmE417N442,1947-07-01,942,1,Not sampled in 78.5 years
grid10km,10kmE516N484,1947-07-01,942,1,Not sampled in 78.5 years
grid10km,10kmE466N509,1947-08-01,941,1,Not sampled in 78.4 years
grid10km,10kmE504N428,1947-08-01,941,1,Not sampled in 78.4 years
grid10km,10kmE415N402,1947-08-01,941,1,Not sampled in 78.4 years
grid10km,10kmE440N410,1947-08-01,941,1,Not sampled in 78.4 years
grid10km,10kmE391N429,1947-08-01,941,1,Not sampled in 78.4 years
grid10km,10kmE504N402,1947-08-01,941,1,Not sampled in 78.4 years
grid10km,10kmE514N422,1947-08-01,941,1,Not sampled in 78.4 years
grid10km,10kmE427N392,1947-08-01,941,1,Not sampled in 78.4 years
grid10km,10kmE506N433,1947-09-01,940,1,Not sampled in 78.3 years
grid10km,10kmE399N404,1947-09-01,940,1,Not sampled in 78.3 years
grid10km,10kmE425N392,1947-10-01,939,1,Not sampled in 78.2 years
grid10km,10kmE518N445,1947-11-01,938,1,Not sampled in 78.2 years
grid10km,10kmE533N417,1948-05-01,932,2,Not sampled in 77.7 years
grid10km,10kmE427N423,1948-05-01,932,1,Not sampled in 77.7 years
grid10km,10kmE399N437,1948-06-01,931,1,Not sampled in 77.6 years
grid10km,10kmE424N500,1948-07-01,930,1,Not sampled in 77.5 years
grid10km,10kmE485N511,1948-07-01,930,5,Not sampled in 77.5 years
grid10km,10kmE418N497,1948-07-01,930,1,Not sampled in 77.5 years
grid10km,10kmE487N513,1948-07-01,930,2,Not sampled in 77.5 years
grid10km,10kmE387N428,1948-07-01,930,1,Not sampled in 77.5 years
grid10km,10kmE477N430,1948-07-01,930,1,Not sampled in 77.5 years
grid10km,10kmE521N478,1948-07-01,930,1,Not sampled in 77.5 years
grid10km,10kmE431N443,1948-07-01,930,1,Not sampled in 77.5 years
grid10km,10kmE477N513,1948-08-01,929,10,Not sampled in 77.4 years
grid10km,10kmE483N511,1948-08-01,929,10,Not sampled in 77.4 years
grid10km,10kmE486N510,1948-08-01,929,11,Not sampled in 77.4 years
grid10km,10kmE488N507,1948-08-01,929,8,Not sampled in 77.4 years
grid10km,10kmE485N509,1948-08-01,929,8,Not sampled in 77.4 years
grid10km,10kmE430N487,1948-08-01,929,1,Not sampled in 77.4 years
grid10km,10kmE440N448,1948-08-01,929,1,Not sampled in 77.4 years
grid10km,10kmE433N455,1948-08-01,929,1,Not sampled in 77.4 years
grid10km,10kmE433N447,1949-01-01,924,1,Not sampled in 77 years
grid10km,10kmE405N422,1949-01-01,924,1,Not sampled in 77 years
grid10km,10kmE414N455,1949-01-01,924,1,Not sampled in 77 years
grid10km,10kmE395N458,1949-01-01,924,1,Not sampled in 77 years
grid10km,10kmE516N388,1949-01-01,924,1,Not sampled in 77 years
grid10km,10kmE444N478,1949-04-01,921,1,Not sampled in 76.8 years
grid10km,10kmE481N512,1949-07-01,918,9,Not sampled in 76.5 years
grid10km,10kmE482N511,1949-07-01,918,10,Not sampled in 76.5 years
grid10km,10kmE480N516,1949-07-01,918,18,Not sampled in 76.5 years
grid10km,10kmE479N514,1949-07-01,918,12,Not sampled in 76.5 years
grid10km,10kmE487N512,1949-07-01,918,9,Not sampled in 76.5 years
grid10km,10kmE484N512,1949-07-01,918,10,Not sampled in 76.5 years
grid10km,10kmE482N512,1949-07-01,918,12,Not sampled in 76.5 years
grid10km,10kmE484N511,1949-07-01,918,8,Not sampled in 76.5 years
grid10km,10kmE480N515,1949-07-01,918,9,Not sampled in 76.5 years
grid10km,10kmE487N511,1949-07-01,918,7,Not sampled in 76.5 years
grid10km,10kmE478N513,1949-07-01,918,10,Not sampled in 76.5 years
grid10km,10kmE481N515,1949-07-01,918,8,Not sampled in 76.5 years
grid10km,10kmE475N515,1949-07-01,918,7,Not sampled in 76.5 years
grid10km,10kmE486N513,1949-07-01,918,8,Not sampled in 76.5 years
grid10km,10kmE480N512,1949-07-01,918,11,Not sampled in 76.5 years
grid10km,10kmE487N509,1949-07-01,918,12,Not sampled in 76.5 years
grid10km,10kmE490N460,1949-07-01,918,1,Not sampled in 76.5 years
grid10km,10kmE478N516,1949-07-01,918,10,Not sampled in 76.5 years
grid10km,10kmE488N511,1949-07-01,918,5,Not sampled in 76.5 years
grid10km,10kmE522N479,1949-07-01,918,1,Not sampled in 76.5 years
grid10km,10kmE489N506,1949-07-01,918,2,Not sampled in 76.5 years
grid10km,10kmE477N373,1949-07-01,918,1,Not sampled in 76.5 years
grid10km,10kmE485N510,1949-08-01,917,8,Not sampled in 76.4 years
grid10km,10kmE487N510,1949-08-01,917,9,Not sampled in 76.4 years
grid10km,10kmE478N514,1949-08-01,917,15,Not sampled in 76.4 years
grid10km,10kmE484N510,1949-08-01,917,8,Not sampled in 76.4 years
grid10km,10kmE482N515,1949-08-01,917,7,Not sampled in 76.4 years
grid10km,10kmE485N508,1949-08-01,917,8,Not sampled in 76.4 years
grid10km,10kmE445N455,1949-08-01,917,29,Not sampled in 76.4 years
grid10km,10kmE486N509,1949-08-01,917,9,Not sampled in 76.4 years
grid10km,10kmE488N509,1949-08-01,917,3,Not sampled in 76.4 years
grid10km,10kmE486N514,1949-08-01,917,5,Not sampled in 76.4 years
grid10km,10kmE448N461,1949-08-01,917,6,Not sampled in 76.4 years
grid10km,10kmE477N516,1949-08-01,917,6,Not sampled in 76.4 years
grid10km,10kmE463N502,1949-08-01,917,5,Not sampled in 76.4 years
grid10km,10kmE463N503,1949-08-01,917,3,Not sampled in 76.4 years
grid10km,10kmE501N480,1949-09-01,916,2,Not sampled in 76.3 years
grid10km,10kmE500N478,1949-09-01,916,3,Not sampled in 76.3 years
grid10km,10kmE522N468,1949-09-01,916,1,Not sampled in 76.3 years
grid10km,10kmE498N487,1949-09-01,916,1,Not sampled in 76.3 years
grid10km,10kmE498N473,1949-09-01,916,2,Not sampled in 76.3 years
grid10km,10kmE494N472,1949-09-01,916,3,Not sampled in 76.3 years
grid10km,10kmE492N473,1949-09-01,916,2,Not sampled in 76.3 years
grid10km,10kmE499N478,1949-09-01,916,2,Not sampled in 76.3 years
grid10km,10kmE503N484,1949-09-01,916,2,Not sampled in 76.3 years
grid10km,10kmE501N476,1949-09-01,916,2,Not sampled in 76.3 years
grid10km,10kmE484N378,1950-04-01,909,3,Not sampled in 75.8 years
grid10km,10kmE479N513,1950-07-01,906,8,Not sampled in 75.5 years
grid10km,10kmE483N514,1950-07-01,906,11,Not sampled in 75.5 years
grid10km,10kmE484N515,1950-07-01,906,13,Not sampled in 75.5 years
grid10km,10kmE484N513,1950-07-01,906,8,Not sampled in 75.5 years
grid10km,10kmE483N515,1950-07-01,906,11,Not sampled in 75.5 years
grid10km,10kmE482N514,1950-07-01,906,7,Not sampled in 75.5 years
grid10km,10kmE483N510,1950-07-01,906,8,Not sampled in 75.5 years
grid10km,10kmE477N515,1950-07-01,906,9,Not sampled in 75.5 years
grid10km,10kmE478N515,1950-07-01,906,9,Not sampled in 75.5 years
grid10km,10kmE503N500,1950-07-01,906,1,Not sampled in 75.5 years
grid10km,10kmE483N513,1950-08-01,905,11,Not sampled in 75.4 years
grid10km,10kmE500N485,1950-08-01,905,1,Not sampled in 75.4 years
grid10km,10kmE494N474,1950-08-01,905,2,Not sampled in 75.4 years
grid10km,10kmE503N478,1950-08-01,905,1,Not sampled in 75.4 years
grid10km,10kmE496N476,1950-10-01,903,2,Not sampled in 75.2 years
grid10km,10kmE444N454,1951-08-01,893,27,Not sampled in 74.4 years
grid10km,10kmE485N513,1951-08-01,893,8,Not sampled in 74.4 years
grid10km,10kmE450N458,1951-08-01,893,8,Not sampled in 74.4 years
grid10km,10kmE488N506,1951-08-01,893,10,Not sampled in 74.4 years
grid10km,10kmE490N503,1951-08-01,893,5,Not sampled in 74.4 years
grid10km,10kmE495N498,1951-08-01,893,2,Not sampled in 74.4 years
grid10km,10kmE496N473,1951-09-01,892,4,Not sampled in 74.3 years
grid10km,10kmE501N484,1951-09-01,892,3,Not sampled in 74.3 years
grid10km,10kmE496N474,1951-10-01,891,1,Not sampled in 74.2 years
grid10km,10kmE442N413,1952-06-01,883,1,Not sampled in 73.6 years
grid10km,10kmE443N411,1952-06-01,883,1,Not sampled in 73.6 years
grid10km,10kmE486N421,1952-06-01,883,1,Not sampled in 73.6 years
grid10km,10kmE444N413,1953-07-01,870,1,Not sampled in 72.5 years
grid10km,10kmE389N414,1953-07-01,870,1,Not sampled in 72.5 years
grid10km,10kmE484N509,1953-08-01,869,7,Not sampled in 72.4 years
grid10km,10kmE479N388,1954-06-01,859,2,Not sampled in 71.6 years
grid10km,10kmE502N482,1954-09-01,856,2,Not sampled in 71.3 years
grid10km,10kmE499N473,1954-09-01,856,1,Not sampled in 71.3 years
grid10km,10kmE502N479,1954-09-01,856,2,Not sampled in 71.3 years
grid10km,10kmE500N480,1954-09-01,856,4,Not sampled in 71.3 years
grid10km,10kmE495N475,1954-09-01,856,2,Not sampled in 71.3 years
grid10km,10kmE500N476,1954-09-01,856,4,Not sampled in 71.3 years
grid10km,10kmE497N475,1954-09-01,856,4,Not sampled in 71.3 years
grid10km,10kmE496N472,1954-09-01,856,1,Not sampled in 71.3 years
grid10km,10kmE493N473,1954-09-01,856,3,Not sampled in 71.3 years
grid10km,10kmE500N475,1954-09-01,856,1,Not sampled in 71.3 years
grid10km,10kmE499N476,1954-09-01,856,1,Not sampled in 71.3 years
grid10km,10kmE486N508,1955-07-01,846,7,Not sampled in 70.5 years
grid10km,10kmE429N478,1955-07-01,846,1,Not sampled in 70.5 years
grid10km,10kmE468N510,1955-08-01,845,55,Not sampled in 70.4 years
grid10km,10kmE490N502,1956-07-01,834,5,Not sampled in 69.5 years
grid10km,10kmE493N500,1956-07-01,834,4,Not sampled in 69.5 years
grid10km,10kmE490N504,1956-07-01,834,5,Not sampled in 69.5 years
grid10km,10kmE493N499,1956-07-01,834,3,Not sampled in 69.5 years
grid10km,10kmE496N498,1956-07-01,834,1,Not sampled in 69.5 years
grid10km,10kmE471N512,1956-08-01,833,35,Not sampled in 69.4 years
grid10km,10kmE464N360,1957-06-01,823,1,Not sampled in 68.6 years
grid10km,10kmE466N359,1957-06-01,823,1,Not sampled in 68.6 years
grid10km,10kmE497N477,1957-07-01,822,2,Not sampled in 68.5 years
grid10km,10kmE499N474,1957-07-01,822,3,Not sampled in 68.5 years
grid10km,10kmE499N477,1957-07-01,822,3,Not sampled in 68.5 years
grid10km,10kmE493N472,1957-07-01,822,1,Not sampled in 68.5 years
grid10km,10kmE493N474,1957-08-01,821,5,Not sampled in 68.4 years
grid10km,10kmE499N484,1957-08-01,821,3,Not sampled in 68.4 years
grid10km,10kmE501N485,1957-08-01,821,3,Not sampled in 68.4 years
grid10km,10kmE498N475,1957-09-01,820,2,Not sampled in 68.3 years
grid10km,10kmE495N473,1957-09-01,820,3,Not sampled in 68.3 years
grid10km,10kmE492N472,1957-09-01,820,1,Not sampled in 68.3 years
grid10km,10kmE493N502,1958-07-01,810,4,Not sampled in 67.5 years
grid10km,10kmE432N468,1958-08-01,809,1,Not sampled in 67.4 years
grid10km,10kmE441N431,1959-01-01,804,4,Not sampled in 67 years
grid10km,10kmE497N487,1959-06-01,799,2,Not sampled in 66.6 years
grid10km,10kmE499N486,1959-06-01,799,3,Not sampled in 66.6 years
grid10km,10kmE503N482,1959-06-01,799,3,Not sampled in 66.6 years
grid10km,10kmE497N472,1959-06-01,799,1,Not sampled in 66.6 years
grid10km,10kmE487N507,1959-07-01,798,13,Not sampled in 66.5 years
grid10km,10kmE489N509,1959-07-01,798,3,Not sampled in 66.5 years
grid10km,10kmE503N481,1959-07-01,798,1,Not sampled in 66.5 years
grid10km,10kmE502N476,1959-07-01,798,1,Not sampled in 66.5 years
grid10km,10kmE496N475,1959-08-01,797,3,Not sampled in 66.4 years
grid10km,10kmE500N479,1959-08-01,797,1,Not sampled in 66.4 years
grid10km,10kmE481N511,1959-09-01,796,25,Not sampled in 66.3 years
grid10km,10kmE496N488,1960-06-01,787,4,Not sampled in 65.6 years
grid10km,10kmE492N498,1960-07-01,786,4,Not sampled in 65.5 years
grid10km,10kmE494N476,1960-07-01,786,12,Not sampled in 65.5 years
grid10km,10kmE477N514,1960-07-01,786,13,Not sampled in 65.5 years
grid10km,10kmE491N502,1960-07-01,786,2,Not sampled in 65.5 years
grid10km,10kmE494N494,1960-07-01,786,4,Not sampled in 65.5 years
grid10km,10kmE500N482,1960-07-01,786,1,Not sampled in 65.5 years
grid10km,10kmE485N512,1960-08-01,785,6,Not sampled in 65.4 years
grid10km,10kmE486N512,1960-08-01,785,11,Not sampled in 65.4 years
grid10km,10kmE476N515,1960-08-01,785,9,Not sampled in 65.4 years
grid10km,10kmE464N505,1960-08-01,785,11,Not sampled in 65.4 years
grid10km,10kmE485N514,1960-08-01,785,16,Not sampled in 65.4 years
grid10km,10kmE489N507,1960-08-01,785,3,Not sampled in 65.4 years
grid10km,10kmE488N510,1960-08-01,785,5,Not sampled in 65.4 years
grid10km,10kmE494N502,1960-08-01,785,6,Not sampled in 65.4 years
grid10km,10kmE450N468,1960-08-01,785,4,Not sampled in 65.4 years
grid10km,10kmE496N489,1961-06-01,775,3,Not sampled in 64.6 years
grid10km,10kmE496N491,1961-06-01,775,1,Not sampled in 64.6 years
grid10km,10kmE492N504,1961-07-01,774,3,Not sampled in 64.5 years
grid10km,10kmE493N475,1961-07-01,774,5,Not sampled in 64.5 years
grid10km,10kmE494N499,1961-07-01,774,3,Not sampled in 64.5 years
grid10km,10kmE495N492,1961-07-01,774,1,Not sampled in 64.5 years
grid10km,10kmE498N484,1961-08-01,773,3,Not sampled in 64.4 years
grid10km,10kmE442N421,1961-08-01,773,1,Not sampled in 64.4 years
grid10km,10kmE412N477,1961-08-01,773,1,Not sampled in 64.4 years
grid10km,10kmE511N434,1962-06-01,763,1,Not sampled in 63.6 years
grid10km,10kmE499N489,1962-07-01,762,1,Not sampled in 63.5 years
grid10km,10kmE486N511,1962-08-01,761,14,Not sampled in 63.4 years
grid10km,10kmE479N516,1962-08-01,761,7,Not sampled in 63.4 years
grid10km,10kmE455N484,1962-08-01,761,5,Not sampled in 63.4 years
grid10km,10kmE444N455,1962-09-01,760,18,Not sampled in 63.3 years
grid10km,10kmE443N453,1963-03-01,754,25,Not sampled in 62.8 years
grid10km,10kmE457N493,1963-06-01,751,22,Not sampled in 62.6 years
grid10km,10kmE475N386,1963-07-01,750,2,Not sampled in 62.5 years
grid10km,10kmE491N503,1963-07-01,750,4,Not sampled in 62.5 years
grid10km,10kmE448N474,1963-07-01,750,9,Not sampled in 62.5 years
grid10km,10kmE495N491,1963-07-01,750,16,Not sampled in 62.5 years
grid10km,10kmE491N504,1963-07-01,750,5,Not sampled in 62.5 years
grid10km,10kmE449N469,1963-07-01,750,2,Not sampled in 62.5 years
grid10km,10kmE493N496,1963-07-01,750,3,Not sampled in 62.5 years
grid10km,10kmE464N504,1963-08-01,749,22,Not sampled in 62.4 years
grid10km,10kmE491N505,1963-08-01,749,6,Not sampled in 62.4 years
grid10km,10kmE493N504,1963-08-01,749,2,Not sampled in 62.4 years
grid10km,10kmE497N484,1963-10-01,747,2,Not sampled in 62.2 years
grid10km,10kmE510N482,1964-04-01,741,1,Not sampled in 61.8 years
grid10km,10kmE490N389,1964-06-01,739,28,Not sampled in 61.6 years
grid10km,10kmE493N503,1964-07-01,738,5,Not sampled in 61.5 years
grid10km,10kmE491N388,1964-07-01,738,4,Not sampled in 61.5 years
grid10km,10kmE448N476,1964-08-01,737,2,Not sampled in 61.4 years
grid10km,10kmE438N400,1964-09-01,736,32,Not sampled in 61.3 years
grid10km,10kmE499N485,1964-09-01,736,3,Not sampled in 61.3 years
grid10km,10kmE493N493,1964-10-01,735,7,Not sampled in 61.2 years
grid10km,10kmE497N485,1965-07-01,726,5,Not sampled in 60.5 years
grid10km,10kmE498N489,1965-07-01,726,4,Not sampled in 60.5 years
grid10km,10kmE497N483,1965-09-01,724,8,Not sampled in 60.3 years
grid10km,10kmE454N329,1965-09-01,724,1,Not sampled in 60.3 years
grid10km,10kmE515N371,1965-09-01,724,1,Not sampled in 60.3 years
grid10km,10kmE387N418,1965-09-01,724,1,Not sampled in 60.3 years
grid10km,10kmE413N317,1965-09-01,724,1,Not sampled in 60.3 years
grid10km,10kmE490N453,1965-09-01,724,1,Not sampled in 60.3 years
grid10km,10kmE400N426,1965-09-01,724,1,Not sampled in 60.3 years
grid10km,10kmE498N474,1966-05-01,716,3,Not sampled in 59.7 years
grid10km,10kmE498N481,1966-06-01,715,8,Not sampled in 59.6 years
grid10km,10kmE497N473,1966-06-01,715,4,Not sampled in 59.6 years
grid10km,10kmE495N488,1966-06-01,715,34,Not sampled in 59.6 years
grid10km,10kmE502N483,1966-06-01,715,3,Not sampled in 59.6 years
grid10km,10kmE497N488,1966-06-01,715,3,Not sampled in 59.6 years
grid10km,10kmE491N500,1966-06-01,715,4,Not sampled in 59.6 years
grid10km,10kmE494N501,1966-06-01,715,5,Not sampled in 59.6 years
grid10km,10kmE492N503,1966-06-01,715,3,Not sampled in 59.6 years
grid10km,10kmE500N486,1966-06-01,715,6,Not sampled in 59.6 years
grid10km,10kmE494N497,1966-06-01,715,4,Not sampled in 59.6 years
grid10km,10kmE502N484,1966-06-01,715,2,Not sampled in 59.6 years
grid10km,10kmE501N483,1966-06-01,715,2,Not sampled in 59.6 years
grid10km,10kmE500N477,1966-06-01,715,1,Not sampled in 59.6 years
grid10km,10kmE474N436,1966-06-01,715,2,Not sampled in 59.6 years
grid10km,10kmE495N487,1966-07-01,714,12,Not sampled in 59.5 years
grid10km,10kmE456N486,1966-07-01,714,12,Not sampled in 59.5 years
grid10km,10kmE492N500,1966-07-01,714,5,Not sampled in 59.5 years
grid10km,10kmE497N482,1966-07-01,714,5,Not sampled in 59.5 years
grid10km,10kmE462N502,1966-07-01,714,6,Not sampled in 59.5 years
grid10km,10kmE493N497,1966-07-01,714,6,Not sampled in 59.5 years
grid10km,10kmE451N479,1966-08-01,713,25,Not sampled in 59.4 years
grid10km,10kmE448N473,1966-08-01,713,8,Not sampled in 59.4 years
grid10km,10kmE449N478,1966-08-01,713,4,Not sampled in 59.4 years
grid10km,10kmE491N499,1966-09-01,712,6,Not sampled in 59.3 years
grid10km,10kmE495N496,1966-09-01,712,4,Not sampled in 59.3 years
grid10km,10kmE495N500,1966-09-01,712,5,Not sampled in 59.3 years
grid10km,10kmE498N483,1966-09-01,712,6,Not sampled in 59.3 years
grid10km,10kmE490N505,1966-09-01,712,6,Not sampled in 59.3 years
grid10km,10kmE494N495,1966-09-01,712,3,Not sampled in 59.3 years
grid10km,10kmE493N495,1966-09-01,712,3,Not sampled in 59.3 years
grid10km,10kmE490N501,1966-09-01,712,3,Not sampled in 59.3 years
grid10km,10kmE495N495,1966-09-01,712,2,Not sampled in 59.3 years
grid10km,10kmE500N484,1966-09-01,712,5,Not sampled in 59.3 years
grid10km,10kmE494N496,1966-09-01,712,2,Not sampled in 59.3 years
grid10km,10kmE492N501,1966-09-01,712,3,Not sampled in 59.3 years
grid10km,10kmE497N489,1966-09-01,712,1,Not sampled in 59.3 years
grid10km,10kmE501N475,1967-07-01,702,3,Not sampled in 58.5 years
grid10km,10kmE467N508,1967-07-01,702,63,Not sampled in 58.5 years
grid10km,10kmE499N475,1967-07-01,702,4,Not sampled in 58.5 years
grid10km,10kmE450N473,1967-08-01,701,31,Not sampled in 58.4 years
grid10km,10kmE449N475,1967-08-01,701,36,Not sampled in 58.4 years
grid10km,10kmE496N486,1967-08-01,701,7,Not sampled in 58.4 years
grid10km,10kmE498N485,1967-08-01,701,6,Not sampled in 58.4 years
grid10km,10kmE472N514,1967-08-01,701,1,Not sampled in 58.4 years
grid10km,10kmE448N475,1967-08-01,701,8,Not sampled in 58.4 years
grid10km,10kmE474N515,1967-08-01,701,3,Not sampled in 58.4 years
grid10km,10kmE494N487,1968-05-01,692,46,Not sampled in 57.7 years
grid10km,10kmE497N486,1968-06-01,691,6,Not sampled in 57.6 years
grid10km,10kmE450N472,1968-07-01,690,27,Not sampled in 57.5 years
grid10km,10kmE449N474,1968-07-01,690,34,Not sampled in 57.5 years
grid10km,10kmE451N470,1968-08-01,689,22,Not sampled in 57.4 years
grid10km,10kmE451N473,1968-08-01,689,34,Not sampled in 57.4 years
grid10km,10kmE450N478,1968-08-01,689,30,Not sampled in 57.4 years
grid10km,10kmE450N469,1968-08-01,689,34,Not sampled in 57.4 years
grid10km,10kmE479N512,1968-08-01,689,39,Not sampled in 57.4 years
grid10km,10kmE453N481,1968-08-01,689,8,Not sampled in 57.4 years
grid10km,10kmE476N514,1968-08-01,689,8,Not sampled in 57.4 years
grid10km,10kmE448N472,1968-08-01,689,8,Not sampled in 57.4 years
grid10km,10kmE450N479,1968-08-01,689,11,Not sampled in 57.4 years
grid10km,10kmE445N414,1968-10-01,687,8,Not sampled in 57.2 years
grid10km,10kmE440N372,1969-01-01,684,1,Not sampled in 57 years
grid10km,10kmE439N369,1969-02-01,683,1,Not sampled in 56.9 years
grid10km,10kmE443N371,1969-02-01,683,1,Not sampled in 56.9 years
grid10km,10kmE439N371,1969-02-01,683,1,Not sampled in 56.9 years
grid10km,10kmE440N371,1969-04-01,681,1,Not sampled in 56.8 years
grid10km,10kmE439N368,1969-05-01,680,1,Not sampled in 56.7 years
grid10km,10kmE441N373,1969-05-01,680,2,Not sampled in 56.7 years
grid10km,10kmE437N424,1969-06-01,679,1,Not sampled in 56.6 years
grid10km,10kmE442N373,1969-06-01,679,1,Not sampled in 56.6 years
grid10km,10kmE450N471,1969-07-01,678,26,Not sampled in 56.5 years
grid10km,10kmE440N367,1969-07-01,678,1,Not sampled in 56.5 years
grid10km,10kmE449N472,1969-08-01,677,23,Not sampled in 56.4 years
grid10km,10kmE450N470,1969-08-01,677,28,Not sampled in 56.4 years
grid10km,10kmE451N477,1969-08-01,677,39,Not sampled in 56.4 years
grid10km,10kmE443N372,1969-08-01,677,5,Not sampled in 56.4 years
grid10km,10kmE427N416,1970-06-01,667,1,Not sampled in 55.6 years
grid10km,10kmE498N486,1970-07-01,666,5,Not sampled in 55.5 years
grid10km,10kmE456N487,1970-07-01,666,10,Not sampled in 55.5 years
grid10km,10kmE502N480,1970-07-01,666,3,Not sampled in 55.5 years
grid10km,10kmE481N516,1970-08-01,665,10,Not sampled in 55.4 years
grid10km,10kmE483N512,1970-08-01,665,12,Not sampled in 55.4 years
grid10km,10kmE487N508,1970-08-01,665,8,Not sampled in 55.4 years
grid10km,10kmE480N513,1970-08-01,665,13,Not sampled in 55.4 years
grid10km,10kmE441N450,1970-08-01,665,33,Not sampled in 55.4 years
grid10km,10kmE490N500,1970-08-01,665,9,Not sampled in 55.4 years
grid10km,10kmE495N494,1970-08-01,665,1,Not sampled in 55.4 years
grid10km,10kmE443N426,1970-09-01,664,5,Not sampled in 55.3 years
grid10km,10kmE494N489,1971-06-01,655,48,Not sampled in 54.6 years
grid10km,10kmE495N489,1971-06-01,655,30,Not sampled in 54.6 years
grid10km,10kmE463N504,1971-06-01,655,2,Not sampled in 54.6 years
grid10km,10kmE468N508,1971-07-01,654,82,Not sampled in 54.5 years
grid10km,10kmE458N489,1971-07-01,654,17,Not sampled in 54.5 years
grid10km,10kmE493N494,1971-07-01,654,7,Not sampled in 54.5 years
grid10km,10kmE494N498,1971-07-01,654,4,Not sampled in 54.5 years
grid10km,10kmE492N502,1971-07-01,654,7,Not sampled in 54.5 years
grid10km,10kmE461N509,1971-07-01,654,1,Not sampled in 54.5 years
grid10km,10kmE451N480,1971-08-01,653,6,Not sampled in 54.4 years
grid10km,10kmE449N477,1971-08-01,653,28,Not sampled in 54.4 years
grid10km,10kmE450N475,1971-08-01,653,33,Not sampled in 54.4 years
grid10km,10kmE444N416,1971-08-01,653,7,Not sampled in 54.4 years
grid10km,10kmE482N513,1971-09-01,652,9,Not sampled in 54.3 years
grid10km,10kmE417N482,1972-05-01,644,1,Not sampled in 53.7 years
grid10km,10kmE478N375,1972-07-01,642,1,Not sampled in 53.5 years
grid10km,10kmE495N383,1972-07-01,642,1,Not sampled in 53.5 years
grid10km,10kmE479N377,1972-07-01,642,1,Not sampled in 53.5 years
grid10km,10kmE495N499,1972-09-01,640,6,Not sampled in 53.3 years
grid10km,10kmE494N500,1972-09-01,640,6,Not sampled in 53.3 years
grid10km,10kmE495N497,1972-09-01,640,4,Not sampled in 53.3 years
grid10km,10kmE449N471,1973-07-01,630,25,Not sampled in 52.5 years
grid10km,10kmE456N490,1973-07-01,630,13,Not sampled in 52.5 years
grid10km,10kmE452N480,1973-07-01,630,22,Not sampled in 52.5 years
grid10km,10kmE449N473,1973-08-01,629,31,Not sampled in 52.4 years
grid10km,10kmE438N488,1973-08-01,629,1,Not sampled in 52.4 years
grid10km,10kmE409N401,1973-08-01,629,1,Not sampled in 52.4 years
grid10km,10kmE429N489,1973-08-01,629,1,Not sampled in 52.4 years
grid10km,10kmE495N428,1973-08-01,629,1,Not sampled in 52.4 years
grid10km,10kmE421N474,1973-08-01,629,1,Not sampled in 52.4 years
grid10km,10kmE427N429,1974-03-01,622,1,Not sampled in 51.8 years
grid10km,10kmE451N472,1974-04-01,621,28,Not sampled in 51.8 years
grid10km,10kmE487N424,1974-07-01,618,1,Not sampled in 51.5 years
grid10km,10kmE457N491,1975-07-01,606,20,Not sampled in 50.5 years
grid10km,10kmE451N457,1975-08-01,605,6,Not sampled in 50.4 years
grid10km,10kmE434N319,1975-09-01,604,1,Not sampled in 50.3 years
grid10km,10kmE476N513,1976-06-01,595,37,Not sampled in 49.6 years
grid10km,10kmE494N488,1976-07-01,594,56,Not sampled in 49.5 years
grid10km,10kmE470N508,1976-07-01,594,81,Not sampled in 49.5 years
grid10km,10kmE480N510,1976-07-01,594,87,Not sampled in 49.5 years
grid10km,10kmE503N480,1976-07-01,594,2,Not sampled in 49.5 years
grid10km,10kmE501N479,1976-07-01,594,1,Not sampled in 49.5 years
grid10km,10kmE501N478,1976-08-01,593,2,Not sampled in 49.4 years
grid10km,10kmE487N434,1976-08-01,593,1,Not sampled in 49.4 years
grid10km,10kmE505N475,1976-08-01,593,1,Not sampled in 49.4 years
grid10km,10kmE490N392,1977-04-01,585,20,Not sampled in 48.8 years
grid10km,10kmE464N502,1977-07-01,582,40,Not sampled in 48.5 years
grid10km,10kmE457N488,1977-07-01,582,26,Not sampled in 48.5 years
grid10km,10kmE487N459,1977-07-01,582,5,Not sampled in 48.5 years
grid10km,10kmE425N502,1977-07-01,582,1,Not sampled in 48.5 years
grid10km,10kmE488N394,1977-07-01,582,23,Not sampled in 48.5 years
grid10km,10kmE416N413,1977-07-01,582,1,Not sampled in 48.5 years
grid10km,10kmE458N512,1977-07-01,582,1,Not sampled in 48.5 years
grid10km,10kmE472N424,1978-01-01,576,5,Not sampled in 48 years
grid10km,10kmE489N390,1978-07-01,570,22,Not sampled in 47.5 years
grid10km,10kmE443N418,1978-07-01,570,2,Not sampled in 47.5 years
grid10km,10kmE468N509,1978-08-01,569,70,Not sampled in 47.4 years
grid10km,10kmE475N436,1979-06-01,559,1,Not sampled in 46.6 years
grid10km,10kmE479N446,1979-06-01,559,1,Not sampled in 46.6 years
grid10km,10kmE444N417,1979-07-01,558,14,Not sampled in 46.5 years
grid10km,10kmE487N458,1979-10-01,555,3,Not sampled in 46.2 years
grid10km,10kmE487N455,1979-11-01,554,4,Not sampled in 46.2 years
grid10km,10kmE358N440,1980-06-01,547,1,Not sampled in 45.6 years
grid10km,10kmE388N468,1980-06-01,547,1,Not sampled in 45.6 years
grid10km,10kmE442N451,1980-07-01,546,28,Not sampled in 45.5 years
grid10km,10kmE443N323,1980-07-01,546,1,Not sampled in 45.5 years
grid10km,10kmE501N481,1980-08-01,545,1,Not sampled in 45.4 years
grid10km,10kmE441N402,1981-05-01,536,5,Not sampled in 44.7 years
grid10km,10kmE501N404,1981-06-01,535,1,Not sampled in 44.6 years
grid10km,10kmE441N435,1981-07-01,534,9,Not sampled in 44.5 years
grid10km,10kmE490N472,1981-07-01,534,3,Not sampled in 44.5 years
grid10km,10kmE444N425,1981-08-01,533,4,Not sampled in 44.4 years
grid10km,10kmE443N427,1981-08-01,533,7,Not sampled in 44.4 years
grid10km,10kmE495N452,1981-09-01,532,1,Not sampled in 44.3 years
grid10km,10kmE418N417,1982-01-01,528,1,Not sampled in 44 years
grid10km,10kmE455N483,1982-08-01,521,5,Not sampled in 43.4 years
grid10km,10kmE508N295,1982-08-01,521,1,Not sampled in 43.4 years
grid10km,10kmE432N433,1982-08-01,521,1,Not sampled in 43.4 years
grid10km,10kmE451N471,1982-09-01,520,26,Not sampled in 43.3 years
grid10km,10kmE456N485,1982-09-01,520,7,Not sampled in 43.3 years
grid10km,10kmE451N475,1982-09-01,520,28,Not sampled in 43.3 years
grid10km,10kmE453N512,1982-09-01,520,1,Not sampled in 43.3 years
grid10km,10kmE499N479,1982-10-01,519,1,Not sampled in 43.2 years
grid10km,10kmE433N445,1982-11-01,518,2,Not sampled in 43.2 years
grid10km,10kmE487N356,1983-07-01,510,1,Not sampled in 42.5 years
grid10km,10kmE491N340,1983-11-01,506,1,Not sampled in 42.2 years
grid10km,10kmE416N454,1983-12-01,505,1,Not sampled in 42.1 years
grid10km,10kmE489N392,1984-06-01,499,25,Not sampled in 41.6 years
grid10km,10kmE491N392,1984-06-01,499,7,Not sampled in 41.6 years
grid10km,10kmE394N421,1984-07-01,498,1,Not sampled in 41.5 years
grid10km,10kmE509N431,1984-10-01,495,1,Not sampled in 41.2 years
grid10km,10kmE426N512,1985-04-01,489,1,Not sampled in 40.8 years
grid10km,10kmE421N442,1985-05-01,488,1,Not sampled in 40.7 years
grid10km,10kmE491N376,1985-06-01,487,1,Not sampled in 40.6 years
grid10km,10kmE465N510,1985-07-01,486,2,Not sampled in 40.5 years
grid10km,10kmE470N510,1985-07-01,486,60,Not sampled in 40.5 years
grid10km,10kmE466N512,1985-07-01,486,1,Not sampled in 40.5 years
grid10km,10kmE468N512,1985-07-01,486,1,Not sampled in 40.5 years
grid10km,10kmE462N503,1985-07-01,486,1,Not sampled in 40.5 years
grid10km,10kmE461N506,1985-07-01,486,1,Not sampled in 40.5 years
grid10km,10kmE466N514,1985-07-01,486,1,Not sampled in 40.5 years
grid10km,10kmE381N433,1985-07-01,486,1,Not sampled in 40.5 years
grid10km,10kmE426N491,1985-09-01,484,1,Not sampled in 40.3 years
grid10km,10kmE431N505,1985-09-01,484,1,Not sampled in 40.3 years
grid10km,10kmE420N426,1985-09-01,484,1,Not sampled in 40.3 years
grid10km,10kmE466N347,1985-12-01,481,1,Not sampled in 40.1 years
grid10km,10kmE460N515,1986-03-01,478,1,Not sampled in 39.8 years
grid10km,10kmE507N356,1986-03-01,478,1,Not sampled in 39.8 years
grid10km,10kmE416N390,1986-03-01,478,1,Not sampled in 39.8 years
grid10km,10kmE413N416,1986-04-01,477,1,Not sampled in 39.8 years
grid10km,10kmE476N369,1986-06-01,475,1,Not sampled in 39.6 years
grid10km,10kmE537N397,1986-06-01,475,1,Not sampled in 39.6 years
grid10km,10kmE476N376,1986-06-01,475,1,Not sampled in 39.6 years
grid10km,10kmE472N509,1986-07-01,474,85,Not sampled in 39.5 years
grid10km,10kmE469N509,1986-07-01,474,77,Not sampled in 39.5 years
grid10km,10kmE458N503,1986-07-01,474,1,Not sampled in 39.5 years
grid10km,10kmE471N511,1986-07-01,474,73,Not sampled in 39.5 years
grid10km,10kmE465N507,1986-07-01,474,15,Not sampled in 39.5 years
grid10km,10kmE469N510,1986-07-01,474,72,Not sampled in 39.5 years
grid10km,10kmE464N503,1986-07-01,474,35,Not sampled in 39.5 years
grid10km,10kmE470N509,1986-07-01,474,50,Not sampled in 39.5 years
grid10km,10kmE460N501,1986-07-01,474,1,Not sampled in 39.5 years
grid10km,10kmE464N506,1986-07-01,474,1,Not sampled in 39.5 years
grid10km,10kmE470N513,1986-07-01,474,2,Not sampled in 39.5 years
grid10km,10kmE457N494,1986-08-01,473,7,Not sampled in 39.4 years
grid10km,10kmE471N507,1986-08-01,473,102,Not sampled in 39.4 years
grid10km,10kmE467N509,1986-08-01,473,67,Not sampled in 39.4 years
grid10km,10kmE466N508,1986-08-01,473,49,Not sampled in 39.4 years
grid10km,10kmE471N509,1986-08-01,473,72,Not sampled in 39.4 years
grid10km,10kmE484N514,1986-08-01,473,17,Not sampled in 39.4 years
grid10km,10kmE450N466,1986-08-01,473,9,Not sampled in 39.4 years
grid10km,10kmE449N459,1986-08-01,473,8,Not sampled in 39.4 years
grid10km,10kmE448N463,1986-08-01,473,5,Not sampled in 39.4 years
grid10km,10kmE488N508,1986-08-01,473,9,Not sampled in 39.4 years
grid10km,10kmE501N474,1986-08-01,473,1,Not sampled in 39.4 years
grid10km,10kmE499N483,1986-09-01,472,5,Not sampled in 39.3 years
grid10km,10kmE497N476,1986-09-01,472,3,Not sampled in 39.3 years
grid10km,10kmE498N479,1986-09-01,472,3,Not sampled in 39.3 years
grid10km,10kmE502N478,1986-09-01,472,3,Not sampled in 39.3 years
grid10km,10kmE498N488,1986-09-01,472,4,Not sampled in 39.3 years
grid10km,10kmE379N448,1986-09-01,472,1,Not sampled in 39.3 years
grid10km,10kmE476N428,1986-10-01,471,1,Not sampled in 39.2 years
grid10km,10kmE376N435,1986-11-01,470,1,Not sampled in 39.2 years
grid10km,10kmE491N517,1986-11-01,470,1,Not sampled in 39.2 years
grid10km,10kmE465N347,1986-12-01,469,1,Not sampled in 39.1 years
grid10km,10kmE481N513,1987-01-01,468,8,Not sampled in 39 years
grid10km,10kmE417N507,1987-04-01,465,1,Not sampled in 38.8 years
grid10km,10kmE414N465,1987-04-01,465,1,Not sampled in 38.8 years
grid10km,10kmE514N482,1987-04-01,465,1,Not sampled in 38.8 years
grid10km,10kmE498N439,1987-04-01,465,1,Not sampled in 38.8 years
grid10km,10kmE479N379,1987-06-01,463,3,Not sampled in 38.6 years
grid10km,10kmE477N385,1987-06-01,463,4,Not sampled in 38.6 years
grid10km,10kmE481N372,1987-06-01,463,1,Not sampled in 38.6 years
grid10km,10kmE477N376,1987-06-01,463,1,Not sampled in 38.6 years
grid10km,10kmE477N368,1987-06-01,463,1,Not sampled in 38.6 years
grid10km,10kmE485N530,1987-08-01,461,1,Not sampled in 38.4 years
grid10km,10kmE508N408,1987-09-01,460,1,Not sampled in 38.3 years
grid10km,10kmE380N463,1987-09-01,460,1,Not sampled in 38.3 years
grid10km,10kmE484N350,1987-09-01,460,1,Not sampled in 38.3 years
grid10km,10kmE380N412,1987-09-01,460,1,Not sampled in 38.3 years
grid10km,10kmE545N461,1987-10-01,459,1,Not sampled in 38.2 years
grid10km,10kmE422N392,1987-12-01,457,1,Not sampled in 38.1 years
grid10km,10kmE406N401,1987-12-01,457,1,Not sampled in 38.1 years
grid10km,10kmE520N443,1988-01-01,456,1,Not sampled in 38 years
grid10km,10kmE489N386,1988-03-01,454,15,Not sampled in 37.8 years
grid10km,10kmE418N409,1988-03-01,454,1,Not sampled in 37.8 years
grid10km,10kmE419N390,1988-03-01,454,1,Not sampled in 37.8 years
grid10km,10kmE415N386,1988-04-01,453,1,Not sampled in 37.8 years
grid10km,10kmE404N413,1988-04-01,453,1,Not sampled in 37.8 years
grid10km,10kmE449N466,1988-05-01,452,1,Not sampled in 37.7 years
grid10km,10kmE400N372,1988-06-01,451,1,Not sampled in 37.6 years
grid10km,10kmE373N432,1988-07-01,450,1,Not sampled in 37.5 years
grid10km,10kmE492N415,1988-08-01,449,1,Not sampled in 37.4 years
grid10km,10kmE475N374,1988-08-01,449,1,Not sampled in 37.4 years
grid10km,10kmE430N461,1988-09-01,448,1,Not sampled in 37.3 years
grid10km,10kmE497N346,1988-09-01,448,1,Not sampled in 37.3 years
grid10km,10kmE393N407,1988-09-01,448,1,Not sampled in 37.3 years
grid10km,10kmE509N381,1988-11-01,446,1,Not sampled in 37.2 years
grid10km,10kmE543N423,1988-12-01,445,1,Not sampled in 37.1 years
grid10km,10kmE426N522,1988-12-01,445,1,Not sampled in 37.1 years
grid10km,10kmE428N504,1988-12-01,445,1,Not sampled in 37.1 years
grid10km,10kmE438N361,1989-06-01,439,1,Not sampled in 36.6 years
grid10km,10kmE444N351,1989-06-01,439,1,Not sampled in 36.6 years
grid10km,10kmE447N350,1989-06-01,439,1,Not sampled in 36.6 years
grid10km,10kmE472N508,1989-08-01,437,100,Not sampled in 36.4 years
grid10km,10kmE512N430,1989-08-01,437,1,Not sampled in 36.4 years
grid10km,10kmE533N444,1989-11-01,434,1,Not sampled in 36.2 years
grid10km,10kmE409N447,1989-11-01,434,1,Not sampled in 36.2 years
grid10km,10kmE408N362,1989-11-01,434,1,Not sampled in 36.2 years
grid10km,10kmE546N487,1989-12-01,433,1,Not sampled in 36.1 years
grid10km,10kmE432N359,1990-02-01,431,1,Not sampled in 35.9 years
grid10km,10kmE454N354,1990-03-01,430,1,Not sampled in 35.8 years
grid10km,10kmE397N442,1990-05-01,428,1,Not sampled in 35.7 years
grid10km,10kmE442N362,1990-06-01,427,1,Not sampled in 35.6 years
grid10km,10kmE463N362,1990-06-01,427,1,Not sampled in 35.6 years
grid10km,10kmE451N354,1990-06-01,427,2,Not sampled in 35.6 years
grid10km,10kmE542N490,1990-06-01,427,1,Not sampled in 35.6 years
grid10km,10kmE447N354,1990-07-01,426,2,Not sampled in 35.5 years
grid10km,10kmE452N351,1990-07-01,426,1,Not sampled in 35.5 years
grid10km,10kmE443N366,1990-07-01,426,3,Not sampled in 35.5 years
grid10km,10kmE455N353,1990-08-01,425,1,Not sampled in 35.4 years
grid10km,10kmE402N371,1990-08-01,425,1,Not sampled in 35.4 years
grid10km,10kmE526N465,1990-08-01,425,1,Not sampled in 35.4 years
grid10km,10kmE472N348,1990-09-01,424,1,Not sampled in 35.3 years
grid10km,10kmE473N528,1990-09-01,424,1,Not sampled in 35.3 years
grid10km,10kmE419N402,1990-11-01,422,1,Not sampled in 35.2 years
grid10km,10kmE441N500,1991-01-01,420,1,Not sampled in 35 years
grid10km,10kmE381N461,1991-02-01,419,2,Not sampled in 34.9 years
grid10km,10kmE425N420,1991-02-01,419,1,Not sampled in 34.9 years
grid10km,10kmE437N457,1991-02-01,419,1,Not sampled in 34.9 years
grid10km,10kmE449N525,1991-02-01,419,1,Not sampled in 34.9 years
grid10km,10kmE497N448,1991-02-01,419,1,Not sampled in 34.9 years
grid10km,10kmE509N497,1991-02-01,419,1,Not sampled in 34.9 years
grid10km,10kmE443N473,1991-02-01,419,1,Not sampled in 34.9 years
grid10km,10kmE481N399,1991-03-01,418,1,Not sampled in 34.8 years
grid10km,10kmE489N417,1991-03-01,418,1,Not sampled in 34.8 years
grid10km,10kmE494N401,1991-03-01,418,1,Not sampled in 34.8 years
grid10km,10kmE482N393,1991-03-01,418,25,Not sampled in 34.8 years
grid10km,10kmE485N402,1991-04-01,417,1,Not sampled in 34.8 years
grid10km,10kmE455N351,1991-04-01,417,1,Not sampled in 34.8 years
grid10km,10kmE463N360,1991-04-01,417,1,Not sampled in 34.8 years
grid10km,10kmE441N416,1991-04-01,417,1,Not sampled in 34.8 years
grid10km,10kmE537N387,1991-05-01,416,1,Not sampled in 34.7 years
grid10km,10kmE532N412,1991-05-01,416,1,Not sampled in 34.7 years
grid10km,10kmE493N396,1991-06-01,415,1,Not sampled in 34.6 years
grid10km,10kmE460N356,1991-06-01,415,1,Not sampled in 34.6 years
grid10km,10kmE445N354,1991-06-01,415,1,Not sampled in 34.6 years
grid10km,10kmE454N352,1991-06-01,415,1,Not sampled in 34.6 years
grid10km,10kmE439N425,1991-06-01,415,1,Not sampled in 34.6 years
grid10km,10kmE431N434,1991-08-01,413,1,Not sampled in 34.4 years
grid10km,10kmE419N423,1991-08-01,413,1,Not sampled in 34.4 years
grid10km,10kmE425N474,1991-11-01,410,1,Not sampled in 34.2 years
grid10km,10kmE491N399,1992-01-01,408,2,Not sampled in 34 years
grid10km,10kmE522N395,1992-03-01,406,1,Not sampled in 33.8 years
grid10km,10kmE487N410,1992-04-01,405,1,Not sampled in 33.8 years
grid10km,10kmE496N406,1992-04-01,405,1,Not sampled in 33.8 years
grid10km,10kmE484N397,1992-04-01,405,1,Not sampled in 33.8 years
grid10km,10kmE488N405,1992-04-01,405,1,Not sampled in 33.8 years
grid10km,10kmE488N404,1992-05-01,404,2,Not sampled in 33.7 years
grid10km,10kmE495N399,1992-05-01,404,1,Not sampled in 33.7 years
grid10km,10kmE486N403,1992-05-01,404,1,Not sampled in 33.7 years
grid10km,10kmE443N356,1992-06-01,403,2,Not sampled in 33.6 years
grid10km,10kmE444N358,1992-06-01,403,4,Not sampled in 33.6 years
grid10km,10kmE459N356,1992-06-01,403,1,Not sampled in 33.6 years
grid10km,10kmE444N366,1992-06-01,403,4,Not sampled in 33.6 years
grid10km,10kmE455N354,1992-06-01,403,1,Not sampled in 33.6 years
grid10km,10kmE440N364,1992-06-01,403,3,Not sampled in 33.6 years
grid10km,10kmE439N362,1992-06-01,403,1,Not sampled in 33.6 years
grid10km,10kmE442N364,1992-06-01,403,1,Not sampled in 33.6 years
grid10km,10kmE489N414,1992-06-01,403,2,Not sampled in 33.6 years
grid10km,10kmE477N390,1992-07-01,402,1,Not sampled in 33.5 years
grid10km,10kmE484N404,1992-08-01,401,9,Not sampled in 33.4 years
grid10km,10kmE449N353,1992-09-01,400,1,Not sampled in 33.3 years
grid10km,10kmE536N467,1992-09-01,400,1,Not sampled in 33.3 years
grid10km,10kmE485N443,1992-09-01,400,1,Not sampled in 33.3 years
grid10km,10kmE385N459,1992-10-01,399,1,Not sampled in 33.2 years
grid10km,10kmE475N366,1992-12-01,397,1,Not sampled in 33.1 years
grid10km,10kmE435N357,1993-01-01,396,1,Not sampled in 33 years
grid10km,10kmE489N406,1993-03-01,394,1,Not sampled in 32.8 years
grid10km,10kmE488N397,1993-03-01,394,1,Not sampled in 32.8 years
grid10km,10kmE491N413,1993-03-01,394,1,Not sampled in 32.8 years
grid10km,10kmE492N403,1993-03-01,394,2,Not sampled in 32.8 years
grid10km,10kmE484N394,1993-03-01,394,23,Not sampled in 32.8 years
grid10km,10kmE486N400,1993-04-01,393,1,Not sampled in 32.8 years
grid10km,10kmE495N401,1993-04-01,393,1,Not sampled in 32.8 years
grid10km,10kmE484N395,1993-04-01,393,11,Not sampled in 32.8 years
grid10km,10kmE479N393,1993-04-01,393,2,Not sampled in 32.8 years
grid10km,10kmE496N402,1993-04-01,393,1,Not sampled in 32.8 years
grid10km,10kmE487N411,1993-04-01,393,1,Not sampled in 32.8 years
grid10km,10kmE490N394,1993-04-01,393,3,Not sampled in 32.8 years
grid10km,10kmE488N412,1993-04-01,393,1,Not sampled in 32.8 years
grid10km,10kmE442N358,1993-06-01,391,3,Not sampled in 32.6 years
grid10km,10kmE445N352,1993-06-01,391,1,Not sampled in 32.6 years
grid10km,10kmE441N370,1993-06-01,391,1,Not sampled in 32.6 years
grid10km,10kmE441N448,1993-06-01,391,191,Not sampled in 32.6 years
grid10km,10kmE441N357,1993-07-01,390,2,Not sampled in 32.5 years
grid10km,10kmE438N362,1993-07-01,390,1,Not sampled in 32.5 years
grid10km,10kmE448N351,1993-08-01,389,2,Not sampled in 32.4 years
grid10km,10kmE452N472,1993-08-01,389,38,Not sampled in 32.4 years
grid10km,10kmE475N388,1993-09-01,388,1,Not sampled in 32.3 years
grid10km,10kmE483N397,1993-09-01,388,1,Not sampled in 32.3 years
grid10km,10kmE488N408,1993-09-01,388,1,Not sampled in 32.3 years
grid10km,10kmE537N404,1993-12-01,385,1,Not sampled in 32.1 years
grid10km,10kmE493N410,1994-01-01,384,1,Not sampled in 32 years
grid10km,10kmE484N401,1994-02-01,383,2,Not sampled in 31.9 years
grid10km,10kmE490N401,1994-03-01,382,1,Not sampled in 31.8 years
grid10km,10kmE492N409,1994-03-01,382,2,Not sampled in 31.8 years
grid10km,10kmE489N408,1994-03-01,382,1,Not sampled in 31.8 years
grid10km,10kmE485N399,1994-04-01,381,2,Not sampled in 31.8 years
grid10km,10kmE444N371,1994-05-01,380,3,Not sampled in 31.7 years
grid10km,10kmE402N456,1994-05-01,380,1,Not sampled in 31.7 years
grid10km,10kmE406N497,1994-05-01,380,1,Not sampled in 31.7 years
grid10km,10kmE441N360,1994-06-01,379,3,Not sampled in 31.6 years
grid10km,10kmE454N350,1994-06-01,379,2,Not sampled in 31.6 years
grid10km,10kmE451N352,1994-06-01,379,1,Not sampled in 31.6 years
grid10km,10kmE488N395,1994-06-01,379,7,Not sampled in 31.6 years
grid10km,10kmE441N364,1994-07-01,378,2,Not sampled in 31.5 years
grid10km,10kmE443N364,1994-07-01,378,2,Not sampled in 31.5 years
grid10km,10kmE440N357,1994-07-01,378,2,Not sampled in 31.5 years
grid10km,10kmE450N352,1994-07-01,378,2,Not sampled in 31.5 years
grid10km,10kmE440N368,1994-09-01,376,2,Not sampled in 31.3 years
grid10km,10kmE536N387,1994-10-01,375,1,Not sampled in 31.2 years
grid10km,10kmE491N410,1995-02-01,371,1,Not sampled in 30.9 years
grid10km,10kmE494N407,1995-03-01,370,2,Not sampled in 30.8 years
grid10km,10kmE494N399,1995-03-01,370,1,Not sampled in 30.8 years
grid10km,10kmE495N409,1995-03-01,370,2,Not sampled in 30.8 years
grid10km,10kmE482N419,1995-03-01,370,1,Not sampled in 30.8 years
grid10km,10kmE491N415,1995-03-01,370,1,Not sampled in 30.8 years
grid10km,10kmE491N397,1995-03-01,370,1,Not sampled in 30.8 years
grid10km,10kmE492N395,1995-03-01,370,1,Not sampled in 30.8 years
grid10km,10kmE460N355,1995-04-01,369,2,Not sampled in 30.8 years
grid10km,10kmE455N356,1995-05-01,368,1,Not sampled in 30.7 years
grid10km,10kmE458N352,1995-06-01,367,3,Not sampled in 30.6 years
grid10km,10kmE442N361,1995-06-01,367,2,Not sampled in 30.6 years
grid10km,10kmE441N447,1995-06-01,367,224,Not sampled in 30.6 years
grid10km,10kmE447N357,1995-07-01,366,5,Not sampled in 30.5 years
grid10km,10kmE444N359,1995-07-01,366,4,Not sampled in 30.5 years
grid10km,10kmE446N356,1995-07-01,366,2,Not sampled in 30.5 years
grid10km,10kmE446N352,1995-07-01,366,2,Not sampled in 30.5 years
grid10km,10kmE481N392,1995-07-01,366,13,Not sampled in 30.5 years
grid10km,10kmE442N365,1995-08-01,365,2,Not sampled in 30.4 years
grid10km,10kmE439N358,1995-08-01,365,3,Not sampled in 30.4 years
grid10km,10kmE452N354,1995-09-01,364,3,Not sampled in 30.3 years
grid10km,10kmE434N416,1995-09-01,364,1,Not sampled in 30.3 years
grid10km,10kmE409N438,1995-09-01,364,1,Not sampled in 30.3 years
grid10km,10kmE519N364,1995-11-01,362,1,Not sampled in 30.2 years
grid10km,10kmE472N522,1996-01-01,360,1,Not sampled in 30 years
grid10km,10kmE450N503,1996-02-01,359,1,Not sampled in 29.9 years
grid10km,10kmE480N395,1996-03-01,358,2,Not sampled in 29.8 years
grid10km,10kmE443N358,1996-03-01,358,2,Not sampled in 29.8 years
grid10km,10kmE456N353,1996-03-01,358,4,Not sampled in 29.8 years
grid10km,10kmE495N387,1996-03-01,358,1,Not sampled in 29.8 years
grid10km,10kmE485N400,1996-03-01,358,2,Not sampled in 29.8 years
grid10km,10kmE489N410,1996-03-01,358,2,Not sampled in 29.8 years
grid10km,10kmE502N406,1996-03-01,358,1,Not sampled in 29.8 years
grid10km,10kmE486N397,1996-04-01,357,2,Not sampled in 29.8 years
grid10km,10kmE484N403,1996-04-01,357,1,Not sampled in 29.8 years
grid10km,10kmE486N418,1996-04-01,357,1,Not sampled in 29.8 years
grid10km,10kmE443N352,1996-04-01,357,1,Not sampled in 29.8 years
grid10km,10kmE489N399,1996-04-01,357,1,Not sampled in 29.8 years
grid10km,10kmE476N389,1996-05-01,356,1,Not sampled in 29.7 years
grid10km,10kmE492N400,1996-05-01,356,1,Not sampled in 29.7 years
grid10km,10kmE441N354,1996-06-01,355,2,Not sampled in 29.6 years
grid10km,10kmE458N354,1996-06-01,355,1,Not sampled in 29.6 years
grid10km,10kmE495N408,1996-06-01,355,1,Not sampled in 29.6 years
grid10km,10kmE436N439,1996-06-01,355,1,Not sampled in 29.6 years
grid10km,10kmE437N441,1996-06-01,355,1,Not sampled in 29.6 years
grid10km,10kmE477N371,1996-07-01,354,3,Not sampled in 29.5 years
grid10km,10kmE478N372,1996-07-01,354,2,Not sampled in 29.5 years
grid10km,10kmE472N511,1996-07-01,354,76,Not sampled in 29.5 years
grid10km,10kmE469N508,1996-07-01,354,63,Not sampled in 29.5 years
grid10km,10kmE479N375,1996-07-01,354,2,Not sampled in 29.5 years
grid10km,10kmE476N370,1996-07-01,354,2,Not sampled in 29.5 years
grid10km,10kmE481N373,1996-07-01,354,1,Not sampled in 29.5 years
grid10km,10kmE474N363,1996-07-01,354,1,Not sampled in 29.5 years
grid10km,10kmE475N364,1996-07-01,354,2,Not sampled in 29.5 years
grid10km,10kmE477N365,1996-07-01,354,1,Not sampled in 29.5 years
grid10km,10kmE475N363,1996-07-01,354,1,Not sampled in 29.5 years
grid10km,10kmE477N364,1996-07-01,354,1,Not sampled in 29.5 years
grid10km,10kmE477N370,1996-07-01,354,1,Not sampled in 29.5 years
grid10km,10kmE478N368,1996-07-01,354,1,Not sampled in 29.5 years
grid10km,10kmE479N369,1996-07-01,354,1,Not sampled in 29.5 years
grid10km,10kmE469N363,1996-07-01,354,1,Not sampled in 29.5 years
grid10km,10kmE479N367,1996-07-01,354,1,Not sampled in 29.5 years
grid10km,10kmE476N366,1996-07-01,354,1,Not sampled in 29.5 years
grid10km,10kmE479N371,1996-07-01,354,2,Not sampled in 29.5 years
grid10km,10kmE475N375,1996-07-01,354,2,Not sampled in 29.5 years
grid10km,10kmE481N371,1996-07-01,354,1,Not sampled in 29.5 years
grid10km,10kmE454N356,1996-08-01,353,3,Not sampled in 29.4 years
grid10km,10kmE465N502,1996-08-01,353,80,Not sampled in 29.4 years
grid10km,10kmE500N483,1996-08-01,353,3,Not sampled in 29.4 years
grid10km,10kmE499N487,1996-08-01,353,4,Not sampled in 29.4 years
grid10km,10kmE445N363,1996-08-01,353,1,Not sampled in 29.4 years
grid10km,10kmE442N363,1996-09-01,352,3,Not sampled in 29.3 years
grid10km,10kmE450N351,1996-10-01,351,1,Not sampled in 29.2 years
grid10km,10kmE496N408,1996-10-01,351,1,Not sampled in 29.2 years
grid10km,10kmE448N353,1996-11-01,350,1,Not sampled in 29.2 years
grid10km,10kmE490N410,1996-12-01,349,2,Not sampled in 29.1 years
grid10km,10kmE499N348,1997-01-01,348,1,Not sampled in 29 years
grid10km,10kmE473N432,1997-02-01,347,29,Not sampled in 28.9 years
grid10km,10kmE454N353,1997-02-01,347,2,Not sampled in 28.9 years
grid10km,10kmE483N414,1997-02-01,347,2,Not sampled in 28.9 years
grid10km,10kmE494N397,1997-02-01,347,1,Not sampled in 28.9 years
grid10km,10kmE445N361,1997-03-01,346,2,Not sampled in 28.8 years
grid10km,10kmE457N352,1997-04-01,345,3,Not sampled in 28.8 years
grid10km,10kmE492N401,1997-04-01,345,1,Not sampled in 28.8 years
grid10km,10kmE447N355,1997-04-01,345,4,Not sampled in 28.8 years
grid10km,10kmE442N370,1997-04-01,345,2,Not sampled in 28.8 years
grid10km,10kmE443N355,1997-06-01,343,4,Not sampled in 28.6 years
grid10km,10kmE462N358,1997-06-01,343,1,Not sampled in 28.6 years
grid10km,10kmE446N357,1997-07-01,342,4,Not sampled in 28.5 years
grid10km,10kmE451N355,1997-07-01,342,2,Not sampled in 28.5 years
grid10km,10kmE484N414,1997-07-01,342,1,Not sampled in 28.5 years
grid10km,10kmE486N415,1997-07-01,342,1,Not sampled in 28.5 years
grid10km,10kmE490N405,1997-07-01,342,1,Not sampled in 28.5 years
grid10km,10kmE444N364,1997-07-01,342,2,Not sampled in 28.5 years
grid10km,10kmE461N358,1997-08-01,341,2,Not sampled in 28.4 years
grid10km,10kmE450N477,1997-08-01,341,33,Not sampled in 28.4 years
grid10km,10kmE450N474,1997-08-01,341,40,Not sampled in 28.4 years
grid10km,10kmE454N489,1997-09-01,340,1,Not sampled in 28.3 years
grid10km,10kmE473N524,1997-11-01,338,1,Not sampled in 28.2 years
grid10km,10kmE495N410,1998-03-01,334,1,Not sampled in 27.8 years
grid10km,10kmE494N408,1998-03-01,334,2,Not sampled in 27.8 years
grid10km,10kmE482N398,1998-03-01,334,2,Not sampled in 27.8 years
grid10km,10kmE444N354,1998-03-01,334,3,Not sampled in 27.8 years
grid10km,10kmE495N404,1998-03-01,334,1,Not sampled in 27.8 years
grid10km,10kmE491N408,1998-03-01,334,4,Not sampled in 27.8 years
grid10km,10kmE488N417,1998-03-01,334,2,Not sampled in 27.8 years
grid10km,10kmE484N396,1998-03-01,334,1,Not sampled in 27.8 years
grid10km,10kmE489N413,1998-03-01,334,2,Not sampled in 27.8 years
grid10km,10kmE492N408,1998-03-01,334,1,Not sampled in 27.8 years
grid10km,10kmE493N405,1998-03-01,334,2,Not sampled in 27.8 years
grid10km,10kmE490N416,1998-03-01,334,4,Not sampled in 27.8 years
grid10km,10kmE496N405,1998-03-01,334,1,Not sampled in 27.8 years
grid10km,10kmE489N405,1998-03-01,334,1,Not sampled in 27.8 years
grid10km,10kmE462N357,1998-03-01,334,1,Not sampled in 27.8 years
grid10km,10kmE481N397,1998-03-01,334,1,Not sampled in 27.8 years
grid10km,10kmE491N400,1998-03-01,334,2,Not sampled in 27.8 years
grid10km,10kmE487N403,1998-03-01,334,1,Not sampled in 27.8 years
grid10km,10kmE490N397,1998-03-01,334,1,Not sampled in 27.8 years
grid10km,10kmE492N406,1998-03-01,334,1,Not sampled in 27.8 years
grid10km,10kmE480N398,1998-04-01,333,1,Not sampled in 27.8 years
grid10km,10kmE493N397,1998-04-01,333,1,Not sampled in 27.8 years
grid10km,10kmE492N410,1998-04-01,333,3,Not sampled in 27.8 years
grid10km,10kmE485N401,1998-04-01,333,1,Not sampled in 27.8 years
grid10km,10kmE493N404,1998-04-01,333,1,Not sampled in 27.8 years
grid10km,10kmE445N360,1998-05-01,332,1,Not sampled in 27.7 years
grid10km,10kmE441N366,1998-07-01,330,3,Not sampled in 27.5 years
grid10km,10kmE443N362,1999-01-01,324,5,Not sampled in 27 years
grid10km,10kmE437N448,1999-01-01,324,1,Not sampled in 27 years
grid10km,10kmE527N427,1999-01-01,324,1,Not sampled in 27 years
grid10km,10kmE455N488,1999-01-01,324,1,Not sampled in 27 years
grid10km,10kmE408N436,1999-01-01,324,1,Not sampled in 27 years
grid10km,10kmE529N425,1999-01-01,324,1,Not sampled in 27 years
grid10km,10kmE490N402,1999-06-01,319,3,Not sampled in 26.6 years
grid10km,10kmE443N369,1999-06-01,319,2,Not sampled in 26.6 years
grid10km,10kmE488N402,1999-07-01,318,2,Not sampled in 26.5 years
grid10km,10kmE485N419,1999-07-01,318,1,Not sampled in 26.5 years
grid10km,10kmE492N405,2000-02-01,311,1,Not sampled in 25.9 years
grid10km,10kmE451N350,2000-03-01,310,2,Not sampled in 25.8 years
grid10km,10kmE494N409,2000-03-01,310,1,Not sampled in 25.8 years
grid10km,10kmE489N412,2000-04-01,309,2,Not sampled in 25.8 years
grid10km,10kmE493N403,2000-04-01,309,1,Not sampled in 25.8 years
grid10km,10kmE487N404,2000-04-01,309,1,Not sampled in 25.8 years
grid10km,10kmE442N369,2000-05-01,308,1,Not sampled in 25.7 years
grid10km,10kmE475N393,2000-06-01,307,2,Not sampled in 25.6 years
grid10km,10kmE490N391,2000-07-01,306,23,Not sampled in 25.5 years
grid10km,10kmE453N353,2000-09-01,304,1,Not sampled in 25.3 years
grid10km,10kmE486N393,2000-09-01,304,21,Not sampled in 25.3 years
grid10km,10kmE442N371,2000-09-01,304,1,Not sampled in 25.3 years
grid10km,10kmE446N351,2000-10-01,303,2,Not sampled in 25.2 years
grid10km,10kmE445N425,2001-04-01,297,13,Not sampled in 24.8 years
grid10km,10kmE438N360,2001-07-01,294,2,Not sampled in 24.5 years
grid10km,10kmE444N369,2001-07-01,294,5,Not sampled in 24.5 years
grid10km,10kmE444N363,2001-10-01,291,4,Not sampled in 24.2 years
grid10km,10kmE444N361,2002-03-01,286,1,Not sampled in 23.8 years
grid10km,10kmE450N353,2002-05-01,284,3,Not sampled in 23.7 years
grid10km,10kmE442N368,2002-06-01,283,5,Not sampled in 23.6 years
grid10km,10kmE462N360,2002-06-01,283,1,Not sampled in 23.6 years
grid10km,10kmE480N419,2002-06-01,283,9,Not sampled in 23.6 years
grid10km,10kmE440N356,2002-07-01,282,2,Not sampled in 23.5 years
grid10km,10kmE483N398,2002-07-01,282,2,Not sampled in 23.5 years
grid10km,10kmE451N353,2002-07-01,282,3,Not sampled in 23.5 years
grid10km,10kmE495N411,2002-07-01,282,1,Not sampled in 23.5 years
grid10km,10kmE491N404,2002-07-01,282,1,Not sampled in 23.5 years
grid10km,10kmE479N511,2002-07-01,282,67,Not sampled in 23.5 years
grid10km,10kmE457N357,2002-08-01,281,173,Not sampled in 23.4 years
grid10km,10kmE448N352,2002-08-01,281,2,Not sampled in 23.4 years
grid10km,10kmE443N363,2002-08-01,281,4,Not sampled in 23.4 years
grid10km,10kmE487N506,2002-08-01,281,9,Not sampled in 23.4 years
grid10km,10kmE442N359,2002-09-01,280,2,Not sampled in 23.3 years
grid10km,10kmE453N350,2002-10-01,279,2,Not sampled in 23.2 years
grid10km,10kmE450N476,2002-10-01,279,31,Not sampled in 23.2 years
grid10km,10kmE517N422,2002-12-01,277,1,Not sampled in 23.1 years
grid10km,10kmE458N490,2003-09-01,268,20,Not sampled in 22.3 years
grid10km,10kmE420N447,2004-06-01,259,1,Not sampled in 21.6 years
grid10km,10kmE477N443,2004-07-01,258,1,Not sampled in 21.5 years
grid10km,10kmE449N476,2004-07-01,258,33,Not sampled in 21.5 years
grid10km,10kmE439N450,2004-08-01,257,1,Not sampled in 21.4 years
grid10km,10kmE440N442,2004-08-01,257,1,Not sampled in 21.4 years
grid10km,10kmE437N436,2004-08-01,257,1,Not sampled in 21.4 years
grid10km,10kmE445N373,2005-01-01,252,6,Not sampled in 21 years
grid10km,10kmE488N388,2005-06-01,247,28,Not sampled in 20.6 years
grid10km,10kmE488N387,2005-06-01,247,15,Not sampled in 20.6 years
grid10km,10kmE482N391,2005-06-01,247,24,Not sampled in 20.6 years
grid10km,10kmE489N387,2005-06-01,247,29,Not sampled in 20.6 years
grid10km,10kmE488N386,2005-06-01,247,30,Not sampled in 20.6 years
grid10km,10kmE484N392,2005-06-01,247,21,Not sampled in 20.6 years
grid10km,10kmE487N386,2005-06-01,247,22,Not sampled in 20.6 years
grid10km,10kmE486N416,2005-07-01,246,1,Not sampled in 20.5 years
grid10km,10kmE490N388,2005-07-01,246,22,Not sampled in 20.5 years
grid10km,10kmE478N389,2005-07-01,246,1,Not sampled in 20.5 years
grid10km,10kmE470N511,2005-08-01,245,73,Not sampled in 20.4 years
grid10km,10kmE480N511,2005-08-01,245,71,Not sampled in 20.4 years
grid10km,10kmE471N508,2005-08-01,245,101,Not sampled in 20.4 years
grid10km,10kmE469N511,2005-08-01,245,28,Not sampled in 20.4 years
grid10km,10kmE471N510,2005-08-01,245,72,Not sampled in 20.4 years
grid10km,10kmE489N388,2005-09-01,244,25,Not sampled in 20.3 years
grid10km,10kmE462N363,2006-07-01,234,2,Not sampled in 19.5 years
grid10km,10kmE464N361,2006-07-01,234,1,Not sampled in 19.5 years
grid10km,10kmE442N435,2006-08-01,233,109,Not sampled in 19.4 years
grid10km,10kmE442N434,2006-08-01,233,26,Not sampled in 19.4 years
grid10km,10kmE451N399,2007-01-01,228,50,Not sampled in 19 years
grid10km,10kmE562N340,2007-06-01,223,1,Not sampled in 18.6 years
grid10km,10kmE493N388,2007-07-01,222,1,Not sampled in 18.5 years
grid10km,10kmE444N374,2008-05-01,212,38,Not sampled in 17.7 years
grid10km,10kmE490N499,2008-06-01,211,12,Not sampled in 17.6 years
grid10km,10kmE458N496,2008-06-01,211,4,Not sampled in 17.6 years
grid10km,10kmE488N406,2008-07-01,210,2,Not sampled in 17.5 years
grid10km,10kmE483N376,2009-01-01,204,1,Not sampled in 17 years
grid10km,10kmE478N391,2009-04-01,201,2,Not sampled in 16.8 years
grid10km,10kmE487N413,2009-07-01,198,2,Not sampled in 16.5 years
grid10km,10kmE511N331,2009-07-01,198,1,Not sampled in 16.5 years
grid10km,10kmE456N352,2009-07-01,198,2,Not sampled in 16.5 years
grid10km,10kmE492N461,2009-07-01,198,1,Not sampled in 16.5 years
grid10km,10kmE541N399,2009-07-01,198,1,Not sampled in 16.5 years
grid10km,10kmE457N489,2009-08-01,197,19,Not sampled in 16.4 years
grid10km,10kmE432N399,2009-08-01,197,1,Not sampled in 16.4 years
grid10km,10kmE480N373,2009-09-01,196,1,Not sampled in 16.3 years
grid10km,10kmE442N433,2009-09-01,196,29,Not sampled in 16.3 years
grid10km,10kmE456N489,2009-09-01,196,7,Not sampled in 16.3 years
grid10km,10kmE442N432,2009-09-01,196,20,Not sampled in 16.3 years
grid10km,10kmE487N385,2010-05-01,188,15,Not sampled in 15.7 years
grid10km,10kmE477N383,2010-05-01,188,4,Not sampled in 15.7 years
grid10km,10kmE484N427,2010-07-01,186,1,Not sampled in 15.5 years
grid10km,10kmE489N384,2010-10-01,183,1,Not sampled in 15.2 years
grid10km,10kmE492N386,2010-11-01,182,1,Not sampled in 15.2 years
grid10km,10kmE478N395,2011-04-01,177,2,Not sampled in 14.8 years
grid10km,10kmE490N407,2011-04-01,177,2,Not sampled in 14.8 years
grid10km,10kmE476N391,2011-04-01,177,1,Not sampled in 14.8 years
grid10km,10kmE452N353,2011-05-01,176,2,Not sampled in 14.7 years
grid10km,10kmE475N514,2011-06-01,175,11,Not sampled in 14.6 years
grid10km,10kmE481N510,2011-06-01,175,91,Not sampled in 14.6 years
grid10km,10kmE491N466,2011-06-01,175,1,Not sampled in 14.6 years
grid10km,10kmE487N454,2011-06-01,175,1,Not sampled in 14.6 years
grid10km,10kmE489N409,2011-07-01,174,2,Not sampled in 14.5 years
grid10km,10kmE448N356,2011-07-01,174,3,Not sampled in 14.5 years
grid10km,10kmE485N446,2011-07-01,174,1,Not sampled in 14.5 years
grid10km,10kmE489N448,2011-07-01,174,1,Not sampled in 14.5 years
grid10km,10kmE484N415,2012-03-01,166,1,Not sampled in 13.8 years
grid10km,10kmE491N394,2012-04-01,165,3,Not sampled in 13.8 years
grid10km,10kmE480N447,2012-04-01,165,1,Not sampled in 13.8 years
grid10km,10kmE495N458,2012-04-01,165,2,Not sampled in 13.8 years
grid10km,10kmE498N457,2012-04-01,165,1,Not sampled in 13.8 years
grid10km,10kmE492N450,2012-04-01,165,1,Not sampled in 13.8 years
grid10km,10kmE495N467,2012-04-01,165,1,Not sampled in 13.8 years
grid10km,10kmE490N446,2012-04-01,165,1,Not sampled in 13.8 years
grid10km,10kmE489N407,2012-05-01,164,2,Not sampled in 13.7 years
grid10km,10kmE491N398,2012-05-01,164,1,Not sampled in 13.7 years
grid10km,10kmE475N435,2012-05-01,164,1,Not sampled in 13.7 years
grid10km,10kmE481N430,2012-05-01,164,1,Not sampled in 13.7 years
grid10km,10kmE477N377,2012-05-01,164,2,Not sampled in 13.7 years
grid10km,10kmE487N384,2012-06-01,163,41,Not sampled in 13.6 years
grid10km,10kmE488N450,2012-06-01,163,1,Not sampled in 13.6 years
grid10km,10kmE441N356,2012-07-01,162,4,Not sampled in 13.5 years
grid10km,10kmE463N356,2012-07-01,162,1,Not sampled in 13.5 years
grid10km,10kmE442N367,2012-07-01,162,1,Not sampled in 13.5 years
grid10km,10kmE460N499,2012-08-01,161,7,Not sampled in 13.4 years
grid10km,10kmE432N398,2012-08-01,161,1,Not sampled in 13.4 years
grid10km,10kmE497N455,2012-08-01,161,1,Not sampled in 13.4 years
grid10km,10kmE490N415,2012-08-01,161,1,Not sampled in 13.4 years
grid10km,10kmE441N358,2012-09-01,160,4,Not sampled in 13.3 years
grid10km,10kmE476N388,2012-09-01,160,1,Not sampled in 13.3 years
grid10km,10kmE474N437,2012-09-01,160,1,Not sampled in 13.3 years
grid10km,10kmE490N458,2012-09-01,160,1,Not sampled in 13.3 years
grid10km,10kmE449N354,2012-10-01,159,2,Not sampled in 13.2 years
grid10km,10kmE434N398,2012-10-01,159,1,Not sampled in 13.2 years
grid10km,10kmE476N427,2012-11-01,158,1,Not sampled in 13.2 years
grid10km,10kmE475N432,2012-11-01,158,1,Not sampled in 13.2 years
grid10km,10kmE431N385,2012-11-01,158,1,Not sampled in 13.2 years
grid10km,10kmE488N401,2012-12-01,157,2,Not sampled in 13.1 years
grid10km,10kmE474N438,2013-01-01,156,5,Not sampled in 13 years
grid10km,10kmE475N422,2013-04-01,153,2,Not sampled in 12.8 years
grid10km,10kmE451N458,2013-04-01,153,17,Not sampled in 12.8 years
grid10km,10kmE494N403,2013-04-01,153,1,Not sampled in 12.8 years
grid10km,10kmE488N376,2013-04-01,153,1,Not sampled in 12.8 years
grid10km,10kmE487N392,2013-04-01,153,26,Not sampled in 12.8 years
grid10km,10kmE489N403,2013-05-01,152,1,Not sampled in 12.7 years
grid10km,10kmE474N428,2013-05-01,152,1,Not sampled in 12.7 years
grid10km,10kmE455N481,2013-06-01,151,28,Not sampled in 12.6 years
grid10km,10kmE444N352,2013-06-01,151,4,Not sampled in 12.6 years
grid10km,10kmE440N445,2013-06-01,151,4,Not sampled in 12.6 years
grid10km,10kmE496N485,2013-06-01,151,8,Not sampled in 12.6 years
grid10km,10kmE490N473,2013-06-01,151,14,Not sampled in 12.6 years
grid10km,10kmE477N379,2013-07-01,150,3,Not sampled in 12.5 years
grid10km,10kmE444N355,2013-07-01,150,1,Not sampled in 12.5 years
grid10km,10kmE454N351,2013-07-01,150,1,Not sampled in 12.5 years
grid10km,10kmE491N455,2013-07-01,150,1,Not sampled in 12.5 years
grid10km,10kmE445N364,2013-08-01,149,5,Not sampled in 12.4 years
grid10km,10kmE487N412,2013-08-01,149,2,Not sampled in 12.4 years
grid10km,10kmE440N366,2013-08-01,149,2,Not sampled in 12.4 years
grid10km,10kmE475N430,2013-08-01,149,1,Not sampled in 12.4 years
grid10km,10kmE478N427,2013-08-01,149,1,Not sampled in 12.4 years
grid10km,10kmE488N411,2013-09-01,148,2,Not sampled in 12.3 years
grid10km,10kmE497N456,2013-10-01,147,1,Not sampled in 12.2 years
grid10km,10kmE473N435,2013-11-01,146,4,Not sampled in 12.2 years
grid10km,10kmE436N396,2013-11-01,146,1,Not sampled in 12.2 years
grid10km,10kmE432N383,2013-12-01,145,1,Not sampled in 12.1 years
grid10km,10kmE450N350,2014-03-01,142,2,Not sampled in 11.8 years
grid10km,10kmE439N360,2014-04-01,141,4,Not sampled in 11.8 years
grid10km,10kmE487N416,2014-04-01,141,3,Not sampled in 11.8 years
grid10km,10kmE495N476,2014-04-01,141,4,Not sampled in 11.8 years
grid10km,10kmE486N402,2014-04-01,141,1,Not sampled in 11.8 years
grid10km,10kmE430N392,2014-04-01,141,1,Not sampled in 11.8 years
grid10km,10kmE431N392,2014-04-01,141,2,Not sampled in 11.8 years
grid10km,10kmE432N397,2014-04-01,141,1,Not sampled in 11.8 years
grid10km,10kmE477N429,2014-04-01,141,1,Not sampled in 11.8 years
grid10km,10kmE429N387,2014-04-01,141,1,Not sampled in 11.8 years
grid10km,10kmE487N470,2014-05-01,140,9,Not sampled in 11.7 years
grid10km,10kmE438N383,2014-05-01,140,3,Not sampled in 11.7 years
grid10km,10kmE429N391,2014-05-01,140,1,Not sampled in 11.7 years
grid10km,10kmE482N392,2014-05-01,140,27,Not sampled in 11.7 years
grid10km,10kmE438N382,2014-05-01,140,1,Not sampled in 11.7 years
grid10km,10kmE489N461,2014-06-01,139,1,Not sampled in 11.6 years
grid10km,10kmE459N490,2014-07-01,138,34,Not sampled in 11.5 years
grid10km,10kmE460N354,2014-07-01,138,2,Not sampled in 11.5 years
grid10km,10kmE479N420,2014-07-01,138,1,Not sampled in 11.5 years
grid10km,10kmE479N434,2014-07-01,138,1,Not sampled in 11.5 years
grid10km,10kmE478N433,2014-07-01,138,2,Not sampled in 11.5 years
grid10km,10kmE487N393,2014-07-01,138,25,Not sampled in 11.5 years
grid10km,10kmE444N357,2014-08-01,137,2,Not sampled in 11.4 years
grid10km,10kmE434N385,2014-08-01,137,1,Not sampled in 11.4 years
grid10km,10kmE436N382,2014-08-01,137,1,Not sampled in 11.4 years
grid10km,10kmE438N364,2014-08-01,137,1,Not sampled in 11.4 years
grid10km,10kmE431N396,2014-08-01,137,1,Not sampled in 11.4 years
grid10km,10kmE436N391,2014-09-01,136,1,Not sampled in 11.3 years
grid10km,10kmE440N359,2014-09-01,136,2,Not sampled in 11.3 years
grid10km,10kmE436N388,2014-10-01,135,2,Not sampled in 11.2 years
grid10km,10kmE429N388,2014-10-01,135,1,Not sampled in 11.2 years
grid10km,10kmE457N353,2014-11-01,134,3,Not sampled in 11.2 years
grid10km,10kmE449N352,2014-11-01,134,3,Not sampled in 11.2 years
grid10km,10kmE441N369,2014-11-01,134,5,Not sampled in 11.2 years
grid10km,10kmE434N383,2014-11-01,134,3,Not sampled in 11.2 years
grid10km,10kmE429N390,2014-11-01,134,2,Not sampled in 11.2 years
grid10km,10kmE434N381,2014-11-01,134,2,Not sampled in 11.2 years
grid10km,10kmE434N386,2014-11-01,134,1,Not sampled in 11.2 years
grid10km,10kmE436N395,2014-12-01,133,3,Not sampled in 11.1 years
grid10km,10kmE474N433,2014-12-01,133,3,Not sampled in 11.1 years
grid10km,10kmE437N382,2014-12-01,133,2,Not sampled in 11.1 years
grid10km,10kmE488N400,2014-12-01,133,1,Not sampled in 11.1 years
grid10km,10kmE452N355,2015-01-01,132,3,Not sampled in 11 years
grid10km,10kmE441N359,2015-01-01,132,1,Not sampled in 11 years
grid10km,10kmE494N410,2015-04-01,129,2,Not sampled in 10.8 years
grid10km,10kmE487N407,2015-04-01,129,2,Not sampled in 10.8 years
grid10km,10kmE492N399,2015-04-01,129,3,Not sampled in 10.8 years
grid10km,10kmE477N427,2015-04-01,129,2,Not sampled in 10.8 years
grid10km,10kmE434N390,2015-04-01,129,1,Not sampled in 10.8 years
grid10km,10kmE479N397,2015-04-01,129,1,Not sampled in 10.8 years
grid10km,10kmE381N391,2015-05-01,128,1,Not sampled in 10.7 years
grid10km,10kmE462N359,2015-05-01,128,4,Not sampled in 10.7 years
grid10km,10kmE443N353,2015-05-01,128,2,Not sampled in 10.7 years
grid10km,10kmE450N356,2015-05-01,128,3,Not sampled in 10.7 years
grid10km,10kmE489N455,2015-05-01,128,1,Not sampled in 10.7 years
grid10km,10kmE441N438,2015-06-01,127,63,Not sampled in 10.6 years
grid10km,10kmE440N358,2015-06-01,127,5,Not sampled in 10.6 years
grid10km,10kmE443N365,2015-06-01,127,3,Not sampled in 10.6 years
grid10km,10kmE450N465,2015-06-01,127,22,Not sampled in 10.6 years
grid10km,10kmE491N391,2015-06-01,127,22,Not sampled in 10.6 years
grid10km,10kmE492N379,2015-06-01,127,1,Not sampled in 10.6 years
grid10km,10kmE493N458,2015-06-01,127,1,Not sampled in 10.6 years
grid10km,10kmE489N394,2015-06-01,127,14,Not sampled in 10.6 years
grid10km,10kmE495N460,2015-06-01,127,1,Not sampled in 10.6 years
grid10km,10kmE444N370,2015-07-01,126,3,Not sampled in 10.5 years
grid10km,10kmE374N406,2015-07-01,126,1,Not sampled in 10.5 years
grid10km,10kmE446N360,2015-07-01,126,3,Not sampled in 10.5 years
grid10km,10kmE439N367,2015-07-01,126,2,Not sampled in 10.5 years
grid10km,10kmE491N411,2015-07-01,126,1,Not sampled in 10.5 years
grid10km,10kmE452N479,2015-07-01,126,28,Not sampled in 10.5 years
grid10km,10kmE445N366,2015-07-01,126,7,Not sampled in 10.5 years
grid10km,10kmE445N371,2015-08-01,125,5,Not sampled in 10.4 years
grid10km,10kmE430N387,2015-08-01,125,3,Not sampled in 10.4 years
grid10km,10kmE432N389,2015-08-01,125,1,Not sampled in 10.4 years
grid10km,10kmE446N361,2015-09-01,124,5,Not sampled in 10.3 years
grid10km,10kmE494N383,2015-09-01,124,1,Not sampled in 10.3 years
grid10km,10kmE435N385,2015-09-01,124,4,Not sampled in 10.3 years
grid10km,10kmE457N354,2015-09-01,124,1,Not sampled in 10.3 years
grid10km,10kmE439N380,2015-09-01,124,1,Not sampled in 10.3 years
grid10km,10kmE436N381,2015-09-01,124,1,Not sampled in 10.3 years
grid10km,10kmE436N390,2015-09-01,124,1,Not sampled in 10.3 years
grid10km,10kmE435N391,2015-09-01,124,3,Not sampled in 10.3 years
grid10km,10kmE441N362,2015-09-01,124,1,Not sampled in 10.3 years
grid10km,10kmE480N430,2015-09-01,124,1,Not sampled in 10.3 years
grid10km,10kmE474N427,2015-09-01,124,3,Not sampled in 10.3 years
grid10km,10kmE430N389,2015-09-01,124,1,Not sampled in 10.3 years
grid10km,10kmE443N368,2015-10-01,123,4,Not sampled in 10.2 years
grid10km,10kmE451N351,2015-10-01,123,3,Not sampled in 10.2 years
grid10km,10kmE463N363,2015-10-01,123,1,Not sampled in 10.2 years
grid10km,10kmE427N337,2015-10-01,123,1,Not sampled in 10.2 years
grid10km,10kmE489N469,2015-10-01,123,1,Not sampled in 10.2 years
grid10km,10kmE491N464,2015-10-01,123,1,Not sampled in 10.2 years
grid10km,10kmE443N435,2015-11-01,122,124,Not sampled in 10.2 years
grid10km,10kmE446N358,2015-11-01,122,6,Not sampled in 10.2 years
grid10km,10kmE479N423,2015-11-01,122,1,Not sampled in 10.2 years
grid10km,10kmE475N423,2015-11-01,122,3,Not sampled in 10.2 years
grid10km,10kmE483N396,2015-12-01,121,4,Not sampled in 10.1 years
grid10km,10kmE454N355,2015-12-01,121,4,Not sampled in 10.1 years
grid10km,10kmE433N392,2015-12-01,121,3,Not sampled in 10.1 years
grid10km,10kmE490N382,2015-12-01,121,1,Not sampled in 10.1 years
grid10km,10kmE480N424,2015-12-01,121,1,Not sampled in 10.1 years
grid10km,10kmE444N362,2016-01-01,120,4,Not sampled in 10 years
grid10km,10kmE434N392,2016-01-01,120,4,Not sampled in 10 years
grid10km,10kmE436N399,2016-01-01,120,2,Not sampled in 10 years
grid10km,10kmE432N388,2016-01-01,120,3,Not sampled in 10 years
grid10km,10kmE437N384,2016-01-01,120,1,Not sampled in 10 years
grid10km,10kmE435N399,2016-01-01,120,2,Not sampled in 10 years
grid10km,10kmE431N387,2016-01-01,120,3,Not sampled in 10 years
grid10km,10kmE431N393,2016-01-01,120,1,Not sampled in 10 years
grid10km,10kmE430N396,2016-01-01,120,1,Not sampled in 10 years
grid10km,10kmE465N363,2016-03-01,118,1,Not sampled in 9.8 years
grid10km,10kmE440N355,2016-03-01,118,1,Not sampled in 9.8 years
grid10km,10kmE464N364,2016-04-01,117,1,Not sampled in 9.8 years
grid10km,10kmE443N359,2016-04-01,117,3,Not sampled in 9.8 years
grid10km,10kmE483N420,2016-04-01,117,1,Not sampled in 9.8 years
grid10km,10kmE438N419,2016-05-01,116,1,Not sampled in 9.7 years
grid10km,10kmE482N400,2016-06-01,115,3,Not sampled in 9.6 years
grid10km,10kmE442N448,2016-06-01,115,284,Not sampled in 9.6 years
grid10km,10kmE494N491,2016-07-01,114,57,Not sampled in 9.5 years
grid10km,10kmE472N510,2016-07-01,114,90,Not sampled in 9.5 years
grid10km,10kmE447N351,2016-08-01,113,5,Not sampled in 9.4 years
grid10km,10kmE461N361,2016-08-01,113,3,Not sampled in 9.4 years
grid10km,10kmE486N396,2016-08-01,113,2,Not sampled in 9.4 years
grid10km,10kmE483N394,2016-08-01,113,15,Not sampled in 9.4 years
grid10km,10kmE492N390,2016-08-01,113,1,Not sampled in 9.4 years
grid10km,10kmE479N432,2016-08-01,113,1,Not sampled in 9.4 years
grid10km,10kmE454N481,2016-08-01,113,17,Not sampled in 9.4 years
grid10km,10kmE491N406,2016-09-01,112,2,Not sampled in 9.3 years
grid10km,10kmE491N469,2016-09-01,112,1,Not sampled in 9.3 years
grid10km,10kmE479N427,2016-09-01,112,1,Not sampled in 9.3 years
grid10km,10kmE478N430,2016-09-01,112,1,Not sampled in 9.3 years
grid10km,10kmE472N426,2016-09-01,112,11,Not sampled in 9.3 years
grid10km,10kmE474N426,2016-09-01,112,1,Not sampled in 9.3 years
grid10km,10kmE493N409,2016-10-01,111,2,Not sampled in 9.2 years
grid10km,10kmE432N392,2016-10-01,111,3,Not sampled in 9.2 years
grid10km,10kmE459N357,2016-12-01,109,6,Not sampled in 9.1 years
grid10km,10kmE493N453,2016-12-01,109,2,Not sampled in 9.1 years
grid10km,10kmE458N334,2017-02-01,107,1,Not sampled in 8.9 years
grid10km,10kmE487N408,2017-04-01,105,2,Not sampled in 8.8 years
grid10km,10kmE442N378,2017-06-01,103,12,Not sampled in 8.6 years
grid10km,10kmE442N379,2017-06-01,103,59,Not sampled in 8.6 years
grid10km,10kmE442N420,2017-06-01,103,1,Not sampled in 8.6 years
grid10km,10kmE480N514,2017-06-01,103,4,Not sampled in 8.6 years
grid10km,10kmE450N354,2017-07-01,102,4,Not sampled in 8.5 years
grid10km,10kmE449N460,2017-07-01,102,17,Not sampled in 8.5 years
grid10km,10kmE490N414,2017-07-01,102,1,Not sampled in 8.5 years
grid10km,10kmE457N356,2017-08-01,101,7,Not sampled in 8.4 years
grid10km,10kmE483N391,2017-08-01,101,24,Not sampled in 8.4 years
grid10km,10kmE478N381,2017-08-01,101,5,Not sampled in 8.4 years
grid10km,10kmE476N392,2017-08-01,101,6,Not sampled in 8.4 years
grid10km,10kmE486N375,2017-08-01,101,1,Not sampled in 8.4 years
grid10km,10kmE477N389,2017-08-01,101,4,Not sampled in 8.4 years
grid10km,10kmE491N383,2017-08-01,101,1,Not sampled in 8.4 years
grid10km,10kmE484N393,2017-08-01,101,22,Not sampled in 8.4 years
grid10km,10kmE493N381,2017-08-01,101,1,Not sampled in 8.4 years
grid10km,10kmE492N384,2017-08-01,101,1,Not sampled in 8.4 years
grid10km,10kmE494N382,2017-08-01,101,2,Not sampled in 8.4 years
grid10km,10kmE479N390,2017-08-01,101,1,Not sampled in 8.4 years
grid10km,10kmE487N400,2017-09-01,100,2,Not sampled in 8.3 years
grid10km,10kmE517N426,2017-09-01,100,1,Not sampled in 8.3 years
grid10km,10kmE477N426,2017-09-01,100,1,Not sampled in 8.3 years
grid10km,10kmE488N462,2017-09-01,100,27,Not sampled in 8.3 years
grid10km,10kmE460N357,2017-10-01,99,5,Not sampled in 8.2 years
grid10km,10kmE480N422,2017-10-01,99,1,Not sampled in 8.2 years
grid10km,10kmE490N395,2017-10-01,99,3,Not sampled in 8.2 years
grid10km,10kmE433N398,2017-10-01,99,3,Not sampled in 8.2 years
grid10km,10kmE436N380,2017-10-01,99,3,Not sampled in 8.2 years
grid10km,10kmE437N388,2017-10-01,99,2,Not sampled in 8.2 years
grid10km,10kmE445N372,2017-11-01,98,4,Not sampled in 8.2 years
grid10km,10kmE477N435,2017-11-01,98,2,Not sampled in 8.2 years
grid10km,10kmE433N388,2017-11-01,98,1,Not sampled in 8.2 years
grid10km,10kmE431N388,2018-01-01,96,4,Not sampled in 8 years
grid10km,10kmE477N422,2018-01-01,96,1,Not sampled in 8 years
grid10km,10kmE432N396,2018-02-01,95,1,Not sampled in 7.9 years
grid10km,10kmE420N412,2018-03-01,94,1,Not sampled in 7.8 years
grid10km,10kmE433N385,2018-03-01,94,3,Not sampled in 7.8 years
grid10km,10kmE435N383,2018-03-01,94,2,Not sampled in 7.8 years
grid10km,10kmE430N394,2018-03-01,94,2,Not sampled in 7.8 years
grid10km,10kmE437N383,2018-03-01,94,2,Not sampled in 7.8 years
grid10km,10kmE477N445,2018-05-01,92,9,Not sampled in 7.7 years
grid10km,10kmE496N484,2018-06-01,91,6,Not sampled in 7.6 years
grid10km,10kmE541N483,2018-06-01,91,1,Not sampled in 7.6 years
grid10km,10kmE494N486,2018-06-01,91,29,Not sampled in 7.6 years
grid10km,10kmE481N418,2018-06-01,91,2,Not sampled in 7.6 years
grid10km,10kmE479N510,2018-07-01,90,420,Not sampled in 7.5 years
grid10km,10kmE461N500,2018-07-01,90,35,Not sampled in 7.5 years
grid10km,10kmE441N443,2018-07-01,90,5,Not sampled in 7.5 years
grid10km,10kmE434N438,2018-07-01,90,1,Not sampled in 7.5 years
grid10km,10kmE464N531,2018-07-01,90,1,Not sampled in 7.5 years
grid10km,10kmE432N442,2018-07-01,90,1,Not sampled in 7.5 years
grid10km,10kmE484N398,2018-08-01,89,2,Not sampled in 7.4 years
grid10km,10kmE480N420,2018-08-01,89,1,Not sampled in 7.4 years
grid10km,10kmE461N505,2018-08-01,89,1,Not sampled in 7.4 years
grid10km,10kmE453N355,2018-08-01,89,3,Not sampled in 7.4 years
grid10km,10kmE480N429,2018-08-01,89,3,Not sampled in 7.4 years
grid10km,10kmE446N354,2018-08-01,89,3,Not sampled in 7.4 years
grid10km,10kmE447N352,2018-08-01,89,4,Not sampled in 7.4 years
grid10km,10kmE490N456,2018-08-01,89,2,Not sampled in 7.4 years
grid10km,10kmE489N389,2018-08-01,89,25,Not sampled in 7.4 years
grid10km,10kmE492N381,2018-08-01,89,1,Not sampled in 7.4 years
grid10km,10kmE485N398,2018-08-01,89,2,Not sampled in 7.4 years
grid10km,10kmE491N390,2018-08-01,89,22,Not sampled in 7.4 years
grid10km,10kmE494N388,2018-08-01,89,1,Not sampled in 7.4 years
grid10km,10kmE492N387,2018-08-01,89,1,Not sampled in 7.4 years
grid10km,10kmE490N384,2018-08-01,89,1,Not sampled in 7.4 years
grid10km,10kmE495N389,2018-08-01,89,1,Not sampled in 7.4 years
grid10km,10kmE494N380,2018-08-01,89,1,Not sampled in 7.4 years
grid10km,10kmE486N412,2018-09-01,88,1,Not sampled in 7.3 years
grid10km,10kmE503N426,2018-09-01,88,1,Not sampled in 7.3 years
grid10km,10kmE482N415,2018-09-01,88,15,Not sampled in 7.3 years
grid10km,10kmE428N383,2018-09-01,88,1,Not sampled in 7.3 years
grid10km,10kmE479N392,2018-09-01,88,3,Not sampled in 7.3 years
grid10km,10kmE495N423,2018-09-01,88,1,Not sampled in 7.3 years
grid10km,10kmE447N358,2018-09-01,88,3,Not sampled in 7.3 years
grid10km,10kmE444N360,2018-09-01,88,7,Not sampled in 7.3 years
grid10km,10kmE458N353,2018-09-01,88,2,Not sampled in 7.3 years
grid10km,10kmE423N406,2018-09-01,88,1,Not sampled in 7.3 years
grid10km,10kmE445N458,2018-09-01,88,1,Not sampled in 7.3 years
grid10km,10kmE476N434,2018-09-01,88,2,Not sampled in 7.3 years
grid10km,10kmE502N426,2018-09-01,88,1,Not sampled in 7.3 years
grid10km,10kmE478N424,2018-09-01,88,1,Not sampled in 7.3 years
grid10km,10kmE488N377,2018-09-01,88,1,Not sampled in 7.3 years
grid10km,10kmE483N445,2018-09-01,88,1,Not sampled in 7.3 years
grid10km,10kmE490N466,2018-09-01,88,1,Not sampled in 7.3 years
grid10km,10kmE493N462,2018-09-01,88,2,Not sampled in 7.3 years
grid10km,10kmE476N387,2018-09-01,88,1,Not sampled in 7.3 years
grid10km,10kmE495N391,2018-09-01,88,1,Not sampled in 7.3 years
grid10km,10kmE492N440,2018-09-01,88,1,Not sampled in 7.3 years
grid10km,10kmE440N365,2018-10-01,87,3,Not sampled in 7.2 years
grid10km,10kmE456N354,2018-10-01,87,5,Not sampled in 7.2 years
grid10km,10kmE437N387,2018-10-01,87,2,Not sampled in 7.2 years
grid10km,10kmE434N384,2018-10-01,87,2,Not sampled in 7.2 years
grid10km,10kmE449N351,2018-11-01,86,5,Not sampled in 7.2 years
grid10km,10kmE500N474,2018-12-01,85,3,Not sampled in 7.1 years
grid10km,10kmE436N386,2018-12-01,85,2,Not sampled in 7.1 years
grid10km,10kmE479N396,2019-01-01,84,5,Not sampled in 7 years
grid10km,10kmE398N402,2019-01-01,84,1,Not sampled in 7 years
grid10km,10kmE433N382,2019-02-01,83,3,Not sampled in 6.9 years
grid10km,10kmE431N384,2019-02-01,83,3,Not sampled in 6.9 years
grid10km,10kmE445N369,2019-03-01,82,1,Not sampled in 6.8 years
grid10km,10kmE446N367,2019-03-01,82,7,Not sampled in 6.8 years
grid10km,10kmE428N601,2019-03-01,82,1,Not sampled in 6.8 years
grid10km,10kmE474N423,2019-03-01,82,3,Not sampled in 6.8 years
grid10km,10kmE430N360,2019-04-01,81,1,Not sampled in 6.8 years
grid10km,10kmE429N372,2019-04-01,81,1,Not sampled in 6.8 years
grid10km,10kmE434N391,2019-04-01,81,4,Not sampled in 6.8 years
grid10km,10kmE482N394,2019-05-01,80,5,Not sampled in 6.7 years
grid10km,10kmE470N517,2019-05-01,80,1,Not sampled in 6.7 years
grid10km,10kmE483N427,2019-05-01,80,1,Not sampled in 6.7 years
grid10km,10kmE438N401,2019-05-01,80,2,Not sampled in 6.7 years
grid10km,10kmE470N518,2019-05-01,80,1,Not sampled in 6.7 years
grid10km,10kmE404N474,2019-05-01,80,1,Not sampled in 6.7 years
grid10km,10kmE435N403,2019-05-01,80,1,Not sampled in 6.7 years
grid10km,10kmE456N488,2019-05-01,80,11,Not sampled in 6.7 years
grid10km,10kmE488N369,2019-05-01,80,1,Not sampled in 6.7 years
grid10km,10kmE492N448,2019-05-01,80,1,Not sampled in 6.7 years
grid10km,10kmE438N406,2019-05-01,80,2,Not sampled in 6.7 years
grid10km,10kmE490N406,2019-05-01,80,2,Not sampled in 6.7 years
grid10km,10kmE494N461,2019-05-01,80,1,Not sampled in 6.7 years
grid10km,10kmE442N443,2019-06-01,79,83,Not sampled in 6.6 years
grid10km,10kmE444N412,2019-06-01,79,2,Not sampled in 6.6 years
grid10km,10kmE441N441,2019-06-01,79,9,Not sampled in 6.6 years
grid10km,10kmE431N401,2019-06-01,79,1,Not sampled in 6.6 years
grid10km,10kmE440N446,2019-06-01,79,1,Not sampled in 6.6 years
grid10km,10kmE467N511,2019-07-01,78,2,Not sampled in 6.5 years
grid10km,10kmE536N321,2019-07-01,78,1,Not sampled in 6.5 years
grid10km,10kmE509N345,2019-07-01,78,1,Not sampled in 6.5 years
grid10km,10kmE470N507,2019-07-01,78,98,Not sampled in 6.5 years
grid10km,10kmE465N508,2019-07-01,78,1,Not sampled in 6.5 years
grid10km,10kmE488N385,2019-07-01,78,6,Not sampled in 6.5 years
grid10km,10kmE441N355,2019-08-01,77,6,Not sampled in 6.4 years
grid10km,10kmE494N411,2019-08-01,77,2,Not sampled in 6.4 years
grid10km,10kmE458N356,2019-08-01,77,3,Not sampled in 6.4 years
grid10km,10kmE445N362,2019-08-01,77,5,Not sampled in 6.4 years
grid10km,10kmE442N360,2019-08-01,77,4,Not sampled in 6.4 years
grid10km,10kmE483N393,2019-08-01,77,18,Not sampled in 6.4 years
grid10km,10kmE478N420,2019-08-01,77,6,Not sampled in 6.4 years
grid10km,10kmE444N367,2019-08-01,77,4,Not sampled in 6.4 years
grid10km,10kmE477N393,2019-08-01,77,6,Not sampled in 6.4 years
grid10km,10kmE683N251,2019-08-01,77,1,Not sampled in 6.4 years
grid10km,10kmE387N361,2019-08-01,77,1,Not sampled in 6.4 years
grid10km,10kmE440N352,2019-08-01,77,1,Not sampled in 6.4 years
grid10km,10kmE456N351,2019-08-01,77,2,Not sampled in 6.4 years
grid10km,10kmE391N451,2019-08-01,77,1,Not sampled in 6.4 years
grid10km,10kmE423N371,2019-08-01,77,1,Not sampled in 6.4 years
grid10km,10kmE479N430,2019-08-01,77,1,Not sampled in 6.4 years
grid10km,10kmE477N394,2019-08-01,77,2,Not sampled in 6.4 years
grid10km,10kmE479N389,2019-08-01,77,2,Not sampled in 6.4 years
grid10km,10kmE486N376,2019-08-01,77,2,Not sampled in 6.4 years
grid10km,10kmE484N417,2019-08-01,77,1,Not sampled in 6.4 years
grid10km,10kmE474N432,2019-08-01,77,3,Not sampled in 6.4 years
grid10km,10kmE478N423,2019-08-01,77,3,Not sampled in 6.4 years
grid10km,10kmE493N380,2019-08-01,77,1,Not sampled in 6.4 years
grid10km,10kmE473N434,2019-08-01,77,2,Not sampled in 6.4 years
grid10km,10kmE478N428,2019-08-01,77,2,Not sampled in 6.4 years
grid10km,10kmE494N393,2019-08-01,77,1,Not sampled in 6.4 years
grid10km,10kmE490N379,2019-08-01,77,1,Not sampled in 6.4 years
grid10km,10kmE490N390,2019-08-01,77,26,Not sampled in 6.4 years
grid10km,10kmE496N389,2019-08-01,77,1,Not sampled in 6.4 years
grid10km,10kmE477N428,2019-08-01,77,1,Not sampled in 6.4 years
grid10km,10kmE492N388,2019-08-01,77,1,Not sampled in 6.4 years
grid10km,10kmE494N385,2019-08-01,77,1,Not sampled in 6.4 years
grid10km,10kmE477N424,2019-08-01,77,1,Not sampled in 6.4 years
grid10km,10kmE495N382,2019-08-01,77,3,Not sampled in 6.4 years
grid10km,10kmE477N378,2019-08-01,77,1,Not sampled in 6.4 years
grid10km,10kmE492N383,2019-08-01,77,1,Not sampled in 6.4 years
grid10km,10kmE399N444,2019-09-01,76,1,Not sampled in 6.3 years
grid10km,10kmE381N222,2019-09-01,76,1,Not sampled in 6.3 years
grid10km,10kmE517N300,2019-09-01,76,1,Not sampled in 6.3 years
grid10km,10kmE486N405,2019-09-01,76,1,Not sampled in 6.3 years
grid10km,10kmE473N426,2019-09-01,76,1,Not sampled in 6.3 years
grid10km,10kmE476N431,2019-09-01,76,1,Not sampled in 6.3 years
grid10km,10kmE478N429,2019-09-01,76,2,Not sampled in 6.3 years
grid10km,10kmE474N435,2019-09-01,76,1,Not sampled in 6.3 years
grid10km,10kmE477N425,2019-09-01,76,2,Not sampled in 6.3 years
grid10km,10kmE491N459,2019-09-01,76,1,Not sampled in 6.3 years
grid10km,10kmE445N355,2019-10-01,75,2,Not sampled in 6.2 years
grid10km,10kmE570N240,2019-10-01,75,1,Not sampled in 6.2 years
grid10km,10kmE350N501,2019-10-01,75,1,Not sampled in 6.2 years
grid10km,10kmE449N350,2019-10-01,75,2,Not sampled in 6.2 years
grid10km,10kmE434N395,2019-10-01,75,1,Not sampled in 6.2 years
grid10km,10kmE476N423,2019-10-01,75,3,Not sampled in 6.2 years
grid10km,10kmE430N386,2019-10-01,75,2,Not sampled in 6.2 years
grid10km,10kmE437N386,2019-10-01,75,4,Not sampled in 6.2 years
grid10km,10kmE435N392,2019-10-01,75,1,Not sampled in 6.2 years
grid10km,10kmE432N391,2019-10-01,75,2,Not sampled in 6.2 years
grid10km,10kmE435N382,2019-10-01,75,2,Not sampled in 6.2 years
grid10km,10kmE487N396,2019-11-01,74,4,Not sampled in 6.2 years
grid10km,10kmE491N414,2019-11-01,74,3,Not sampled in 6.2 years
grid10km,10kmE446N362,2019-12-01,73,5,Not sampled in 6.1 years
grid10km,10kmE482N421,2020-01-01,72,1,Not sampled in 6 years
grid10km,10kmE435N393,2020-01-01,72,2,Not sampled in 6 years
grid10km,10kmE433N396,2020-02-01,71,2,Not sampled in 5.9 years
grid10km,10kmE433N386,2020-02-01,71,1,Not sampled in 5.9 years
grid10km,10kmE434N399,2020-02-01,71,1,Not sampled in 5.9 years
grid10km,10kmE497N478,2020-04-01,69,552,Not sampled in 5.8 years
grid10km,10kmE465N365,2020-04-01,69,2,Not sampled in 5.8 years
grid10km,10kmE488N454,2020-04-01,69,1,Not sampled in 5.8 years
grid10km,10kmE405N352,2020-04-01,69,1,Not sampled in 5.8 years
grid10km,10kmE474N393,2020-05-01,68,27,Not sampled in 5.7 years
grid10km,10kmE150N308,2020-05-01,68,1,Not sampled in 5.7 years
grid10km,10kmE487N388,2020-05-01,68,33,Not sampled in 5.7 years
grid10km,10kmE475N508,2020-06-01,67,286,Not sampled in 5.6 years
grid10km,10kmE487N467,2020-06-01,67,61,Not sampled in 5.6 years
grid10km,10kmE441N404,2020-06-01,67,69,Not sampled in 5.6 years
grid10km,10kmE495N486,2020-06-01,67,8,Not sampled in 5.6 years
grid10km,10kmE496N438,2020-06-01,67,2,Not sampled in 5.6 years
grid10km,10kmE633N313,2020-06-01,67,1,Not sampled in 5.6 years
grid10km,10kmE443N422,2020-06-01,67,1,Not sampled in 5.6 years
grid10km,10kmE480N393,2020-07-01,66,2,Not sampled in 5.5 years
grid10km,10kmE451N467,2020-07-01,66,16,Not sampled in 5.5 years
grid10km,10kmE487N395,2020-07-01,66,19,Not sampled in 5.5 years
grid10km,10kmE490N375,2020-07-01,66,1,Not sampled in 5.5 years
grid10km,10kmE685N411,2020-07-01,66,1,Not sampled in 5.5 years
grid10km,10kmE445N415,2020-07-01,66,10,Not sampled in 5.5 years
grid10km,10kmE442N436,2020-08-01,65,127,Not sampled in 5.4 years
grid10km,10kmE443N378,2020-08-01,65,19,Not sampled in 5.4 years
grid10km,10kmE269N240,2020-08-01,65,1,Not sampled in 5.4 years
grid10km,10kmE498N370,2020-08-01,65,1,Not sampled in 5.4 years
grid10km,10kmE478N332,2020-08-01,65,1,Not sampled in 5.4 years
grid10km,10kmE472N366,2020-08-01,65,1,Not sampled in 5.4 years
grid10km,10kmE515N555,2020-08-01,65,1,Not sampled in 5.4 years
grid10km,10kmE499N196,2020-08-01,65,1,Not sampled in 5.4 years
grid10km,10kmE488N410,2020-08-01,65,1,Not sampled in 5.4 years
grid10km,10kmE478N393,2020-09-01,64,3,Not sampled in 5.3 years
grid10km,10kmE478N396,2020-09-01,64,7,Not sampled in 5.3 years
grid10km,10kmE477N381,2020-09-01,64,4,Not sampled in 5.3 years
grid10km,10kmE481N398,2020-09-01,64,4,Not sampled in 5.3 years
grid10km,10kmE551N323,2020-09-01,64,1,Not sampled in 5.3 years
grid10km,10kmE481N396,2020-09-01,64,2,Not sampled in 5.3 years
grid10km,10kmE483N425,2020-09-01,64,1,Not sampled in 5.3 years
grid10km,10kmE492N412,2020-09-01,64,2,Not sampled in 5.3 years
grid10km,10kmE479N391,2020-09-01,64,3,Not sampled in 5.3 years
grid10km,10kmE495N403,2020-09-01,64,3,Not sampled in 5.3 years
grid10km,10kmE424N420,2020-09-01,64,1,Not sampled in 5.3 years
grid10km,10kmE494N412,2020-09-01,64,1,Not sampled in 5.3 years
grid10km,10kmE485N447,2020-09-01,64,1,Not sampled in 5.3 years
grid10km,10kmE491N396,2020-09-01,64,1,Not sampled in 5.3 years
grid10km,10kmE482N396,2020-09-01,64,1,Not sampled in 5.3 years
grid10km,10kmE490N396,2020-09-01,64,2,Not sampled in 5.3 years
grid10km,10kmE488N393,2020-09-01,64,25,Not sampled in 5.3 years
grid10km,10kmE496N461,2020-09-01,64,1,Not sampled in 5.3 years
grid10km,10kmE494N460,2020-09-01,64,1,Not sampled in 5.3 years
grid10km,10kmE489N446,2020-09-01,64,1,Not sampled in 5.3 years
grid10km,10kmE459N354,2020-09-01,64,1,Not sampled in 5.3 years
grid10km,10kmE487N460,2020-09-01,64,9,Not sampled in 5.3 years
grid10km,10kmE491N463,2020-09-01,64,1,Not sampled in 5.3 years
grid10km,10kmE480N421,2020-09-01,64,1,Not sampled in 5.3 years
grid10km,10kmE485N449,2020-09-01,64,1,Not sampled in 5.3 years
grid10km,10kmE489N450,2020-09-01,64,1,Not sampled in 5.3 years
grid10km,10kmE480N396,2020-09-01,64,1,Not sampled in 5.3 years
grid10km,10kmE433N397,2020-10-01,63,3,Not sampled in 5.2 years
grid10km,10kmE434N388,2020-10-01,63,3,Not sampled in 5.2 years
grid10km,10kmE478N392,2020-10-01,63,3,Not sampled in 5.2 years
grid10km,10kmE448N350,2020-10-01,63,3,Not sampled in 5.2 years
grid10km,10kmE436N383,2020-10-01,63,2,Not sampled in 5.2 years
grid10km,10kmE433N390,2020-10-01,63,2,Not sampled in 5.2 years
grid10km,10kmE435N384,2020-10-01,63,2,Not sampled in 5.2 years
grid10km,10kmE433N391,2020-10-01,63,3,Not sampled in 5.2 years
grid10km,10kmE431N390,2020-10-01,63,1,Not sampled in 5.2 years
grid10km,10kmE434N394,2020-10-01,63,1,Not sampled in 5.2 years
grid10km,10kmE436N393,2020-10-01,63,2,Not sampled in 5.2 years
grid10km,10kmE431N397,2020-10-01,63,2,Not sampled in 5.2 years
grid10km,10kmE429N392,2020-10-01,63,3,Not sampled in 5.2 years
grid10km,10kmE433N389,2020-10-01,63,2,Not sampled in 5.2 years
grid10km,10kmE430N390,2020-10-01,63,4,Not sampled in 5.2 years
grid10km,10kmE430N385,2020-10-01,63,1,Not sampled in 5.2 years
grid10km,10kmE476N381,2020-11-01,62,4,Not sampled in 5.2 years
grid10km,10kmE410N322,2020-11-01,62,1,Not sampled in 5.2 years
