taxonID,scientificName,taxonRank,threatStatus,family,order,priority,n_cells_10km,n_cells_50km,total_occ_10km
urn:lsid:dyntaxa.se:Taxon:100330,Acanthobodilus immundus,species,CR,Scarabaeidae,Coleoptera,Threatened - Poorly Sampled,1,1,5
urn:lsid:dyntaxa.se:Taxon:5,Acer campestre,species,CR,Sapindaceae,Sapindales,Threatened - Poorly Sampled,1,1,2679
urn:lsid:dyntaxa.se:Taxon:6,Aconitum napellus,species,CR,Ranunculaceae,Ranunculales,Threatened - Poorly Sampled,1,1,379
urn:lsid:dyntaxa.se:Taxon:100181,Aelia rostrata,species,CR,Pentatomidae,Hemiptera,Threatened - Not in GBIF,,,
urn:lsid:dyntaxa.se:Taxon:102368,Aethes tesserana,species,CR,Tortricidae,Lepidoptera,Threatened - Poorly Sampled,1,1,12
urn:lsid:dyntaxa.se:Taxon:17,Ajuga genevensis,species,CR,Lamiaceae,Lamiales,Threatened - Poorly Sampled,1,1,322
urn:lsid:dyntaxa.se:Taxon:17,Ajuga genevensis,species,CR,Lamiaceae,Lamiales,Threatened - Poorly Sampled,1,1,3
urn:lsid:dyntaxa.se:Taxon:17,Ajuga genevensis,species,CR,Lamiaceae,Lamiales,Threatened - Poorly Sampled,1,1,2
urn:lsid:dyntaxa.se:Taxon:17,Ajuga genevensis,species,CR,Lamiaceae,Lamiales,Threatened - Poorly Sampled,1,1,3
urn:lsid:dyntaxa.se:Taxon:100244,Alopecosa cursor,species,CR,Lycosidae,Araneae,Threatened - Poorly Sampled,1,1,6
urn:lsid:dyntaxa.se:Taxon:100277,Anchinia cristalis,species,CR,Depressariidae,Lepidoptera,Threatened - Poorly Sampled,1,1,12
urn:lsid:dyntaxa.se:Taxon:102665,Andrena chrysopyga,species,CR,Andrenidae,Hymenoptera,Threatened - Poorly Sampled,1,1,6
urn:lsid:dyntaxa.se:Taxon:103125,Andrena morawitzi,species,CR,Andrenidae,Hymenoptera,Threatened - Not in GBIF,,,
urn:lsid:dyntaxa.se:Taxon:217879,Andvakia parva,species,CR,Andvakiidae,Actiniaria,Threatened - Poorly Sampled,1,1,3
urn:lsid:dyntaxa.se:Taxon:206063,Anguilla anguilla,species,CR,Anguillidae,Anguilliformes,Threatened - Poorly Sampled,1,1,32254
urn:lsid:dyntaxa.se:Taxon:57,Anomoloma albolutescens,species,CR,Amylocorticiaceae,Amylocorticiales,Threatened - Poorly Sampled,1,1,25
urn:lsid:dyntaxa.se:Taxon:100008,Anser erythropus,species,CR,Anatidae,Anseriformes,Threatened - Poorly Sampled,1,1,37242
urn:lsid:dyntaxa.se:Taxon:100008,Anser erythropus,species,CR,Anatidae,Anseriformes,Threatened - Poorly Sampled,1,1,1151
urn:lsid:dyntaxa.se:Taxon:249109,Anthothela grandiflora,species,CR,Anthothelidae,Alcyonacea,Threatened - Not in GBIF,,,
urn:lsid:dyntaxa.se:Taxon:1965,Antrodiella citrinella,species,CR,Steccherinaceae,Polyporales,Threatened - Not in GBIF,,,
urn:lsid:dyntaxa.se:Taxon:78,Apium graveolens,species,CR,Apiaceae,Apiales,Threatened - Poorly Sampled,1,1,227
urn:lsid:dyntaxa.se:Taxon:386,Arctomia fascicularis,species,CR,Arctomiaceae,Baeomycetales,Threatened - Poorly Sampled,1,1,17
urn:lsid:dyntaxa.se:Taxon:100394,Arctophila bombiformis,species,CR,Syrphidae,Diptera,Threatened - Not in GBIF,,,
urn:lsid:dyntaxa.se:Taxon:1725,Arenaria leptoclados,species,CR,Caryophyllaceae,Caryophyllales,Threatened - Poorly Sampled,1,1,144
urn:lsid:dyntaxa.se:Taxon:1767,Arthonia anombrophila,species,CR,Arthoniaceae,Arthoniales,Threatened - Not in GBIF,,,
urn:lsid:dyntaxa.se:Taxon:1975,Artomyces cristatus,species,CR,Auriscalpiaceae,Russulales,Threatened - Poorly Sampled,1,1,130
urn:lsid:dyntaxa.se:Taxon:102186,Asemum tenuicorne,species,CR,Cerambycidae,Coleoptera,Threatened - Poorly Sampled,1,1,9
urn:lsid:dyntaxa.se:Taxon:304,Asplenium ceterach,species,CR,Aspleniaceae,Polypodiales,Threatened - Poorly Sampled,1,1,5
urn:lsid:dyntaxa.se:Taxon:100407,Astacus astacus,species,CR,Astacidae,Decapoda,Threatened - Poorly Sampled,1,1,4357
urn:lsid:dyntaxa.se:Taxon:115,Astragalus danicus,species,CR,Fabaceae,Fabales,Threatened - Poorly Sampled,1,1,417
urn:lsid:dyntaxa.se:Taxon:209141,Atholus praetermissus,species,CR,Histeridae,Coleoptera,Threatened - Poorly Sampled,1,1,6
urn:lsid:dyntaxa.se:Taxon:119,Atrichum angustatum,species,CR,Polytrichaceae,Polytrichales,Threatened - Poorly Sampled,1,1,95
urn:lsid:dyntaxa.se:Taxon:121,Aurantiporus croceus,species,CR,Meruliaceae,Polyporales,Threatened - Not in GBIF,,,
urn:lsid:dyntaxa.se:Taxon:102795,Boreotrophon truncatus,species,CR,Muricidae,Neogastropoda,Threatened - Poorly Sampled,1,1,18
urn:lsid:dyntaxa.se:Taxon:1863,Bromus pseudosecalinus,species,CR,Poaceae,Poales,Threatened - Poorly Sampled,1,1,33
urn:lsid:dyntaxa.se:Taxon:187,Bryoria smithii,species,CR,Parmeliaceae,Lecanorales,Threatened - Poorly Sampled,1,1,12
urn:lsid:dyntaxa.se:Taxon:100093,Bubo scandiacus,species,CR,Strigidae,Strigiformes,Threatened - Poorly Sampled,1,1,2726
urn:lsid:dyntaxa.se:Taxon:1784,Buellia epigaea,species,CR,Caliciaceae,Caliciales,Threatened - Poorly Sampled,1,1,47
urn:lsid:dyntaxa.se:Taxon:1786,Byssoloma marginatum,species,CR,Pilocarpaceae,Lecanorales,Threatened - Poorly Sampled,1,1,6
urn:lsid:dyntaxa.se:Taxon:216,Calicium lenticulare,species,CR,Caliciaceae,Caliciales,Threatened - Poorly Sampled,1,1,27
urn:lsid:dyntaxa.se:Taxon:503,Calicium trachylioides,species,CR,Caliciaceae,Caliciales,Threatened - Poorly Sampled,1,1,453
urn:lsid:dyntaxa.se:Taxon:100023,Calidris alpina schinzii,subspecies,CR,Scolopacidae,Charadriiformes,Threatened - Poorly Sampled,1,1,593452
urn:lsid:dyntaxa.se:Taxon:225,Calogaya lobulata,species,CR,Teloschistaceae,Teloschistales,Threatened - Not in GBIF,,,
urn:lsid:dyntaxa.se:Taxon:664,Calogaya schistidii,species,CR,Teloschistaceae,Teloschistales,Threatened - Poorly Sampled,1,1,75
urn:lsid:dyntaxa.se:Taxon:228401,Caloplaca atroalba,species,CR,Teloschistaceae,Teloschistales,Threatened - Not in GBIF,,,
urn:lsid:dyntaxa.se:Taxon:100533,Calosoma auropunctatum,species,CR,Carabidae,Coleoptera,Threatened - Not in GBIF,,,
urn:lsid:dyntaxa.se:Taxon:100536,Camponotus fallax,species,CR,Formicidae,Hymenoptera,Threatened - Poorly Sampled,1,1,94
urn:lsid:dyntaxa.se:Taxon:100543,Cardiophorus gramineus,species,CR,Elateridae,Coleoptera,Threatened - Poorly Sampled,1,1,4
urn:lsid:dyntaxa.se:Taxon:1793,Celothelium ischnobelum,species,CR,"Pyrenulales, genera incertae sedis",Pyrenulales,Threatened - Poorly Sampled,1,1,28
urn:lsid:dyntaxa.se:Taxon:293,Cephalozia macounii,species,CR,Cephaloziaceae,Jungermanniales,Threatened - Poorly Sampled,1,1,156
urn:lsid:dyntaxa.se:Taxon:100571,Cerambyx cerdo,species,CR,Cerambycidae,Coleoptera,Threatened - Poorly Sampled,1,1,342
urn:lsid:dyntaxa.se:Taxon:1789,Cerothallia luteoalba,species,CR,Teloschistaceae,Teloschistales,Threatened - Poorly Sampled,1,1,347
urn:lsid:dyntaxa.se:Taxon:305,Cetrelia olivetorum s.lat.,speciesAggregate,CR,Parmeliaceae,Lecanorales,Threatened - Poorly Sampled,1,1,7
urn:lsid:dyntaxa.se:Taxon:100588,Ceutorhynchus granulicollis,species,CR,Curculionidae,Coleoptera,Threatened - Poorly Sampled,1,1,23
urn:lsid:dyntaxa.se:Taxon:100601,Ceutorhynchus syrites,species,CR,Curculionidae,Coleoptera,Threatened - Poorly Sampled,1,1,41
urn:lsid:dyntaxa.se:Taxon:327,Chara filiformis,species,CR,Characeae,Charales,Threatened - Poorly Sampled,1,1,37
urn:lsid:dyntaxa.se:Taxon:337,Chenopodiastrum murale,species,CR,Amaranthaceae,Caryophyllales,Threatened - Poorly Sampled,1,1,537
urn:lsid:dyntaxa.se:Taxon:249140,Chrysis zetterstedti,species,CR,Chrysididae,Hymenoptera,Threatened - Poorly Sampled,1,1,2
urn:lsid:dyntaxa.se:Taxon:1810,Cliostomum tenerum,species,CR,Ramalinaceae,Lecanorales,Threatened - Poorly Sampled,1,1,30
urn:lsid:dyntaxa.se:Taxon:102398,Cochylimorpha hilarana,species,CR,Tortricidae,Lepidoptera,Threatened - Poorly Sampled,1,1,2
urn:lsid:dyntaxa.se:Taxon:102684,Coelioxys conoideus,species,CR,Megachilidae,Hymenoptera,Threatened - Poorly Sampled,1,1,313
urn:lsid:dyntaxa.se:Taxon:100690,Coleophora paradrymidis,species,CR,Coleophoridae,Lepidoptera,Threatened - Poorly Sampled,1,1,1
urn:lsid:dyntaxa.se:Taxon:100692,Coleophora pulmonariella,species,CR,Coleophoridae,Lepidoptera,Threatened - Poorly Sampled,1,1,1
urn:lsid:dyntaxa.se:Taxon:95,Coniocarpon cinnabarinum,species,CR,Arthoniaceae,Arthoniales,Threatened - Poorly Sampled,1,1,322
urn:lsid:dyntaxa.se:Taxon:100706,Conisania leineri,species,CR,Noctuidae,Lepidoptera,Threatened - Poorly Sampled,1,1,18
urn:lsid:dyntaxa.se:Taxon:249227,Cortinarius cordatae,species,CR,Cortinariaceae,Agaricales,Threatened - Poorly Sampled,1,1,73
urn:lsid:dyntaxa.se:Taxon:248943,Cortinarius violaceipes,species,CR,Cortinariaceae,Agaricales,Threatened - Not in GBIF,,,
urn:lsid:dyntaxa.se:Taxon:206181,Coryphaenoides rupestris,species,CR,Macrouridae,Gadiformes,Threatened - Poorly Sampled,1,1,6
urn:lsid:dyntaxa.se:Taxon:100764,Cucullia argentea,species,CR,Noctuidae,Lepidoptera,Threatened - Poorly Sampled,1,1,115
urn:lsid:dyntaxa.se:Taxon:497,Cyperus fuscus,species,CR,Cyperaceae,Poales,Threatened - Poorly Sampled,1,1,309
urn:lsid:dyntaxa.se:Taxon:100787,Cyphocleonus trisulcatus,species,CR,Curculionidae,Coleoptera,Threatened - Poorly Sampled,1,1,1
urn:lsid:dyntaxa.se:Taxon:100327,Dactylotula kinkerella,species,CR,Gelechiidae,Lepidoptera,Threatened - Not in GBIF,,,
urn:lsid:dyntaxa.se:Taxon:100795,Dalmannia punctata,species,CR,Conopidae,Diptera,Threatened - Poorly Sampled,1,1,18
urn:lsid:dyntaxa.se:Taxon:100046,Dendrocopos leucotos,species,CR,Picidae,Piciformes,Threatened - Poorly Sampled,1,1,1213
urn:lsid:dyntaxa.se:Taxon:100046,Dendrocopos leucotos,species,CR,Picidae,Piciformes,Threatened - Poorly Sampled,1,1,30
urn:lsid:dyntaxa.se:Taxon:100810,Depressaria nemolella,species,CR,Depressariidae,Lepidoptera,Threatened - Poorly Sampled,1,1,35
urn:lsid:dyntaxa.se:Taxon:102420,Diasemia reticularis,species,CR,Crambidae,Lepidoptera,Threatened - Poorly Sampled,1,1,106
urn:lsid:dyntaxa.se:Taxon:543,Didymodon glaucus,species,CR,Pottiaceae,Pottiales,Threatened - Poorly Sampled,1,1,10
urn:lsid:dyntaxa.se:Taxon:102422,Digitivalva valeriella,species,CR,Glyphipterigidae,Lepidoptera,Threatened - Not in GBIF,,,
urn:lsid:dyntaxa.se:Taxon:100866,Dromaeolus barnabita,species,CR,Eucnemidae,Coleoptera,Threatened - Poorly Sampled,1,1,4
urn:lsid:dyntaxa.se:Taxon:102677,Dufourea minuta,species,CR,Halictidae,Hymenoptera,Threatened - Poorly Sampled,1,1,26
urn:lsid:dyntaxa.se:Taxon:100870,Dysauxes ancilla,species,CR,Erebidae,Lepidoptera,Threatened - Poorly Sampled,1,1,150
urn:lsid:dyntaxa.se:Taxon:217881,Edwardsiella loveni,species,CR,Edwardsiidae,Actiniaria,Threatened - Poorly Sampled,1,1,29
urn:lsid:dyntaxa.se:Taxon:100891,Eledonoprius armatus,species,CR,Tenebrionidae,Coleoptera,Threatened - Poorly Sampled,1,1,25
urn:lsid:dyntaxa.se:Taxon:102126,Emberiza hortulana,species,CR,Emberizidae,Passeriformes,Threatened - Poorly Sampled,1,1,41933
urn:lsid:dyntaxa.se:Taxon:582,Encalypta spathulata,species,CR,Encalyptaceae,Encalyptales,Threatened - Poorly Sampled,1,1,51
urn:lsid:dyntaxa.se:Taxon:1802,Eopyrenula septemseptata,species,CR,Dacampiaceae,Pleosporales,Threatened - Poorly Sampled,1,1,29
urn:lsid:dyntaxa.se:Taxon:100793,Epicallima formosella,species,CR,Oecophoridae,Lepidoptera,Threatened - Not in GBIF,,,
urn:lsid:dyntaxa.se:Taxon:621,Equisetum telmateia,species,CR,Equisetaceae,Equisetales,Threatened - Poorly Sampled,1,1,287
urn:lsid:dyntaxa.se:Taxon:102437,Eteobalea tririvella,species,CR,Cosmopterigidae,Lepidoptera,Threatened - Not in GBIF,,,
urn:lsid:dyntaxa.se:Taxon:100933,Eucosma krygeri,species,CR,Tortricidae,Lepidoptera,Threatened - Poorly Sampled,1,1,13
urn:lsid:dyntaxa.se:Taxon:100958,Eurhodope rosella,species,CR,Pyralidae,Lepidoptera,Threatened - Poorly Sampled,1,1,8
urn:lsid:dyntaxa.se:Taxon:100969,Evagetes gibbulus,species,CR,Pompilidae,Hymenoptera,Threatened - Not in GBIF,,,
urn:lsid:dyntaxa.se:Taxon:1578,Funalia trogii,species,CR,Polyporaceae,Polyporales,Threatened - Not in GBIF,,,
urn:lsid:dyntaxa.se:Taxon:677,Gastrosporium simplex,species,CR,Gastrosporiaceae,Phallales,Threatened - Poorly Sampled,1,1,4
urn:lsid:dyntaxa.se:Taxon:1345,Geastrum flexuosum,species,CR,Geastraceae,Geastrales,Threatened - Poorly Sampled,1,1,1
urn:lsid:dyntaxa.se:Taxon:691,Genista germanica,species,CR,Fabaceae,Fabales,Threatened - Poorly Sampled,1,1,228
urn:lsid:dyntaxa.se:Taxon:694,Gentiana purpurea,species,CR,Gentianaceae,Gentianales,Threatened - Poorly Sampled,1,1,85
urn:lsid:dyntaxa.se:Taxon:729,Grimmia plagiopodia,species,CR,Grimmiaceae,Grimmiales,Threatened - Poorly Sampled,1,1,14
urn:lsid:dyntaxa.se:Taxon:102681,Halictus quadricinctus,species,CR,Halictidae,Hymenoptera,Threatened - Not in GBIF,,,
urn:lsid:dyntaxa.se:Taxon:754,Halimione portulacoides,species,CR,Amaranthaceae,Caryophyllales,Threatened - Poorly Sampled,1,1,47
urn:lsid:dyntaxa.se:Taxon:234287,Haploops tenuis,species,CR,Ampeliscidae,Amphipoda,Threatened - Poorly Sampled,1,1,120
urn:lsid:dyntaxa.se:Taxon:233497,Haploops tubicola,species,CR,Ampeliscidae,Amphipoda,Threatened - Poorly Sampled,1,1,244
urn:lsid:dyntaxa.se:Taxon:101045,Harpalus autumnalis,species,CR,Carabidae,Coleoptera,Threatened - Poorly Sampled,1,1,51
urn:lsid:dyntaxa.se:Taxon:101056,Helcomyza ustulata,species,CR,Helcomyzidae,Diptera,Threatened - Poorly Sampled,1,1,54
urn:lsid:dyntaxa.se:Taxon:769,Hericium erinaceus,species,CR,Hericiaceae,Russulales,Threatened - Poorly Sampled,1,1,176
urn:lsid:dyntaxa.se:Taxon:231477,Hieracium abiegni,species,CR,Asteraceae,Asterales,Threatened - Poorly Sampled,1,1,4
urn:lsid:dyntaxa.se:Taxon:231507,Hieracium amoenifrons,species,CR,Asteraceae,Asterales,Threatened - Poorly Sampled,1,1,6
urn:lsid:dyntaxa.se:Taxon:231590,Hieracium chloeropis,species,CR,Asteraceae,Asterales,Threatened - Poorly Sampled,1,1,15
urn:lsid:dyntaxa.se:Taxon:231240,Hieracium concinnatum,species,CR,Asteraceae,Asterales,Threatened - Poorly Sampled,1,1,38
urn:lsid:dyntaxa.se:Taxon:231249,Hieracium ctenophyllum,species,CR,Asteraceae,Asterales,Threatened - Poorly Sampled,1,1,14
urn:lsid:dyntaxa.se:Taxon:231632,Hieracium daniciforme,species,CR,Asteraceae,Asterales,Threatened - Poorly Sampled,1,1,8
urn:lsid:dyntaxa.se:Taxon:231256,Hieracium denigrans,species,CR,Asteraceae,Asterales,Threatened - Poorly Sampled,1,1,10
urn:lsid:dyntaxa.se:Taxon:231278,Hieracium femsioënse,species,CR,Asteraceae,Asterales,Threatened - Not in GBIF,,,
urn:lsid:dyntaxa.se:Taxon:231732,Hieracium intermarginatum,species,CR,Asteraceae,Asterales,Threatened - Poorly Sampled,1,1,3
urn:lsid:dyntaxa.se:Taxon:231770,Hieracium ludificans,species,CR,Asteraceae,Asterales,Threatened - Poorly Sampled,1,1,9
urn:lsid:dyntaxa.se:Taxon:231786,Hieracium mallopodoides,species,CR,Asteraceae,Asterales,Threatened - Poorly Sampled,1,1,5
urn:lsid:dyntaxa.se:Taxon:231789,Hieracium manocolum,species,CR,Asteraceae,Asterales,Threatened - Poorly Sampled,1,1,6
urn:lsid:dyntaxa.se:Taxon:231807,Hieracium molucratum,species,CR,Asteraceae,Asterales,Threatened - Poorly Sampled,1,1,6
urn:lsid:dyntaxa.se:Taxon:251316,Hieracium mucrodentatum,species,CR,Asteraceae,Asterales,Threatened - Poorly Sampled,1,1,4
urn:lsid:dyntaxa.se:Taxon:231814,Hieracium multisigne,species,CR,Asteraceae,Asterales,Threatened - Poorly Sampled,1,1,2
urn:lsid:dyntaxa.se:Taxon:231859,Hieracium oligolepium,species,CR,Asteraceae,Asterales,Threatened - Poorly Sampled,1,1,8
urn:lsid:dyntaxa.se:Taxon:231874,Hieracium pachycalamum,species,CR,Asteraceae,Asterales,Threatened - Poorly Sampled,1,1,5
urn:lsid:dyntaxa.se:Taxon:231881,Hieracium parmiferum,species,CR,Asteraceae,Asterales,Threatened - Poorly Sampled,1,1,3
urn:lsid:dyntaxa.se:Taxon:231904,Hieracium phaleratum,species,CR,Asteraceae,Asterales,Threatened - Poorly Sampled,1,1,41
urn:lsid:dyntaxa.se:Taxon:231910,Hieracium placibile,species,CR,Asteraceae,Asterales,Threatened - Poorly Sampled,1,1,4
urn:lsid:dyntaxa.se:Taxon:231382,Hieracium polyschistomorphum,species,CR,Asteraceae,Asterales,Threatened - Poorly Sampled,1,1,16
urn:lsid:dyntaxa.se:Taxon:231956,Hieracium psiloloma,species,CR,Asteraceae,Asterales,Threatened - Poorly Sampled,1,1,2
urn:lsid:dyntaxa.se:Taxon:231958,Hieracium psittacinum,species,CR,Asteraceae,Asterales,Threatened - Poorly Sampled,1,1,5
urn:lsid:dyntaxa.se:Taxon:231969,Hieracium pycnotomum,species,CR,Asteraceae,Asterales,Threatened - Poorly Sampled,1,1,12
urn:lsid:dyntaxa.se:Taxon:231995,Hieracium semicanipes,species,CR,Asteraceae,Asterales,Threatened - Poorly Sampled,1,1,2
urn:lsid:dyntaxa.se:Taxon:231999,Hieracium serratoellipticum,species,CR,Asteraceae,Asterales,Threatened - Poorly Sampled,1,1,7
urn:lsid:dyntaxa.se:Taxon:232010,Hieracium spaniotrichum,species,CR,Asteraceae,Asterales,Threatened - Poorly Sampled,1,1,13
urn:lsid:dyntaxa.se:Taxon:232023,Hieracium steenhoffii,species,CR,Asteraceae,Asterales,Threatened - Poorly Sampled,1,1,1
urn:lsid:dyntaxa.se:Taxon:232067,Hieracium succulentifolium,species,CR,Asteraceae,Asterales,Threatened - Poorly Sampled,1,1,9
urn:lsid:dyntaxa.se:Taxon:231454,Hieracium toerense,species,CR,Asteraceae,Asterales,Threatened - Not in GBIF,,,
urn:lsid:dyntaxa.se:Taxon:777,Hippuris tetraphylla,species,CR,Plantaginaceae,Lamiales,Threatened - Poorly Sampled,1,1,219
urn:lsid:dyntaxa.se:Taxon:101122,Hypocaccus rufipes,species,CR,Histeridae,Coleoptera,Threatened - Poorly Sampled,1,1,2
urn:lsid:dyntaxa.se:Taxon:872,Ilex aquifolium,species,CR,Aquifoliaceae,Aquifoliales,Threatened - Poorly Sampled,1,1,1604
urn:lsid:dyntaxa.se:Taxon:892,Juncus anceps,species,CR,Juncaceae,Poales,Threatened - Poorly Sampled,1,1,144
urn:lsid:dyntaxa.se:Taxon:892,Juncus anceps,species,CR,Juncaceae,Poales,Threatened - Poorly Sampled,1,1,17
urn:lsid:dyntaxa.se:Taxon:904,Koeleria grandis,species,CR,Poaceae,Poales,Threatened - Poorly Sampled,1,1,9
urn:lsid:dyntaxa.se:Taxon:101162,Lacon querceus,species,CR,Elateridae,Coleoptera,Threatened - Poorly Sampled,1,1,6
urn:lsid:dyntaxa.se:Taxon:102130,Lamna nasus,species,CR,Lamnidae,Lamniformes,Threatened - Poorly Sampled,1,1,3
urn:lsid:dyntaxa.se:Taxon:218111,Laona pruinosa,species,CR,Laonidae,Cephalaspidea,Threatened - Poorly Sampled,1,1,2
urn:lsid:dyntaxa.se:Taxon:218113,Laona quadrata,species,CR,Laonidae,Cephalaspidea,Threatened - Poorly Sampled,1,1,19
urn:lsid:dyntaxa.se:Taxon:1115,Lecanographa lyncea,species,CR,Lecanographaceae,Arthoniales,Threatened - Poorly Sampled,1,1,89
urn:lsid:dyntaxa.se:Taxon:1809,Lecanora scanica,species,CR,Lecanoraceae,Lecanorales,Threatened - Poorly Sampled,1,1,17
urn:lsid:dyntaxa.se:Taxon:1813,Lecidea roseotincta,species,CR,Lecideaceae,Lecideales,Threatened - Poorly Sampled,1,1,2
urn:lsid:dyntaxa.se:Taxon:229192,Lecidella xylophila,species,CR,Lecanoraceae,Lecanorales,Threatened - Poorly Sampled,1,1,22
urn:lsid:dyntaxa.se:Taxon:227,Leproplaca proteus,species,CR,Teloschistaceae,Teloschistales,Threatened - Poorly Sampled,1,1,45
urn:lsid:dyntaxa.se:Taxon:101205,Lestica alata,species,CR,Crabronidae,Hymenoptera,Threatened - Poorly Sampled,1,1,2
urn:lsid:dyntaxa.se:Taxon:101223,Lithostege griseata,species,CR,Geometridae,Lepidoptera,Threatened - Poorly Sampled,1,1,94
urn:lsid:dyntaxa.se:Taxon:983,Lobaria amplissima,species,CR,Lobariaceae,Peltigerales,Threatened - Not in GBIF,,,
urn:lsid:dyntaxa.se:Taxon:984,Lobaria hallii,species,CR,Lobariaceae,Peltigerales,Threatened - Poorly Sampled,1,1,35
urn:lsid:dyntaxa.se:Taxon:217890,Lophelia pertusa,species,CR,Caryophyllidae,Scleractinia,Threatened - Not in GBIF,,,
urn:lsid:dyntaxa.se:Taxon:101257,Lytta vesicatoria,species,CR,Meloidae,Coleoptera,Threatened - Poorly Sampled,1,1,139
urn:lsid:dyntaxa.se:Taxon:232131,Macandrevia cranium,species,CR,Zeilleriidae,Terebratulida,Threatened - Poorly Sampled,1,1,136
urn:lsid:dyntaxa.se:Taxon:259206,Mannia triandra,species,CR,Aytoniaceae,Marchantiales,Threatened - Poorly Sampled,1,1,31
urn:lsid:dyntaxa.se:Taxon:2401,Marsupella arctica,species,CR,Gymnomitriaceae,Jungermanniales,Threatened - Poorly Sampled,1,1,6
urn:lsid:dyntaxa.se:Taxon:101279,Megaphyllum sjaelandicum,species,CR,Julidae,Julida,Threatened - Poorly Sampled,1,1,3
urn:lsid:dyntaxa.se:Taxon:101300,Melitaea britomartis,species,CR,Nymphalidae,Lepidoptera,Threatened - Not in GBIF,,,
urn:lsid:dyntaxa.se:Taxon:101299,Melitta melanura,species,CR,Melittidae,Hymenoptera,Threatened - Poorly Sampled,1,1,2
urn:lsid:dyntaxa.se:Taxon:232147,Menegazzia subsimilis,species,CR,Parmeliaceae,Lecanorales,Threatened - Poorly Sampled,1,1,3
urn:lsid:dyntaxa.se:Taxon:1039,Mertensia maritima,species,CR,Boraginaceae,Boraginales,Threatened - Poorly Sampled,1,1,648
urn:lsid:dyntaxa.se:Taxon:1770,Mycoporum antecellens,species,CR,Mycoporaceae,Pleosporales,Threatened - Poorly Sampled,1,1,19
urn:lsid:dyntaxa.se:Taxon:1076,Myriostoma coliforme,species,CR,Geastraceae,Geastrales,Threatened - Poorly Sampled,1,1,12
urn:lsid:dyntaxa.se:Taxon:1394,Nasturtium microphyllum,species,CR,Brassicaceae,Brassicales,Threatened - Poorly Sampled,1,1,138
urn:lsid:dyntaxa.se:Taxon:102692,Nomada facilis,species,CR,Apidae,Hymenoptera,Threatened - Poorly Sampled,1,1,41
urn:lsid:dyntaxa.se:Taxon:217878,Octineon suecicum,species,CR,Octineonidae,Actiniaria,Threatened - Poorly Sampled,1,1,2
urn:lsid:dyntaxa.se:Taxon:229458,Opegrapha cesareensis,species,CR,Opegraphaceae,Arthoniales,Threatened - Poorly Sampled,1,1,1
urn:lsid:dyntaxa.se:Taxon:1128,Orobanche purpurea,species,CR,Orobanchaceae,Lamiales,Threatened - Not in GBIF,,,
urn:lsid:dyntaxa.se:Taxon:1136,Orthotrichum rogeri,species,CR,Orthotrichaceae,Orthotrichales,Threatened - Poorly Sampled,1,1,7
urn:lsid:dyntaxa.se:Taxon:234367,Oxybelus latidens,species,CR,Crabronidae,Hymenoptera,Threatened - Not in GBIF,,,
urn:lsid:dyntaxa.se:Taxon:1149,Pallavicinia lyellii,species,CR,Pallaviciniaceae,Metzgeriales,Threatened - Poorly Sampled,1,1,17
urn:lsid:dyntaxa.se:Taxon:1154,Pannaria rubiginosa,species,CR,Pannariaceae,Peltigerales,Threatened - Poorly Sampled,1,1,204
urn:lsid:dyntaxa.se:Taxon:218156,Paracoryphella parva,species,CR,Paracoryphellidae,Nudibranchia,Threatened - Not in GBIF,,,
urn:lsid:dyntaxa.se:Taxon:1171,Parmeliella parvula,species,CR,Pannariaceae,Peltigerales,Threatened - Poorly Sampled,1,1,26
urn:lsid:dyntaxa.se:Taxon:102759,Patella vulgata,species,CR,Patellidae,"",Threatened - Poorly Sampled,1,1,91
urn:lsid:dyntaxa.se:Taxon:1176,Perenniporia fraxinea,species,CR,Polyporaceae,Polyporales,Threatened - Not in GBIF,,,
urn:lsid:dyntaxa.se:Taxon:229543,Pertusaria flavocorallina,species,CR,Pertusariaceae,Pertusariales,Threatened - Poorly Sampled,1,1,4
urn:lsid:dyntaxa.se:Taxon:1194,Phaeophyscia constipata,species,CR,Physciaceae,Caliciales,Threatened - Poorly Sampled,1,1,118
urn:lsid:dyntaxa.se:Taxon:249147,Philoctetes truncatus,species,CR,Chrysididae,Hymenoptera,Threatened - Poorly Sampled,1,1,2
urn:lsid:dyntaxa.se:Taxon:232475,Phocoena phocoena (Baltic population),unranked,CR,Phocoenidae,Artiodactyla,Threatened - Poorly Sampled,1,1,13366
urn:lsid:dyntaxa.se:Taxon:101562,Phyllonorycter staintoniellus,species,CR,Gracillariidae,Lepidoptera,Threatened - Not in GBIF,,,
urn:lsid:dyntaxa.se:Taxon:1234,Physcomitrium sphaericum,species,CR,Funariaceae,Funariales,Threatened - Poorly Sampled,1,1,14
urn:lsid:dyntaxa.se:Taxon:100211,Platynus longiventris,species,CR,Carabidae,Coleoptera,Threatened - Poorly Sampled,1,1,37
urn:lsid:dyntaxa.se:Taxon:101598,Plebejus argyrognomon,species,CR,Lycaenidae,Lepidoptera,Threatened - Poorly Sampled,1,1,1
urn:lsid:dyntaxa.se:Taxon:232267,Plecotus austriacus,species,CR,Vespertilionidae,Chiroptera,Threatened - Poorly Sampled,1,1,8
urn:lsid:dyntaxa.se:Taxon:1258,Poeltinula interjecta,species,CR,Rhizocarpaceae,Rhizocarpales,Threatened - Not in GBIF,,,
urn:lsid:dyntaxa.se:Taxon:206146,Pollachius pollachius,species,CR,Gadidae,Gadiformes,Threatened - Poorly Sampled,1,1,436
urn:lsid:dyntaxa.se:Taxon:1269,Polystichum braunii,species,CR,Dryopteridaceae,Polypodiales,Threatened - Poorly Sampled,1,1,75
urn:lsid:dyntaxa.se:Taxon:1569,Porpidinia tumidula,species,CR,Lecideaceae,Lecideales,Threatened - Poorly Sampled,1,1,52
urn:lsid:dyntaxa.se:Taxon:1273,Pseudosagedia borreri,species,CR,Porinaceae,Ostropales,Threatened - Poorly Sampled,1,1,16
urn:lsid:dyntaxa.se:Taxon:101653,Pseudoterpna pruinata,species,CR,Geometridae,Lepidoptera,Threatened - Poorly Sampled,1,1,157
urn:lsid:dyntaxa.se:Taxon:1338,Pycnoporellus alboluteus,species,CR,Sparassidaceae,Polyporales,Threatened - Poorly Sampled,1,1,250
urn:lsid:dyntaxa.se:Taxon:229815,Pyrenula coryli,species,CR,Pyrenulaceae,Pyrenulales,Threatened - Poorly Sampled,1,1,64
urn:lsid:dyntaxa.se:Taxon:1826,Pyrenula occidentalis,species,CR,Pyrenulaceae,Pyrenulales,Threatened - Poorly Sampled,1,1,5
urn:lsid:dyntaxa.se:Taxon:1769,Reichlingia zwackhii,species,CR,Arthoniaceae,Arthoniales,Threatened - Poorly Sampled,1,1,99
urn:lsid:dyntaxa.se:Taxon:101700,Reitterelater dubius,species,CR,Elateridae,Coleoptera,Threatened - Poorly Sampled,1,1,2
urn:lsid:dyntaxa.se:Taxon:100123,Remiz pendulinus,species,CR,Remizidae,Passeriformes,Threatened - Poorly Sampled,1,1,27931
urn:lsid:dyntaxa.se:Taxon:6008693,Resinoporia crassa,species,CR,Fomitopsidaceae,Polyporales,Threatened - Poorly Sampled,1,1,128
urn:lsid:dyntaxa.se:Taxon:1377,Rhodotus palmatus,species,CR,Physalacriaceae,Agaricales,Threatened - Poorly Sampled,1,1,23
urn:lsid:dyntaxa.se:Taxon:229935,Rinodina calcarea,species,CR,Physciaceae,Caliciales,Threatened - Poorly Sampled,1,1,7
urn:lsid:dyntaxa.se:Taxon:1390,Rinodina endophragmia,species,CR,Physciaceae,Caliciales,Threatened - Poorly Sampled,1,1,8
urn:lsid:dyntaxa.se:Taxon:229946,Rinodina fimbriata,species,CR,Physciaceae,Caliciales,Threatened - Poorly Sampled,1,1,6
urn:lsid:dyntaxa.se:Taxon:229967,Rinodina sheardii,species,CR,Physciaceae,Caliciales,Threatened - Poorly Sampled,1,1,10
urn:lsid:dyntaxa.se:Taxon:101720,Robertus insignis,species,CR,Theridiidae,Araneae,Threatened - Poorly Sampled,1,1,2
urn:lsid:dyntaxa.se:Taxon:1397,Rosa agrestis,species,CR,Rosaceae,Rosales,Threatened - Poorly Sampled,1,1,299
urn:lsid:dyntaxa.se:Taxon:232135,Rosa micrantha,species,CR,Rosaceae,Rosales,Threatened - Poorly Sampled,1,1,119
urn:lsid:dyntaxa.se:Taxon:1912,Rosa tomentosa,species,CR,Rosaceae,Rosales,Threatened - Poorly Sampled,1,1,57
urn:lsid:dyntaxa.se:Taxon:235139,Rubus gillotii,species,CR,Rosaceae,Rosales,Threatened - Not in GBIF,,,
urn:lsid:dyntaxa.se:Taxon:235138,Rubus horrefactus,species,CR,Rosaceae,Rosales,Threatened - Poorly Sampled,1,1,19
urn:lsid:dyntaxa.se:Taxon:1924,Rubus loehrii,species,CR,Rosaceae,Rosales,Threatened - Poorly Sampled,1,1,61
urn:lsid:dyntaxa.se:Taxon:1417,Rubus vestervicensis,species,CR,Rosaceae,Rosales,Threatened - Poorly Sampled,1,1,69
urn:lsid:dyntaxa.se:Taxon:1419,Rubus vigorosus,species,CR,Rosaceae,Rosales,Threatened - Not in GBIF,,,
urn:lsid:dyntaxa.se:Taxon:1059,Sabulina viscosa,species,CR,Caryophyllaceae,Caryophyllales,Threatened - Poorly Sampled,1,1,332
urn:lsid:dyntaxa.se:Taxon:1441,Sarcodontia crocea,species,CR,Meruliaceae,Polyporales,Threatened - Not in GBIF,,,
urn:lsid:dyntaxa.se:Taxon:101749,Scopula marginepunctata,species,CR,Geometridae,Lepidoptera,Threatened - Poorly Sampled,1,1,49
urn:lsid:dyntaxa.se:Taxon:101750,Scopula ornata,species,CR,Geometridae,Lepidoptera,Threatened - Poorly Sampled,1,1,85
urn:lsid:dyntaxa.se:Taxon:221816,Scrophularia umbrosa,species,CR,Scrophulariaceae,Lamiales,Threatened - Poorly Sampled,1,1,62
urn:lsid:dyntaxa.se:Taxon:125,Scutula effusa,species,CR,Pilocarpaceae,Lecanorales,Threatened - Poorly Sampled,1,1,229
urn:lsid:dyntaxa.se:Taxon:101761,Scythris knochella,species,CR,Scythrididae,Lepidoptera,Threatened - Poorly Sampled,1,1,20
urn:lsid:dyntaxa.se:Taxon:1492,Silaum silaus,species,CR,Apiaceae,Apiales,Threatened - Poorly Sampled,1,1,197
urn:lsid:dyntaxa.se:Taxon:206259,Somniosus microcephalus,species,CR,Somniosidae,Squaliformes,Threatened - Poorly Sampled,1,1,2
urn:lsid:dyntaxa.se:Taxon:101798,Sophronia chilonella,species,CR,Gelechiidae,Lepidoptera,Threatened - Poorly Sampled,1,1,52
urn:lsid:dyntaxa.se:Taxon:6037532,Sorbus faohraei,species,CR,Rosaceae,Rosales,Threatened - Poorly Sampled,1,1,121
urn:lsid:dyntaxa.se:Taxon:6037534,Sorbus teodori,species,CR,Rosaceae,Rosales,Threatened - Not in GBIF,,,
urn:lsid:dyntaxa.se:Taxon:102868,Spatangus raschi,species,CR,Spatangidae,Spatangoida,Threatened - Poorly Sampled,1,1,11
urn:lsid:dyntaxa.se:Taxon:106768,Sphecodes spinulosus,species,CR,Halictidae,Hymenoptera,Threatened - Not in GBIF,,,
urn:lsid:dyntaxa.se:Taxon:1515,Sphinctrina leucopoda,species,CR,Sphinctrinaceae,Mycocaliciales,Threatened - Poorly Sampled,1,1,94
urn:lsid:dyntaxa.se:Taxon:102642,Spinolia unicolor,species,CR,Chrysididae,Hymenoptera,Threatened - Poorly Sampled,1,1,5
urn:lsid:dyntaxa.se:Taxon:249993,Sporodophoron cretaceum,species,CR,Arthoniaceae,Arthoniales,Threatened - Poorly Sampled,1,1,64
urn:lsid:dyntaxa.se:Taxon:206266,Squalus acanthias,species,CR,Squalidae,Squaliformes,Threatened - Poorly Sampled,1,1,101
urn:lsid:dyntaxa.se:Taxon:1522,Squamarina pachylepidea,species,CR,Squamarinaceae,Lecanorales,Threatened - Poorly Sampled,1,1,11
urn:lsid:dyntaxa.se:Taxon:1529,Stellaria fennica,species,CR,Caryophyllaceae,Caryophyllales,Threatened - Poorly Sampled,1,1,20
urn:lsid:dyntaxa.se:Taxon:1529,Stellaria fennica,species,CR,Caryophyllaceae,Caryophyllales,Threatened - Poorly Sampled,1,1,3
urn:lsid:dyntaxa.se:Taxon:101830,Stenoptilia pneumonanthes,species,CR,Pterophoridae,Lepidoptera,Threatened - Poorly Sampled,1,1,15
urn:lsid:dyntaxa.se:Taxon:1531,Stereocaulon coniophyllum,species,CR,Stereocaulaceae,Lecanorales,Threatened - Poorly Sampled,1,1,14
urn:lsid:dyntaxa.se:Taxon:1534,Sticta fuliginoides,species,CR,Lobariaceae,Peltigerales,Threatened - Poorly Sampled,1,1,8
urn:lsid:dyntaxa.se:Taxon:1536,Sticta sylvatica,species,CR,Lobariaceae,Peltigerales,Threatened - Poorly Sampled,1,1,49
urn:lsid:dyntaxa.se:Taxon:101858,Stilpnogaster aemula,species,CR,Asilidae,Diptera,Threatened - Poorly Sampled,1,1,6
urn:lsid:dyntaxa.se:Taxon:1537,Stipa pennata,species,CR,Poaceae,Poales,Threatened - Poorly Sampled,1,1,381
urn:lsid:dyntaxa.se:Taxon:102902,Strongylognathus testaceus,species,CR,Formicidae,Hymenoptera,Threatened - Poorly Sampled,1,1,49
urn:lsid:dyntaxa.se:Taxon:101874,Syncopacma suecicella,species,CR,Gelechiidae,Lepidoptera,Threatened - Not in GBIF,,,
urn:lsid:dyntaxa.se:Taxon:266268,Taraxacum bavaricum,species,CR,Asteraceae,Asterales,Threatened - Not in GBIF,,,
urn:lsid:dyntaxa.se:Taxon:230623,Taraxacum dissimile,species,CR,Asteraceae,Asterales,Threatened - Poorly Sampled,1,1,72
urn:lsid:dyntaxa.se:Taxon:6007531,Taraxacum lentiginosum,species,CR,Asteraceae,Asterales,Threatened - Poorly Sampled,1,1,18
urn:lsid:dyntaxa.se:Taxon:244151,Taraxacum lepidum,species,CR,Asteraceae,Asterales,Threatened - Poorly Sampled,1,1,11
urn:lsid:dyntaxa.se:Taxon:1948,Taraxacum lissocarpum,species,CR,Asteraceae,Asterales,Threatened - Poorly Sampled,1,1,45
urn:lsid:dyntaxa.se:Taxon:230638,Taraxacum microlobum,species,CR,Asteraceae,Asterales,Threatened - Poorly Sampled,1,1,85
urn:lsid:dyntaxa.se:Taxon:230841,Taraxacum molybdolepis,species,CR,Asteraceae,Asterales,Threatened - Poorly Sampled,1,1,112
urn:lsid:dyntaxa.se:Taxon:230851,Taraxacum obtusilobum,species,CR,Asteraceae,Asterales,Threatened - Poorly Sampled,1,1,38
urn:lsid:dyntaxa.se:Taxon:230868,Taraxacum pannulatum,species,CR,Asteraceae,Asterales,Threatened - Poorly Sampled,1,1,45
urn:lsid:dyntaxa.se:Taxon:230640,Taraxacum plumbeum,species,CR,Asteraceae,Asterales,Threatened - Poorly Sampled,1,1,64
urn:lsid:dyntaxa.se:Taxon:230665,Taraxacum pruinatum,species,CR,Asteraceae,Asterales,Threatened - Poorly Sampled,1,1,1
urn:lsid:dyntaxa.se:Taxon:1949,Taraxacum pseudosuecicum,species,CR,Asteraceae,Asterales,Threatened - Poorly Sampled,1,1,158
urn:lsid:dyntaxa.se:Taxon:1950,Taraxacum ruberulum,species,CR,Asteraceae,Asterales,Threatened - Poorly Sampled,1,1,54
urn:lsid:dyntaxa.se:Taxon:230584,Taraxacum rubidipes,species,CR,Asteraceae,Asterales,Threatened - Poorly Sampled,1,1,5
urn:lsid:dyntaxa.se:Taxon:230584,Taraxacum rubidipes,species,CR,Asteraceae,Asterales,Threatened - Poorly Sampled,1,1,8
urn:lsid:dyntaxa.se:Taxon:230908,Taraxacum rubrisquameum,species,CR,Asteraceae,Asterales,Threatened - Poorly Sampled,1,1,24
urn:lsid:dyntaxa.se:Taxon:230607,Taraxacum rubrolineatum,species,CR,Asteraceae,Asterales,Threatened - Poorly Sampled,1,1,14
urn:lsid:dyntaxa.se:Taxon:230688,Taraxacum subalpinum,species,CR,Asteraceae,Asterales,Threatened - Poorly Sampled,1,1,45
urn:lsid:dyntaxa.se:Taxon:6005232,Taraxacum subericinum,species,CR,Asteraceae,Asterales,Threatened - Poorly Sampled,1,1,2
urn:lsid:dyntaxa.se:Taxon:230588,Taraxacum subintegrum,species,CR,Asteraceae,Asterales,Threatened - Poorly Sampled,1,1,77
urn:lsid:dyntaxa.se:Taxon:230655,Taraxacum tortilobum,species,CR,Asteraceae,Asterales,Threatened - Not in GBIF,,,
urn:lsid:dyntaxa.se:Taxon:1750,Taraxacum vestrogothicum,species,CR,Asteraceae,Asterales,Threatened - Poorly Sampled,1,1,68
urn:lsid:dyntaxa.se:Taxon:102349,Temnoscheila caerulea,species,CR,Trogossitidae,Coleoptera,Threatened - Poorly Sampled,1,1,24
urn:lsid:dyntaxa.se:Taxon:1723,Tephroseris palustris,species,CR,Asteraceae,Asterales,Threatened - Poorly Sampled,1,1,265
urn:lsid:dyntaxa.se:Taxon:101888,Teredus cylindricus,species,CR,Bothrideridae,Coleoptera,Threatened - Not in GBIF,,,
urn:lsid:dyntaxa.se:Taxon:1832,Thalloidima candidum,species,CR,Ramalinaceae,Lecanorales,Threatened - Poorly Sampled,1,1,17
urn:lsid:dyntaxa.se:Taxon:1563,Tilia platyphyllos,species,CR,Malvaceae,Malvales,Threatened - Poorly Sampled,1,1,1259
urn:lsid:dyntaxa.se:Taxon:1568,Toninia plumbina,species,CR,Ramalinaceae,Lecanorales,Threatened - Poorly Sampled,1,1,69
urn:lsid:dyntaxa.se:Taxon:525,Tortula randii,species,CR,Pottiaceae,Pottiales,Threatened - Not in GBIF,,,
urn:lsid:dyntaxa.se:Taxon:1834,Trapeliopsis viridescens,species,CR,Trapeliaceae,Baeomycetales,Threatened - Poorly Sampled,1,1,9
urn:lsid:dyntaxa.se:Taxon:101927,Trifurcula eurema,species,CR,Nepticulidae,Lepidoptera,Threatened - Poorly Sampled,1,1,1
urn:lsid:dyntaxa.se:Taxon:100142,Tyto alba,species,CR,Tytonidae,Strigiformes,Threatened - Poorly Sampled,1,1,856
urn:lsid:dyntaxa.se:Taxon:223246,Ulmus glabra,species,CR,Ulmaceae,Rosales,Threatened - Poorly Sampled,1,1,42883
urn:lsid:dyntaxa.se:Taxon:1628,Ulmus laevis,species,CR,Ulmaceae,Rosales,Threatened - Poorly Sampled,1,1,1089
urn:lsid:dyntaxa.se:Taxon:223248,Ulmus minor,species,CR,Ulmaceae,Rosales,Threatened - Poorly Sampled,1,1,5609
urn:lsid:dyntaxa.se:Taxon:1641,Usnea glabrata,species,CR,Parmeliaceae,Lecanorales,Threatened - Poorly Sampled,1,1,17
urn:lsid:dyntaxa.se:Taxon:1183,Varicellaria velata,species,CR,Ochrolechiaceae,Pertusariales,Threatened - Poorly Sampled,1,1,216
urn:lsid:dyntaxa.se:Taxon:101970,Victrix umovii,species,CR,Noctuidae,Lepidoptera,Threatened - Poorly Sampled,1,1,17
urn:lsid:dyntaxa.se:Taxon:1661,Viola alba,species,CR,Violaceae,Malpighiales,Threatened - Poorly Sampled,1,1,458
urn:lsid:dyntaxa.se:Taxon:1661,Viola alba,species,CR,Violaceae,Malpighiales,Threatened - Poorly Sampled,1,1,9
urn:lsid:dyntaxa.se:Taxon:1661,Viola alba,species,CR,Violaceae,Malpighiales,Threatened - Poorly Sampled,1,1,28
urn:lsid:dyntaxa.se:Taxon:100908,Whittleia retiella,species,CR,Psychidae,Lepidoptera,Threatened - Poorly Sampled,1,1,6
urn:lsid:dyntaxa.se:Taxon:1673,Xanthomendoza fallax,species,CR,Teloschistaceae,Teloschistales,Threatened - Not in GBIF,,,
urn:lsid:dyntaxa.se:Taxon:100150,Abraeus parvulus,species,EN,Histeridae,Coleoptera,Threatened - Poorly Sampled,1,1,2
urn:lsid:dyntaxa.se:Taxon:3,Acarospora anomala,species,EN,Acarosporaceae,Acarosporales,Threatened - Poorly Sampled,1,1,74
urn:lsid:dyntaxa.se:Taxon:102924,Acerbia alpina,species,EN,Erebidae,Lepidoptera,Threatened - Poorly Sampled,1,1,18
urn:lsid:dyntaxa.se:Taxon:100162,Acleris quercinana,species,EN,Tortricidae,Lepidoptera,Threatened - Poorly Sampled,1,1,5
urn:lsid:dyntaxa.se:Taxon:100164,Acmaeops marginatus,species,EN,Cerambycidae,Coleoptera,Threatened - Poorly Sampled,1,1,81
urn:lsid:dyntaxa.se:Taxon:102089,Acrosathe baltica,species,EN,Therevidae,Diptera,Threatened - Poorly Sampled,1,1,9
urn:lsid:dyntaxa.se:Taxon:102794,Admete viridula,species,EN,Cancellariidae,Neogastropoda,Threatened - Poorly Sampled,1,1,6
urn:lsid:dyntaxa.se:Taxon:100184,Aesalus scarabaeoides,species,EN,Lucanidae,Coleoptera,Threatened - Poorly Sampled,1,1,106
urn:lsid:dyntaxa.se:Taxon:100199,Agathidium pulchellum,species,EN,Leiodidae,Coleoptera,Threatened - Poorly Sampled,1,1,34
urn:lsid:dyntaxa.se:Taxon:100200,Agenioideus ciliatus,species,EN,Pompilidae,Hymenoptera,Threatened - Poorly Sampled,1,1,9
urn:lsid:dyntaxa.se:Taxon:102370,Agnathosia sandoeensis,species,EN,Tineidae,Lepidoptera,Threatened - Poorly Sampled,1,1,13
urn:lsid:dyntaxa.se:Taxon:102371,Agonopterix atomella,species,EN,Depressariidae,Lepidoptera,Threatened - Poorly Sampled,1,1,50
urn:lsid:dyntaxa.se:Taxon:100206,Agonopterix laterella,species,EN,Depressariidae,Lepidoptera,Threatened - Poorly Sampled,1,1,13
urn:lsid:dyntaxa.se:Taxon:100208,Agonopterix parilella,species,EN,Depressariidae,Lepidoptera,Threatened - Poorly Sampled,1,1,29
urn:lsid:dyntaxa.se:Taxon:100220,Agrilus mendax,species,EN,Buprestidae,Coleoptera,Threatened - Poorly Sampled,1,1,28
urn:lsid:dyntaxa.se:Taxon:100225,Agriphila poliella,species,EN,Crambidae,Lepidoptera,Threatened - Not in GBIF,,,
urn:lsid:dyntaxa.se:Taxon:100226,Agroeca dentigera,species,EN,Liocranidae,Araneae,Threatened - Poorly Sampled,1,1,7
urn:lsid:dyntaxa.se:Taxon:14,Agrostemma githago,species,EN,Caryophyllaceae,Caryophyllales,Threatened - Poorly Sampled,1,1,2833
urn:lsid:dyntaxa.se:Taxon:19,Albatrellus cristatus,species,EN,Albatrellaceae,Russulales,Threatened - Not in GBIF,,,
urn:lsid:dyntaxa.se:Taxon:22,Alchemilla oxyodonta,species,EN,Rosaceae,Rosales,Threatened - Poorly Sampled,1,1,322
urn:lsid:dyntaxa.se:Taxon:32,Allium lineare,species,EN,Amaryllidaceae,Asparagales,Threatened - Poorly Sampled,1,1,1247
urn:lsid:dyntaxa.se:Taxon:1850,Allium lusitanicum,species,EN,Amaryllidaceae,Asparagales,Threatened - Poorly Sampled,1,1,422
urn:lsid:dyntaxa.se:Taxon:34,Aloina ambigua,species,EN,Pottiaceae,Pottiales,Threatened - Poorly Sampled,1,1,3
urn:lsid:dyntaxa.se:Taxon:1820,Alyxoria culmigena,species,EN,Lecanographaceae,Arthoniales,Threatened - Poorly Sampled,1,1,11
urn:lsid:dyntaxa.se:Taxon:100247,Amalorrhynchus melanarius,species,EN,Curculionidae,Coleoptera,Threatened - Poorly Sampled,1,1,8
urn:lsid:dyntaxa.se:Taxon:206220,Amblyraja radiata,species,EN,Rajidae,Rajiformes,Threatened - Poorly Sampled,1,1,181
urn:lsid:dyntaxa.se:Taxon:100265,Ampedus nigerrimus,species,EN,Elateridae,Coleoptera,Threatened - Poorly Sampled,1,1,14
urn:lsid:dyntaxa.se:Taxon:102165,Ampedus triangulum,species,EN,Elateridae,Coleoptera,Threatened - Poorly Sampled,1,1,16
urn:lsid:dyntaxa.se:Taxon:46,Amylocorticium subincarnatum,species,EN,Amylocorticiaceae,Amylocorticiales,Threatened - Poorly Sampled,1,1,113
urn:lsid:dyntaxa.se:Taxon:100273,Anacampsis fuscella,species,EN,Gelechiidae,Lepidoptera,Threatened - Poorly Sampled,1,1,139
urn:lsid:dyntaxa.se:Taxon:206061,Anarhichas lupus,species,EN,Anarhichadidae,Perciformes,Threatened - Poorly Sampled,1,1,33
urn:lsid:dyntaxa.se:Taxon:102378,Anarsia spartiella,species,EN,Gelechiidae,Lepidoptera,Threatened - Poorly Sampled,1,1,3
urn:lsid:dyntaxa.se:Taxon:103124,Andrena bluethgeni,species,EN,Andrenidae,Hymenoptera,Threatened - Not in GBIF,,,
urn:lsid:dyntaxa.se:Taxon:102667,Andrena gelriae,species,EN,Andrenidae,Hymenoptera,Threatened - Poorly Sampled,1,1,43
urn:lsid:dyntaxa.se:Taxon:102672,Andrena niveata,species,EN,Andrenidae,Hymenoptera,Threatened - Poorly Sampled,1,1,12
urn:lsid:dyntaxa.se:Taxon:103132,Andrena similis,species,EN,Andrenidae,Hymenoptera,Threatened - Poorly Sampled,1,1,20
urn:lsid:dyntaxa.se:Taxon:6000135,Anema nummularium,species,EN,Lichinaceae,Lichinales,Threatened - Poorly Sampled,1,1,1
urn:lsid:dyntaxa.se:Taxon:58,Anomoporia bombycina,species,EN,Amylocorticiaceae,Amylocorticiales,Threatened - Poorly Sampled,1,1,107
urn:lsid:dyntaxa.se:Taxon:60,Anthemis cotula,species,EN,Asteraceae,Asterales,Threatened - Poorly Sampled,1,1,509
urn:lsid:dyntaxa.se:Taxon:61,Anthericum liliago,species,EN,Asparagaceae,Asparagales,Threatened - Poorly Sampled,1,1,1738
urn:lsid:dyntaxa.se:Taxon:61,Anthericum liliago,species,EN,Asparagaceae,Asparagales,Threatened - Poorly Sampled,1,1,109
urn:lsid:dyntaxa.se:Taxon:102603,Anthocoris amplicollis,species,EN,Anthocoridae,Hemiptera,Threatened - Poorly Sampled,1,1,3
urn:lsid:dyntaxa.se:Taxon:102689,Anthophora plagiata,species,EN,Apidae,Hymenoptera,Threatened - Poorly Sampled,1,1,401
urn:lsid:dyntaxa.se:Taxon:100010,Anthus campestris,species,EN,Motacillidae,Passeriformes,Threatened - Poorly Sampled,1,1,13200
urn:lsid:dyntaxa.se:Taxon:102976,Apus apus,species,EN,Apodidae,Apodiformes,Threatened - Poorly Sampled,1,1,447290
urn:lsid:dyntaxa.se:Taxon:81,Arabis planisiliqua,species,EN,Brassicaceae,Brassicales,Threatened - Poorly Sampled,1,1,189
urn:lsid:dyntaxa.se:Taxon:100374,Arachnospila alvarabnormis,species,EN,Pompilidae,Hymenoptera,Threatened - Poorly Sampled,1,1,15
urn:lsid:dyntaxa.se:Taxon:100384,Aradus erosus,species,EN,Aradidae,Hemiptera,Threatened - Poorly Sampled,1,1,49
urn:lsid:dyntaxa.se:Taxon:100385,Aradus laeviusculus,species,EN,Aradidae,Hemiptera,Threatened - Poorly Sampled,1,1,2
urn:lsid:dyntaxa.se:Taxon:100386,Aradus signaticornis,species,EN,Aradidae,Hemiptera,Threatened - Poorly Sampled,1,1,7
urn:lsid:dyntaxa.se:Taxon:248484,Archaeodictyna ammophila,species,EN,Dictynidae,Araneae,Threatened - Poorly Sampled,1,1,25
urn:lsid:dyntaxa.se:Taxon:102115,Arenaria interpres,species,EN,Scolopacidae,Charadriiformes,Threatened - Poorly Sampled,1,1,91463
urn:lsid:dyntaxa.se:Taxon:100397,Arhopalus ferus,species,EN,Cerambycidae,Coleoptera,Threatened - Poorly Sampled,1,1,13
urn:lsid:dyntaxa.se:Taxon:1860,Aristolochia clematitis,species,EN,Aristolochiaceae,Piperales,Threatened - Poorly Sampled,1,1,454
urn:lsid:dyntaxa.se:Taxon:89,Arnoseris minima,species,EN,Asteraceae,Asterales,Threatened - Poorly Sampled,1,1,790
urn:lsid:dyntaxa.se:Taxon:1768,Arthonia arthonioides,species,EN,Arthoniaceae,Arthoniales,Threatened - Poorly Sampled,1,1,52
urn:lsid:dyntaxa.se:Taxon:1228,Asplenium scolopendrium,species,EN,Aspleniaceae,Polypodiales,Threatened - Poorly Sampled,1,1,72
urn:lsid:dyntaxa.se:Taxon:102862,Asteronyx loveni,species,EN,Asteronychidae,Euryalida,Threatened - Poorly Sampled,1,1,3
urn:lsid:dyntaxa.se:Taxon:114,Astragalus arenarius,species,EN,Fabaceae,Fabales,Threatened - Poorly Sampled,1,1,523
urn:lsid:dyntaxa.se:Taxon:102383,Athrips amoenellus,species,EN,Gelechiidae,Lepidoptera,Threatened - Not in GBIF,,,
urn:lsid:dyntaxa.se:Taxon:100669,Attactagenus plumbeus,species,EN,Curculionidae,Coleoptera,Threatened - Poorly Sampled,1,1,3
urn:lsid:dyntaxa.se:Taxon:100433,Augasma aeratellum,species,EN,Coleophoridae,Lepidoptera,Threatened - Not in GBIF,,,
urn:lsid:dyntaxa.se:Taxon:260575,Aurantiporus priscus,species,EN,Meruliaceae,Polyporales,Threatened - Poorly Sampled,1,1,1
urn:lsid:dyntaxa.se:Taxon:102107,Aythya ferina,species,EN,Anatidae,Anseriformes,Threatened - Poorly Sampled,1,1,252651
urn:lsid:dyntaxa.se:Taxon:102107,Aythya ferina,species,EN,Anatidae,Anseriformes,Threatened - Poorly Sampled,1,1,52
urn:lsid:dyntaxa.se:Taxon:102107,Aythya ferina,species,EN,Anatidae,Anseriformes,Threatened - Poorly Sampled,1,1,492
urn:lsid:dyntaxa.se:Taxon:100014,Aythya marila,species,EN,Anatidae,Anseriformes,Threatened - Poorly Sampled,1,1,138295
urn:lsid:dyntaxa.se:Taxon:131,Bacidia laurocerasi,species,EN,Ramalinaceae,Lecanorales,Threatened - Poorly Sampled,1,1,69
urn:lsid:dyntaxa.se:Taxon:138,Bactrospora dryina,species,EN,"Arthoniales, genera incertae sedis",Arthoniales,Threatened - Poorly Sampled,1,1,137
urn:lsid:dyntaxa.se:Taxon:100453,Baptria tibiale,species,EN,Geometridae,Lepidoptera,Threatened - Poorly Sampled,1,1,507
urn:lsid:dyntaxa.se:Taxon:130,Bellicidia incompta,species,EN,Ramalinaceae,Lecanorales,Threatened - Poorly Sampled,1,1,863
urn:lsid:dyntaxa.se:Taxon:102197,Bembidion petrosum,species,EN,Carabidae,Coleoptera,Threatened - Poorly Sampled,1,1,12
urn:lsid:dyntaxa.se:Taxon:1524,Betonica officinalis,species,EN,Lamiaceae,Lamiales,Threatened - Poorly Sampled,1,1,651
urn:lsid:dyntaxa.se:Taxon:100481,Biphyllus lunatus,species,EN,Biphyllidae,Coleoptera,Threatened - Poorly Sampled,1,1,28
urn:lsid:dyntaxa.se:Taxon:100484,Blaps lethifera,species,EN,Tenebrionidae,Coleoptera,Threatened - Poorly Sampled,1,1,81
urn:lsid:dyntaxa.se:Taxon:100485,Blaps mortisaga,species,EN,Tenebrionidae,Coleoptera,Threatened - Poorly Sampled,1,1,173
urn:lsid:dyntaxa.se:Taxon:1788,Blastenia furfuracea,species,EN,Teloschistaceae,Teloschistales,Threatened - Poorly Sampled,1,1,193
urn:lsid:dyntaxa.se:Taxon:100493,Bledius atricapillus,species,EN,Staphylinidae,Coleoptera,Threatened - Poorly Sampled,1,1,47
urn:lsid:dyntaxa.se:Taxon:200443,Blera eoa,species,EN,Syrphidae,Diptera,Threatened - Not in GBIF,,,
urn:lsid:dyntaxa.se:Taxon:102397,Boloria polaris,species,EN,Nymphalidae,Lepidoptera,Threatened - Not in GBIF,,,
urn:lsid:dyntaxa.se:Taxon:100501,Bothrideres bipunctatus,species,EN,Bothrideridae,Coleoptera,Threatened - Poorly Sampled,1,1,61
urn:lsid:dyntaxa.se:Taxon:168,Botrychium simplex,species,EN,Ophioglossaceae,Ophioglossales,Threatened - Poorly Sampled,1,1,31
urn:lsid:dyntaxa.se:Taxon:264287,Botrychium tenebrosum,species,EN,Ophioglossaceae,Ophioglossales,Threatened - Poorly Sampled,1,1,1
urn:lsid:dyntaxa.se:Taxon:102386,Brachmia dimidiella,species,EN,Gelechiidae,Lepidoptera,Threatened - Poorly Sampled,1,1,142
urn:lsid:dyntaxa.se:Taxon:102528,Brachyopa vittata,species,EN,Syrphidae,Diptera,Threatened - Poorly Sampled,1,1,14
urn:lsid:dyntaxa.se:Taxon:347,Brachythecium cirrosum,species,EN,Brachytheciaceae,Hypnales,Threatened - Poorly Sampled,1,1,53
urn:lsid:dyntaxa.se:Taxon:781,Brachythecium geheebii,species,EN,Brachytheciaceae,Hypnales,Threatened - Poorly Sampled,1,1,11
urn:lsid:dyntaxa.se:Taxon:173,Bromus arvensis,species,EN,Poaceae,Poales,Threatened - Poorly Sampled,1,1,1780
urn:lsid:dyntaxa.se:Taxon:173,Bromus arvensis,species,EN,Poaceae,Poales,Threatened - Poorly Sampled,1,1,2
urn:lsid:dyntaxa.se:Taxon:175,Bromus commutatus,species,EN,Poaceae,Poales,Threatened - Poorly Sampled,1,1,526
urn:lsid:dyntaxa.se:Taxon:177,Bromus racemosus,species,EN,Poaceae,Poales,Threatened - Poorly Sampled,1,1,422
urn:lsid:dyntaxa.se:Taxon:179,Bromus secalinus,species,EN,Poaceae,Poales,Threatened - Poorly Sampled,1,1,1361
urn:lsid:dyntaxa.se:Taxon:184,Bryoria bicolor,species,EN,Parmeliaceae,Lecanorales,Threatened - Poorly Sampled,1,1,1156
urn:lsid:dyntaxa.se:Taxon:186,Bryoria nitidula,species,EN,Parmeliaceae,Lecanorales,Threatened - Poorly Sampled,1,1,67
urn:lsid:dyntaxa.se:Taxon:188,Bryoria tenuis,species,EN,Parmeliaceae,Lecanorales,Threatened - Poorly Sampled,1,1,625
urn:lsid:dyntaxa.se:Taxon:195,Bryum funkii,species,EN,Bryaceae,Bryales,Threatened - Not in GBIF,,,
urn:lsid:dyntaxa.se:Taxon:2317,Bryum knowltonii,species,EN,Bryaceae,Bryales,Threatened - Not in GBIF,,,
urn:lsid:dyntaxa.se:Taxon:2296,Bryum marratii,species,EN,Bryaceae,Bryales,Threatened - Not in GBIF,,,
urn:lsid:dyntaxa.se:Taxon:207,Bryum wrightii,species,EN,Bryaceae,Bryales,Threatened - Not in GBIF,,,
urn:lsid:dyntaxa.se:Taxon:1244,Buglossoporus quercinus,species,EN,Fomitopsidaceae,Polyporales,Threatened - Poorly Sampled,1,1,14
urn:lsid:dyntaxa.se:Taxon:499,Calicium notarisii,species,EN,Caliciaceae,Caliciales,Threatened - Poorly Sampled,1,1,605
urn:lsid:dyntaxa.se:Taxon:200457,Caliprobola speciosa,species,EN,Syrphidae,Diptera,Threatened - Not in GBIF,,,
urn:lsid:dyntaxa.se:Taxon:100534,Callisthenes reticulatus,species,EN,Carabidae,Coleoptera,Threatened - Not in GBIF,,,
urn:lsid:dyntaxa.se:Taxon:222,Calogaya biatorina,species,EN,Teloschistaceae,Teloschistales,Threatened - Poorly Sampled,1,1,18
urn:lsid:dyntaxa.se:Taxon:228,Caloplaca ulcerosa,species,EN,Teloschistaceae,Teloschistales,Threatened - Not in GBIF,,,
urn:lsid:dyntaxa.se:Taxon:249046,Calyptra thalictri,species,EN,Erebidae,Lepidoptera,Threatened - Poorly Sampled,1,1,64
urn:lsid:dyntaxa.se:Taxon:248,Campylopus atrovirens,species,EN,Leucobryaceae,Dicranales,Threatened - Poorly Sampled,1,1,52
urn:lsid:dyntaxa.se:Taxon:228487,Candelaria concolor,species,EN,Candelariaceae,Candelariales,Threatened - Poorly Sampled,1,1,557
urn:lsid:dyntaxa.se:Taxon:252,Candelariella reflexa,species,EN,Candelariaceae,Candelariales,Threatened - Poorly Sampled,1,1,188
urn:lsid:dyntaxa.se:Taxon:100024,Canis lupus lupus,subspecies,EN,Canidae,Carnivora,Threatened - Poorly Sampled,1,1,1564
urn:lsid:dyntaxa.se:Taxon:102474,Capricornia boisduvaliana,species,EN,Tortricidae,Lepidoptera,Threatened - Poorly Sampled,1,1,10
urn:lsid:dyntaxa.se:Taxon:258,Carex bicolor,species,EN,Cyperaceae,Poales,Threatened - Poorly Sampled,1,1,442
urn:lsid:dyntaxa.se:Taxon:100553,Caryocolum arenariellum,species,EN,Gelechiidae,Lepidoptera,Threatened - Not in GBIF,,,
urn:lsid:dyntaxa.se:Taxon:100550,Caryocolum cauligenellum,species,EN,Gelechiidae,Lepidoptera,Threatened - Not in GBIF,,,
urn:lsid:dyntaxa.se:Taxon:100558,Cassida seladonia,species,EN,Chrysomelidae,Coleoptera,Threatened - Poorly Sampled,1,1,10
urn:lsid:dyntaxa.se:Taxon:100566,Catoplatus fabricii,species,EN,Tingidae,Hemiptera,Threatened - Poorly Sampled,1,1,58
urn:lsid:dyntaxa.se:Taxon:264742,Centaurea phrygia,species,EN,Asteraceae,Asterales,Threatened - Poorly Sampled,1,1,437
urn:lsid:dyntaxa.se:Taxon:286,Centaurea phrygia subsp. phrygia,subspecies,EN,Asteraceae,Asterales,Threatened - Poorly Sampled,1,1,437
urn:lsid:dyntaxa.se:Taxon:287,Centaurium erythraea var. capitatum,variety,EN,Gentianaceae,Gentianales,Threatened - Poorly Sampled,1,1,3095
urn:lsid:dyntaxa.se:Taxon:287,Centaurium erythraea var. capitatum,variety,EN,Gentianaceae,Gentianales,Threatened - Poorly Sampled,1,1,16
urn:lsid:dyntaxa.se:Taxon:100574,Ceropales variegata,species,EN,Pompilidae,Hymenoptera,Threatened - Poorly Sampled,1,1,7
urn:lsid:dyntaxa.se:Taxon:100575,Ceruchus chrysomelinus,species,EN,Lucanidae,Coleoptera,Threatened - Poorly Sampled,1,1,346
urn:lsid:dyntaxa.se:Taxon:307,Chaenotheca cinerea,species,EN,Coniocybaceae,Coniocybales,Threatened - Poorly Sampled,1,1,235
urn:lsid:dyntaxa.se:Taxon:100606,Chalcophora mariana,species,EN,Buprestidae,Coleoptera,Threatened - Poorly Sampled,1,1,1
urn:lsid:dyntaxa.se:Taxon:320,Chamaemyces fracidus,species,EN,Agaricaceae,Agaricales,Threatened - Poorly Sampled,1,1,111
urn:lsid:dyntaxa.se:Taxon:102581,Cheiracanthium pennyi,species,EN,Eutichuridae,Araneae,Threatened - Poorly Sampled,1,1,8
urn:lsid:dyntaxa.se:Taxon:1869,Chenopodium striatiforme,species,EN,Amaranthaceae,Caryophyllales,Threatened - Poorly Sampled,1,1,358
urn:lsid:dyntaxa.se:Taxon:339,Chenopodium vulvaria,species,EN,Amaranthaceae,Caryophyllales,Threatened - Poorly Sampled,1,1,601
urn:lsid:dyntaxa.se:Taxon:100612,Chesias rufata,species,EN,Geometridae,Lepidoptera,Threatened - Poorly Sampled,1,1,164
urn:lsid:dyntaxa.se:Taxon:340,Chimaphila umbellata,species,EN,Ericaceae,Ericales,Threatened - Poorly Sampled,1,1,8929
urn:lsid:dyntaxa.se:Taxon:100614,Chionodes violaceus,species,EN,Gelechiidae,Lepidoptera,Threatened - Not in GBIF,,,
urn:lsid:dyntaxa.se:Taxon:100617,Chlaenius nitidulus,species,EN,Carabidae,Coleoptera,Threatened - Poorly Sampled,1,1,54
urn:lsid:dyntaxa.se:Taxon:103042,Chloris chloris,species,EN,Fringillidae,Passeriformes,Threatened - Poorly Sampled,1,1,1113884
urn:lsid:dyntaxa.se:Taxon:234757,Chlorita dumosa,species,EN,Cicadellidae,Hemiptera,Threatened - Poorly Sampled,1,1,1
urn:lsid:dyntaxa.se:Taxon:100625,Choerades lapponicus,species,EN,Asilidae,Diptera,Threatened - Not in GBIF,,,
urn:lsid:dyntaxa.se:Taxon:249907,Chrysis ignita,species,EN,Chrysididae,Hymenoptera,Threatened - Poorly Sampled,1,1,42
urn:lsid:dyntaxa.se:Taxon:100636,Chrysoclista lathamella,species,EN,Parametriotidae,Lepidoptera,Threatened - Poorly Sampled,1,1,15
urn:lsid:dyntaxa.se:Taxon:102533,Chrysotoxum elegans,species,EN,Syrphidae,Diptera,Threatened - Poorly Sampled,1,1,42
urn:lsid:dyntaxa.se:Taxon:102534,Chrysotoxum octomaculatum,species,EN,Syrphidae,Diptera,Threatened - Poorly Sampled,1,1,61
urn:lsid:dyntaxa.se:Taxon:100031,Ciconia ciconia,species,EN,Ciconiidae,Ciconiiformes,Threatened - Poorly Sampled,1,1,52033
urn:lsid:dyntaxa.se:Taxon:100035,Circus pygargus,species,EN,Accipitridae,Accipitriformes,Threatened - Poorly Sampled,1,1,44107
urn:lsid:dyntaxa.se:Taxon:354,Cladonia peziziformis,species,EN,Cladoniaceae,Lecanorales,Threatened - Poorly Sampled,1,1,69
urn:lsid:dyntaxa.se:Taxon:232124,Clangula hyemalis (wintering),unranked,EN,Anatidae,Anseriformes,Threatened - Poorly Sampled,1,1,184764
urn:lsid:dyntaxa.se:Taxon:362,Clavaria pullei,species,EN,Clavariaceae,Agaricales,Threatened - Poorly Sampled,1,1,17
urn:lsid:dyntaxa.se:Taxon:100666,Clivina collaris,species,EN,Carabidae,Coleoptera,Threatened - Poorly Sampled,1,1,38
urn:lsid:dyntaxa.se:Taxon:100670,Cochlicopa nitens,species,EN,Cochlicopidae,Stylommatophora,Threatened - Poorly Sampled,1,1,283
urn:lsid:dyntaxa.se:Taxon:100671,Cochylidia richteriana,species,EN,Tortricidae,Lepidoptera,Threatened - Poorly Sampled,1,1,84
urn:lsid:dyntaxa.se:Taxon:551,Coenogonium luteum,species,EN,Coenogoniaceae,Ostropales,Threatened - Poorly Sampled,1,1,96
urn:lsid:dyntaxa.se:Taxon:100678,Coenomyia ferruginea,species,EN,Coenomyiidae,Diptera,Threatened - Poorly Sampled,1,1,14
urn:lsid:dyntaxa.se:Taxon:100681,Coleophora adjectella,species,EN,Coleophoridae,Lepidoptera,Threatened - Poorly Sampled,1,1,33
urn:lsid:dyntaxa.se:Taxon:100687,Coleophora albella,species,EN,Coleophoridae,Lepidoptera,Threatened - Not in GBIF,,,
urn:lsid:dyntaxa.se:Taxon:102399,Coleophora amellivora,species,EN,Coleophoridae,Lepidoptera,Threatened - Poorly Sampled,1,1,23
urn:lsid:dyntaxa.se:Taxon:100682,Coleophora chalcogrammella,species,EN,Coleophoridae,Lepidoptera,Threatened - Poorly Sampled,1,1,9
urn:lsid:dyntaxa.se:Taxon:102407,Coleophora derasofasciella,species,EN,Coleophoridae,Lepidoptera,Threatened - Poorly Sampled,1,1,4
urn:lsid:dyntaxa.se:Taxon:100683,Coleophora dianthi,species,EN,Coleophoridae,Lepidoptera,Threatened - Poorly Sampled,1,1,18
urn:lsid:dyntaxa.se:Taxon:100685,Coleophora genistae,species,EN,Coleophoridae,Lepidoptera,Threatened - Poorly Sampled,1,1,3
urn:lsid:dyntaxa.se:Taxon:102404,Coleophora gnaphalii,species,EN,Coleophoridae,Lepidoptera,Threatened - Poorly Sampled,1,1,37
urn:lsid:dyntaxa.se:Taxon:391,Collema subflaccidum,species,EN,Collemataceae,Peltigerales,Threatened - Poorly Sampled,1,1,356
urn:lsid:dyntaxa.se:Taxon:215749,Colostygia turbata,species,EN,Geometridae,Lepidoptera,Threatened - Poorly Sampled,1,1,25
urn:lsid:dyntaxa.se:Taxon:100702,Colydium filiforme,species,EN,Zopheridae,Coleoptera,Threatened - Poorly Sampled,1,1,198
urn:lsid:dyntaxa.se:Taxon:100707,Conostethus roseus,species,EN,Miridae,Hemiptera,Threatened - Poorly Sampled,1,1,16
urn:lsid:dyntaxa.se:Taxon:248948,Cortinarius albertii,species,EN,Cortinariaceae,Agaricales,Threatened - Not in GBIF,,,
urn:lsid:dyntaxa.se:Taxon:1979,Cortinarius camptoros,species,EN,Cortinariaceae,Agaricales,Threatened - Not in GBIF,,,
urn:lsid:dyntaxa.se:Taxon:249248,Cortinarius citrinoolivaceus,species,EN,Cortinariaceae,Agaricales,Threatened - Not in GBIF,,,
urn:lsid:dyntaxa.se:Taxon:249242,Cortinarius gracilior,species,EN,Cortinariaceae,Agaricales,Threatened - Poorly Sampled,1,1,26
urn:lsid:dyntaxa.se:Taxon:248935,Cortinarius humolens,species,EN,Cortinariaceae,Agaricales,Threatened - Not in GBIF,,,
urn:lsid:dyntaxa.se:Taxon:249246,Cortinarius majoranae,species,EN,Cortinariaceae,Agaricales,Threatened - Not in GBIF,,,
urn:lsid:dyntaxa.se:Taxon:248940,Cortinarius moënne-loccozii,species,EN,Cortinariaceae,Agaricales,Threatened - Not in GBIF,,,
urn:lsid:dyntaxa.se:Taxon:1989,Cortinarius multiformium,species,EN,Cortinariaceae,Agaricales,Threatened - Poorly Sampled,1,1,314
urn:lsid:dyntaxa.se:Taxon:1987,Cortinarius odoratus,species,EN,Cortinariaceae,Agaricales,Threatened - Not in GBIF,,,
urn:lsid:dyntaxa.se:Taxon:6037433,Cortinarius parasuaveolens,species,EN,Cortinariaceae,Agaricales,Threatened - Not in GBIF,,,
urn:lsid:dyntaxa.se:Taxon:1990,Cortinarius prasinocyaneus,species,EN,Cortinariaceae,Agaricales,Threatened - Not in GBIF,,,
urn:lsid:dyntaxa.se:Taxon:461,Cortinarius prasinus,species,EN,Cortinariaceae,Agaricales,Threatened - Not in GBIF,,,
urn:lsid:dyntaxa.se:Taxon:1991,Cortinarius pseudovulpinus,species,EN,Cortinariaceae,Agaricales,Threatened - Not in GBIF,,,
urn:lsid:dyntaxa.se:Taxon:1993,Cortinarius saporatus,species,EN,Cortinariaceae,Agaricales,Threatened - Not in GBIF,,,
urn:lsid:dyntaxa.se:Taxon:1994,Cortinarius sodagnitus,species,EN,Cortinariaceae,Agaricales,Threatened - Poorly Sampled,1,1,9
urn:lsid:dyntaxa.se:Taxon:1995,Cortinarius suaveolens,species,EN,Cortinariaceae,Agaricales,Threatened - Not in GBIF,,,
urn:lsid:dyntaxa.se:Taxon:248959,Cortinarius vesterholtii,species,EN,Cortinariaceae,Agaricales,Threatened - Not in GBIF,,,
urn:lsid:dyntaxa.se:Taxon:1997,Cortinarius xanthochlorus,species,EN,Cortinariaceae,Agaricales,Threatened - Not in GBIF,,,
urn:lsid:dyntaxa.se:Taxon:248933,Cortinarius xanthosuavis,species,EN,Cortinariaceae,Agaricales,Threatened - Not in GBIF,,,
urn:lsid:dyntaxa.se:Taxon:100718,Cosmia affinis,species,EN,Noctuidae,Lepidoptera,Threatened - Poorly Sampled,1,1,121
urn:lsid:dyntaxa.se:Taxon:100720,Cossonus cylindricus,species,EN,Curculionidae,Coleoptera,Threatened - Poorly Sampled,1,1,45
urn:lsid:dyntaxa.se:Taxon:476,Cotylidia pannosa,species,EN,Rickenellaceae,Hymenochaetales,Threatened - Poorly Sampled,1,1,4
urn:lsid:dyntaxa.se:Taxon:236136,Crossocerus binotatus,species,EN,Crabronidae,Hymenoptera,Threatened - Poorly Sampled,1,1,1
urn:lsid:dyntaxa.se:Taxon:485,Cryphaea heteromalla,species,EN,Cryphaeaceae,Hypnales,Threatened - Poorly Sampled,1,1,39
urn:lsid:dyntaxa.se:Taxon:100761,Cryptophlebs kerteszi,species,EN,Dolichopodidae,Diptera,Threatened - Poorly Sampled,1,1,1
urn:lsid:dyntaxa.se:Taxon:100763,Cucujus cinnaberinus,species,EN,Cucujidae,Coleoptera,Threatened - Poorly Sampled,1,1,927
urn:lsid:dyntaxa.se:Taxon:100765,Cucullia artemisiae,species,EN,Noctuidae,Lepidoptera,Threatened - Poorly Sampled,1,1,37
urn:lsid:dyntaxa.se:Taxon:100769,Cucullia verbasci,species,EN,Noctuidae,Lepidoptera,Threatened - Poorly Sampled,1,1,108
urn:lsid:dyntaxa.se:Taxon:252389,Cucurbitaria coronillae,species,EN,Cucurbitariaceae,Pleosporales,Threatened - Poorly Sampled,1,1,3
urn:lsid:dyntaxa.se:Taxon:794,Cuphophyllus canescens,species,EN,Hygrophoraceae,Agaricales,Threatened - Poorly Sampled,1,1,4
urn:lsid:dyntaxa.se:Taxon:100776,Cydia cornucopiae,species,EN,Tortricidae,Lepidoptera,Threatened - Poorly Sampled,1,1,16
urn:lsid:dyntaxa.se:Taxon:215195,Cydia leguminana,species,EN,Tortricidae,Lepidoptera,Threatened - Poorly Sampled,1,1,7
urn:lsid:dyntaxa.se:Taxon:102223,Cymindis humeralis,species,EN,Carabidae,Coleoptera,Threatened - Poorly Sampled,1,1,101
urn:lsid:dyntaxa.se:Taxon:494,Cynodontium gracilescens,species,EN,Rhabdoweisiaceae,Dicranales,Threatened - Poorly Sampled,1,1,66
urn:lsid:dyntaxa.se:Taxon:100789,Cyrtopogon lapponicus,species,EN,Asilidae,Diptera,Threatened - Poorly Sampled,1,1,33
urn:lsid:dyntaxa.se:Taxon:3841,Dacrymyces enatus,species,EN,Dacrymycetaceae,Dacrymycetales,Threatened - Not in GBIF,,,
urn:lsid:dyntaxa.se:Taxon:224698,Dactylis polygama,species,EN,Poaceae,Poales,Threatened - Not in GBIF,,,
urn:lsid:dyntaxa.se:Taxon:222411,Dactylorhiza majalis subsp. baltica,subspecies,EN,Orchidaceae,Asparagales,Threatened - Poorly Sampled,1,1,6719
urn:lsid:dyntaxa.se:Taxon:222411,Dactylorhiza majalis subsp. baltica,subspecies,EN,Orchidaceae,Asparagales,Threatened - Poorly Sampled,1,1,3
urn:lsid:dyntaxa.se:Taxon:6002893,Dactylorhiza majalis subsp. elatior,subspecies,EN,Orchidaceae,Asparagales,Threatened - Poorly Sampled,1,1,6719
urn:lsid:dyntaxa.se:Taxon:6002893,Dactylorhiza majalis subsp. elatior,subspecies,EN,Orchidaceae,Asparagales,Threatened - Poorly Sampled,1,1,3
urn:lsid:dyntaxa.se:Taxon:100806,Denisia albimaculea,species,EN,Oecophoridae,Lepidoptera,Threatened - Poorly Sampled,1,1,34
urn:lsid:dyntaxa.se:Taxon:100809,Denticollis rubens,species,EN,Elateridae,Coleoptera,Threatened - Poorly Sampled,1,1,83
urn:lsid:dyntaxa.se:Taxon:226180,Deraeocoris punctulatus,species,EN,Miridae,Hemiptera,Threatened - Poorly Sampled,1,1,1
urn:lsid:dyntaxa.se:Taxon:529,Dianthus superbus,species,EN,Caryophyllaceae,Caryophyllales,Threatened - Poorly Sampled,1,1,811
urn:lsid:dyntaxa.se:Taxon:531,Dichomitus squalens,species,EN,Polyporaceae,Polyporales,Threatened - Poorly Sampled,1,1,73
urn:lsid:dyntaxa.se:Taxon:100826,Dichrorampha incognitana,species,EN,Tortricidae,Lepidoptera,Threatened - Poorly Sampled,1,1,2
urn:lsid:dyntaxa.se:Taxon:540,Dicranum viride,species,EN,Dicranaceae,Dicranales,Threatened - Poorly Sampled,1,1,1134
urn:lsid:dyntaxa.se:Taxon:542,Didymodon asperifolius,species,EN,Pottiaceae,Pottiales,Threatened - Not in GBIF,,,
urn:lsid:dyntaxa.se:Taxon:546,Didymodon sinuosus,species,EN,Pottiaceae,Pottiales,Threatened - Not in GBIF,,,
urn:lsid:dyntaxa.se:Taxon:100834,Dimorphopterus spinolae,species,EN,Blissidae,Hemiptera,Threatened - Poorly Sampled,1,1,36
urn:lsid:dyntaxa.se:Taxon:553,Diploicia canescens,species,EN,Caliciaceae,Caliciales,Threatened - Poorly Sampled,1,1,722
urn:lsid:dyntaxa.se:Taxon:557,Disciseda bovista,species,EN,Agaricaceae,Agaricales,Threatened - Poorly Sampled,1,1,81
urn:lsid:dyntaxa.se:Taxon:239982,Dolichopus calinotus,species,EN,Dolichopodidae,Diptera,Threatened - Poorly Sampled,1,1,9
urn:lsid:dyntaxa.se:Taxon:100854,Dorcatoma ambjoerni,species,EN,Ptinidae,Coleoptera,Threatened - Poorly Sampled,1,1,5
urn:lsid:dyntaxa.se:Taxon:1878,Draba subcapitata,species,EN,Brassicaceae,Brassicales,Threatened - Poorly Sampled,1,1,56
urn:lsid:dyntaxa.se:Taxon:564,Dracocephalum ruyschiana,species,EN,Lamiaceae,Lamiales,Threatened - Poorly Sampled,1,1,1154
urn:lsid:dyntaxa.se:Taxon:565,Dracocephalum thymiflorum,species,EN,Lamiaceae,Lamiales,Threatened - Poorly Sampled,1,1,345
urn:lsid:dyntaxa.se:Taxon:100868,Dufourea inermis,species,EN,Halictidae,Hymenoptera,Threatened - Poorly Sampled,1,1,104
urn:lsid:dyntaxa.se:Taxon:100872,Dyschirius chalceus,species,EN,Carabidae,Coleoptera,Threatened - Poorly Sampled,1,1,29
urn:lsid:dyntaxa.se:Taxon:100873,Dyschirius impunctipennis,species,EN,Carabidae,Coleoptera,Threatened - Poorly Sampled,1,1,31
urn:lsid:dyntaxa.se:Taxon:100875,Dyschirius laeviusculus,species,EN,Carabidae,Coleoptera,Threatened - Poorly Sampled,1,1,5
urn:lsid:dyntaxa.se:Taxon:100876,Dyscia fagaria,species,EN,Geometridae,Lepidoptera,Threatened - Poorly Sampled,1,1,110
urn:lsid:dyntaxa.se:Taxon:102423,Eana argentana,species,EN,Tortricidae,Lepidoptera,Threatened - Poorly Sampled,1,1,48
urn:lsid:dyntaxa.se:Taxon:217722,Echinocardium pennatifidum,species,EN,Loveniidae,Spatangoida,Threatened - Poorly Sampled,1,1,13
urn:lsid:dyntaxa.se:Taxon:232139,Echinoderma calcicola,species,EN,Agaricaceae,Agaricales,Threatened - Poorly Sampled,1,1,15
urn:lsid:dyntaxa.se:Taxon:948,Echinoderma hystrix,species,EN,Agaricaceae,Agaricales,Threatened - Poorly Sampled,1,1,88
urn:lsid:dyntaxa.se:Taxon:4861,Echinoderma jacobi,species,EN,Agaricaceae,Agaricales,Threatened - Poorly Sampled,1,1,42
urn:lsid:dyntaxa.se:Taxon:102429,Elachista quadripunctella,species,EN,Elachistidae,Lepidoptera,Threatened - Poorly Sampled,1,1,7
urn:lsid:dyntaxa.se:Taxon:100888,Elachista tetragonella,species,EN,Elachistidae,Lepidoptera,Threatened - Poorly Sampled,1,1,27
urn:lsid:dyntaxa.se:Taxon:214343,Elachista vonschantzi,species,EN,Elachistidae,Lepidoptera,Threatened - Poorly Sampled,1,1,2
urn:lsid:dyntaxa.se:Taxon:570,Elaphomyces aculeatus,species,EN,Elaphomycetaceae,Eurotiales,Threatened - Poorly Sampled,1,1,54
urn:lsid:dyntaxa.se:Taxon:573,Elaphomyces maculatus,species,EN,Elaphomycetaceae,Eurotiales,Threatened - Poorly Sampled,1,1,32
urn:lsid:dyntaxa.se:Taxon:6003353,Elaphomyces septatus,species,EN,Elaphomycetaceae,Eurotiales,Threatened - Poorly Sampled,1,1,32
urn:lsid:dyntaxa.se:Taxon:102809,Eledone cirrhosa,species,EN,Octopodidae,Octopoda,Threatened - Poorly Sampled,1,1,5
urn:lsid:dyntaxa.se:Taxon:100081,Emberiza calandra,species,EN,Emberizidae,Passeriformes,Threatened - Poorly Sampled,1,1,18575
urn:lsid:dyntaxa.se:Taxon:100901,Ennearthron pruinosulum,species,EN,Ciidae,Coleoptera,Threatened - Poorly Sampled,1,1,20
urn:lsid:dyntaxa.se:Taxon:100903,Enoplognatha oelandica,species,EN,Theridiidae,Araneae,Threatened - Poorly Sampled,1,1,3
urn:lsid:dyntaxa.se:Taxon:586,Enterographa crassa,species,EN,Roccellaceae,Arthoniales,Threatened - Poorly Sampled,1,1,43
urn:lsid:dyntaxa.se:Taxon:587,Enterographa hutchinsiae,species,EN,Roccellaceae,Arthoniales,Threatened - Poorly Sampled,1,1,182
urn:lsid:dyntaxa.se:Taxon:601,Entoloma kervernii,species,EN,Entolomataceae,Agaricales,Threatened - Poorly Sampled,1,1,4
urn:lsid:dyntaxa.se:Taxon:609,Entoloma roseum,species,EN,Entolomataceae,Agaricales,Threatened - Poorly Sampled,1,1,4
urn:lsid:dyntaxa.se:Taxon:619,Epipactis phyllanthes,species,EN,Orchidaceae,Asparagales,Threatened - Poorly Sampled,1,1,61
urn:lsid:dyntaxa.se:Taxon:100909,Epirrhoe pupillata,species,EN,Geometridae,Lepidoptera,Threatened - Poorly Sampled,1,1,120
urn:lsid:dyntaxa.se:Taxon:217960,Epitonium turtonis,species,EN,Epitoniidae,"Caenogastropoda, ordo incertae sedis",Threatened - Poorly Sampled,1,1,52
urn:lsid:dyntaxa.se:Taxon:100918,Epuraea silesiaca,species,EN,Nitidulidae,Coleoptera,Threatened - Poorly Sampled,1,1,1
urn:lsid:dyntaxa.se:Taxon:255701,Eremotylus marginatus,species,EN,Ichneumonidae,Hymenoptera,Threatened - Poorly Sampled,1,1,2
urn:lsid:dyntaxa.se:Taxon:102539,Eristalis gomojunovae,species,EN,Syrphidae,Diptera,Threatened - Poorly Sampled,1,1,7
urn:lsid:dyntaxa.se:Taxon:102438,Ethmia pyrausta,species,EN,Ethmiidae,Lepidoptera,Threatened - Poorly Sampled,1,1,13
urn:lsid:dyntaxa.se:Taxon:100926,Eublemma minutata,species,EN,Erebidae,Lepidoptera,Threatened - Poorly Sampled,1,1,513
urn:lsid:dyntaxa.se:Taxon:100334,Eudolus quadriguttatus,species,EN,Scarabaeidae,Coleoptera,Threatened - Poorly Sampled,1,1,93
urn:lsid:dyntaxa.se:Taxon:100937,Eudonia aequalis,species,EN,Crambidae,Lepidoptera,Threatened - Poorly Sampled,1,1,3
urn:lsid:dyntaxa.se:Taxon:101064,Euheptaulacus sus,species,EN,Scarabaeidae,Coleoptera,Threatened - Poorly Sampled,1,1,123
urn:lsid:dyntaxa.se:Taxon:259082,Eumedonia eumedon arenicola,subspecies,EN,Lycaenidae,Lepidoptera,Threatened - Poorly Sampled,1,1,4970
urn:lsid:dyntaxa.se:Taxon:102540,Eumerus grandis,species,EN,Syrphidae,Diptera,Threatened - Poorly Sampled,1,1,99
urn:lsid:dyntaxa.se:Taxon:102541,Eumerus ruficornis,species,EN,Syrphidae,Diptera,Threatened - Poorly Sampled,1,1,38
urn:lsid:dyntaxa.se:Taxon:102792,Eumetula arctica,species,EN,Newtoniellidae,"Caenogastropoda, ordo incertae sedis",Threatened - Poorly Sampled,1,1,18
urn:lsid:dyntaxa.se:Taxon:221638,Euphrasia officinalis,species,EN,Orobanchaceae,Lamiales,Threatened - Poorly Sampled,1,1,4563
urn:lsid:dyntaxa.se:Taxon:221638,Euphrasia officinalis,species,EN,Orobanchaceae,Lamiales,Threatened - Poorly Sampled,1,1,3
urn:lsid:dyntaxa.se:Taxon:627,Euphrasia officinalis subsp. officinalis,subspecies,EN,Orobanchaceae,Lamiales,Threatened - Poorly Sampled,1,1,4563
urn:lsid:dyntaxa.se:Taxon:627,Euphrasia officinalis subsp. officinalis,subspecies,EN,Orobanchaceae,Lamiales,Threatened - Poorly Sampled,1,1,3
urn:lsid:dyntaxa.se:Taxon:629,Euphrasia officinalis subsp. pratensis,subspecies,EN,Orobanchaceae,Lamiales,Threatened - Poorly Sampled,1,1,4563
urn:lsid:dyntaxa.se:Taxon:629,Euphrasia officinalis subsp. pratensis,subspecies,EN,Orobanchaceae,Lamiales,Threatened - Poorly Sampled,1,1,3
urn:lsid:dyntaxa.se:Taxon:632,Euphrasia stricta var. suecica,variety,EN,Orobanchaceae,Lamiales,Threatened - Poorly Sampled,1,1,4746
urn:lsid:dyntaxa.se:Taxon:632,Euphrasia stricta var. suecica,variety,EN,Orobanchaceae,Lamiales,Threatened - Poorly Sampled,1,1,108
urn:lsid:dyntaxa.se:Taxon:632,Euphrasia stricta var. suecica,variety,EN,Orobanchaceae,Lamiales,Threatened - Poorly Sampled,1,1,5
urn:lsid:dyntaxa.se:Taxon:100943,Euphydryas maturna,species,EN,Nymphalidae,Lepidoptera,Threatened - Poorly Sampled,1,1,15857
urn:lsid:dyntaxa.se:Taxon:100336,Eupleurus subterraneus,species,EN,Scarabaeidae,Coleoptera,Threatened - Poorly Sampled,1,1,22
urn:lsid:dyntaxa.se:Taxon:234274,Evagetes subglaber,species,EN,Pompilidae,Hymenoptera,Threatened - Poorly Sampled,1,1,6
urn:lsid:dyntaxa.se:Taxon:100978,Fagivorina arenaria,species,EN,Geometridae,Lepidoptera,Threatened - Poorly Sampled,1,1,79
urn:lsid:dyntaxa.se:Taxon:640,Falcaria vulgaris,species,EN,Apiaceae,Apiales,Threatened - Poorly Sampled,1,1,1030
urn:lsid:dyntaxa.se:Taxon:100055,Falco rusticolus,species,EN,Falconidae,Falconiformes,Threatened - Poorly Sampled,1,1,10491
urn:lsid:dyntaxa.se:Taxon:135,Fellhaneropsis vezdae,species,EN,Pilocarpaceae,Lecanorales,Threatened - Poorly Sampled,1,1,94
urn:lsid:dyntaxa.se:Taxon:649,Fischerula macrospora,species,EN,Morchellaceae,Pezizales,Threatened - Poorly Sampled,1,1,4
urn:lsid:dyntaxa.se:Taxon:650,Fissidens crassipes,species,EN,Fissidentaceae,Dicranales,Threatened - Poorly Sampled,1,1,15
urn:lsid:dyntaxa.se:Taxon:657,Floccularia luteovirens,species,EN,Agaricaceae,Agaricales,Threatened - Poorly Sampled,1,1,72
urn:lsid:dyntaxa.se:Taxon:2006,Floccularia rickenii,species,EN,Agaricaceae,Agaricales,Threatened - Not in GBIF,,,
urn:lsid:dyntaxa.se:Taxon:250285,Frantisekia mentschulensis,species,EN,Steccherinaceae,Polyporales,Threatened - Not in GBIF,,,
urn:lsid:dyntaxa.se:Taxon:220785,Fraxinus excelsior,species,EN,Oleaceae,Lamiales,Threatened - Poorly Sampled,1,1,134819
urn:lsid:dyntaxa.se:Taxon:663,Frullania oakesiana,species,EN,Frullaniaceae,Jungermanniales,Threatened - Poorly Sampled,1,1,57
urn:lsid:dyntaxa.se:Taxon:417,Funalia gallica,species,EN,Polyporaceae,Polyporales,Threatened - Not in GBIF,,,
urn:lsid:dyntaxa.se:Taxon:1150,Fuscopannaria ahlneri,species,EN,Pannariaceae,Peltigerales,Threatened - Poorly Sampled,1,1,58
urn:lsid:dyntaxa.se:Taxon:675,Ganoderma pfeifferi,species,EN,Polyporaceae,Polyporales,Threatened - Poorly Sampled,1,1,384
urn:lsid:dyntaxa.se:Taxon:676,Ganoderma resinaceum,species,EN,Polyporaceae,Polyporales,Threatened - Poorly Sampled,1,1,7
urn:lsid:dyntaxa.se:Taxon:676,Ganoderma resinaceum,species,EN,Polyporaceae,Polyporales,Threatened - Poorly Sampled,1,1,136
urn:lsid:dyntaxa.se:Taxon:102452,Gazoryctra ganna,species,EN,Hepialidae,Lepidoptera,Threatened - Poorly Sampled,1,1,6
urn:lsid:dyntaxa.se:Taxon:6003554,Geastrum berkeleyi,species,EN,Geastraceae,Geastrales,Threatened - Poorly Sampled,1,1,82
urn:lsid:dyntaxa.se:Taxon:680,Geastrum campestre,species,EN,Geastraceae,Geastrales,Threatened - Poorly Sampled,1,1,108
urn:lsid:dyntaxa.se:Taxon:681,Geastrum corollinum,species,EN,Geastraceae,Geastrales,Threatened - Poorly Sampled,1,1,311
urn:lsid:dyntaxa.se:Taxon:682,Geastrum elegans,species,EN,Geastraceae,Geastrales,Threatened - Poorly Sampled,1,1,422
urn:lsid:dyntaxa.se:Taxon:684,Geastrum fornicatum,species,EN,Geastraceae,Geastrales,Threatened - Poorly Sampled,1,1,110
urn:lsid:dyntaxa.se:Taxon:6003555,Geastrum pseudostriatum,species,EN,Geastraceae,Geastrales,Threatened - Poorly Sampled,1,1,198
urn:lsid:dyntaxa.se:Taxon:687,Geastrum saccatum,species,EN,Geastraceae,Geastrales,Threatened - Poorly Sampled,1,1,150
urn:lsid:dyntaxa.se:Taxon:690,Genista anglica,species,EN,Fabaceae,Fabales,Threatened - Poorly Sampled,1,1,729
urn:lsid:dyntaxa.se:Taxon:1885,Gentiana pneumonanthe,species,EN,Gentianaceae,Gentianales,Threatened - Poorly Sampled,1,1,8777
urn:lsid:dyntaxa.se:Taxon:264685,Gentianella campestris,species,EN,Gentianaceae,Gentianales,Threatened - Poorly Sampled,1,1,21211
urn:lsid:dyntaxa.se:Taxon:264685,Gentianella campestris,species,EN,Gentianaceae,Gentianales,Threatened - Poorly Sampled,1,1,20
urn:lsid:dyntaxa.se:Taxon:1713,Gentianella campestris subsp. baltica,subspecies,EN,Gentianaceae,Gentianales,Threatened - Poorly Sampled,1,1,21211
urn:lsid:dyntaxa.se:Taxon:1713,Gentianella campestris subsp. baltica,subspecies,EN,Gentianaceae,Gentianales,Threatened - Poorly Sampled,1,1,20
urn:lsid:dyntaxa.se:Taxon:221447,Gentianella campestris subsp. campestris,subspecies,EN,Gentianaceae,Gentianales,Threatened - Poorly Sampled,1,1,21211
urn:lsid:dyntaxa.se:Taxon:221447,Gentianella campestris subsp. campestris,subspecies,EN,Gentianaceae,Gentianales,Threatened - Poorly Sampled,1,1,20
urn:lsid:dyntaxa.se:Taxon:702,Geoglossum difforme,species,EN,Geoglossaceae,Geoglossales,Threatened - Poorly Sampled,1,1,293
urn:lsid:dyntaxa.se:Taxon:705,Geoglossum uliginosum,species,EN,Geoglossaceae,Geoglossales,Threatened - Poorly Sampled,1,1,83
urn:lsid:dyntaxa.se:Taxon:707,Geranium lanuginosum,species,EN,Geraniaceae,Geraniales,Threatened - Poorly Sampled,1,1,384
urn:lsid:dyntaxa.se:Taxon:708,Geranium palustre,species,EN,Geraniaceae,Geraniales,Threatened - Poorly Sampled,1,1,577
urn:lsid:dyntaxa.se:Taxon:101003,Gnorimus variabilis,species,EN,Scarabaeidae,Coleoptera,Threatened - Poorly Sampled,1,1,437
urn:lsid:dyntaxa.se:Taxon:1837,Grimmia anodon,species,EN,Grimmiaceae,Grimmiales,Threatened - Poorly Sampled,1,1,41
urn:lsid:dyntaxa.se:Taxon:723,Grimmia fuscolutea,species,EN,Grimmiaceae,Grimmiales,Threatened - Poorly Sampled,1,1,7
urn:lsid:dyntaxa.se:Taxon:2487,Grimmia triformis,species,EN,Grimmiaceae,Grimmiales,Threatened - Poorly Sampled,1,1,8
urn:lsid:dyntaxa.se:Taxon:2013,Griseoporia carbonaria,species,EN,Gloeophyllaceae,Gloeophyllales,Threatened - Not in GBIF,,,
urn:lsid:dyntaxa.se:Taxon:733,Gyalecta derivata,species,EN,Gyalectaceae,Ostropales,Threatened - Poorly Sampled,1,1,58
urn:lsid:dyntaxa.se:Taxon:1185,Gyalecta hypoleuca,species,EN,Gyalectaceae,Ostropales,Threatened - Not in GBIF,,,
urn:lsid:dyntaxa.se:Taxon:6000188,Gyalecta nidarosiensis,species,EN,Gyalectaceae,Ostropales,Threatened - Poorly Sampled,1,1,342
urn:lsid:dyntaxa.se:Taxon:229485,Gyalecta ophiospora,species,EN,Gyalectaceae,Ostropales,Threatened - Poorly Sampled,1,1,30
urn:lsid:dyntaxa.se:Taxon:1085,Gymnadenia nigra,species,EN,Orchidaceae,Asparagales,Threatened - Poorly Sampled,1,1,187
urn:lsid:dyntaxa.se:Taxon:746,Gymnostomum calcareum,species,EN,Pottiaceae,Pottiales,Threatened - Poorly Sampled,1,1,31
urn:lsid:dyntaxa.se:Taxon:747,Gypsophila muralis,species,EN,Caryophyllaceae,Caryophyllales,Threatened - Not in GBIF,,,
urn:lsid:dyntaxa.se:Taxon:556,Gyromitra fastigiata,species,EN,Discinaceae,Pezizales,Threatened - Not in GBIF,,,
urn:lsid:dyntaxa.se:Taxon:256337,Gyromitra parma,species,EN,Discinaceae,Pezizales,Threatened - Poorly Sampled,1,1,2
urn:lsid:dyntaxa.se:Taxon:102080,Haematopota bigoti,species,EN,Tabanidae,Diptera,Threatened - Poorly Sampled,1,1,6
urn:lsid:dyntaxa.se:Taxon:1362,Halerpestes cymbalaria,species,EN,Ranunculaceae,Ranunculales,Threatened - Poorly Sampled,1,1,138
urn:lsid:dyntaxa.se:Taxon:102680,Halictus leucaheneus,species,EN,Halictidae,Hymenoptera,Threatened - Poorly Sampled,1,1,551
urn:lsid:dyntaxa.se:Taxon:101036,Halticus luteicollis,species,EN,Miridae,Hemiptera,Threatened - Poorly Sampled,1,1,22
urn:lsid:dyntaxa.se:Taxon:755,Hamatocaulis lapponicus,species,EN,Calliergonaceae,Hypnales,Threatened - Poorly Sampled,1,1,100
urn:lsid:dyntaxa.se:Taxon:101047,Harpalus flavescens,species,EN,Carabidae,Coleoptera,Threatened - Poorly Sampled,1,1,218
urn:lsid:dyntaxa.se:Taxon:101050,Harpalus hirtipes,species,EN,Carabidae,Coleoptera,Threatened - Poorly Sampled,1,1,138
urn:lsid:dyntaxa.se:Taxon:761,Harpanthus scutatus,species,EN,Geocalycaceae,Jungermanniales,Threatened - Poorly Sampled,1,1,87
urn:lsid:dyntaxa.se:Taxon:102450,Heinemannia laspeyrella,species,EN,Parametriotidae,Lepidoptera,Threatened - Poorly Sampled,1,1,43
urn:lsid:dyntaxa.se:Taxon:245507,Hemileccinum depilatum,species,EN,Boletaceae,Boletales,Threatened - Poorly Sampled,1,1,45
urn:lsid:dyntaxa.se:Taxon:101061,Hemistola chrysoprasaria,species,EN,Geometridae,Lepidoptera,Threatened - Poorly Sampled,1,1,281
urn:lsid:dyntaxa.se:Taxon:228895,Heppia adglutinata,species,EN,Heppiaceae,Lichinales,Threatened - Poorly Sampled,1,1,90
urn:lsid:dyntaxa.se:Taxon:768,Heppia lutosa,species,EN,Heppiaceae,Lichinales,Threatened - Poorly Sampled,1,1,33
urn:lsid:dyntaxa.se:Taxon:231478,Hieracium abrupticuspis,species,EN,Asteraceae,Asterales,Threatened - Poorly Sampled,1,1,5
urn:lsid:dyntaxa.se:Taxon:231185,Hieracium acriserratum,species,EN,Asteraceae,Asterales,Threatened - Poorly Sampled,1,1,30
urn:lsid:dyntaxa.se:Taxon:231481,Hieracium acrogymnon,species,EN,Asteraceae,Asterales,Threatened - Poorly Sampled,1,1,27
urn:lsid:dyntaxa.se:Taxon:231485,Hieracium acuens,species,EN,Asteraceae,Asterales,Threatened - Poorly Sampled,1,1,12
urn:lsid:dyntaxa.se:Taxon:231189,Hieracium acutellum,species,EN,Asteraceae,Asterales,Threatened - Poorly Sampled,1,1,14
urn:lsid:dyntaxa.se:Taxon:231488,Hieracium aemulans,species,EN,Asteraceae,Asterales,Threatened - Poorly Sampled,1,1,6
urn:lsid:dyntaxa.se:Taxon:231493,Hieracium ageneium,species,EN,Asteraceae,Asterales,Threatened - Poorly Sampled,1,1,8
urn:lsid:dyntaxa.se:Taxon:231500,Hieracium altipes,species,EN,Asteraceae,Asterales,Threatened - Poorly Sampled,1,1,32
urn:lsid:dyntaxa.se:Taxon:231502,Hieracium ambigosum,species,EN,Asteraceae,Asterales,Threatened - Poorly Sampled,1,1,2
urn:lsid:dyntaxa.se:Taxon:231503,Hieracium amblyglochin,species,EN,Asteraceae,Asterales,Threatened - Poorly Sampled,1,1,15
urn:lsid:dyntaxa.se:Taxon:231505,Hieracium amblyodontum,species,EN,Asteraceae,Asterales,Threatened - Poorly Sampled,1,1,7
urn:lsid:dyntaxa.se:Taxon:231200,Hieracium amphicentrum,species,EN,Asteraceae,Asterales,Threatened - Poorly Sampled,1,1,2
urn:lsid:dyntaxa.se:Taxon:231510,Hieracium ancisum,species,EN,Asteraceae,Asterales,Threatened - Poorly Sampled,1,1,9
urn:lsid:dyntaxa.se:Taxon:231513,Hieracium angulosum,species,EN,Asteraceae,Asterales,Threatened - Poorly Sampled,1,1,15
urn:lsid:dyntaxa.se:Taxon:231517,Hieracium anisolobum,species,EN,Asteraceae,Asterales,Threatened - Poorly Sampled,1,1,5
urn:lsid:dyntaxa.se:Taxon:231518,Hieracium anisotomum,species,EN,Asteraceae,Asterales,Threatened - Poorly Sampled,1,1,5
urn:lsid:dyntaxa.se:Taxon:231520,Hieracium anthracostylum,species,EN,Asteraceae,Asterales,Threatened - Poorly Sampled,1,1,6
urn:lsid:dyntaxa.se:Taxon:231521,Hieracium apicum,species,EN,Asteraceae,Asterales,Threatened - Poorly Sampled,1,1,6
urn:lsid:dyntaxa.se:Taxon:231522,Hieracium appendiculatum,species,EN,Asteraceae,Asterales,Threatened - Poorly Sampled,1,1,4
urn:lsid:dyntaxa.se:Taxon:231523,Hieracium aquiliceps,species,EN,Asteraceae,Asterales,Threatened - Poorly Sampled,1,1,15
urn:lsid:dyntaxa.se:Taxon:231523,Hieracium aquiliceps,species,EN,Asteraceae,Asterales,Threatened - Poorly Sampled,1,1,1
urn:lsid:dyntaxa.se:Taxon:231525,Hieracium araeocladum,species,EN,Asteraceae,Asterales,Threatened - Poorly Sampled,1,1,2
urn:lsid:dyntaxa.se:Taxon:231526,Hieracium arcuaticuneatum,species,EN,Asteraceae,Asterales,Threatened - Poorly Sampled,1,1,5
urn:lsid:dyntaxa.se:Taxon:231527,Hieracium argentimontanum,species,EN,Asteraceae,Asterales,Threatened - Poorly Sampled,1,1,14
urn:lsid:dyntaxa.se:Taxon:231206,Hieracium arrogans,species,EN,Asteraceae,Asterales,Threatened - Poorly Sampled,1,1,11
urn:lsid:dyntaxa.se:Taxon:231208,Hieracium atrocaeruleum,species,EN,Asteraceae,Asterales,Threatened - Poorly Sampled,1,1,20
urn:lsid:dyntaxa.se:Taxon:231210,Hieracium austriniforme,species,EN,Asteraceae,Asterales,Threatened - Poorly Sampled,1,1,46
urn:lsid:dyntaxa.se:Taxon:231543,Hieracium basilimbatum,species,EN,Asteraceae,Asterales,Threatened - Poorly Sampled,1,1,4
urn:lsid:dyntaxa.se:Taxon:231220,Hieracium basiserratum,species,EN,Asteraceae,Asterales,Threatened - Poorly Sampled,1,1,18
urn:lsid:dyntaxa.se:Taxon:231547,Hieracium bembicophorum,species,EN,Asteraceae,Asterales,Threatened - Poorly Sampled,1,1,15
urn:lsid:dyntaxa.se:Taxon:231553,Hieracium brachycodon,species,EN,Asteraceae,Asterales,Threatened - Poorly Sampled,1,1,9
urn:lsid:dyntaxa.se:Taxon:231222,Hieracium cacuminatum,species,EN,Asteraceae,Asterales,Threatened - Not in GBIF,,,
urn:lsid:dyntaxa.se:Taxon:231572,Hieracium camurum,species,EN,Asteraceae,Asterales,Threatened - Poorly Sampled,1,1,16
urn:lsid:dyntaxa.se:Taxon:231573,Hieracium canipediforme,species,EN,Asteraceae,Asterales,Threatened - Poorly Sampled,1,1,30
urn:lsid:dyntaxa.se:Taxon:231582,Hieracium carcarophyllum,species,EN,Asteraceae,Asterales,Threatened - Not in GBIF,,,
urn:lsid:dyntaxa.se:Taxon:231585,Hieracium centonale,species,EN,Asteraceae,Asterales,Threatened - Poorly Sampled,1,1,2
urn:lsid:dyntaxa.se:Taxon:231586,Hieracium centrotum,species,EN,Asteraceae,Asterales,Threatened - Poorly Sampled,1,1,1
urn:lsid:dyntaxa.se:Taxon:231596,Hieracium ciliatiforme,species,EN,Asteraceae,Asterales,Threatened - Poorly Sampled,1,1,5
urn:lsid:dyntaxa.se:Taxon:251278,Hieracium cirrobractum,species,EN,Asteraceae,Asterales,Threatened - Poorly Sampled,1,1,11
urn:lsid:dyntaxa.se:Taxon:231605,Hieracium comitans,species,EN,Asteraceae,Asterales,Threatened - Poorly Sampled,1,1,1
urn:lsid:dyntaxa.se:Taxon:231607,Hieracium compitale,species,EN,Asteraceae,Asterales,Threatened - Poorly Sampled,1,1,10
urn:lsid:dyntaxa.se:Taxon:231177,Hieracium continuum,species,EN,Asteraceae,Asterales,Threatened - Poorly Sampled,1,1,9
urn:lsid:dyntaxa.se:Taxon:231613,Hieracium corniculans,species,EN,Asteraceae,Asterales,Threatened - Poorly Sampled,1,1,5
urn:lsid:dyntaxa.se:Taxon:231616,Hieracium crassiceps,species,EN,Asteraceae,Asterales,Threatened - Poorly Sampled,1,1,185
urn:lsid:dyntaxa.se:Taxon:231621,Hieracium crispatulum,species,EN,Asteraceae,Asterales,Threatened - Poorly Sampled,1,1,2
urn:lsid:dyntaxa.se:Taxon:231624,Hieracium cuprimontanum,species,EN,Asteraceae,Asterales,Threatened - Poorly Sampled,1,1,35
urn:lsid:dyntaxa.se:Taxon:231626,Hieracium cyclum,species,EN,Asteraceae,Asterales,Threatened - Poorly Sampled,1,1,6
urn:lsid:dyntaxa.se:Taxon:231253,Hieracium daedalolepium,species,EN,Asteraceae,Asterales,Threatened - Poorly Sampled,1,1,17
urn:lsid:dyntaxa.se:Taxon:231638,Hieracium delime,species,EN,Asteraceae,Asterales,Threatened - Poorly Sampled,1,1,10
urn:lsid:dyntaxa.se:Taxon:231640,Hieracium densecomosum,species,EN,Asteraceae,Asterales,Threatened - Poorly Sampled,1,1,3
urn:lsid:dyntaxa.se:Taxon:231643,Hieracium densipellitum,species,EN,Asteraceae,Asterales,Threatened - Poorly Sampled,1,1,4
urn:lsid:dyntaxa.se:Taxon:231651,Hieracium distinctum,species,EN,Asteraceae,Asterales,Threatened - Poorly Sampled,1,1,38
urn:lsid:dyntaxa.se:Taxon:231653,Hieracium distrudens,species,EN,Asteraceae,Asterales,Threatened - Poorly Sampled,1,1,4
urn:lsid:dyntaxa.se:Taxon:231654,Hieracium dolichophyllum,species,EN,Asteraceae,Asterales,Threatened - Poorly Sampled,1,1,5
urn:lsid:dyntaxa.se:Taxon:231655,Hieracium duderhultense,species,EN,Asteraceae,Asterales,Threatened - Poorly Sampled,1,1,18
urn:lsid:dyntaxa.se:Taxon:231658,Hieracium dyringii,species,EN,Asteraceae,Asterales,Threatened - Poorly Sampled,1,1,9
urn:lsid:dyntaxa.se:Taxon:231661,Hieracium elvdalense,species,EN,Asteraceae,Asterales,Threatened - Poorly Sampled,1,1,38
urn:lsid:dyntaxa.se:Taxon:251297,Hieracium emblae,species,EN,Asteraceae,Asterales,Threatened - Poorly Sampled,1,1,4
urn:lsid:dyntaxa.se:Taxon:231664,Hieracium erysibodes,species,EN,Asteraceae,Asterales,Threatened - Poorly Sampled,1,1,33
urn:lsid:dyntaxa.se:Taxon:231665,Hieracium ethologum,species,EN,Asteraceae,Asterales,Threatened - Poorly Sampled,1,1,3
urn:lsid:dyntaxa.se:Taxon:231667,Hieracium eudaedalum,species,EN,Asteraceae,Asterales,Threatened - Poorly Sampled,1,1,31
urn:lsid:dyntaxa.se:Taxon:231669,Hieracium eurygonium,species,EN,Asteraceae,Asterales,Threatened - Poorly Sampled,1,1,14
urn:lsid:dyntaxa.se:Taxon:231671,Hieracium euthysanum,species,EN,Asteraceae,Asterales,Threatened - Poorly Sampled,1,1,18
urn:lsid:dyntaxa.se:Taxon:231672,Hieracium evae,species,EN,Asteraceae,Asterales,Threatened - Poorly Sampled,1,1,2
urn:lsid:dyntaxa.se:Taxon:231673,Hieracium expallescens,species,EN,Asteraceae,Asterales,Threatened - Poorly Sampled,1,1,35
urn:lsid:dyntaxa.se:Taxon:231275,Hieracium externum,species,EN,Asteraceae,Asterales,Threatened - Poorly Sampled,1,1,21
urn:lsid:dyntaxa.se:Taxon:231681,Hieracium flagriferum,species,EN,Asteraceae,Asterales,Threatened - Poorly Sampled,1,1,125
urn:lsid:dyntaxa.se:Taxon:231683,Hieracium fodinarium,species,EN,Asteraceae,Asterales,Threatened - Poorly Sampled,1,1,6
urn:lsid:dyntaxa.se:Taxon:231684,Hieracium froederstroemii,species,EN,Asteraceae,Asterales,Threatened - Poorly Sampled,1,1,11
urn:lsid:dyntaxa.se:Taxon:231685,Hieracium funerale,species,EN,Asteraceae,Asterales,Threatened - Poorly Sampled,1,1,23
urn:lsid:dyntaxa.se:Taxon:266121,Hieracium gigantocybe,species,EN,Asteraceae,Asterales,Threatened - Poorly Sampled,1,1,70
urn:lsid:dyntaxa.se:Taxon:231691,Hieracium gilvocaniceps,species,EN,Asteraceae,Asterales,Threatened - Poorly Sampled,1,1,34
urn:lsid:dyntaxa.se:Taxon:231696,Hieracium grandidentiforme,species,EN,Asteraceae,Asterales,Threatened - Poorly Sampled,1,1,1
urn:lsid:dyntaxa.se:Taxon:231699,Hieracium gripharium,species,EN,Asteraceae,Asterales,Threatened - Poorly Sampled,1,1,28
urn:lsid:dyntaxa.se:Taxon:231284,Hieracium grophosiceps,species,EN,Asteraceae,Asterales,Threatened - Poorly Sampled,1,1,2
urn:lsid:dyntaxa.se:Taxon:231705,Hieracium haboënse,species,EN,Asteraceae,Asterales,Threatened - Not in GBIF,,,
urn:lsid:dyntaxa.se:Taxon:251307,Hieracium hangvarense,species,EN,Asteraceae,Asterales,Threatened - Poorly Sampled,1,1,8
urn:lsid:dyntaxa.se:Taxon:231708,Hieracium hastato-ovatum,species,EN,Asteraceae,Asterales,Threatened - Not in GBIF,,,
urn:lsid:dyntaxa.se:Taxon:251308,Hieracium helenae,species,EN,Asteraceae,Asterales,Threatened - Not in GBIF,,,
urn:lsid:dyntaxa.se:Taxon:231289,Hieracium hepaticiforme,species,EN,Asteraceae,Asterales,Threatened - Poorly Sampled,1,1,13
urn:lsid:dyntaxa.se:Taxon:231710,Hieracium hepaticolor,species,EN,Asteraceae,Asterales,Threatened - Poorly Sampled,1,1,43
urn:lsid:dyntaxa.se:Taxon:266138,Hieracium hispidosum,species,EN,Asteraceae,Asterales,Threatened - Poorly Sampled,1,1,12
urn:lsid:dyntaxa.se:Taxon:231714,Hieracium hortense,species,EN,Asteraceae,Asterales,Threatened - Poorly Sampled,1,1,5
urn:lsid:dyntaxa.se:Taxon:231716,Hieracium hyperlepideum,species,EN,Asteraceae,Asterales,Threatened - Poorly Sampled,1,1,33
urn:lsid:dyntaxa.se:Taxon:231719,Hieracium imberbe,species,EN,Asteraceae,Asterales,Threatened - Poorly Sampled,1,1,2
urn:lsid:dyntaxa.se:Taxon:231293,Hieracium imbricatiforme,species,EN,Asteraceae,Asterales,Threatened - Poorly Sampled,1,1,18
urn:lsid:dyntaxa.se:Taxon:251310,Hieracium imbricatum,species,EN,Asteraceae,Asterales,Threatened - Not in GBIF,,,
urn:lsid:dyntaxa.se:Taxon:231725,Hieracium inophyllum,species,EN,Asteraceae,Asterales,Threatened - Poorly Sampled,1,1,9
urn:lsid:dyntaxa.se:Taxon:231729,Hieracium intercalatum,species,EN,Asteraceae,Asterales,Threatened - Poorly Sampled,1,1,23
urn:lsid:dyntaxa.se:Taxon:251311,Hieracium irmae,species,EN,Asteraceae,Asterales,Threatened - Poorly Sampled,1,1,13
urn:lsid:dyntaxa.se:Taxon:231736,Hieracium issenii,species,EN,Asteraceae,Asterales,Threatened - Poorly Sampled,1,1,31
urn:lsid:dyntaxa.se:Taxon:231738,Hieracium ithytomum,species,EN,Asteraceae,Asterales,Threatened - Poorly Sampled,1,1,27
urn:lsid:dyntaxa.se:Taxon:231739,Hieracium jaedrense,species,EN,Asteraceae,Asterales,Threatened - Poorly Sampled,1,1,8
urn:lsid:dyntaxa.se:Taxon:231741,Hieracium johanssonii,species,EN,Asteraceae,Asterales,Threatened - Poorly Sampled,1,1,13
urn:lsid:dyntaxa.se:Taxon:231743,Hieracium juncinescens,species,EN,Asteraceae,Asterales,Threatened - Poorly Sampled,1,1,8
urn:lsid:dyntaxa.se:Taxon:231750,Hieracium larssonii,species,EN,Asteraceae,Asterales,Threatened - Poorly Sampled,1,1,1
urn:lsid:dyntaxa.se:Taxon:231754,Hieracium laxilimbatum,species,EN,Asteraceae,Asterales,Threatened - Poorly Sampled,1,1,4
urn:lsid:dyntaxa.se:Taxon:251314,Hieracium limitaneum,species,EN,Asteraceae,Asterales,Threatened - Poorly Sampled,1,1,23
urn:lsid:dyntaxa.se:Taxon:231774,Hieracium machairodon,species,EN,Asteraceae,Asterales,Threatened - Poorly Sampled,1,1,8
urn:lsid:dyntaxa.se:Taxon:231327,Hieracium maciatum,species,EN,Asteraceae,Asterales,Threatened - Poorly Sampled,1,1,19
urn:lsid:dyntaxa.se:Taxon:231775,Hieracium macradenium,species,EN,Asteraceae,Asterales,Threatened - Poorly Sampled,1,1,69
urn:lsid:dyntaxa.se:Taxon:231776,Hieracium macrocoelium,species,EN,Asteraceae,Asterales,Threatened - Poorly Sampled,1,1,6
urn:lsid:dyntaxa.se:Taxon:231777,Hieracium macromalloides,species,EN,Asteraceae,Asterales,Threatened - Poorly Sampled,1,1,19
urn:lsid:dyntaxa.se:Taxon:231780,Hieracium maculosiforme,species,EN,Asteraceae,Asterales,Threatened - Not in GBIF,,,
urn:lsid:dyntaxa.se:Taxon:231785,Hieracium malaxatum,species,EN,Asteraceae,Asterales,Threatened - Poorly Sampled,1,1,16
urn:lsid:dyntaxa.se:Taxon:231333,Hieracium mallophyllum,species,EN,Asteraceae,Asterales,Threatened - Poorly Sampled,1,1,48
urn:lsid:dyntaxa.se:Taxon:267089,Hieracium marginelliceps,species,EN,Asteraceae,Asterales,Threatened - Not in GBIF,,,
urn:lsid:dyntaxa.se:Taxon:231335,Hieracium mataeum,species,EN,Asteraceae,Asterales,Threatened - Poorly Sampled,1,1,3
urn:lsid:dyntaxa.se:Taxon:231799,Hieracium membrosum,species,EN,Asteraceae,Asterales,Threatened - Poorly Sampled,1,1,14
urn:lsid:dyntaxa.se:Taxon:231338,Hieracium mesopoliotrichum,species,EN,Asteraceae,Asterales,Threatened - Poorly Sampled,1,1,11
urn:lsid:dyntaxa.se:Taxon:231825,Hieracium neritodon,species,EN,Asteraceae,Asterales,Threatened - Poorly Sampled,1,1,4
urn:lsid:dyntaxa.se:Taxon:231829,Hieracium nigrocyaneum,species,EN,Asteraceae,Asterales,Threatened - Poorly Sampled,1,1,1
urn:lsid:dyntaxa.se:Taxon:231830,Hieracium nigrofuscum,species,EN,Asteraceae,Asterales,Threatened - Poorly Sampled,1,1,4
urn:lsid:dyntaxa.se:Taxon:231841,Hieracium oblanceolatum,species,EN,Asteraceae,Asterales,Threatened - Poorly Sampled,1,1,11
urn:lsid:dyntaxa.se:Taxon:231842,Hieracium obliquifolium,species,EN,Asteraceae,Asterales,Threatened - Poorly Sampled,1,1,107
urn:lsid:dyntaxa.se:Taxon:231844,Hieracium obovatifrons,species,EN,Asteraceae,Asterales,Threatened - Poorly Sampled,1,1,7
urn:lsid:dyntaxa.se:Taxon:231852,Hieracium ocriophyllum,species,EN,Asteraceae,Asterales,Threatened - Poorly Sampled,1,1,25
urn:lsid:dyntaxa.se:Taxon:231854,Hieracium offulgens,species,EN,Asteraceae,Asterales,Threatened - Poorly Sampled,1,1,14
urn:lsid:dyntaxa.se:Taxon:251466,Hieracium oligasterum,species,EN,Asteraceae,Asterales,Threatened - Poorly Sampled,1,1,4
urn:lsid:dyntaxa.se:Taxon:231858,Hieracium oligogonium,species,EN,Asteraceae,Asterales,Threatened - Poorly Sampled,1,1,7
urn:lsid:dyntaxa.se:Taxon:266134,Hieracium onosmoides,species,EN,Asteraceae,Asterales,Threatened - Poorly Sampled,1,1,13
urn:lsid:dyntaxa.se:Taxon:266122,Hieracium oreades,species,EN,Asteraceae,Asterales,Threatened - Not in GBIF,,,
urn:lsid:dyntaxa.se:Taxon:231871,Hieracium osmundaceum,species,EN,Asteraceae,Asterales,Threatened - Poorly Sampled,1,1,38
urn:lsid:dyntaxa.se:Taxon:231880,Hieracium paramaurum,species,EN,Asteraceae,Asterales,Threatened - Poorly Sampled,1,1,47
urn:lsid:dyntaxa.se:Taxon:231882,Hieracium parmulatum,species,EN,Asteraceae,Asterales,Threatened - Poorly Sampled,1,1,24
urn:lsid:dyntaxa.se:Taxon:231886,Hieracium pectinatum,species,EN,Asteraceae,Asterales,Threatened - Poorly Sampled,1,1,31
urn:lsid:dyntaxa.se:Taxon:231888,Hieracium penduliforme,species,EN,Asteraceae,Asterales,Threatened - Poorly Sampled,1,1,28
urn:lsid:dyntaxa.se:Taxon:231896,Hieracium perlaxum,species,EN,Asteraceae,Asterales,Threatened - Poorly Sampled,1,1,70
urn:lsid:dyntaxa.se:Taxon:231373,Hieracium phaeopsis,species,EN,Asteraceae,Asterales,Threatened - Poorly Sampled,1,1,6
urn:lsid:dyntaxa.se:Taxon:231908,Hieracium pilulicuspis,species,EN,Asteraceae,Asterales,Threatened - Poorly Sampled,1,1,11
urn:lsid:dyntaxa.se:Taxon:231911,Hieracium planifrons,species,EN,Asteraceae,Asterales,Threatened - Not in GBIF,,,
urn:lsid:dyntaxa.se:Taxon:231920,Hieracium plumuligerum,species,EN,Asteraceae,Asterales,Threatened - Poorly Sampled,1,1,7
urn:lsid:dyntaxa.se:Taxon:231924,Hieracium polycymum,species,EN,Asteraceae,Asterales,Threatened - Poorly Sampled,1,1,2
urn:lsid:dyntaxa.se:Taxon:231928,Hieracium polypelium,species,EN,Asteraceae,Asterales,Threatened - Poorly Sampled,1,1,8
urn:lsid:dyntaxa.se:Taxon:231933,Hieracium praetusum,species,EN,Asteraceae,Asterales,Threatened - Poorly Sampled,1,1,11
urn:lsid:dyntaxa.se:Taxon:231390,Hieracium prolatatum,species,EN,Asteraceae,Asterales,Threatened - Poorly Sampled,1,1,14
urn:lsid:dyntaxa.se:Taxon:231392,Hieracium prolinguatum,species,EN,Asteraceae,Asterales,Threatened - Poorly Sampled,1,1,10
urn:lsid:dyntaxa.se:Taxon:231942,Hieracium protractifrons,species,EN,Asteraceae,Asterales,Threatened - Poorly Sampled,1,1,31
urn:lsid:dyntaxa.se:Taxon:231950,Hieracium pseudoincrassans,species,EN,Asteraceae,Asterales,Threatened - Poorly Sampled,1,1,28
urn:lsid:dyntaxa.se:Taxon:266133,Hieracium pseudonosmoides,species,EN,Asteraceae,Asterales,Threatened - Not in GBIF,,,
urn:lsid:dyntaxa.se:Taxon:231959,Hieracium pteropodium,species,EN,Asteraceae,Asterales,Threatened - Poorly Sampled,1,1,8
urn:lsid:dyntaxa.se:Taxon:231397,Hieracium pumicatifolium,species,EN,Asteraceae,Asterales,Threatened - Poorly Sampled,1,1,10
urn:lsid:dyntaxa.se:Taxon:231966,Hieracium puricolor,species,EN,Asteraceae,Asterales,Threatened - Poorly Sampled,1,1,19
urn:lsid:dyntaxa.se:Taxon:231968,Hieracium pycnodon,species,EN,Asteraceae,Asterales,Threatened - Not in GBIF,,,
urn:lsid:dyntaxa.se:Taxon:231970,Hieracium quadridentatum,species,EN,Asteraceae,Asterales,Threatened - Poorly Sampled,1,1,23
urn:lsid:dyntaxa.se:Taxon:231971,Hieracium radiiflorum,species,EN,Asteraceae,Asterales,Threatened - Poorly Sampled,1,1,12
urn:lsid:dyntaxa.se:Taxon:231972,Hieracium radiodens,species,EN,Asteraceae,Asterales,Threatened - Poorly Sampled,1,1,16
urn:lsid:dyntaxa.se:Taxon:231976,Hieracium regillatum,species,EN,Asteraceae,Asterales,Threatened - Poorly Sampled,1,1,9
urn:lsid:dyntaxa.se:Taxon:231978,Hieracium remanentiforme,species,EN,Asteraceae,Asterales,Threatened - Not in GBIF,,,
urn:lsid:dyntaxa.se:Taxon:231986,Hieracium ruminosum,species,EN,Asteraceae,Asterales,Threatened - Poorly Sampled,1,1,6
urn:lsid:dyntaxa.se:Taxon:231988,Hieracium sarissatum,species,EN,Asteraceae,Asterales,Threatened - Poorly Sampled,1,1,16
urn:lsid:dyntaxa.se:Taxon:231408,Hieracium saurotoides,species,EN,Asteraceae,Asterales,Threatened - Poorly Sampled,1,1,7
urn:lsid:dyntaxa.se:Taxon:231416,Hieracium semiornatum,species,EN,Asteraceae,Asterales,Threatened - Poorly Sampled,1,1,14
urn:lsid:dyntaxa.se:Taxon:231417,Hieracium separ,species,EN,Asteraceae,Asterales,Threatened - Poorly Sampled,1,1,14
urn:lsid:dyntaxa.se:Taxon:232012,Hieracium spargens,species,EN,Asteraceae,Asterales,Threatened - Poorly Sampled,1,1,4
urn:lsid:dyntaxa.se:Taxon:232017,Hieracium speculare,species,EN,Asteraceae,Asterales,Threatened - Poorly Sampled,1,1,4
urn:lsid:dyntaxa.se:Taxon:232021,Hieracium spodiocladum,species,EN,Asteraceae,Asterales,Threatened - Poorly Sampled,1,1,18
urn:lsid:dyntaxa.se:Taxon:232022,Hieracium spodiolepis,species,EN,Asteraceae,Asterales,Threatened - Poorly Sampled,1,1,6
urn:lsid:dyntaxa.se:Taxon:231423,Hieracium stenocoloides,species,EN,Asteraceae,Asterales,Threatened - Poorly Sampled,1,1,10
urn:lsid:dyntaxa.se:Taxon:232030,Hieracium stenolomoides,species,EN,Asteraceae,Asterales,Threatened - Poorly Sampled,1,1,36
urn:lsid:dyntaxa.se:Taxon:232039,Hieracium strictipes,species,EN,Asteraceae,Asterales,Threatened - Poorly Sampled,1,1,5
urn:lsid:dyntaxa.se:Taxon:232041,Hieracium subacuens,species,EN,Asteraceae,Asterales,Threatened - Poorly Sampled,1,1,21
urn:lsid:dyntaxa.se:Taxon:232043,Hieracium subchristianense,species,EN,Asteraceae,Asterales,Threatened - Poorly Sampled,1,1,1
urn:lsid:dyntaxa.se:Taxon:232048,Hieracium subhastatum,species,EN,Asteraceae,Asterales,Threatened - Poorly Sampled,1,1,4
urn:lsid:dyntaxa.se:Taxon:231440,Hieracium subnaevosum,species,EN,Asteraceae,Asterales,Threatened - Poorly Sampled,1,1,17
urn:lsid:dyntaxa.se:Taxon:231441,Hieracium subnitidum,species,EN,Asteraceae,Asterales,Threatened - Poorly Sampled,1,1,82
urn:lsid:dyntaxa.se:Taxon:232055,Hieracium subplacerum,species,EN,Asteraceae,Asterales,Threatened - Poorly Sampled,1,1,25
urn:lsid:dyntaxa.se:Taxon:266120,Hieracium svanlundii,species,EN,Asteraceae,Asterales,Threatened - Poorly Sampled,1,1,29
urn:lsid:dyntaxa.se:Taxon:231450,Hieracium symmetricum,species,EN,Asteraceae,Asterales,Threatened - Poorly Sampled,1,1,6
urn:lsid:dyntaxa.se:Taxon:232080,Hieracium tincticuspis,species,EN,Asteraceae,Asterales,Threatened - Poorly Sampled,1,1,24
urn:lsid:dyntaxa.se:Taxon:231453,Hieracium tjaelderense,species,EN,Asteraceae,Asterales,Threatened - Poorly Sampled,1,1,6
urn:lsid:dyntaxa.se:Taxon:251900,Hieracium transtrandense,species,EN,Asteraceae,Asterales,Threatened - Poorly Sampled,1,1,16
urn:lsid:dyntaxa.se:Taxon:232088,Hieracium tubaticeps,species,EN,Asteraceae,Asterales,Threatened - Poorly Sampled,1,1,34
urn:lsid:dyntaxa.se:Taxon:232096,Hieracium unctiusculum,species,EN,Asteraceae,Asterales,Threatened - Poorly Sampled,1,1,60
urn:lsid:dyntaxa.se:Taxon:231459,Hieracium variabile,species,EN,Asteraceae,Asterales,Threatened - Poorly Sampled,1,1,95
urn:lsid:dyntaxa.se:Taxon:231460,Hieracium varianifolium,species,EN,Asteraceae,Asterales,Threatened - Poorly Sampled,1,1,8
urn:lsid:dyntaxa.se:Taxon:232110,Hieracium venetifolium,species,EN,Asteraceae,Asterales,Threatened - Poorly Sampled,1,1,5
urn:lsid:dyntaxa.se:Taxon:266125,Hieracium victoriae,species,EN,Asteraceae,Asterales,Threatened - Poorly Sampled,1,1,14
urn:lsid:dyntaxa.se:Taxon:232113,Hieracium viriatum,species,EN,Asteraceae,Asterales,Threatened - Poorly Sampled,1,1,4
urn:lsid:dyntaxa.se:Taxon:232109,Hieracium wendelianum,species,EN,Asteraceae,Asterales,Threatened - Poorly Sampled,1,1,3
urn:lsid:dyntaxa.se:Taxon:232121,Hieracium zonulatum,species,EN,Asteraceae,Asterales,Threatened - Poorly Sampled,1,1,13
urn:lsid:dyntaxa.se:Taxon:232122,Hieracium zygophorum,species,EN,Asteraceae,Asterales,Threatened - Poorly Sampled,1,1,17
urn:lsid:dyntaxa.se:Taxon:102145,Hippoglossus hippoglossus,species,EN,Pleuronectidae,Pleuronectiformes,Threatened - Poorly Sampled,1,1,12
urn:lsid:dyntaxa.se:Taxon:101078,Holcopogon bubulcellus,species,EN,Autostichidae,Lepidoptera,Threatened - Not in GBIF,,,
urn:lsid:dyntaxa.se:Taxon:101080,Hoplia philanthus,species,EN,Scarabaeidae,Coleoptera,Threatened - Poorly Sampled,1,1,15
urn:lsid:dyntaxa.se:Taxon:784,Hordeum secalinum,species,EN,Poaceae,Poales,Threatened - Poorly Sampled,1,1,323
urn:lsid:dyntaxa.se:Taxon:101081,Horisme aemulata,species,EN,Geometridae,Lepidoptera,Threatened - Poorly Sampled,1,1,32
urn:lsid:dyntaxa.se:Taxon:101082,Horisme aquata,species,EN,Geometridae,Lepidoptera,Threatened - Poorly Sampled,1,1,110
urn:lsid:dyntaxa.se:Taxon:101084,Hydaticus continentalis,species,EN,Dytiscidae,Coleoptera,Threatened - Poorly Sampled,1,1,58
urn:lsid:dyntaxa.se:Taxon:239737,Hydnellum cumulatum,species,EN,Bankeraceae,Thelephorales,Threatened - Poorly Sampled,1,1,181
urn:lsid:dyntaxa.se:Taxon:1436,Hydnellum fuligineoviolaceum,species,EN,Bankeraceae,Thelephorales,Threatened - Poorly Sampled,1,1,553
urn:lsid:dyntaxa.se:Taxon:789,Hydnellum mirabile,species,EN,Bankeraceae,Thelephorales,Threatened - Poorly Sampled,1,1,1064
urn:lsid:dyntaxa.se:Taxon:817,Hygrophorus arbustivus,species,EN,Hygrophoraceae,Agaricales,Threatened - Poorly Sampled,1,1,296
urn:lsid:dyntaxa.se:Taxon:820,Hygrophorus calophyllus,species,EN,Hygrophoraceae,Agaricales,Threatened - Not in GBIF,,,
urn:lsid:dyntaxa.se:Taxon:823,Hygrophorus hyacinthinus,species,EN,Hygrophoraceae,Agaricales,Threatened - Poorly Sampled,1,1,51
urn:lsid:dyntaxa.se:Taxon:829,Hygrophorus purpurascens,species,EN,Hygrophoraceae,Agaricales,Threatened - Poorly Sampled,1,1,77
urn:lsid:dyntaxa.se:Taxon:252387,Hymenochaete ulmicola,species,EN,Hymenochaetaceae,Hymenochaetales,Threatened - Poorly Sampled,1,1,1909
urn:lsid:dyntaxa.se:Taxon:101110,Hymenophorus doublieri,species,EN,Tenebrionidae,Coleoptera,Threatened - Not in GBIF,,,
urn:lsid:dyntaxa.se:Taxon:836,Hypericum humifusum,species,EN,Hypericaceae,Malpighiales,Threatened - Poorly Sampled,1,1,891
urn:lsid:dyntaxa.se:Taxon:838,Hyperphyscia adglutinata,species,EN,Physciaceae,Caliciales,Threatened - Poorly Sampled,1,1,142
urn:lsid:dyntaxa.se:Taxon:101120,Hyphoraia aulica,species,EN,Erebidae,Lepidoptera,Threatened - Poorly Sampled,1,1,272
urn:lsid:dyntaxa.se:Taxon:100441,Hypocaccus dimidiatus,species,EN,Histeridae,Coleoptera,Threatened - Poorly Sampled,1,1,1
urn:lsid:dyntaxa.se:Taxon:101123,Hypocaccus rugiceps,species,EN,Histeridae,Coleoptera,Threatened - Poorly Sampled,1,1,164
urn:lsid:dyntaxa.se:Taxon:854,Hypochnella violacea,species,EN,Atheliaceae,Atheliales,Threatened - Poorly Sampled,1,1,8
urn:lsid:dyntaxa.se:Taxon:101133,Idaea dilutaria,species,EN,Geometridae,Lepidoptera,Threatened - Poorly Sampled,1,1,42
urn:lsid:dyntaxa.se:Taxon:232274,Imperator rhodopurpureus,species,EN,Boletaceae,Boletales,Threatened - Poorly Sampled,1,1,91
urn:lsid:dyntaxa.se:Taxon:101137,Inocellia crassicornis,species,EN,Inocelliidae,Raphidioptera,Threatened - Poorly Sampled,1,1,56
urn:lsid:dyntaxa.se:Taxon:2021,Inocybe fibrosa,species,EN,Inocybaceae,Agaricales,Threatened - Poorly Sampled,1,1,58
urn:lsid:dyntaxa.se:Taxon:101139,Ips sexdentatus,species,EN,Curculionidae,Coleoptera,Threatened - Poorly Sampled,1,1,46
urn:lsid:dyntaxa.se:Taxon:101140,Ischnodes sanguinicollis,species,EN,Elateridae,Coleoptera,Threatened - Poorly Sampled,1,1,5
urn:lsid:dyntaxa.se:Taxon:101144,Ischnomera sanguinicollis,species,EN,Oedemeridae,Coleoptera,Threatened - Poorly Sampled,1,1,30
urn:lsid:dyntaxa.se:Taxon:1465,Isolepis setacea,species,EN,Cyperaceae,Poales,Threatened - Poorly Sampled,1,1,1485
urn:lsid:dyntaxa.se:Taxon:890,Isopterygiopsis alpicola,species,EN,Plagiotheciaceae,Hypnales,Threatened - Not in GBIF,,,
urn:lsid:dyntaxa.se:Taxon:1487,Jacobaea erucifolia,species,EN,Asteraceae,Asterales,Threatened - Poorly Sampled,1,1,367
urn:lsid:dyntaxa.se:Taxon:893,Juncus capitatus,species,EN,Juncaceae,Poales,Threatened - Poorly Sampled,1,1,663
urn:lsid:dyntaxa.se:Taxon:902,Kickxia elatine,species,EN,Plantaginaceae,Lamiales,Threatened - Poorly Sampled,1,1,761
urn:lsid:dyntaxa.se:Taxon:1888,Koeleria glauca,species,EN,Poaceae,Poales,Threatened - Poorly Sampled,1,1,2344
urn:lsid:dyntaxa.se:Taxon:911,Lactuca quercina,species,EN,Asteraceae,Asterales,Threatened - Poorly Sampled,1,1,206
urn:lsid:dyntaxa.se:Taxon:913,Lamprothamnium papulosum,species,EN,Characeae,Charales,Threatened - Poorly Sampled,1,1,100
urn:lsid:dyntaxa.se:Taxon:914,Lappula squarrosa,species,EN,Boraginaceae,Boraginales,Threatened - Poorly Sampled,1,1,1166
urn:lsid:dyntaxa.se:Taxon:101170,Lasconotus jelskii,species,EN,Zopheridae,Coleoptera,Threatened - Poorly Sampled,1,1,41
urn:lsid:dyntaxa.se:Taxon:232216,Lasioglossum quadrinotatulum,species,EN,Halictidae,Hymenoptera,Threatened - Poorly Sampled,1,1,13
urn:lsid:dyntaxa.se:Taxon:102682,Lasioglossum xanthopus,species,EN,Halictidae,Hymenoptera,Threatened - Poorly Sampled,1,1,73
urn:lsid:dyntaxa.se:Taxon:101176,Lasius bicornis,species,EN,Formicidae,Hymenoptera,Threatened - Poorly Sampled,1,1,3
urn:lsid:dyntaxa.se:Taxon:916,Lathyrus sphaericus,species,EN,Fabaceae,Fabales,Threatened - Poorly Sampled,1,1,256
urn:lsid:dyntaxa.se:Taxon:101183,Lebia cyanocephala,species,EN,Carabidae,Coleoptera,Threatened - Poorly Sampled,1,1,77
urn:lsid:dyntaxa.se:Taxon:1804,Lecania fuscella,species,EN,Ramalinaceae,Lecanorales,Threatened - Poorly Sampled,1,1,99
urn:lsid:dyntaxa.se:Taxon:1806,Lecania koerberiana,species,EN,Ramalinaceae,Lecanorales,Threatened - Poorly Sampled,1,1,36
urn:lsid:dyntaxa.se:Taxon:229077,Lecanora vacillans,species,EN,Lecanoraceae,Lecanorales,Threatened - Poorly Sampled,1,1,40
urn:lsid:dyntaxa.se:Taxon:928,Leccinellum crocipodium,species,EN,Boletaceae,Boletales,Threatened - Poorly Sampled,1,1,133
urn:lsid:dyntaxa.se:Taxon:229186,Lecidella pulveracea,species,EN,Lecanoraceae,Lecanorales,Threatened - Poorly Sampled,1,1,12
urn:lsid:dyntaxa.se:Taxon:940,Lentinus tigrinus,species,EN,Polyporaceae,Polyporales,Threatened - Poorly Sampled,1,1,22
urn:lsid:dyntaxa.se:Taxon:101190,Lepidurus apus,species,EN,Triopsidae,Notostraca,Threatened - Poorly Sampled,1,1,33
urn:lsid:dyntaxa.se:Taxon:946,Lepiota fuscovinacea,species,EN,Agaricaceae,Agaricales,Threatened - Poorly Sampled,1,1,44
urn:lsid:dyntaxa.se:Taxon:101192,Leptarthrus vitripennis,species,EN,Asilidae,Diptera,Threatened - Poorly Sampled,1,1,19
urn:lsid:dyntaxa.se:Taxon:956,Leptogium cyanescens,species,EN,Collemataceae,Peltigerales,Threatened - Poorly Sampled,1,1,392
urn:lsid:dyntaxa.se:Taxon:962,Leptogium rivulare,species,EN,Collemataceae,Peltigerales,Threatened - Poorly Sampled,1,1,343
urn:lsid:dyntaxa.se:Taxon:249167,Leptothorax goesswaldi,species,EN,Formicidae,Hymenoptera,Threatened - Not in GBIF,,,
urn:lsid:dyntaxa.se:Taxon:101198,Lepturalia nigripes,species,EN,Cerambycidae,Coleoptera,Threatened - Poorly Sampled,1,1,130
urn:lsid:dyntaxa.se:Taxon:974,Leucopaxillus tricolor,species,EN,Tricholomataceae,Agaricales,Threatened - Poorly Sampled,1,1,117
urn:lsid:dyntaxa.se:Taxon:101212,Limenitis camilla,species,EN,Nymphalidae,Lepidoptera,Threatened - Not in GBIF,,,
urn:lsid:dyntaxa.se:Taxon:101213,Limnadia lenticularis,species,EN,Limnadiidae,Diplostraca,Threatened - Poorly Sampled,1,1,71
urn:lsid:dyntaxa.se:Taxon:100076,Limosa limosa,species,EN,Scolopacidae,Charadriiformes,Threatened - Poorly Sampled,1,1,89415
urn:lsid:dyntaxa.se:Taxon:234398,Lindenius pygmaeus,species,EN,Crabronidae,Hymenoptera,Threatened - Poorly Sampled,1,1,4
urn:lsid:dyntaxa.se:Taxon:986,Lobaria virens,species,EN,Lobariaceae,Peltigerales,Threatened - Not in GBIF,,,
urn:lsid:dyntaxa.se:Taxon:101239,Longitarsus quadriguttatus,species,EN,Chrysomelidae,Coleoptera,Threatened - Poorly Sampled,1,1,13
urn:lsid:dyntaxa.se:Taxon:995,Lophoziopsis pellucida,species,EN,Jungermanniaceae,Jungermanniales,Threatened - Poorly Sampled,1,1,5
urn:lsid:dyntaxa.se:Taxon:101245,Loricula ruficeps,species,EN,Microphysidae,Hemiptera,Threatened - Not in GBIF,,,
urn:lsid:dyntaxa.se:Taxon:1001,Luronium natans,species,EN,Alismataceae,Alismatales,Threatened - Poorly Sampled,1,1,374
urn:lsid:dyntaxa.se:Taxon:101248,Lycaena helle,species,EN,Lycaenidae,Lepidoptera,Threatened - Not in GBIF,,,
urn:lsid:dyntaxa.se:Taxon:101249,Lycia zonaria,species,EN,Geometridae,Lepidoptera,Threatened - Poorly Sampled,1,1,143
urn:lsid:dyntaxa.se:Taxon:2035,Lycoperdon atropurpureum,species,EN,Lycoperdaceae,Agaricales,Threatened - Poorly Sampled,1,1,182
urn:lsid:dyntaxa.se:Taxon:250110,Lycoperdon radicatum,species,EN,Lycoperdaceae,Agaricales,Threatened - Not in GBIF,,,
urn:lsid:dyntaxa.se:Taxon:227474,Lysippe fragilis,species,EN,Ampharetidae,Terebellida,Threatened - Poorly Sampled,1,1,52
urn:lsid:dyntaxa.se:Taxon:101259,Maculinea alcon,species,EN,Lycaenidae,Lepidoptera,Threatened - Poorly Sampled,1,1,1773
urn:lsid:dyntaxa.se:Taxon:105363,Malachius aeneus,species,EN,Malachiidae,Coleoptera,Threatened - Poorly Sampled,1,1,287
urn:lsid:dyntaxa.se:Taxon:101262,Maladera holosericea,species,EN,Scarabaeidae,Coleoptera,Threatened - Poorly Sampled,1,1,72
urn:lsid:dyntaxa.se:Taxon:101268,Margaritifera margaritifera,species,EN,Margaritiferidae,Unionoida,Threatened - Poorly Sampled,1,1,2944
urn:lsid:dyntaxa.se:Taxon:1019,Marrubium vulgare,species,EN,Lamiaceae,Lamiales,Threatened - Poorly Sampled,1,1,1015
urn:lsid:dyntaxa.se:Taxon:2405,Marsupella funckii,species,EN,Gymnomitriaceae,Jungermanniales,Threatened - Poorly Sampled,1,1,168
urn:lsid:dyntaxa.se:Taxon:102518,Medon dilutus,species,EN,Staphylinidae,Coleoptera,Threatened - Poorly Sampled,1,1,2
urn:lsid:dyntaxa.se:Taxon:1026,Megalaria grossa,species,EN,Ramalinaceae,Lecanorales,Threatened - Poorly Sampled,1,1,3597
urn:lsid:dyntaxa.se:Taxon:281,Megalaria laureri,species,EN,Ramalinaceae,Lecanorales,Threatened - Poorly Sampled,1,1,841
urn:lsid:dyntaxa.se:Taxon:101281,Melandrya barbata,species,EN,Melandryidae,Coleoptera,Threatened - Poorly Sampled,1,1,41
urn:lsid:dyntaxa.se:Taxon:101282,Melandrya caraboides,species,EN,Melandryidae,Coleoptera,Threatened - Poorly Sampled,1,1,61
urn:lsid:dyntaxa.se:Taxon:101283,Melandrya dubia,species,EN,Melandryidae,Coleoptera,Threatened - Poorly Sampled,1,1,144
urn:lsid:dyntaxa.se:Taxon:101287,Meliceria tragardhi,species,EN,Staphylinidae,Coleoptera,Threatened - Poorly Sampled,1,1,2
urn:lsid:dyntaxa.se:Taxon:101296,Meligethes serripes,species,EN,Nitidulidae,Coleoptera,Threatened - Poorly Sampled,1,1,23
urn:lsid:dyntaxa.se:Taxon:1035,Melilotus dentatus,species,EN,Fabaceae,Fabales,Threatened - Poorly Sampled,1,1,305
urn:lsid:dyntaxa.se:Taxon:101301,Mellinus crabroneus,species,EN,Crabronidae,Hymenoptera,Threatened - Poorly Sampled,1,1,52
urn:lsid:dyntaxa.se:Taxon:101302,Meloe brevicollis,species,EN,Meloidae,Coleoptera,Threatened - Poorly Sampled,1,1,79
urn:lsid:dyntaxa.se:Taxon:1038,Mentha × gracilis,species,EN,Lamiaceae,Lamiales,Threatened - Not in GBIF,,,
urn:lsid:dyntaxa.se:Taxon:101310,Mesosa curculionoides,species,EN,Cerambycidae,Coleoptera,Threatened - Poorly Sampled,1,1,106
urn:lsid:dyntaxa.se:Taxon:101314,Methocha articulata,species,EN,Thynnidae,Hymenoptera,Threatened - Poorly Sampled,1,1,35
urn:lsid:dyntaxa.se:Taxon:80,Metzgeria pubescens,species,EN,Metzgeriaceae,Metzgeriales,Threatened - Poorly Sampled,1,1,32
urn:lsid:dyntaxa.se:Taxon:101321,Micridium angulicolle,species,EN,Ptiliidae,Coleoptera,Threatened - Poorly Sampled,1,1,8
urn:lsid:dyntaxa.se:Taxon:633,Microeurhynchium pumilum,species,EN,Brachytheciaceae,Hypnales,Threatened - Poorly Sampled,1,1,18
urn:lsid:dyntaxa.se:Taxon:1052,Micromitrium tenerum,species,EN,Pottiaceae,Pottiales,Threatened - Poorly Sampled,1,1,96
urn:lsid:dyntaxa.se:Taxon:1058,Mielichhoferia mielichhoferiana,species,EN,Mielichhoferiaceae,Bryales,Threatened - Poorly Sampled,1,1,20
urn:lsid:dyntaxa.se:Taxon:222588,Milium vernale,species,EN,Poaceae,Poales,Threatened - Poorly Sampled,1,1,474
urn:lsid:dyntaxa.se:Taxon:103060,Milvus migrans,species,EN,Accipitridae,Accipitriformes,Threatened - Poorly Sampled,1,1,46560
urn:lsid:dyntaxa.se:Taxon:234317,Mimumesa spooneri,species,EN,Crabronidae,Hymenoptera,Threatened - Poorly Sampled,1,1,4
urn:lsid:dyntaxa.se:Taxon:101336,Mirificarma lentiginosella,species,EN,Gelechiidae,Lepidoptera,Threatened - Poorly Sampled,1,1,55
urn:lsid:dyntaxa.se:Taxon:232128,Mocydiopsis parvicauda,species,EN,Cicadellidae,Hemiptera,Threatened - Poorly Sampled,1,1,6
urn:lsid:dyntaxa.se:Taxon:102717,Modiolus cimbricus,species,EN,Mytilidae,Mytiloida,Threatened - Poorly Sampled,1,1,3
urn:lsid:dyntaxa.se:Taxon:1063,Moelleropsis nebulosa,species,EN,Pannariaceae,Peltigerales,Threatened - Not in GBIF,,,
urn:lsid:dyntaxa.se:Taxon:206180,Molva molva,species,EN,Lotidae,Gadiformes,Threatened - Poorly Sampled,1,1,52
urn:lsid:dyntaxa.se:Taxon:101341,Monochamus sartor,species,EN,Cerambycidae,Coleoptera,Threatened - Not in GBIF,,,
urn:lsid:dyntaxa.se:Taxon:101342,Monochroa ferrea,species,EN,Gelechiidae,Lepidoptera,Threatened - Poorly Sampled,1,1,30
urn:lsid:dyntaxa.se:Taxon:101344,Monochroa inflexella,species,EN,Gelechiidae,Lepidoptera,Threatened - Poorly Sampled,1,1,8
urn:lsid:dyntaxa.se:Taxon:217754,Munidopsis serricornis,species,EN,Munidopsidae,Decapoda,Threatened - Poorly Sampled,1,1,35
urn:lsid:dyntaxa.se:Taxon:102716,Musculus niger,species,EN,Mytilidae,Mytiloida,Threatened - Poorly Sampled,1,1,158
urn:lsid:dyntaxa.se:Taxon:252391,Mycosphaerella chimaphilae,species,EN,Mycosphaerellaceae,Capnodiales,Threatened - Poorly Sampled,1,1,98
urn:lsid:dyntaxa.se:Taxon:262167,Myotis alcathoe,species,EN,Vespertilionidae,Chiroptera,Threatened - Poorly Sampled,1,1,55
urn:lsid:dyntaxa.se:Taxon:100085,Myotis bechsteinii,species,EN,Vespertilionidae,Chiroptera,Threatened - Poorly Sampled,1,1,70
urn:lsid:dyntaxa.se:Taxon:205991,Myotis myotis,species,EN,Vespertilionidae,Chiroptera,Threatened - Poorly Sampled,1,1,69
urn:lsid:dyntaxa.se:Taxon:264893,Nemapogon gliriellus,species,EN,Tineidae,Lepidoptera,Threatened - Not in GBIF,,,
urn:lsid:dyntaxa.se:Taxon:71,Neoantrodia infirma,species,EN,Fomitopsidaceae,Polyporales,Threatened - Poorly Sampled,1,1,8
urn:lsid:dyntaxa.se:Taxon:72,Neoantrodia primaeva,species,EN,Fomitopsidaceae,Polyporales,Threatened - Poorly Sampled,1,1,7
urn:lsid:dyntaxa.se:Taxon:1082,Nepeta cataria,species,EN,Lamiaceae,Lamiales,Threatened - Poorly Sampled,1,1,1285
urn:lsid:dyntaxa.se:Taxon:1084,Neslia paniculata,species,EN,Brassicaceae,Brassicales,Threatened - Poorly Sampled,1,1,1295
urn:lsid:dyntaxa.se:Taxon:101392,Neuraphes perssoni,species,EN,Staphylinidae,Coleoptera,Threatened - Poorly Sampled,1,1,8
urn:lsid:dyntaxa.se:Taxon:1087,Nitella capillaris,species,EN,Characeae,Charales,Threatened - Poorly Sampled,1,1,124
urn:lsid:dyntaxa.se:Taxon:1090,Nitella syncarpa,species,EN,Characeae,Charales,Threatened - Poorly Sampled,1,1,103
urn:lsid:dyntaxa.se:Taxon:1324,Nogopterium gracile,species,EN,Leucodontaceae,Hypnales,Threatened - Poorly Sampled,1,1,231
urn:lsid:dyntaxa.se:Taxon:101401,Nomada argentata,species,EN,Apidae,Hymenoptera,Threatened - Poorly Sampled,1,1,180
urn:lsid:dyntaxa.se:Taxon:103227,Nomada baccata,species,EN,Apidae,Hymenoptera,Threatened - Poorly Sampled,1,1,27
urn:lsid:dyntaxa.se:Taxon:102695,Nomada integra,species,EN,Apidae,Hymenoptera,Threatened - Poorly Sampled,1,1,1
urn:lsid:dyntaxa.se:Taxon:101408,Nosodendron fasciculare,species,EN,Nosodendridae,Coleoptera,Threatened - Poorly Sampled,1,1,101
urn:lsid:dyntaxa.se:Taxon:100091,Numenius arquata,species,EN,Scolopacidae,Charadriiformes,Threatened - Poorly Sampled,1,1,501836
urn:lsid:dyntaxa.se:Taxon:101420,Nysson interruptus,species,EN,Crabronidae,Hymenoptera,Threatened - Poorly Sampled,1,1,51
urn:lsid:dyntaxa.se:Taxon:101429,Octotemnus mandibularis,species,EN,Ciidae,Coleoptera,Threatened - Poorly Sampled,1,1,4
urn:lsid:dyntaxa.se:Taxon:250096,Odoria alborubescens,species,EN,Meruliaceae,Polyporales,Threatened - Not in GBIF,,,
urn:lsid:dyntaxa.se:Taxon:1098,Oenanthe fistulosa,species,EN,Apiaceae,Apiales,Threatened - Poorly Sampled,1,1,605
urn:lsid:dyntaxa.se:Taxon:218164,Okenia aspersa,species,EN,Goniodorididae,Nudibranchia,Threatened - Poorly Sampled,1,1,7
urn:lsid:dyntaxa.se:Taxon:101450,Omophlus pubescens,species,EN,Tenebrionidae,Coleoptera,Threatened - Poorly Sampled,1,1,53
urn:lsid:dyntaxa.se:Taxon:100356,Omphalapion laevigatum,species,EN,Apionidae,Coleoptera,Threatened - Poorly Sampled,1,1,80
urn:lsid:dyntaxa.se:Taxon:105825,Opatrum riparium,species,EN,Tenebrionidae,Coleoptera,Threatened - Poorly Sampled,1,1,16
urn:lsid:dyntaxa.se:Taxon:6011206,Ophion forticornis,species,EN,Ichneumonidae,Hymenoptera,Threatened - Not in GBIF,,,
urn:lsid:dyntaxa.se:Taxon:102319,Opilo domesticus,species,EN,Cleridae,Coleoptera,Threatened - Poorly Sampled,1,1,34
urn:lsid:dyntaxa.se:Taxon:100094,Oriolus oriolus,species,EN,Oriolidae,Passeriformes,Threatened - Poorly Sampled,1,1,26517
urn:lsid:dyntaxa.se:Taxon:1125,Orobanche elatior,species,EN,Orobanchaceae,Lamiales,Threatened - Poorly Sampled,1,1,845
urn:lsid:dyntaxa.se:Taxon:1129,Orobanche reticulata,species,EN,Orobanchaceae,Lamiales,Threatened - Poorly Sampled,1,1,842
urn:lsid:dyntaxa.se:Taxon:101472,Orthocephalus vittipennis,species,EN,Miridae,Hemiptera,Threatened - Poorly Sampled,1,1,1
urn:lsid:dyntaxa.se:Taxon:102544,Orthonevra elegans,species,EN,Syrphidae,Diptera,Threatened - Poorly Sampled,1,1,6
urn:lsid:dyntaxa.se:Taxon:1130,Orthothecium lapponicum,species,EN,Plagiotheciaceae,Hypnales,Threatened - Poorly Sampled,1,1,222
urn:lsid:dyntaxa.se:Taxon:1133,Orthotrichum patens,species,EN,Orthotrichaceae,Orthotrichales,Threatened - Poorly Sampled,1,1,41
urn:lsid:dyntaxa.se:Taxon:1138,Orthotrichum tenellum,species,EN,Orthotrichaceae,Orthotrichales,Threatened - Poorly Sampled,1,1,10
urn:lsid:dyntaxa.se:Taxon:102686,Osmia maritima,species,EN,Megachilidae,Hymenoptera,Threatened - Poorly Sampled,1,1,149
urn:lsid:dyntaxa.se:Taxon:101488,Oxylaemus variolosus,species,EN,Bothrideridae,Coleoptera,Threatened - Poorly Sampled,1,1,1
urn:lsid:dyntaxa.se:Taxon:1142,Oxytropis pilosa,species,EN,Fabaceae,Fabales,Threatened - Poorly Sampled,1,1,999
urn:lsid:dyntaxa.se:Taxon:100325,Pabulatrix pabulatricula,species,EN,Noctuidae,Lepidoptera,Threatened - Poorly Sampled,1,1,54
urn:lsid:dyntaxa.se:Taxon:101496,Pachycnemia hippocastanaria,species,EN,Geometridae,Lepidoptera,Threatened - Poorly Sampled,1,1,330
urn:lsid:dyntaxa.se:Taxon:1152,Pannaria conoplea,species,EN,Pannariaceae,Peltigerales,Threatened - Poorly Sampled,1,1,882
urn:lsid:dyntaxa.se:Taxon:217837,Paramuricea placomus,species,EN,Plexauridae,Alcyonacea,Threatened - Not in GBIF,,,
urn:lsid:dyntaxa.se:Taxon:232142,Parnassius apollo scandinavicus,subspecies,EN,Papilionidae,Lepidoptera,Threatened - Poorly Sampled,1,1,31569
urn:lsid:dyntaxa.se:Taxon:101510,Parnassius mnemosyne,species,EN,Papilionidae,Lepidoptera,Threatened - Poorly Sampled,1,1,153
urn:lsid:dyntaxa.se:Taxon:515,Pectenia plumbea,species,EN,Pannariaceae,Peltigerales,Threatened - Poorly Sampled,1,1,987
urn:lsid:dyntaxa.se:Taxon:101200,Pedostrangalia revestita,species,EN,Cerambycidae,Coleoptera,Threatened - Poorly Sampled,1,1,168
urn:lsid:dyntaxa.se:Taxon:258576,Pelecystola fraudulentella,species,EN,Tineidae,Lepidoptera,Threatened - Poorly Sampled,1,1,9
urn:lsid:dyntaxa.se:Taxon:1110,Pelloporus triqueter,species,EN,Hymenochaetaceae,Hymenochaetales,Threatened - Not in GBIF,,,
urn:lsid:dyntaxa.se:Taxon:101523,Pemphredon fennica,species,EN,Crabronidae,Hymenoptera,Threatened - Not in GBIF,,,
urn:lsid:dyntaxa.se:Taxon:220207,Pentanema conyzae,species,EN,Asteraceae,Asterales,Threatened - Not in GBIF,,,
urn:lsid:dyntaxa.se:Taxon:2042,Perenniporia tenuis,species,EN,Polyporaceae,Polyporales,Threatened - Poorly Sampled,1,1,37
urn:lsid:dyntaxa.se:Taxon:101529,Peritrechus lundii,species,EN,Rhyparochromidae,Hemiptera,Threatened - Not in GBIF,,,
urn:lsid:dyntaxa.se:Taxon:229541,Pertusaria flavicans,species,EN,Pertusariaceae,Pertusariales,Threatened - Poorly Sampled,1,1,20
urn:lsid:dyntaxa.se:Taxon:100101,Petromyzon marinus,species,EN,Petromyzontidae,Petromyzontiformes,Threatened - Poorly Sampled,1,1,741
urn:lsid:dyntaxa.se:Taxon:232231,Phaeoceros laevis,species,EN,Notothyladaceae,Notothyladales,Threatened - Poorly Sampled,1,1,26
urn:lsid:dyntaxa.se:Taxon:218108,Philine catena,species,EN,Philinidae,Cephalaspidea,Threatened - Poorly Sampled,1,1,46
urn:lsid:dyntaxa.se:Taxon:218112,Philine punctata,species,EN,Philinidae,Cephalaspidea,Threatened - Not in GBIF,,,
urn:lsid:dyntaxa.se:Taxon:102824,Philocheras echinulatus,species,EN,Crangonidae,Decapoda,Threatened - Poorly Sampled,1,1,3
urn:lsid:dyntaxa.se:Taxon:1207,Phippsia concinna,species,EN,Poaceae,Poales,Threatened - Poorly Sampled,1,1,144
urn:lsid:dyntaxa.se:Taxon:5453,Phlebia coccineofulva,species,EN,Meruliaceae,Polyporales,Threatened - Poorly Sampled,1,1,2
urn:lsid:dyntaxa.se:Taxon:5465,Phlebia ryvardenii,species,EN,Meruliaceae,Polyporales,Threatened - Poorly Sampled,1,1,1
urn:lsid:dyntaxa.se:Taxon:101556,Photedes morrisii,species,EN,Noctuidae,Lepidoptera,Threatened - Poorly Sampled,1,1,83
urn:lsid:dyntaxa.se:Taxon:101558,Phryganophilus ruficollis,species,EN,Melandryidae,Coleoptera,Threatened - Poorly Sampled,1,1,13
urn:lsid:dyntaxa.se:Taxon:101918,Phtheochroa schreibersiana,species,EN,Tortricidae,Lepidoptera,Threatened - Poorly Sampled,1,1,6
urn:lsid:dyntaxa.se:Taxon:1229,Phylloporus pelletieri,species,EN,Boletaceae,Boletales,Threatened - Poorly Sampled,1,1,74
urn:lsid:dyntaxa.se:Taxon:100107,Phylloscopus borealis,species,EN,Phylloscopidae,Passeriformes,Threatened - Poorly Sampled,1,1,2332
urn:lsid:dyntaxa.se:Taxon:1231,Physcia phaea,species,EN,Physciaceae,Caliciales,Threatened - Poorly Sampled,1,1,48
urn:lsid:dyntaxa.se:Taxon:1238,Pilophorus robustus,species,EN,Cladoniaceae,Lecanorales,Threatened - Poorly Sampled,1,1,18
urn:lsid:dyntaxa.se:Taxon:1239,Pilophorus strumaticus,species,EN,Cladoniaceae,Lecanorales,Threatened - Poorly Sampled,1,1,23
urn:lsid:dyntaxa.se:Taxon:1240,Piloporia sajanensis,species,EN,Incrustoporiaceae,Polyporales,Threatened - Not in GBIF,,,
urn:lsid:dyntaxa.se:Taxon:220280,Pilosella sphaerocephala,species,EN,Asteraceae,Asterales,Threatened - Poorly Sampled,1,1,24
urn:lsid:dyntaxa.se:Taxon:1242,Pimpinella major,species,EN,Apiaceae,Apiales,Threatened - Poorly Sampled,1,1,916
urn:lsid:dyntaxa.se:Taxon:102585,Pistius truncatus,species,EN,Thomisidae,Araneae,Threatened - Poorly Sampled,1,1,105
urn:lsid:dyntaxa.se:Taxon:102175,Plagiogonus arenarius,species,EN,Scarabaeidae,Coleoptera,Threatened - Poorly Sampled,1,1,17
urn:lsid:dyntaxa.se:Taxon:101582,Plagionotus detritus,species,EN,Cerambycidae,Coleoptera,Threatened - Poorly Sampled,1,1,463
urn:lsid:dyntaxa.se:Taxon:1248,Platanthera obtusata,species,EN,Orchidaceae,Asparagales,Threatened - Poorly Sampled,1,1,17
urn:lsid:dyntaxa.se:Taxon:229653,Plectocarpon nephromeum,species,EN,Lecanographaceae,Arthoniales,Threatened - Poorly Sampled,1,1,32
urn:lsid:dyntaxa.se:Taxon:229654,Plectocarpon scrobiculatae,species,EN,Lecanographaceae,Arthoniales,Threatened - Poorly Sampled,1,1,86
urn:lsid:dyntaxa.se:Taxon:102328,Plegaderus sanatus,species,EN,Histeridae,Coleoptera,Threatened - Poorly Sampled,1,1,45
urn:lsid:dyntaxa.se:Taxon:2098,Pleuridium acuminatum,species,EN,Ditrichaceae,Dicranales,Threatened - Poorly Sampled,1,1,27
urn:lsid:dyntaxa.se:Taxon:1251,Pleuridium palustre,species,EN,Ditrichaceae,Dicranales,Threatened - Not in GBIF,,,
urn:lsid:dyntaxa.se:Taxon:2045,Pleurotus calyptratus,species,EN,Pleurotaceae,Agaricales,Threatened - Poorly Sampled,1,1,75
urn:lsid:dyntaxa.se:Taxon:1254,Pluteus aurantiorugosus,species,EN,Pluteaceae,Agaricales,Threatened - Poorly Sampled,1,1,74
urn:lsid:dyntaxa.se:Taxon:100115,Podiceps nigricollis,species,EN,Podicipedidae,Podicipediformes,Threatened - Poorly Sampled,1,1,25857
urn:lsid:dyntaxa.se:Taxon:101671,Poecilus punctulatus,species,EN,Carabidae,Coleoptera,Threatened - Poorly Sampled,1,1,23
urn:lsid:dyntaxa.se:Taxon:101611,Pogonus luridipennis,species,EN,Carabidae,Coleoptera,Threatened - Poorly Sampled,1,1,41
urn:lsid:dyntaxa.se:Taxon:101612,Polia lamuta,species,EN,Noctuidae,Lepidoptera,Threatened - Poorly Sampled,1,1,52
urn:lsid:dyntaxa.se:Taxon:234252,Polycarpa fibrosa,species,EN,Styelidae,Stolidobranchiata,Threatened - Poorly Sampled,1,1,35
urn:lsid:dyntaxa.se:Taxon:101616,Polyergus rufescens,species,EN,Formicidae,Hymenoptera,Threatened - Poorly Sampled,1,1,141
urn:lsid:dyntaxa.se:Taxon:265348,Polygala serpyllifolia,species,EN,Polygalaceae,Fabales,Threatened - Poorly Sampled,1,1,76
urn:lsid:dyntaxa.se:Taxon:260351,Polygala vulgaris subsp. collina,subspecies,EN,Polygalaceae,Fabales,Threatened - Poorly Sampled,1,1,24483
urn:lsid:dyntaxa.se:Taxon:1264,Polygonum oxyspermum,species,EN,Polygonaceae,Caryophyllales,Threatened - Poorly Sampled,1,1,419
urn:lsid:dyntaxa.se:Taxon:262707,Polypodium interjectum,species,EN,Polypodiaceae,Polypodiales,Threatened - Poorly Sampled,1,1,137
urn:lsid:dyntaxa.se:Taxon:262707,Polypodium interjectum,species,EN,Polypodiaceae,Polypodiales,Threatened - Poorly Sampled,1,1,37
urn:lsid:dyntaxa.se:Taxon:101621,Pontia edusa,species,EN,Pieridae,Lepidoptera,Threatened - Poorly Sampled,1,1,483
urn:lsid:dyntaxa.se:Taxon:102857,Porania stormi,species,EN,Poraniidae,Valvatida,Threatened - Poorly Sampled,1,1,2
urn:lsid:dyntaxa.se:Taxon:229729,Porpidia platycarpoides,species,EN,Lecideaceae,Lecideales,Threatened - Poorly Sampled,1,1,24
urn:lsid:dyntaxa.se:Taxon:1280,Porpoloma pes-caprae,species,EN,Tricholomataceae,Agaricales,Threatened - Not in GBIF,,,
urn:lsid:dyntaxa.se:Taxon:2039,Postia balsamea,species,EN,Dacryobolaceae,Polyporales,Threatened - Poorly Sampled,1,1,22
urn:lsid:dyntaxa.se:Taxon:217839,Primnoa resedaeformis,species,EN,Primnoidae,Alcyonacea,Threatened - Poorly Sampled,1,1,3
urn:lsid:dyntaxa.se:Taxon:234184,Priocnemis confusor,species,EN,Pompilidae,Hymenoptera,Threatened - Poorly Sampled,1,1,25
urn:lsid:dyntaxa.se:Taxon:102460,Prolita solutella,species,EN,Gelechiidae,Lepidoptera,Threatened - Poorly Sampled,1,1,290
urn:lsid:dyntaxa.se:Taxon:101635,Prostomis mandibularis,species,EN,Prostomidae,Coleoptera,Threatened - Poorly Sampled,1,1,5
urn:lsid:dyntaxa.se:Taxon:221784,Prunella laciniata,species,EN,Lamiaceae,Lamiales,Threatened - Poorly Sampled,1,1,90
urn:lsid:dyntaxa.se:Taxon:221784,Prunella laciniata,species,EN,Lamiaceae,Lamiales,Threatened - Poorly Sampled,1,1,5
urn:lsid:dyntaxa.se:Taxon:101636,Psamathocrita osseella,species,EN,Gelechiidae,Lepidoptera,Threatened - Poorly Sampled,1,1,68
urn:lsid:dyntaxa.se:Taxon:101646,Pseudocleonus grammicus,species,EN,Curculionidae,Coleoptera,Threatened - Poorly Sampled,1,1,14
urn:lsid:dyntaxa.se:Taxon:1310,Pseudocrossidium revolutum,species,EN,Pottiaceae,Pottiales,Threatened - Poorly Sampled,1,1,21
urn:lsid:dyntaxa.se:Taxon:719,Pseudognaphalium luteoalbum,species,EN,Asteraceae,Asterales,Threatened - Not in GBIF,,,
urn:lsid:dyntaxa.se:Taxon:101651,Pseudoptilinus fissicollis,species,EN,Ptinidae,Coleoptera,Threatened - Poorly Sampled,1,1,75
urn:lsid:dyntaxa.se:Taxon:975,Pseudorchis albida,species,EN,Orchidaceae,Asparagales,Threatened - Poorly Sampled,1,1,245
urn:lsid:dyntaxa.se:Taxon:101656,Psophus stridulus,species,EN,Acrididae,Orthoptera,Threatened - Poorly Sampled,1,1,5091
urn:lsid:dyntaxa.se:Taxon:1321,Psora globifera,species,EN,Psoraceae,Lecanorales,Threatened - Poorly Sampled,1,1,123
urn:lsid:dyntaxa.se:Taxon:1323,Psora vallesiaca,species,EN,Psoraceae,Lecanorales,Threatened - Poorly Sampled,1,1,137
urn:lsid:dyntaxa.se:Taxon:249984,Psoroma paleaceum,species,EN,Pannariaceae,Peltigerales,Threatened - Poorly Sampled,1,1,5
urn:lsid:dyntaxa.se:Taxon:101662,Psylliodes hyoscyami,species,EN,Chrysomelidae,Coleoptera,Threatened - Poorly Sampled,1,1,16
urn:lsid:dyntaxa.se:Taxon:101668,Pterocheilus phaleratus,species,EN,Vespidae,Hymenoptera,Threatened - Poorly Sampled,1,1,60
urn:lsid:dyntaxa.se:Taxon:102490,Ptocheuusa inopella,species,EN,Gelechiidae,Lepidoptera,Threatened - Poorly Sampled,1,1,130
urn:lsid:dyntaxa.se:Taxon:100337,Pubinus tomentosus,species,EN,Scarabaeidae,Coleoptera,Threatened - Poorly Sampled,1,1,12
urn:lsid:dyntaxa.se:Taxon:1330,Pulmonaria angustifolia,species,EN,Boraginaceae,Boraginales,Threatened - Poorly Sampled,1,1,2147
urn:lsid:dyntaxa.se:Taxon:1330,Pulmonaria angustifolia,species,EN,Boraginaceae,Boraginales,Threatened - Poorly Sampled,1,1,42
urn:lsid:dyntaxa.se:Taxon:1330,Pulmonaria angustifolia,species,EN,Boraginaceae,Boraginales,Threatened - Poorly Sampled,1,1,47
urn:lsid:dyntaxa.se:Taxon:1853,Pulsatilla vernalis,species,EN,Ranunculaceae,Ranunculales,Threatened - Poorly Sampled,1,1,14285
urn:lsid:dyntaxa.se:Taxon:1853,Pulsatilla vernalis,species,EN,Ranunculaceae,Ranunculales,Threatened - Poorly Sampled,1,1,25
urn:lsid:dyntaxa.se:Taxon:1853,Pulsatilla vernalis,species,EN,Ranunculaceae,Ranunculales,Threatened - Poorly Sampled,1,1,1
urn:lsid:dyntaxa.se:Taxon:217915,Puncturella noachina,species,EN,Fissurellidae,"",Threatened - Poorly Sampled,1,1,69
urn:lsid:dyntaxa.se:Taxon:102494,Pyrausta sanguinalis,species,EN,Crambidae,Lepidoptera,Threatened - Poorly Sampled,1,1,73
urn:lsid:dyntaxa.se:Taxon:1343,Pyrenula nitidella,species,EN,Pyrenulaceae,Pyrenulales,Threatened - Poorly Sampled,1,1,220
urn:lsid:dyntaxa.se:Taxon:101692,Pytho kolwensis,species,EN,Pythidae,Coleoptera,Threatened - Poorly Sampled,1,1,286
urn:lsid:dyntaxa.se:Taxon:101699,Rainieria calceata,species,EN,Micropezidae,Diptera,Threatened - Poorly Sampled,1,1,17
urn:lsid:dyntaxa.se:Taxon:229831,Ramalina elegans,species,EN,Ramalinaceae,Lecanorales,Threatened - Poorly Sampled,1,1,41
urn:lsid:dyntaxa.se:Taxon:1353,Ramalina thrausta,species,EN,Ramalinaceae,Lecanorales,Threatened - Poorly Sampled,1,1,2006
urn:lsid:dyntaxa.se:Taxon:6003426,Ramaria brienzensis,species,EN,Gomphaceae,Gomphales,Threatened - Poorly Sampled,1,1,27
urn:lsid:dyntaxa.se:Taxon:5735,Ramaria broomei,species,EN,Gomphaceae,Gomphales,Threatened - Not in GBIF,,,
urn:lsid:dyntaxa.se:Taxon:1354,Ramaria echinovirens,species,EN,Gomphaceae,Gomphales,Threatened - Not in GBIF,,,
urn:lsid:dyntaxa.se:Taxon:256840,Ramaria fennica,species,EN,Gomphaceae,Gomphales,Threatened - Poorly Sampled,1,1,177
urn:lsid:dyntaxa.se:Taxon:6040064,Ramaria flava var. flava,variety,EN,Gomphaceae,Gomphales,Threatened - Poorly Sampled,1,1,120
urn:lsid:dyntaxa.se:Taxon:6040065,Ramaria grandipes,species,EN,Gomphaceae,Gomphales,Threatened - Poorly Sampled,1,1,102
urn:lsid:dyntaxa.se:Taxon:1827,Ramonia chrysophaea,species,EN,Gyalectaceae,Ostropales,Threatened - Poorly Sampled,1,1,24
urn:lsid:dyntaxa.se:Taxon:1366,Ranunculus ophioglossifolius,species,EN,Ranunculaceae,Ranunculales,Threatened - Poorly Sampled,1,1,113
urn:lsid:dyntaxa.se:Taxon:1373,Rhinanthus angustifolius subsp. apterus,subspecies,EN,Orobanchaceae,Lamiales,Threatened - Not in GBIF,,,
urn:lsid:dyntaxa.se:Taxon:1378,Rhynchostegiella teneriffae,species,EN,Brachytheciaceae,Hypnales,Threatened - Poorly Sampled,1,1,55
urn:lsid:dyntaxa.se:Taxon:1385,Riccia ciliifera,species,EN,Ricciaceae,Marchantiales,Threatened - Poorly Sampled,1,1,87
urn:lsid:dyntaxa.se:Taxon:1387,Riccia huebeneriana,species,EN,Ricciaceae,Marchantiales,Threatened - Poorly Sampled,1,1,90
urn:lsid:dyntaxa.se:Taxon:1388,Riccia warnstorfii,species,EN,Ricciaceae,Marchantiales,Threatened - Poorly Sampled,1,1,50
urn:lsid:dyntaxa.se:Taxon:1828,Rinodina colobina,species,EN,Physciaceae,Caliciales,Threatened - Poorly Sampled,1,1,140
urn:lsid:dyntaxa.se:Taxon:229953,Rinodina luridescens,species,EN,Physciaceae,Caliciales,Threatened - Poorly Sampled,1,1,44
urn:lsid:dyntaxa.se:Taxon:100125,Rissa tridactyla,species,EN,Laridae,Charadriiformes,Threatened - Poorly Sampled,1,1,51498
urn:lsid:dyntaxa.se:Taxon:1398,Rosa × inodora,species,EN,Rosaceae,Rosales,Threatened - Not in GBIF,,,
urn:lsid:dyntaxa.se:Taxon:218186,Rubramoena amoena,species,EN,Trinchesiidae,Nudibranchia,Threatened - Poorly Sampled,1,1,5
urn:lsid:dyntaxa.se:Taxon:160,Rubroboletus rhodoxanthus,species,EN,Boletaceae,Boletales,Threatened - Poorly Sampled,1,1,58
urn:lsid:dyntaxa.se:Taxon:161,Rubroboletus satanas,species,EN,Boletaceae,Boletales,Threatened - Poorly Sampled,1,1,672
urn:lsid:dyntaxa.se:Taxon:223133,Rubus bifrons,species,EN,Rosaceae,Rosales,Threatened - Poorly Sampled,1,1,118
urn:lsid:dyntaxa.se:Taxon:232136,Rubus flaccidifolius,species,EN,Rosaceae,Rosales,Threatened - Poorly Sampled,1,1,39
urn:lsid:dyntaxa.se:Taxon:223168,Rubus montanus,species,EN,Rosaceae,Rosales,Threatened - Poorly Sampled,1,1,114
urn:lsid:dyntaxa.se:Taxon:267006,Rubus onsalaënsis,species,EN,Rosaceae,Rosales,Threatened - Not in GBIF,,,
urn:lsid:dyntaxa.se:Taxon:267009,Rubus polybracteatus,species,EN,Rosaceae,Rosales,Threatened - Poorly Sampled,1,1,81
urn:lsid:dyntaxa.se:Taxon:1926,Rubus pruinosus,species,EN,Rosaceae,Rosales,Threatened - Poorly Sampled,1,1,344
urn:lsid:dyntaxa.se:Taxon:1412,Rubus pyramidalis,species,EN,Rosaceae,Rosales,Threatened - Not in GBIF,,,
urn:lsid:dyntaxa.se:Taxon:267008,Rubus rugulosus,species,EN,Rosaceae,Rosales,Threatened - Poorly Sampled,1,1,80
urn:lsid:dyntaxa.se:Taxon:1928,Rubus sciocharis,species,EN,Rosaceae,Rosales,Threatened - Poorly Sampled,1,1,112
urn:lsid:dyntaxa.se:Taxon:256553,Rubus silvaticus,species,EN,Rosaceae,Rosales,Threatened - Poorly Sampled,1,1,60
urn:lsid:dyntaxa.se:Taxon:267007,Rubus soendrumensis,species,EN,Rosaceae,Rosales,Threatened - Poorly Sampled,1,1,132
urn:lsid:dyntaxa.se:Taxon:232137,Rubus steracanthos,species,EN,Rosaceae,Rosales,Threatened - Poorly Sampled,1,1,61
urn:lsid:dyntaxa.se:Taxon:1420,Rumex conglomeratus,species,EN,Polygonaceae,Caryophyllales,Threatened - Poorly Sampled,1,1,588
urn:lsid:dyntaxa.se:Taxon:1420,Rumex conglomeratus,species,EN,Polygonaceae,Caryophyllales,Threatened - Poorly Sampled,1,1,6
urn:lsid:dyntaxa.se:Taxon:1420,Rumex conglomeratus,species,EN,Polygonaceae,Caryophyllales,Threatened - Poorly Sampled,1,1,1
urn:lsid:dyntaxa.se:Taxon:1420,Rumex conglomeratus,species,EN,Polygonaceae,Caryophyllales,Threatened - Poorly Sampled,1,1,39
urn:lsid:dyntaxa.se:Taxon:1420,Rumex conglomeratus,species,EN,Polygonaceae,Caryophyllales,Threatened - Poorly Sampled,1,1,2
urn:lsid:dyntaxa.se:Taxon:1420,Rumex conglomeratus,species,EN,Polygonaceae,Caryophyllales,Threatened - Poorly Sampled,1,1,9
urn:lsid:dyntaxa.se:Taxon:102333,Rushia parreyssii,species,EN,Melandryidae,Coleoptera,Threatened - Poorly Sampled,1,1,45
urn:lsid:dyntaxa.se:Taxon:1433,Salvia verticillata,species,EN,Lamiaceae,Lamiales,Threatened - Poorly Sampled,1,1,581
urn:lsid:dyntaxa.se:Taxon:101729,Saprinus immundus,species,EN,Histeridae,Coleoptera,Threatened - Poorly Sampled,1,1,13
urn:lsid:dyntaxa.se:Taxon:101730,Saprinus rugifer,species,EN,Histeridae,Coleoptera,Threatened - Poorly Sampled,1,1,38
urn:lsid:dyntaxa.se:Taxon:101731,Saprinus virescens,species,EN,Histeridae,Coleoptera,Threatened - Poorly Sampled,1,1,46
urn:lsid:dyntaxa.se:Taxon:1438,Sarcodon leucopus,species,EN,Bankeraceae,Thelephorales,Threatened - Poorly Sampled,1,1,475
urn:lsid:dyntaxa.se:Taxon:101734,Saulcyella schmidtii,species,EN,Staphylinidae,Coleoptera,Threatened - Poorly Sampled,1,1,9
urn:lsid:dyntaxa.se:Taxon:1451,Scandix pecten-veneris,species,EN,Apiaceae,Apiales,Threatened - Poorly Sampled,1,1,846
urn:lsid:dyntaxa.se:Taxon:1452,Scapania apiculata,species,EN,Scapaniaceae,Jungermanniales,Threatened - Poorly Sampled,1,1,714
urn:lsid:dyntaxa.se:Taxon:1455,Scapania carinthiaca,species,EN,Scapaniaceae,Jungermanniales,Threatened - Poorly Sampled,1,1,567
urn:lsid:dyntaxa.se:Taxon:1845,Scapania glaucocephala,species,EN,Scapaniaceae,Jungermanniales,Threatened - Poorly Sampled,1,1,143
urn:lsid:dyntaxa.se:Taxon:2508,Scapania kaurinii,species,EN,Scapaniaceae,Jungermanniales,Threatened - Poorly Sampled,1,1,24
urn:lsid:dyntaxa.se:Taxon:2534,Scapania spitsbergensis,species,EN,Scapaniaceae,Jungermanniales,Threatened - Poorly Sampled,1,1,62
urn:lsid:dyntaxa.se:Taxon:218102,Scaphander punctostriatus,species,EN,Scaphandridae,Cephalaspidea,Threatened - Poorly Sampled,1,1,17
urn:lsid:dyntaxa.se:Taxon:1459,Schismatomma graphidioides,species,EN,Roccellaceae,Arthoniales,Threatened - Poorly Sampled,1,1,125
urn:lsid:dyntaxa.se:Taxon:1689,Sclerophora amabilis,species,EN,Coniocybaceae,Coniocybales,Threatened - Poorly Sampled,1,1,586
urn:lsid:dyntaxa.se:Taxon:101741,Scolitantides orion,species,EN,Lycaenidae,Lepidoptera,Threatened - Poorly Sampled,1,1,3979
urn:lsid:dyntaxa.se:Taxon:101754,Scotopteryx mucronata,species,EN,Geometridae,Lepidoptera,Threatened - Poorly Sampled,1,1,180
urn:lsid:dyntaxa.se:Taxon:102500,Scrobipalpa salicorniae,species,EN,Gelechiidae,Lepidoptera,Threatened - Poorly Sampled,1,1,21
urn:lsid:dyntaxa.se:Taxon:1473,Scutellaria minor,species,EN,Lamiaceae,Lamiales,Threatened - Poorly Sampled,1,1,241
urn:lsid:dyntaxa.se:Taxon:101759,Scythris crypta,species,EN,Scythrididae,Lepidoptera,Threatened - Poorly Sampled,1,1,62
urn:lsid:dyntaxa.se:Taxon:387,Scytinium fragrans,species,EN,Collemataceae,Peltigerales,Threatened - Poorly Sampled,1,1,147
urn:lsid:dyntaxa.se:Taxon:1480,Seligeria calcarea,species,EN,Seligeriaceae,Grimmiales,Threatened - Poorly Sampled,1,1,13
urn:lsid:dyntaxa.se:Taxon:1481,Seligeria campylopoda,species,EN,Seligeriaceae,Grimmiales,Threatened - Not in GBIF,,,
urn:lsid:dyntaxa.se:Taxon:1607,Seligeria carniolica,species,EN,Seligeriaceae,Grimmiales,Threatened - Poorly Sampled,1,1,58
urn:lsid:dyntaxa.se:Taxon:1483,Seligeria patula,species,EN,Seligeriaceae,Grimmiales,Threatened - Poorly Sampled,1,1,16
urn:lsid:dyntaxa.se:Taxon:101778,Sideridis turbida,species,EN,Noctuidae,Lepidoptera,Threatened - Poorly Sampled,1,1,161
urn:lsid:dyntaxa.se:Taxon:233025,Skeletocutis jelicii,species,EN,Incrustoporiaceae,Polyporales,Threatened - Not in GBIF,,,
urn:lsid:dyntaxa.se:Taxon:233035,Skeletocutis lilacina,species,EN,Incrustoporiaceae,Polyporales,Threatened - Poorly Sampled,1,1,23
urn:lsid:dyntaxa.se:Taxon:102935,Somateria mollissima,species,EN,Anatidae,Anseriformes,Threatened - Poorly Sampled,1,1,445992
urn:lsid:dyntaxa.se:Taxon:102935,Somateria mollissima,species,EN,Anatidae,Anseriformes,Threatened - Poorly Sampled,1,1,11
urn:lsid:dyntaxa.se:Taxon:1508,Sorbus obtusifolia,species,EN,Rosaceae,Rosales,Threatened - Not in GBIF,,,
urn:lsid:dyntaxa.se:Taxon:101799,Spaelotis suecica,species,EN,Noctuidae,Lepidoptera,Threatened - Poorly Sampled,1,1,46
urn:lsid:dyntaxa.se:Taxon:100007,Spatula querquedula,species,EN,Anatidae,Anseriformes,Threatened - Poorly Sampled,1,1,139803
urn:lsid:dyntaxa.se:Taxon:1514,Sphinctrina anglica,species,EN,Sphinctrinaceae,Mycocaliciales,Threatened - Poorly Sampled,1,1,291
urn:lsid:dyntaxa.se:Taxon:102551,Sphiximorpha subsessillis,species,EN,Syrphidae,Diptera,Threatened - Not in GBIF,,,
urn:lsid:dyntaxa.se:Taxon:257114,Squamarina degelii,species,EN,Squamarinaceae,Lecanorales,Threatened - Not in GBIF,,,
urn:lsid:dyntaxa.se:Taxon:101819,Stauroderus scalaris,species,EN,Acrididae,Orthoptera,Threatened - Poorly Sampled,1,1,1088
urn:lsid:dyntaxa.se:Taxon:1527,Steccherinum robustius,species,EN,Steccherinaceae,Polyporales,Threatened - Poorly Sampled,1,1,2071
urn:lsid:dyntaxa.se:Taxon:224068,Stellaria crassifolia var. minor,variety,EN,Caryophyllaceae,Caryophyllales,Threatened - Poorly Sampled,1,1,967
urn:lsid:dyntaxa.se:Taxon:1530,Stephensia bombycina,species,EN,"Pezizales, genera incertae sedis",Pezizales,Threatened - Not in GBIF,,,
urn:lsid:dyntaxa.se:Taxon:1533,Stereocaulon incrustatum,species,EN,Stereocaulaceae,Lecanorales,Threatened - Poorly Sampled,1,1,18
urn:lsid:dyntaxa.se:Taxon:101855,Stigmella pyri,species,EN,Nepticulidae,Lepidoptera,Threatened - Poorly Sampled,1,1,10
urn:lsid:dyntaxa.se:Taxon:230104,Stigmidium degelii,species,EN,Mycosphaerellaceae,Capnodiales,Threatened - Poorly Sampled,1,1,6
urn:lsid:dyntaxa.se:Taxon:102087,Stratiomys longicornis,species,EN,Stratiomyidae,Diptera,Threatened - Poorly Sampled,1,1,40
urn:lsid:dyntaxa.se:Taxon:230130,Strigula stigmatella,species,EN,Strigulaceae,Strigulales,Threatened - Not in GBIF,,,
urn:lsid:dyntaxa.se:Taxon:234248,Styela atlantica,species,EN,Styelidae,Stolidobranchiata,Threatened - Not in GBIF,,,
urn:lsid:dyntaxa.se:Taxon:101866,Symmorphus fuscipes,species,EN,Vespidae,Hymenoptera,Threatened - Poorly Sampled,1,1,1
urn:lsid:dyntaxa.se:Taxon:101872,Synchita separanda,species,EN,Zopheridae,Coleoptera,Threatened - Poorly Sampled,1,1,46
urn:lsid:dyntaxa.se:Taxon:101873,Syncopacma sangiella,species,EN,Gelechiidae,Lepidoptera,Threatened - Not in GBIF,,,
urn:lsid:dyntaxa.se:Taxon:240222,Syntormon fuscipes,species,EN,Dolichopodidae,Diptera,Threatened - Poorly Sampled,1,1,15
urn:lsid:dyntaxa.se:Taxon:240230,Syntormon subinermis,species,EN,Dolichopodidae,Diptera,Threatened - Poorly Sampled,1,1,3
urn:lsid:dyntaxa.se:Taxon:1572,Syntrichia laevipila,species,EN,Pottiaceae,Pottiales,Threatened - Poorly Sampled,1,1,182
urn:lsid:dyntaxa.se:Taxon:232160,Systenus tener,species,EN,Dolichopodidae,Diptera,Threatened - Not in GBIF,,,
urn:lsid:dyntaxa.se:Taxon:102077,Tabanus autumnalis,species,EN,Tabanidae,Diptera,Threatened - Poorly Sampled,1,1,115
urn:lsid:dyntaxa.se:Taxon:230138,Taeniolella verrucosa,species,EN,Kirschsteiniotheliaceae,Kirschsteiniotheliales,Threatened - Poorly Sampled,1,1,6
urn:lsid:dyntaxa.se:Taxon:1734,Taraxacum austrinum,species,EN,Asteraceae,Asterales,Threatened - Poorly Sampled,1,1,58
urn:lsid:dyntaxa.se:Taxon:230712,Taraxacum biformatum,species,EN,Asteraceae,Asterales,Threatened - Not in GBIF,,,
urn:lsid:dyntaxa.se:Taxon:230562,Taraxacum canaliculatum,species,EN,Asteraceae,Asterales,Threatened - Poorly Sampled,1,1,153
urn:lsid:dyntaxa.se:Taxon:6007530,Taraxacum conspersum,species,EN,Asteraceae,Asterales,Threatened - Poorly Sampled,1,1,19
urn:lsid:dyntaxa.se:Taxon:235021,Taraxacum dahlii,species,EN,Asteraceae,Asterales,Threatened - Poorly Sampled,1,1,10
urn:lsid:dyntaxa.se:Taxon:230675,Taraxacum dilutisquameum,species,EN,Asteraceae,Asterales,Threatened - Not in GBIF,,,
urn:lsid:dyntaxa.se:Taxon:1947,Taraxacum discretum,species,EN,Asteraceae,Asterales,Threatened - Poorly Sampled,1,1,71
urn:lsid:dyntaxa.se:Taxon:1754,Taraxacum euryphyllum,species,EN,Asteraceae,Asterales,Threatened - Poorly Sampled,1,1,330
urn:lsid:dyntaxa.se:Taxon:230676,Taraxacum excellens,species,EN,Asteraceae,Asterales,Threatened - Poorly Sampled,1,1,47
urn:lsid:dyntaxa.se:Taxon:230971,Taraxacum eximium,species,EN,Asteraceae,Asterales,Threatened - Poorly Sampled,1,1,8
urn:lsid:dyntaxa.se:Taxon:230567,Taraxacum guttulatum,species,EN,Asteraceae,Asterales,Threatened - Poorly Sampled,1,1,5
urn:lsid:dyntaxa.se:Taxon:230629,Taraxacum isthmicola,species,EN,Asteraceae,Asterales,Threatened - Poorly Sampled,1,1,117
urn:lsid:dyntaxa.se:Taxon:230798,Taraxacum kjellmanii,species,EN,Asteraceae,Asterales,Threatened - Poorly Sampled,1,1,493
urn:lsid:dyntaxa.se:Taxon:230663,Taraxacum lamprophyllum,species,EN,Asteraceae,Asterales,Threatened - Poorly Sampled,1,1,98
urn:lsid:dyntaxa.se:Taxon:230635,Taraxacum linguatifrons,species,EN,Asteraceae,Asterales,Threatened - Poorly Sampled,1,1,52
urn:lsid:dyntaxa.se:Taxon:230859,Taraxacum onychodontum,species,EN,Asteraceae,Asterales,Threatened - Poorly Sampled,1,1,62
urn:lsid:dyntaxa.se:Taxon:230874,Taraxacum persimile,species,EN,Asteraceae,Asterales,Threatened - Poorly Sampled,1,1,8
urn:lsid:dyntaxa.se:Taxon:230898,Taraxacum pycnolobum,species,EN,Asteraceae,Asterales,Threatened - Poorly Sampled,1,1,77
urn:lsid:dyntaxa.se:Taxon:230581,Taraxacum remotilobum,species,EN,Asteraceae,Asterales,Threatened - Poorly Sampled,1,1,114
urn:lsid:dyntaxa.se:Taxon:230647,Taraxacum saphycraspedum,species,EN,Asteraceae,Asterales,Threatened - Poorly Sampled,1,1,32
urn:lsid:dyntaxa.se:Taxon:103074,Tarsiger cyanurus,species,EN,Muscicapidae,Passeriformes,Threatened - Poorly Sampled,1,1,5035
urn:lsid:dyntaxa.se:Taxon:241137,Tephritis arnicae,species,EN,Tephritidae,Diptera,Threatened - Poorly Sampled,1,1,135
urn:lsid:dyntaxa.se:Taxon:1724,Tephroseris integrifolia,species,EN,Asteraceae,Asterales,Threatened - Poorly Sampled,1,1,341
urn:lsid:dyntaxa.se:Taxon:1551,Tetraplodon blyttii,species,EN,Splachnaceae,Splachnales,Threatened - Poorly Sampled,1,1,1
urn:lsid:dyntaxa.se:Taxon:233253,Thamnobryum subserratum,species,EN,Neckeraceae,Hypnales,Threatened - Poorly Sampled,1,1,11
urn:lsid:dyntaxa.se:Taxon:102803,Thesbia nana,species,EN,Raphitomidae,Neogastropoda,Threatened - Poorly Sampled,1,1,1
urn:lsid:dyntaxa.se:Taxon:2904,Timmia sibirica,species,EN,Timmiaceae,Timmiales,Threatened - Poorly Sampled,1,1,1
urn:lsid:dyntaxa.se:Taxon:102058,Tipula autumnalis,species,EN,Tipulidae,Diptera,Threatened - Poorly Sampled,1,1,10
urn:lsid:dyntaxa.se:Taxon:1602,Tortella × cuspidatissima,species,EN,Pottiaceae,Pottiales,Threatened - Not in GBIF,,,
urn:lsid:dyntaxa.se:Taxon:523,Tortula cernua,species,EN,Pottiaceae,Pottiales,Threatened - Poorly Sampled,1,1,15
urn:lsid:dyntaxa.se:Taxon:1577,Trametes suaveolens,species,EN,Polyporaceae,Polyporales,Threatened - Poorly Sampled,1,1,58
urn:lsid:dyntaxa.se:Taxon:1581,Trapeliopsis wallrothii,species,EN,Trapeliaceae,Baeomycetales,Threatened - Poorly Sampled,1,1,25
urn:lsid:dyntaxa.se:Taxon:101921,Triaxomasia caprimulgella,species,EN,Tineidae,Lepidoptera,Threatened - Poorly Sampled,1,1,9
urn:lsid:dyntaxa.se:Taxon:245043,Tricholoma acerbum,species,EN,Tricholomataceae,Agaricales,Threatened - Poorly Sampled,1,1,332
urn:lsid:dyntaxa.se:Taxon:2072,Tricholoma joachimii,species,EN,Tricholomataceae,Agaricales,Threatened - Poorly Sampled,1,1,326
urn:lsid:dyntaxa.se:Taxon:1603,Trifolium alpestre,species,EN,Fabaceae,Fabales,Threatened - Poorly Sampled,1,1,176
urn:lsid:dyntaxa.se:Taxon:101928,Trigonotylus pulchellus,species,EN,Miridae,Hemiptera,Threatened - Poorly Sampled,1,1,4
urn:lsid:dyntaxa.se:Taxon:1606,Tritomaria exsecta,species,EN,Jungermanniaceae,Jungermanniales,Threatened - Poorly Sampled,1,1,204
urn:lsid:dyntaxa.se:Taxon:1617,Tulostoma calcareum,species,EN,Agaricaceae,Agaricales,Threatened - Poorly Sampled,1,1,163
urn:lsid:dyntaxa.se:Taxon:1613,Tulostoma fimbriatum,species,EN,Agaricaceae,Agaricales,Threatened - Poorly Sampled,1,1,311
urn:lsid:dyntaxa.se:Taxon:1614,Tulostoma kotlabae,species,EN,Agaricaceae,Agaricales,Threatened - Poorly Sampled,1,1,277
urn:lsid:dyntaxa.se:Taxon:1615,Tulostoma melanocyclum,species,EN,Agaricaceae,Agaricales,Threatened - Poorly Sampled,1,1,111
urn:lsid:dyntaxa.se:Taxon:101951,Unio crassus,species,EN,Unionidae,Unionoida,Threatened - Poorly Sampled,1,1,1037
urn:lsid:dyntaxa.se:Taxon:101954,Upis ceramboides,species,EN,Tenebrionidae,Coleoptera,Threatened - Poorly Sampled,1,1,261
urn:lsid:dyntaxa.se:Taxon:1633,Urnula craterium,species,EN,Sarcosomataceae,Pezizales,Threatened - Poorly Sampled,1,1,910
urn:lsid:dyntaxa.se:Taxon:1637,Usnea cylindrica,species,EN,Parmeliaceae,Lecanorales,Threatened - Poorly Sampled,1,1,38
urn:lsid:dyntaxa.se:Taxon:1651,Verbascum densiflorum,species,EN,Scrophulariaceae,Lamiales,Threatened - Poorly Sampled,1,1,687
urn:lsid:dyntaxa.se:Taxon:1651,Verbascum densiflorum,species,EN,Scrophulariaceae,Lamiales,Threatened - Poorly Sampled,1,1,1
urn:lsid:dyntaxa.se:Taxon:1651,Verbascum densiflorum,species,EN,Scrophulariaceae,Lamiales,Threatened - Poorly Sampled,1,1,8
urn:lsid:dyntaxa.se:Taxon:1651,Verbascum densiflorum,species,EN,Scrophulariaceae,Lamiales,Threatened - Poorly Sampled,1,1,3
urn:lsid:dyntaxa.se:Taxon:1651,Verbascum densiflorum,species,EN,Scrophulariaceae,Lamiales,Threatened - Poorly Sampled,1,1,11
urn:lsid:dyntaxa.se:Taxon:1651,Verbascum densiflorum,species,EN,Scrophulariaceae,Lamiales,Threatened - Poorly Sampled,1,1,7
urn:lsid:dyntaxa.se:Taxon:1651,Verbascum densiflorum,species,EN,Scrophulariaceae,Lamiales,Threatened - Poorly Sampled,1,1,4
urn:lsid:dyntaxa.se:Taxon:1655,Veronica praecox,species,EN,Plantaginaceae,Lamiales,Threatened - Poorly Sampled,1,1,853
urn:lsid:dyntaxa.se:Taxon:1658,Vicia dumetorum,species,EN,Fabaceae,Fabales,Threatened - Poorly Sampled,1,1,1319
urn:lsid:dyntaxa.se:Taxon:1659,Vicia pisiformis,species,EN,Fabaceae,Fabales,Threatened - Poorly Sampled,1,1,1126
urn:lsid:dyntaxa.se:Taxon:1663,Viola elatior,species,EN,Violaceae,Malpighiales,Threatened - Poorly Sampled,1,1,835
urn:lsid:dyntaxa.se:Taxon:1663,Viola elatior,species,EN,Violaceae,Malpighiales,Threatened - Poorly Sampled,1,1,2
urn:lsid:dyntaxa.se:Taxon:1663,Viola elatior,species,EN,Violaceae,Malpighiales,Threatened - Poorly Sampled,1,1,31
urn:lsid:dyntaxa.se:Taxon:1663,Viola elatior,species,EN,Violaceae,Malpighiales,Threatened - Poorly Sampled,1,1,27
urn:lsid:dyntaxa.se:Taxon:1663,Viola elatior,species,EN,Violaceae,Malpighiales,Threatened - Poorly Sampled,1,1,14
urn:lsid:dyntaxa.se:Taxon:100005,Vulpes lagopus,species,EN,Canidae,Carnivora,Threatened - Poorly Sampled,1,1,31
urn:lsid:dyntaxa.se:Taxon:1671,Vulpia bromoides,species,EN,Poaceae,Poales,Threatened - Not in GBIF,,,
urn:lsid:dyntaxa.se:Taxon:1647,Weissia rostellata,species,EN,Pottiaceae,Pottiales,Threatened - Poorly Sampled,1,1,11
urn:lsid:dyntaxa.se:Taxon:101975,Xanthochilus quadratus,species,EN,Rhyparochromidae,Hemiptera,Threatened - Poorly Sampled,1,1,37
urn:lsid:dyntaxa.se:Taxon:245509,Xerocomus moravicus,species,EN,Boletaceae,Boletales,Threatened - Not in GBIF,,,
urn:lsid:dyntaxa.se:Taxon:102514,Xestia atrata,species,EN,Noctuidae,Lepidoptera,Threatened - Poorly Sampled,1,1,2
urn:lsid:dyntaxa.se:Taxon:101981,Xestia borealis,species,EN,Noctuidae,Lepidoptera,Threatened - Poorly Sampled,1,1,67
urn:lsid:dyntaxa.se:Taxon:101985,Xestia sincera,species,EN,Noctuidae,Lepidoptera,Threatened - Poorly Sampled,1,1,65
urn:lsid:dyntaxa.se:Taxon:2074,Xylaria corniformis,species,EN,Xylariaceae,Xylariales,Threatened - Poorly Sampled,1,1,20
urn:lsid:dyntaxa.se:Taxon:101990,Xyletinus laticollis,species,EN,Ptinidae,Coleoptera,Threatened - Poorly Sampled,1,1,10
urn:lsid:dyntaxa.se:Taxon:101797,Xylomya czekanovskii,species,EN,Xylomyidae,Diptera,Threatened - Poorly Sampled,1,1,111
urn:lsid:dyntaxa.se:Taxon:101999,Xylomya maculata,species,EN,Xylomyidae,Diptera,Threatened - Poorly Sampled,1,1,30
urn:lsid:dyntaxa.se:Taxon:102002,Xylophagus inermis,species,EN,Xylophagidae,Diptera,Threatened - Poorly Sampled,1,1,10
urn:lsid:dyntaxa.se:Taxon:102007,Xystophora carchariella,species,EN,Gelechiidae,Lepidoptera,Threatened - Poorly Sampled,1,1,27
urn:lsid:dyntaxa.se:Taxon:100885,Zavaljus brunneus,species,EN,Erotylidae,Coleoptera,Threatened - Poorly Sampled,1,1,34
urn:lsid:dyntaxa.se:Taxon:1956,Zostera angustifolia,species,EN,Zosteraceae,Alismatales,Threatened - Poorly Sampled,1,1,102
urn:lsid:dyntaxa.se:Taxon:249011,Abia sericea,species,NT,Cimbicidae,Hymenoptera,Threatened - Poorly Sampled,1,1,23
urn:lsid:dyntaxa.se:Taxon:100149,Abraeus granulum,species,NT,Histeridae,Coleoptera,Threatened - Poorly Sampled,1,1,126
urn:lsid:dyntaxa.se:Taxon:213487,Acalles misellus,species,NT,Curculionidae,Coleoptera,Threatened - Poorly Sampled,1,1,94
urn:lsid:dyntaxa.se:Taxon:102916,Acanthochitona crinita,species,NT,Acanthochitonidae,Chitonida,Threatened - Poorly Sampled,1,1,14
urn:lsid:dyntaxa.se:Taxon:100155,Acanthocinus griseus,species,NT,Cerambycidae,Coleoptera,Threatened - Poorly Sampled,1,1,533
urn:lsid:dyntaxa.se:Taxon:218621,Acartauchenius scurrilis,species,NT,Linyphiidae,Araneae,Threatened - Poorly Sampled,1,1,35
urn:lsid:dyntaxa.se:Taxon:100001,Accipiter gentilis,species,NT,Accipitridae,Accipitriformes,Threatened - Poorly Sampled,1,1,15383
urn:lsid:dyntaxa.se:Taxon:250187,Achalcus bimaculatus,species,NT,Dolichopodidae,Diptera,Threatened - Poorly Sampled,1,1,9
urn:lsid:dyntaxa.se:Taxon:100158,Achenium humile,species,NT,Staphylinidae,Coleoptera,Threatened - Poorly Sampled,1,1,44
urn:lsid:dyntaxa.se:Taxon:100160,Acleris obtusana,species,NT,Tortricidae,Lepidoptera,Threatened - Poorly Sampled,1,1,26
urn:lsid:dyntaxa.se:Taxon:102360,Acleris roscidana,species,NT,Tortricidae,Lepidoptera,Threatened - Poorly Sampled,1,1,286
urn:lsid:dyntaxa.se:Taxon:102361,Acleris schalleriana,species,NT,Tortricidae,Lepidoptera,Threatened - Poorly Sampled,1,1,53
urn:lsid:dyntaxa.se:Taxon:100165,Acmaeops septentrionis,species,NT,Cerambycidae,Coleoptera,Threatened - Poorly Sampled,1,1,17
urn:lsid:dyntaxa.se:Taxon:101166,Acossus terebra,species,NT,Cossidae,Lepidoptera,Threatened - Poorly Sampled,1,1,404
urn:lsid:dyntaxa.se:Taxon:100167,Acrobasis sodalella,species,NT,Pyralidae,Lepidoptera,Threatened - Poorly Sampled,1,1,111
urn:lsid:dyntaxa.se:Taxon:102364,Acrobasis tumidana,species,NT,Pyralidae,Lepidoptera,Threatened - Poorly Sampled,1,1,147
urn:lsid:dyntaxa.se:Taxon:100003,Acrocephalus arundinaceus,species,NT,Acrocephalidae,Passeriformes,Threatened - Poorly Sampled,1,1,61905
urn:lsid:dyntaxa.se:Taxon:103077,Acrocephalus dumetorum,species,NT,Acrocephalidae,Passeriformes,Threatened - Poorly Sampled,1,1,32772
urn:lsid:dyntaxa.se:Taxon:103006,Acrocephalus scirpaceus,species,NT,Acrocephalidae,Passeriformes,Threatened - Poorly Sampled,1,1,573996
urn:lsid:dyntaxa.se:Taxon:100332,Acrossus luridus,species,NT,Scarabaeidae,Coleoptera,Threatened - Poorly Sampled,1,1,236
urn:lsid:dyntaxa.se:Taxon:8,Actaea erythrocarpa,species,NT,Ranunculaceae,Ranunculales,Threatened - Poorly Sampled,1,1,104
urn:lsid:dyntaxa.se:Taxon:8,Actaea erythrocarpa,species,NT,Ranunculaceae,Ranunculales,Threatened - Poorly Sampled,1,1,21
urn:lsid:dyntaxa.se:Taxon:241090,Actinoptera discoidea,species,NT,Tephritidae,Diptera,Threatened - Poorly Sampled,1,1,122
urn:lsid:dyntaxa.se:Taxon:102961,Actitis hypoleucos,species,NT,Scolopacidae,Charadriiformes,Threatened - Poorly Sampled,1,1,377960
urn:lsid:dyntaxa.se:Taxon:102152,Aderus populneus,species,NT,Aderidae,Coleoptera,Threatened - Poorly Sampled,1,1,283
urn:lsid:dyntaxa.se:Taxon:9,Adonis vernalis,species,NT,Ranunculaceae,Ranunculales,Threatened - Poorly Sampled,1,1,2112
urn:lsid:dyntaxa.se:Taxon:222776,Adoxa moschatellina,species,NT,Adoxaceae,Dipsacales,Threatened - Poorly Sampled,1,1,7476
urn:lsid:dyntaxa.se:Taxon:102366,Adscita statices,species,NT,Zygaenidae,Lepidoptera,Threatened - Poorly Sampled,1,1,10643
urn:lsid:dyntaxa.se:Taxon:100179,Aeletes atomarius,species,NT,Histeridae,Coleoptera,Threatened - Poorly Sampled,1,1,67
urn:lsid:dyntaxa.se:Taxon:100183,Aepus marinus,species,NT,Carabidae,Coleoptera,Threatened - Poorly Sampled,1,1,35
urn:lsid:dyntaxa.se:Taxon:102367,Aethes fennicana,species,NT,Tortricidae,Lepidoptera,Threatened - Poorly Sampled,1,1,16
urn:lsid:dyntaxa.se:Taxon:100191,Agaricochara latissima,species,NT,Staphylinidae,Coleoptera,Threatened - Poorly Sampled,1,1,48
urn:lsid:dyntaxa.se:Taxon:100192,Agaricophagus cephalotes,species,NT,Leiodidae,Coleoptera,Threatened - Poorly Sampled,1,1,26
urn:lsid:dyntaxa.se:Taxon:2919,Agaricus cupreobrunneus,species,NT,Agaricaceae,Agaricales,Threatened - Poorly Sampled,1,1,72
urn:lsid:dyntaxa.se:Taxon:2927,Agaricus lanipes,species,NT,Agaricaceae,Agaricales,Threatened - Poorly Sampled,1,1,36
urn:lsid:dyntaxa.se:Taxon:2942,Agaricus litoralis,species,NT,Agaricaceae,Agaricales,Threatened - Poorly Sampled,1,1,210
urn:lsid:dyntaxa.se:Taxon:100194,Agathidium haemorrhoum,species,NT,Leiodidae,Coleoptera,Threatened - Poorly Sampled,1,1,40
urn:lsid:dyntaxa.se:Taxon:240274,Agathomyia zetterstedti,species,NT,Platypezidae,Diptera,Threatened - Poorly Sampled,1,1,5
urn:lsid:dyntaxa.se:Taxon:100201,Agenioideus sericeus,species,NT,Pompilidae,Hymenoptera,Threatened - Poorly Sampled,1,1,41
urn:lsid:dyntaxa.se:Taxon:100837,Aglaoapis tridentata,species,NT,Megachilidae,Hymenoptera,Threatened - Poorly Sampled,1,1,132
urn:lsid:dyntaxa.se:Taxon:102486,Agnoea subochreella,species,NT,Lypusidae,Lepidoptera,Threatened - Poorly Sampled,1,1,16
urn:lsid:dyntaxa.se:Taxon:1766,Agonimia allobata,species,NT,Verrucariaceae,Verrucariales,Threatened - Poorly Sampled,1,1,451
urn:lsid:dyntaxa.se:Taxon:214254,Agonopterix alstromeriana,species,NT,Depressariidae,Lepidoptera,Threatened - Poorly Sampled,1,1,247
urn:lsid:dyntaxa.se:Taxon:100203,Agonopterix astrantiae,species,NT,Depressariidae,Lepidoptera,Threatened - Poorly Sampled,1,1,56
urn:lsid:dyntaxa.se:Taxon:214277,Agonopterix capreolella,species,NT,Depressariidae,Lepidoptera,Threatened - Poorly Sampled,1,1,31
urn:lsid:dyntaxa.se:Taxon:102372,Agonopterix quadripunctata,species,NT,Depressariidae,Lepidoptera,Threatened - Poorly Sampled,1,1,50
urn:lsid:dyntaxa.se:Taxon:102373,Agonopterix scopariella,species,NT,Depressariidae,Lepidoptera,Threatened - Poorly Sampled,1,1,166
urn:lsid:dyntaxa.se:Taxon:214273,Agonopterix yeatiana,species,NT,Depressariidae,Lepidoptera,Threatened - Poorly Sampled,1,1,101
urn:lsid:dyntaxa.se:Taxon:100219,Agrilus guerini,species,NT,Buprestidae,Coleoptera,Threatened - Not in GBIF,,,
urn:lsid:dyntaxa.se:Taxon:102159,Agrilus laticornis,species,NT,Buprestidae,Coleoptera,Threatened - Poorly Sampled,1,1,160
urn:lsid:dyntaxa.se:Taxon:100221,Agrilus olivicolor,species,NT,Buprestidae,Coleoptera,Threatened - Poorly Sampled,1,1,158
urn:lsid:dyntaxa.se:Taxon:216047,Agrochola lychnidis,species,NT,Noctuidae,Lepidoptera,Threatened - Poorly Sampled,1,1,479
urn:lsid:dyntaxa.se:Taxon:1957,Agrocybe firma,species,NT,Strophariaceae,Agaricales,Threatened - Poorly Sampled,1,1,6
urn:lsid:dyntaxa.se:Taxon:16,Aira caryophyllea,species,NT,Poaceae,Poales,Threatened - Poorly Sampled,1,1,2444
urn:lsid:dyntaxa.se:Taxon:1848,Alchemilla borealis,species,NT,Rosaceae,Rosales,Threatened - Poorly Sampled,1,1,72
urn:lsid:dyntaxa.se:Taxon:1849,Alchemilla taernaënsis,species,NT,Rosaceae,Rosales,Threatened - Not in GBIF,,,
urn:lsid:dyntaxa.se:Taxon:6425,Alectoria sarmentosa,species,NT,Parmeliaceae,Lecanorales,Threatened - Poorly Sampled,1,1,139280
urn:lsid:dyntaxa.se:Taxon:104623,Aleochara binotata,species,NT,Staphylinidae,Coleoptera,Threatened - Poorly Sampled,1,1,78
urn:lsid:dyntaxa.se:Taxon:104620,Aleochara laevigata,species,NT,Staphylinidae,Coleoptera,Threatened - Poorly Sampled,1,1,39
urn:lsid:dyntaxa.se:Taxon:100232,Aleochara lygaea,species,NT,Staphylinidae,Coleoptera,Threatened - Poorly Sampled,1,1,6
urn:lsid:dyntaxa.se:Taxon:100233,Aleochara spissicornis,species,NT,Staphylinidae,Coleoptera,Threatened - Poorly Sampled,1,1,12
urn:lsid:dyntaxa.se:Taxon:104624,Aleochara verna,species,NT,Staphylinidae,Coleoptera,Threatened - Poorly Sampled,1,1,58
urn:lsid:dyntaxa.se:Taxon:100234,Alevonota gracilenta,species,NT,Staphylinidae,Coleoptera,Threatened - Poorly Sampled,1,1,16
urn:lsid:dyntaxa.se:Taxon:100452,Alinda biplicata,species,NT,Clausiliidae,Stylommatophora,Threatened - Poorly Sampled,1,1,136
urn:lsid:dyntaxa.se:Taxon:30,Alisma wahlenbergii,species,NT,Alismataceae,Alismatales,Threatened - Poorly Sampled,1,1,1251
urn:lsid:dyntaxa.se:Taxon:227448,Alkmaria romijni,species,NT,Ampharetidae,Terebellida,Threatened - Poorly Sampled,1,1,1
urn:lsid:dyntaxa.se:Taxon:100236,Allecula morio,species,NT,Tenebrionidae,Coleoptera,Threatened - Poorly Sampled,1,1,569
urn:lsid:dyntaxa.se:Taxon:31,Allium carinatum,species,NT,Amaryllidaceae,Asparagales,Threatened - Poorly Sampled,1,1,566
urn:lsid:dyntaxa.se:Taxon:3277,Alloclavaria purpurea,species,NT,Rickenellaceae,Hymenochaetales,Threatened - Poorly Sampled,1,1,1267
urn:lsid:dyntaxa.se:Taxon:234868,Allygus maculatus,species,NT,Cicadellidae,Hemiptera,Threatened - Poorly Sampled,1,1,29
urn:lsid:dyntaxa.se:Taxon:1851,Alopecurus pratensis subsp. alpestris,subspecies,NT,Poaceae,Poales,Threatened - Poorly Sampled,1,1,20178
urn:lsid:dyntaxa.se:Taxon:1852,Alyssum alyssoides,species,NT,Brassicaceae,Brassicales,Threatened - Poorly Sampled,1,1,4720
urn:lsid:dyntaxa.se:Taxon:1116,Alyxoria ochrocheila,species,NT,Lecanographaceae,Arthoniales,Threatened - Poorly Sampled,1,1,1788
urn:lsid:dyntaxa.se:Taxon:37,Amanita ceciliae,species,NT,Amanitaceae,Agaricales,Threatened - Poorly Sampled,1,1,1218
urn:lsid:dyntaxa.se:Taxon:39,Amanita friabilis,species,NT,Amanitaceae,Agaricales,Threatened - Poorly Sampled,1,1,113
urn:lsid:dyntaxa.se:Taxon:2975,Amanita lividopallescens,species,NT,Amanitaceae,Agaricales,Threatened - Poorly Sampled,1,1,189
urn:lsid:dyntaxa.se:Taxon:2975,Amanita lividopallescens,species,NT,Amanitaceae,Agaricales,Threatened - Poorly Sampled,1,1,6
urn:lsid:dyntaxa.se:Taxon:41,Amanita strobiliformis,species,NT,Amanitaceae,Agaricales,Threatened - Poorly Sampled,1,1,51
urn:lsid:dyntaxa.se:Taxon:102163,Amara infima,species,NT,Carabidae,Coleoptera,Threatened - Poorly Sampled,1,1,116
urn:lsid:dyntaxa.se:Taxon:100251,Amaurobius ferox,species,NT,Amaurobiidae,Araneae,Threatened - Poorly Sampled,1,1,85
urn:lsid:dyntaxa.se:Taxon:100254,Amblytylus albidus,species,NT,Miridae,Hemiptera,Threatened - Poorly Sampled,1,1,108
urn:lsid:dyntaxa.se:Taxon:100258,Amiota flavopruinosa,species,NT,Drosophilidae,Diptera,Threatened - Poorly Sampled,1,1,5
urn:lsid:dyntaxa.se:Taxon:240437,Amiota rufescens,species,NT,Drosophilidae,Diptera,Threatened - Poorly Sampled,1,1,1
urn:lsid:dyntaxa.se:Taxon:240438,Amiota subtusradiata,species,NT,Drosophilidae,Diptera,Threatened - Poorly Sampled,1,1,3
urn:lsid:dyntaxa.se:Taxon:100260,Ampedus cardinalis,species,NT,Elateridae,Coleoptera,Threatened - Poorly Sampled,1,1,304
urn:lsid:dyntaxa.se:Taxon:100267,Ampedus praeustus,species,NT,Elateridae,Coleoptera,Threatened - Poorly Sampled,1,1,213
urn:lsid:dyntaxa.se:Taxon:100269,Ampedus sanguinolentus,species,NT,Elateridae,Coleoptera,Threatened - Poorly Sampled,1,1,353
urn:lsid:dyntaxa.se:Taxon:233381,Ampelisca macrocephala,species,NT,Ampeliscidae,Amphipoda,Threatened - Poorly Sampled,1,1,91
urn:lsid:dyntaxa.se:Taxon:233382,Ampelisca pusilla,species,NT,Ampeliscidae,Amphipoda,Threatened - Poorly Sampled,1,1,11
urn:lsid:dyntaxa.se:Taxon:233383,Ampelisca spinipes,species,NT,Ampeliscidae,Amphipoda,Threatened - Poorly Sampled,1,1,30
urn:lsid:dyntaxa.se:Taxon:234284,Ampelisca typica,species,NT,Ampeliscidae,Amphipoda,Threatened - Poorly Sampled,1,1,51
urn:lsid:dyntaxa.se:Taxon:102166,Amphicyllis globiformis,species,NT,Leiodidae,Coleoptera,Threatened - Poorly Sampled,1,1,84
urn:lsid:dyntaxa.se:Taxon:102866,Amphilepis norvegica,species,NT,Amphilepididae,Ophiurida,Threatened - Poorly Sampled,1,1,115
urn:lsid:dyntaxa.se:Taxon:216123,Amphipoea crinanensis,species,NT,Noctuidae,Lepidoptera,Threatened - Poorly Sampled,1,1,417
urn:lsid:dyntaxa.se:Taxon:100272,Amphotis marginata,species,NT,Nitidulidae,Coleoptera,Threatened - Poorly Sampled,1,1,183
urn:lsid:dyntaxa.se:Taxon:100276,Anaglyptus mysticus,species,NT,Cerambycidae,Coleoptera,Threatened - Poorly Sampled,1,1,1367
urn:lsid:dyntaxa.se:Taxon:54,Anastrophyllum michauxii,species,NT,Anastrophyllaceae,Jungermanniales,Threatened - Poorly Sampled,1,1,918
urn:lsid:dyntaxa.se:Taxon:232887,Ancistrocerus gazella,species,NT,Vespidae,Hymenoptera,Threatened - Poorly Sampled,1,1,107
urn:lsid:dyntaxa.se:Taxon:100278,Ancistronycha tigurina,species,NT,Cantharidae,Coleoptera,Threatened - Poorly Sampled,1,1,200
urn:lsid:dyntaxa.se:Taxon:100280,Ancylis paludana,species,NT,Tortricidae,Lepidoptera,Threatened - Poorly Sampled,1,1,56
urn:lsid:dyntaxa.se:Taxon:215153,Ancylis upupana,species,NT,Tortricidae,Lepidoptera,Threatened - Poorly Sampled,1,1,44
urn:lsid:dyntaxa.se:Taxon:2859,Andreaea blyttii,species,NT,Andreaeaceae,Andreaeales,Threatened - Poorly Sampled,1,1,213
urn:lsid:dyntaxa.se:Taxon:103115,Andrena alfkenella,species,NT,Andrenidae,Hymenoptera,Threatened - Poorly Sampled,1,1,250
urn:lsid:dyntaxa.se:Taxon:100284,Andrena curvungula,species,NT,Andrenidae,Hymenoptera,Threatened - Poorly Sampled,1,1,170
urn:lsid:dyntaxa.se:Taxon:102669,Andrena labialis,species,NT,Andrenidae,Hymenoptera,Threatened - Poorly Sampled,1,1,235
urn:lsid:dyntaxa.se:Taxon:102671,Andrena marginata,species,NT,Andrenidae,Hymenoptera,Threatened - Poorly Sampled,1,1,2629
urn:lsid:dyntaxa.se:Taxon:100296,Anitys rubens,species,NT,Ptinidae,Coleoptera,Threatened - Poorly Sampled,1,1,113
urn:lsid:dyntaxa.se:Taxon:105069,Anomala dubia,species,NT,Scarabaeidae,Coleoptera,Threatened - Poorly Sampled,1,1,274
urn:lsid:dyntaxa.se:Taxon:1962,Anomoporia kamtschatica,species,NT,Amylocorticiaceae,Amylocorticiales,Threatened - Poorly Sampled,1,1,5546
urn:lsid:dyntaxa.se:Taxon:100300,Anoplius aeruginosus,species,NT,Pompilidae,Hymenoptera,Threatened - Not in GBIF,,,
urn:lsid:dyntaxa.se:Taxon:248749,Anoplius alpinobalticus,species,NT,Pompilidae,Hymenoptera,Threatened - Poorly Sampled,1,1,1
urn:lsid:dyntaxa.se:Taxon:100304,Anoplodera sexguttata,species,NT,Cerambycidae,Coleoptera,Threatened - Poorly Sampled,1,1,709
urn:lsid:dyntaxa.se:Taxon:104488,Anotylus nitidulus,species,NT,Staphylinidae,Coleoptera,Threatened - Poorly Sampled,1,1,295
urn:lsid:dyntaxa.se:Taxon:1854,Antennaria alpina subsp. porsildii,subspecies,NT,Asteraceae,Asterales,Threatened - Poorly Sampled,1,1,1603
urn:lsid:dyntaxa.se:Taxon:1855,Anthemis arvensis,species,NT,Asteraceae,Asterales,Threatened - Poorly Sampled,1,1,7672
urn:lsid:dyntaxa.se:Taxon:1855,Anthemis arvensis,species,NT,Asteraceae,Asterales,Threatened - Poorly Sampled,1,1,3
urn:lsid:dyntaxa.se:Taxon:1855,Anthemis arvensis,species,NT,Asteraceae,Asterales,Threatened - Poorly Sampled,1,1,13
urn:lsid:dyntaxa.se:Taxon:100309,Anthicus bimaculatus,species,NT,Anthicidae,Coleoptera,Threatened - Poorly Sampled,1,1,104
urn:lsid:dyntaxa.se:Taxon:100312,Anthicus sellatus,species,NT,Anthicidae,Coleoptera,Threatened - Poorly Sampled,1,1,121
urn:lsid:dyntaxa.se:Taxon:102690,Anthophora retusa,species,NT,Apidae,Hymenoptera,Threatened - Poorly Sampled,1,1,3193
urn:lsid:dyntaxa.se:Taxon:102099,Anthrax trifasciatus,species,NT,Bombyliidae,Diptera,Threatened - Poorly Sampled,1,1,133
urn:lsid:dyntaxa.se:Taxon:100320,Anthrenochernes stellae,species,NT,Chernetidae,Pseudoscorpiones,Threatened - Poorly Sampled,1,1,46
urn:lsid:dyntaxa.se:Taxon:1963,Antrodia macra,species,NT,Fomitopsidaceae,Polyporales,Threatened - Poorly Sampled,1,1,169
urn:lsid:dyntaxa.se:Taxon:216100,Apamea anceps,species,NT,Noctuidae,Lepidoptera,Threatened - Poorly Sampled,1,1,311
urn:lsid:dyntaxa.se:Taxon:206390,Apatania muliebris,species,NT,Apataniidae,Trichoptera,Threatened - Poorly Sampled,1,1,13
urn:lsid:dyntaxa.se:Taxon:1856,Apera interrupta,species,NT,Poaceae,Poales,Threatened - Poorly Sampled,1,1,438
urn:lsid:dyntaxa.se:Taxon:222223,Apera spica-venti,species,NT,Poaceae,Poales,Threatened - Poorly Sampled,1,1,4375
urn:lsid:dyntaxa.se:Taxon:1707,Aphanes australis,species,NT,Rosaceae,Rosales,Threatened - Poorly Sampled,1,1,1105
urn:lsid:dyntaxa.se:Taxon:100342,Aphthona violacea,species,NT,Chrysomelidae,Coleoptera,Threatened - Poorly Sampled,1,1,70
urn:lsid:dyntaxa.se:Taxon:102380,Aplota palpella,species,NT,Oecophoridae,Lepidoptera,Threatened - Poorly Sampled,1,1,18
urn:lsid:dyntaxa.se:Taxon:225475,Apocheiridium ferum,species,NT,Cheiridiidae,Pseudoscorpiones,Threatened - Poorly Sampled,1,1,2
urn:lsid:dyntaxa.se:Taxon:100370,Apomyelois bistriatella,species,NT,Pyralidae,Lepidoptera,Threatened - Poorly Sampled,1,1,262
urn:lsid:dyntaxa.se:Taxon:100011,Aquila chrysaetos,species,NT,Accipitridae,Accipitriformes,Threatened - Poorly Sampled,1,1,110032
urn:lsid:dyntaxa.se:Taxon:102643,Arachnospila consobrina,species,NT,Pompilidae,Hymenoptera,Threatened - Poorly Sampled,1,1,46
urn:lsid:dyntaxa.se:Taxon:102644,Arachnospila westerlundi,species,NT,Pompilidae,Hymenoptera,Threatened - Not in GBIF,,,
urn:lsid:dyntaxa.se:Taxon:100381,Aradus bimaculatus,species,NT,Aradidae,Hemiptera,Threatened - Poorly Sampled,1,1,27
urn:lsid:dyntaxa.se:Taxon:100388,Araneus angulatus,species,NT,Araneidae,Araneae,Threatened - Poorly Sampled,1,1,258
urn:lsid:dyntaxa.se:Taxon:100390,Araneus saevus,species,NT,Araneidae,Araneae,Threatened - Poorly Sampled,1,1,65
urn:lsid:dyntaxa.se:Taxon:102571,Araniella inconspicua,species,NT,Araneidae,Araneae,Threatened - Poorly Sampled,1,1,5
urn:lsid:dyntaxa.se:Taxon:2140,Arctoa fulvella,species,NT,Rhabdoweisiaceae,Dicranales,Threatened - Poorly Sampled,1,1,178
urn:lsid:dyntaxa.se:Taxon:2141,Arctoa hyperborea,species,NT,Rhabdoweisiaceae,Dicranales,Threatened - Poorly Sampled,1,1,138
urn:lsid:dyntaxa.se:Taxon:100396,Arctosa figurata,species,NT,Lycosidae,Araneae,Threatened - Poorly Sampled,1,1,32
urn:lsid:dyntaxa.se:Taxon:1857,Arenaria gothica,species,NT,Caryophyllaceae,Caryophyllales,Threatened - Poorly Sampled,1,1,802
urn:lsid:dyntaxa.se:Taxon:84,Arenaria humifusa,species,NT,Caryophyllaceae,Caryophyllales,Threatened - Poorly Sampled,1,1,343
urn:lsid:dyntaxa.se:Taxon:84,Arenaria humifusa,species,NT,Caryophyllaceae,Caryophyllales,Threatened - Poorly Sampled,1,1,8
urn:lsid:dyntaxa.se:Taxon:1858,Arenaria norvegica,species,NT,Caryophyllaceae,Caryophyllales,Threatened - Poorly Sampled,1,1,337
urn:lsid:dyntaxa.se:Taxon:239927,Argyra loewi,species,NT,Dolichopodidae,Diptera,Threatened - Not in GBIF,,,
urn:lsid:dyntaxa.se:Taxon:214599,Aristotelia heliacella,species,NT,Gelechiidae,Lepidoptera,Threatened - Poorly Sampled,1,1,59
urn:lsid:dyntaxa.se:Taxon:100401,Armadillidium opacum,species,NT,Armadillidiidae,Isopoda,Threatened - Poorly Sampled,1,1,127
urn:lsid:dyntaxa.se:Taxon:1861,Arnica angustifolia,species,NT,Asteraceae,Asterales,Threatened - Poorly Sampled,1,1,254
urn:lsid:dyntaxa.se:Taxon:96,Arthonia helvola,species,NT,Arthoniaceae,Arthoniales,Threatened - Poorly Sampled,1,1,185
urn:lsid:dyntaxa.se:Taxon:366,Artomyces pyxidatus,species,NT,Auriscalpiaceae,Russulales,Threatened - Poorly Sampled,1,1,7059
urn:lsid:dyntaxa.se:Taxon:100404,Asciodema obsoleta,species,NT,Miridae,Hemiptera,Threatened - Poorly Sampled,1,1,13
urn:lsid:dyntaxa.se:Taxon:107,Ascocoryne turficola,species,NT,Gelatinodiscaceae,Helotiales,Threatened - Poorly Sampled,1,1,38
urn:lsid:dyntaxa.se:Taxon:102975,Asio otus,species,NT,Strigidae,Strigiformes,Threatened - Poorly Sampled,1,1,96448
urn:lsid:dyntaxa.se:Taxon:109,Asperugo procumbens,species,NT,Boraginaceae,Boraginales,Threatened - Poorly Sampled,1,1,2717
urn:lsid:dyntaxa.se:Taxon:110,Asplenium adiantum-nigrum,species,NT,Aspleniaceae,Polypodiales,Threatened - Poorly Sampled,1,1,492
urn:lsid:dyntaxa.se:Taxon:102648,Astata minor,species,NT,Crabronidae,Hymenoptera,Threatened - Poorly Sampled,1,1,104
urn:lsid:dyntaxa.se:Taxon:112,Asterodon ferruginosus,species,NT,Hymenochaetaceae,Hymenochaetales,Threatened - Poorly Sampled,1,1,4210
urn:lsid:dyntaxa.se:Taxon:3079,Athelia subovata,species,NT,Atheliaceae,Atheliales,Threatened - Poorly Sampled,1,1,8
urn:lsid:dyntaxa.se:Taxon:101506,Atheta laticeps,species,NT,Staphylinidae,Coleoptera,Threatened - Poorly Sampled,1,1,60
urn:lsid:dyntaxa.se:Taxon:102160,Atheta pandionis,species,NT,Staphylinidae,Coleoptera,Threatened - Poorly Sampled,1,1,3
urn:lsid:dyntaxa.se:Taxon:101540,Atheta ripicola,species,NT,Staphylinidae,Coleoptera,Threatened - Poorly Sampled,1,1,24
urn:lsid:dyntaxa.se:Taxon:104817,Atheta subsinuata,species,NT,Staphylinidae,Coleoptera,Threatened - Poorly Sampled,1,1,88
urn:lsid:dyntaxa.se:Taxon:101417,Atheta taxiceroides,species,NT,Staphylinidae,Coleoptera,Threatened - Poorly Sampled,1,1,13
urn:lsid:dyntaxa.se:Taxon:216016,Athetis gluteosa,species,NT,Noctuidae,Lepidoptera,Threatened - Poorly Sampled,1,1,222
urn:lsid:dyntaxa.se:Taxon:216017,Athetis pallustris,species,NT,Noctuidae,Lepidoptera,Threatened - Poorly Sampled,1,1,480
urn:lsid:dyntaxa.se:Taxon:6002970,Atomaria affinis,species,NT,Cryptophagidae,Coleoptera,Threatened - Poorly Sampled,1,1,92
urn:lsid:dyntaxa.se:Taxon:100421,Atomaria alpina,species,NT,Cryptophagidae,Coleoptera,Threatened - Poorly Sampled,1,1,114
urn:lsid:dyntaxa.se:Taxon:100429,Atomaria badia,species,NT,Cryptophagidae,Coleoptera,Threatened - Poorly Sampled,1,1,138
urn:lsid:dyntaxa.se:Taxon:100422,Atomaria diluta,species,NT,Cryptophagidae,Coleoptera,Threatened - Poorly Sampled,1,1,40
urn:lsid:dyntaxa.se:Taxon:100423,Atomaria elongatula,species,NT,Cryptophagidae,Coleoptera,Threatened - Poorly Sampled,1,1,21
urn:lsid:dyntaxa.se:Taxon:105556,Atomaria fulvipennis,species,NT,Cryptophagidae,Coleoptera,Threatened - Poorly Sampled,1,1,19
urn:lsid:dyntaxa.se:Taxon:100424,Atomaria lapponica,species,NT,Cryptophagidae,Coleoptera,Threatened - Poorly Sampled,1,1,14
urn:lsid:dyntaxa.se:Taxon:102384,Atralata albofascialis,species,NT,Crambidae,Lepidoptera,Threatened - Poorly Sampled,1,1,82
urn:lsid:dyntaxa.se:Taxon:2393,Aulacomnium turgidum,species,NT,Aulacomniaceae,Bryales,Threatened - Poorly Sampled,1,1,384
urn:lsid:dyntaxa.se:Taxon:3086,Auricularia mesenterica,species,NT,"Auriculariales, genera incertae sedis",Auriculariales,Threatened - Poorly Sampled,1,1,4404
urn:lsid:dyntaxa.se:Taxon:257107,Bacidia rosellizans,species,NT,Ramalinaceae,Lecanorales,Threatened - Poorly Sampled,1,1,36
urn:lsid:dyntaxa.se:Taxon:132,Bacidina phacodes,species,NT,Ramalinaceae,Lecanorales,Threatened - Poorly Sampled,1,1,902
urn:lsid:dyntaxa.se:Taxon:100437,Bacotia claustrella,species,NT,Psychidae,Lepidoptera,Threatened - Poorly Sampled,1,1,87
urn:lsid:dyntaxa.se:Taxon:100438,Bactra suedana,species,NT,Tortricidae,Lepidoptera,Threatened - Poorly Sampled,1,1,19
urn:lsid:dyntaxa.se:Taxon:137,Bactrospora corticola,species,NT,"Arthoniales, genera incertae sedis",Arthoniales,Threatened - Poorly Sampled,1,1,1735
urn:lsid:dyntaxa.se:Taxon:225948,Baetis liebenauae,species,NT,Baetidae,Ephemeroptera,Threatened - Poorly Sampled,1,1,48
urn:lsid:dyntaxa.se:Taxon:100444,Bagous binodulus,species,NT,Curculionidae,Coleoptera,Threatened - Poorly Sampled,1,1,151
urn:lsid:dyntaxa.se:Taxon:102707,Bagous claudicans,species,NT,Curculionidae,Coleoptera,Threatened - Poorly Sampled,1,1,19
urn:lsid:dyntaxa.se:Taxon:100448,Bagous czwalinai,species,NT,Curculionidae,Coleoptera,Threatened - Poorly Sampled,1,1,24
urn:lsid:dyntaxa.se:Taxon:100447,Bagous diglyptus,species,NT,Curculionidae,Coleoptera,Threatened - Poorly Sampled,1,1,178
urn:lsid:dyntaxa.se:Taxon:106424,Bagous limosus,species,NT,Curculionidae,Coleoptera,Threatened - Poorly Sampled,1,1,76
urn:lsid:dyntaxa.se:Taxon:100449,Bagous longitarsis,species,NT,Curculionidae,Coleoptera,Threatened - Poorly Sampled,1,1,25
urn:lsid:dyntaxa.se:Taxon:106426,Bagous lutosus,species,NT,Curculionidae,Coleoptera,Threatened - Poorly Sampled,1,1,215
urn:lsid:dyntaxa.se:Taxon:102189,Bagous lutulosus,species,NT,Curculionidae,Coleoptera,Threatened - Poorly Sampled,1,1,44
urn:lsid:dyntaxa.se:Taxon:102190,Bagous petro,species,NT,Curculionidae,Coleoptera,Threatened - Poorly Sampled,1,1,45
urn:lsid:dyntaxa.se:Taxon:102706,Bagous robustus,species,NT,Curculionidae,Coleoptera,Threatened - Poorly Sampled,1,1,10
urn:lsid:dyntaxa.se:Taxon:3100,Bankera fuligineoalba,species,NT,Bankeraceae,Thelephorales,Threatened - Not in GBIF,,,
urn:lsid:dyntaxa.se:Taxon:1968,Bankera violascens,species,NT,Bankeraceae,Thelephorales,Threatened - Not in GBIF,,,
urn:lsid:dyntaxa.se:Taxon:100015,Barbastella barbastellus,species,NT,Vespertilionidae,Chiroptera,Threatened - Poorly Sampled,1,1,3562
urn:lsid:dyntaxa.se:Taxon:100458,Baryphyma gowerense,species,NT,Linyphiidae,Araneae,Threatened - Poorly Sampled,1,1,11
urn:lsid:dyntaxa.se:Taxon:100459,Baryphyma pratense,species,NT,Linyphiidae,Araneae,Threatened - Poorly Sampled,1,1,1
urn:lsid:dyntaxa.se:Taxon:100464,Bembecia ichneumoniformis,species,NT,Sesiidae,Lepidoptera,Threatened - Poorly Sampled,1,1,998
urn:lsid:dyntaxa.se:Taxon:208475,Bembidion mckinleyi,species,NT,Carabidae,Coleoptera,Threatened - Poorly Sampled,1,1,31
urn:lsid:dyntaxa.se:Taxon:102196,Bembidion nigricorne,species,NT,Carabidae,Coleoptera,Threatened - Poorly Sampled,1,1,76
urn:lsid:dyntaxa.se:Taxon:100470,Bembidion ruficolle,species,NT,Carabidae,Coleoptera,Threatened - Poorly Sampled,1,1,146
urn:lsid:dyntaxa.se:Taxon:100472,Bembidion stephensii,species,NT,Carabidae,Coleoptera,Threatened - Poorly Sampled,1,1,95
urn:lsid:dyntaxa.se:Taxon:236260,Beris fuscipes,species,NT,Stratiomyidae,Diptera,Threatened - Poorly Sampled,1,1,52
urn:lsid:dyntaxa.se:Taxon:236262,Beris vallata,species,NT,Stratiomyidae,Diptera,Threatened - Poorly Sampled,1,1,92
urn:lsid:dyntaxa.se:Taxon:103728,Berosus fulvus,species,NT,Hydrophilidae,Coleoptera,Threatened - Poorly Sampled,1,1,17
urn:lsid:dyntaxa.se:Taxon:102069,Bibio venosus,species,NT,Bibionidae,Diptera,Threatened - Poorly Sampled,1,1,8
urn:lsid:dyntaxa.se:Taxon:1969,Biscogniauxia marginata,species,NT,Graphostromataceae,Xylariales,Threatened - Poorly Sampled,1,1,238
urn:lsid:dyntaxa.se:Taxon:210140,Bledius defensus,species,NT,Staphylinidae,Coleoptera,Threatened - Poorly Sampled,1,1,25
urn:lsid:dyntaxa.se:Taxon:104501,Bledius diota,species,NT,Staphylinidae,Coleoptera,Threatened - Poorly Sampled,1,1,54
urn:lsid:dyntaxa.se:Taxon:104518,Bledius fontinalis,species,NT,Staphylinidae,Coleoptera,Threatened - Poorly Sampled,1,1,7
urn:lsid:dyntaxa.se:Taxon:100491,Bledius littoralis,species,NT,Staphylinidae,Coleoptera,Threatened - Poorly Sampled,1,1,39
urn:lsid:dyntaxa.se:Taxon:104515,Bledius longulus,species,NT,Staphylinidae,Coleoptera,Threatened - Poorly Sampled,1,1,159
urn:lsid:dyntaxa.se:Taxon:100490,Bledius spectabilis,species,NT,Staphylinidae,Coleoptera,Threatened - Poorly Sampled,1,1,9
urn:lsid:dyntaxa.se:Taxon:104520,Bledius tibialis,species,NT,Staphylinidae,Coleoptera,Threatened - Poorly Sampled,1,1,69
urn:lsid:dyntaxa.se:Taxon:102176,Bodilopsis sordida,species,NT,Scarabaeidae,Coleoptera,Threatened - Not in GBIF,,,
urn:lsid:dyntaxa.se:Taxon:240275,Bolopus furcatus,species,NT,Platypezidae,Diptera,Threatened - Poorly Sampled,1,1,82
urn:lsid:dyntaxa.se:Taxon:248566,Bolyphantes punctulatus,species,NT,Linyphiidae,Araneae,Threatened - Poorly Sampled,1,1,2
urn:lsid:dyntaxa.se:Taxon:163,Bombardia bombarda,species,NT,Lasiosphaeriaceae,Sordariales,Threatened - Poorly Sampled,1,1,26
urn:lsid:dyntaxa.se:Taxon:103266,Bombus alpinus,species,NT,Apidae,Hymenoptera,Threatened - Poorly Sampled,1,1,462
urn:lsid:dyntaxa.se:Taxon:103267,Bombus balteatus,species,NT,Apidae,Hymenoptera,Threatened - Poorly Sampled,1,1,828
urn:lsid:dyntaxa.se:Taxon:102701,Bombus distinguendus,species,NT,Apidae,Hymenoptera,Threatened - Poorly Sampled,1,1,1354
urn:lsid:dyntaxa.se:Taxon:103268,Bombus hyperboreus,species,NT,Apidae,Hymenoptera,Threatened - Poorly Sampled,1,1,236
urn:lsid:dyntaxa.se:Taxon:103274,Bombus lapponicus,species,NT,Apidae,Hymenoptera,Threatened - Poorly Sampled,1,1,608
urn:lsid:dyntaxa.se:Taxon:103275,Bombus monticola,species,NT,Apidae,Hymenoptera,Threatened - Poorly Sampled,1,1,554
urn:lsid:dyntaxa.se:Taxon:102702,Bombus muscorum,species,NT,Apidae,Hymenoptera,Threatened - Poorly Sampled,1,1,924
urn:lsid:dyntaxa.se:Taxon:103269,Bombus pyrrhopygus,species,NT,Apidae,Hymenoptera,Threatened - Poorly Sampled,1,1,225
urn:lsid:dyntaxa.se:Taxon:100498,Borboropora kraatzii,species,NT,Staphylinidae,Coleoptera,Threatened - Poorly Sampled,1,1,9
urn:lsid:dyntaxa.se:Taxon:100018,Botaurus stellaris,species,NT,Ardeidae,Pelecaniformes,Threatened - Poorly Sampled,1,1,149564
urn:lsid:dyntaxa.se:Taxon:164,Botrychium boreale,species,NT,Ophioglossaceae,Ophioglossales,Threatened - Poorly Sampled,1,1,1558
urn:lsid:dyntaxa.se:Taxon:164,Botrychium boreale,species,NT,Ophioglossaceae,Ophioglossales,Threatened - Poorly Sampled,1,1,1
urn:lsid:dyntaxa.se:Taxon:164,Botrychium boreale,species,NT,Ophioglossaceae,Ophioglossales,Threatened - Poorly Sampled,1,1,2
urn:lsid:dyntaxa.se:Taxon:222112,Botrychium lunaria,species,NT,Ophioglossaceae,Ophioglossales,Threatened - Poorly Sampled,1,1,12960
urn:lsid:dyntaxa.se:Taxon:167,Botrychium multifidum,species,NT,Ophioglossaceae,Ophioglossales,Threatened - Not in GBIF,,,
urn:lsid:dyntaxa.se:Taxon:170,Bovista paludosa,species,NT,Lycoperdaceae,Agaricales,Threatened - Poorly Sampled,1,1,321
urn:lsid:dyntaxa.se:Taxon:102527,Brachyopa panzeri,species,NT,Syrphidae,Diptera,Threatened - Poorly Sampled,1,1,25
urn:lsid:dyntaxa.se:Taxon:101117,Brachypera vidua,species,NT,Curculionidae,Coleoptera,Threatened - Poorly Sampled,1,1,3
urn:lsid:dyntaxa.se:Taxon:2759,Brachytheciastrum collinum,species,NT,Brachytheciaceae,Hypnales,Threatened - Poorly Sampled,1,1,36
urn:lsid:dyntaxa.se:Taxon:2767,Brachytheciastrum trachypodium,species,NT,Brachytheciaceae,Hypnales,Threatened - Poorly Sampled,1,1,47
urn:lsid:dyntaxa.se:Taxon:2772,Brachythecium tauriscorum,species,NT,Brachytheciaceae,Hypnales,Threatened - Poorly Sampled,1,1,123
urn:lsid:dyntaxa.se:Taxon:349,Brachythecium tommasinii,species,NT,Brachytheciaceae,Hypnales,Threatened - Poorly Sampled,1,1,312
urn:lsid:dyntaxa.se:Taxon:104720,Brachyusa concolor,species,NT,Staphylinidae,Coleoptera,Threatened - Poorly Sampled,1,1,55
urn:lsid:dyntaxa.se:Taxon:100507,Branchinecta paludosa,species,NT,Branchinectidae,Anostraca,Threatened - Poorly Sampled,1,1,109
urn:lsid:dyntaxa.se:Taxon:223825,Brassica rapa subsp. campestris,subspecies,NT,Brassicaceae,Brassicales,Threatened - Poorly Sampled,1,1,3916
urn:lsid:dyntaxa.se:Taxon:241746,Braula coeca,species,NT,Braulidae,Diptera,Threatened - Poorly Sampled,1,1,3
urn:lsid:dyntaxa.se:Taxon:172,Braya linearis,species,NT,Brassicaceae,Brassicales,Threatened - Poorly Sampled,1,1,467
urn:lsid:dyntaxa.se:Taxon:178,Bromopsis ramosa,species,NT,Poaceae,Poales,Threatened - Not in GBIF,,,
urn:lsid:dyntaxa.se:Taxon:100733,Bryophila domestica,species,NT,Noctuidae,Lepidoptera,Threatened - Poorly Sampled,1,1,555
urn:lsid:dyntaxa.se:Taxon:185,Bryoria nadvornikiana,species,NT,Parmeliaceae,Lecanorales,Threatened - Poorly Sampled,1,1,22245
urn:lsid:dyntaxa.se:Taxon:214647,Bryotropha purpurella,species,NT,Gelechiidae,Lepidoptera,Threatened - Poorly Sampled,1,1,41
urn:lsid:dyntaxa.se:Taxon:191,Bryum blindii,species,NT,Bryaceae,Bryales,Threatened - Poorly Sampled,1,1,39
urn:lsid:dyntaxa.se:Taxon:192,Bryum bornholmense,species,NT,Bryaceae,Bryales,Threatened - Not in GBIF,,,
urn:lsid:dyntaxa.se:Taxon:2318,Bryum longisetum,species,NT,Bryaceae,Bryales,Threatened - Not in GBIF,,,
urn:lsid:dyntaxa.se:Taxon:2333,Bryum mildeanum,species,NT,Bryaceae,Bryales,Threatened - Not in GBIF,,,
urn:lsid:dyntaxa.se:Taxon:2335,Bryum muehlenbeckii,species,NT,Bryaceae,Bryales,Threatened - Not in GBIF,,,
urn:lsid:dyntaxa.se:Taxon:200,Bryum oblongum,species,NT,Bryaceae,Bryales,Threatened - Poorly Sampled,1,1,46
urn:lsid:dyntaxa.se:Taxon:2903,Bryum sauteri,species,NT,Bryaceae,Bryales,Threatened - Not in GBIF,,,
urn:lsid:dyntaxa.se:Taxon:214030,Bucculatrix albedinella,species,NT,Bucculatricidae,Lepidoptera,Threatened - Poorly Sampled,1,1,48
urn:lsid:dyntaxa.se:Taxon:214025,Bucculatrix artemisiella,species,NT,Bucculatricidae,Lepidoptera,Threatened - Poorly Sampled,1,1,71
urn:lsid:dyntaxa.se:Taxon:219848,Buglossoides arvensis,species,NT,Boraginaceae,Boraginales,Threatened - Poorly Sampled,1,1,4375
urn:lsid:dyntaxa.se:Taxon:981,Buglossoides arvensis var. arvensis,variety,NT,Boraginaceae,Boraginales,Threatened - Poorly Sampled,1,1,4375
urn:lsid:dyntaxa.se:Taxon:100515,Buprestis haemorrhoidalis,species,NT,Buprestidae,Coleoptera,Threatened - Poorly Sampled,1,1,436
urn:lsid:dyntaxa.se:Taxon:102110,Buteo lagopus,species,NT,Accipitridae,Accipitriformes,Threatened - Poorly Sampled,1,1,359565
urn:lsid:dyntaxa.se:Taxon:151,Butyriboletus appendiculatus,species,NT,Boletaceae,Boletales,Threatened - Poorly Sampled,1,1,617
urn:lsid:dyntaxa.se:Taxon:233423,Byblis gaimardii,species,NT,Ampeliscidae,Amphipoda,Threatened - Poorly Sampled,1,1,19
urn:lsid:dyntaxa.se:Taxon:102881,Caenis macrura,species,NT,Caenidae,Ephemeroptera,Threatened - Poorly Sampled,1,1,5
urn:lsid:dyntaxa.se:Taxon:100523,Calambus bipustulatus,species,NT,Elateridae,Coleoptera,Threatened - Poorly Sampled,1,1,198
urn:lsid:dyntaxa.se:Taxon:216129,Calamia tridens,species,NT,Noctuidae,Lepidoptera,Threatened - Poorly Sampled,1,1,1121
urn:lsid:dyntaxa.se:Taxon:6437,Calicium denigratum,species,NT,Caliciaceae,Caliciales,Threatened - Poorly Sampled,1,1,10186
urn:lsid:dyntaxa.se:Taxon:502,Calicium tigillare,species,NT,Caliciaceae,Caliciales,Threatened - Poorly Sampled,1,1,1698
urn:lsid:dyntaxa.se:Taxon:100524,Calitys scabra,species,NT,Trogossitidae,Coleoptera,Threatened - Poorly Sampled,1,1,596
urn:lsid:dyntaxa.se:Taxon:100525,Callicera aenea,species,NT,Syrphidae,Diptera,Threatened - Poorly Sampled,1,1,46
urn:lsid:dyntaxa.se:Taxon:102557,Callicera aurata,species,NT,Syrphidae,Diptera,Threatened - Poorly Sampled,1,1,118
urn:lsid:dyntaxa.se:Taxon:102204,Callidium aeneum,species,NT,Cerambycidae,Coleoptera,Threatened - Poorly Sampled,1,1,1112
urn:lsid:dyntaxa.se:Taxon:234600,Calligypona reyi,species,NT,Delphacidae,Hemiptera,Threatened - Poorly Sampled,1,1,2
urn:lsid:dyntaxa.se:Taxon:100527,Callimorpha dominula,species,NT,Erebidae,Lepidoptera,Threatened - Poorly Sampled,1,1,272
urn:lsid:dyntaxa.se:Taxon:218205,Calliopaea bellula,species,NT,Limapontiidae,"",Threatened - Poorly Sampled,1,1,9
urn:lsid:dyntaxa.se:Taxon:217910,Callochiton septemvalvis,species,NT,Callochitonidae,Chitonida,Threatened - Poorly Sampled,1,1,42
urn:lsid:dyntaxa.se:Taxon:159,Caloboletus radicans,species,NT,Boletaceae,Boletales,Threatened - Poorly Sampled,1,1,1383
urn:lsid:dyntaxa.se:Taxon:220,Calocera glossoides,species,NT,Dacrymycetaceae,Dacrymycetales,Threatened - Poorly Sampled,1,1,57
urn:lsid:dyntaxa.se:Taxon:226,Caloplaca lucifuga,species,NT,Teloschistaceae,Teloschistales,Threatened - Not in GBIF,,,
urn:lsid:dyntaxa.se:Taxon:102586,Calositticus inexpectus,species,NT,Salticidae,Araneae,Threatened - Not in GBIF,,,
urn:lsid:dyntaxa.se:Taxon:234,Camarophyllopsis atropuncta,species,NT,Clavariaceae,Agaricales,Threatened - Not in GBIF,,,
urn:lsid:dyntaxa.se:Taxon:237,Camarophyllopsis micacea,species,NT,Clavariaceae,Agaricales,Threatened - Not in GBIF,,,
urn:lsid:dyntaxa.se:Taxon:238,Camarophyllopsis schulzeri,species,NT,Clavariaceae,Agaricales,Threatened - Poorly Sampled,1,1,469
urn:lsid:dyntaxa.se:Taxon:239,Camarops lutea,species,NT,Boliniaceae,Boliniales,Threatened - Not in GBIF,,,
urn:lsid:dyntaxa.se:Taxon:1971,Camarops polysperma,species,NT,Boliniaceae,Boliniales,Threatened - Poorly Sampled,1,1,750
urn:lsid:dyntaxa.se:Taxon:241,Camarops tubulina,species,NT,Boliniaceae,Boliniales,Threatened - Poorly Sampled,1,1,939
urn:lsid:dyntaxa.se:Taxon:245,Campanula cervicaria,species,NT,Campanulaceae,Asterales,Threatened - Poorly Sampled,1,1,10949
urn:lsid:dyntaxa.se:Taxon:241098,Campiglossa irrorata,species,NT,Tephritidae,Diptera,Threatened - Poorly Sampled,1,1,3
urn:lsid:dyntaxa.se:Taxon:248537,Canalidion montanum,species,NT,Theridiidae,Araneae,Threatened - Poorly Sampled,1,1,27
urn:lsid:dyntaxa.se:Taxon:3209,Candelabrochaete septocystidia,species,NT,"Polyporales, genera incertae sedis",Polyporales,Threatened - Not in GBIF,,,
urn:lsid:dyntaxa.se:Taxon:101766,Canthophorus impressus,species,NT,Cydnidae,Hemiptera,Threatened - Poorly Sampled,1,1,325
urn:lsid:dyntaxa.se:Taxon:6446,Carbonicola anthracophila,species,NT,Carbonicolaceae,Lecanorales,Threatened - Poorly Sampled,1,1,22646
urn:lsid:dyntaxa.se:Taxon:228912,Carbonicola myrmecina,species,NT,Carbonicolaceae,Lecanorales,Threatened - Poorly Sampled,1,1,15731
urn:lsid:dyntaxa.se:Taxon:105199,Cardiophorus asellus,species,NT,Elateridae,Coleoptera,Threatened - Poorly Sampled,1,1,298
urn:lsid:dyntaxa.se:Taxon:211194,Cardiophorus ebeninus,species,NT,Elateridae,Coleoptera,Threatened - Poorly Sampled,1,1,86
urn:lsid:dyntaxa.se:Taxon:1865,Carduus acanthoides,species,NT,Asteraceae,Asterales,Threatened - Poorly Sampled,1,1,2054
urn:lsid:dyntaxa.se:Taxon:1865,Carduus acanthoides,species,NT,Asteraceae,Asterales,Threatened - Poorly Sampled,1,1,75
urn:lsid:dyntaxa.se:Taxon:1865,Carduus acanthoides,species,NT,Asteraceae,Asterales,Threatened - Poorly Sampled,1,1,19
urn:lsid:dyntaxa.se:Taxon:222295,Carex caryophyllea,species,NT,Cyperaceae,Poales,Threatened - Poorly Sampled,1,1,8218
urn:lsid:dyntaxa.se:Taxon:222309,Carex ericetorum,species,NT,Cyperaceae,Poales,Threatened - Poorly Sampled,1,1,3570
urn:lsid:dyntaxa.se:Taxon:261,Carex holostoma,species,NT,Cyperaceae,Poales,Threatened - Poorly Sampled,1,1,256
urn:lsid:dyntaxa.se:Taxon:222322,Carex hostiana,species,NT,Cyperaceae,Poales,Threatened - Poorly Sampled,1,1,9430
urn:lsid:dyntaxa.se:Taxon:222322,Carex hostiana,species,NT,Cyperaceae,Poales,Threatened - Poorly Sampled,1,1,81
urn:lsid:dyntaxa.se:Taxon:222322,Carex hostiana,species,NT,Cyperaceae,Poales,Threatened - Poorly Sampled,1,1,29
urn:lsid:dyntaxa.se:Taxon:222322,Carex hostiana,species,NT,Cyperaceae,Poales,Threatened - Poorly Sampled,1,1,4
urn:lsid:dyntaxa.se:Taxon:222322,Carex hostiana,species,NT,Cyperaceae,Poales,Threatened - Poorly Sampled,1,1,18
urn:lsid:dyntaxa.se:Taxon:222322,Carex hostiana,species,NT,Cyperaceae,Poales,Threatened - Poorly Sampled,1,1,289
urn:lsid:dyntaxa.se:Taxon:222322,Carex hostiana,species,NT,Cyperaceae,Poales,Threatened - Poorly Sampled,1,1,1
urn:lsid:dyntaxa.se:Taxon:222322,Carex hostiana,species,NT,Cyperaceae,Poales,Threatened - Poorly Sampled,1,1,97
urn:lsid:dyntaxa.se:Taxon:264,Carex nardina,species,NT,Cyperaceae,Poales,Threatened - Poorly Sampled,1,1,300
urn:lsid:dyntaxa.se:Taxon:266,Carex paleacea,species,NT,Cyperaceae,Poales,Threatened - Poorly Sampled,1,1,995
urn:lsid:dyntaxa.se:Taxon:266,Carex paleacea,species,NT,Cyperaceae,Poales,Threatened - Poorly Sampled,1,1,16
urn:lsid:dyntaxa.se:Taxon:266,Carex paleacea,species,NT,Cyperaceae,Poales,Threatened - Poorly Sampled,1,1,1
urn:lsid:dyntaxa.se:Taxon:222361,Carex pulicaris,species,NT,Cyperaceae,Poales,Threatened - Poorly Sampled,1,1,7417
urn:lsid:dyntaxa.se:Taxon:268,Carex punctata,species,NT,Cyperaceae,Poales,Threatened - Poorly Sampled,1,1,389
urn:lsid:dyntaxa.se:Taxon:269,Carex rhynchophysa,species,NT,Cyperaceae,Poales,Threatened - Poorly Sampled,1,1,13
urn:lsid:dyntaxa.se:Taxon:269,Carex rhynchophysa,species,NT,Cyperaceae,Poales,Threatened - Poorly Sampled,1,1,11
urn:lsid:dyntaxa.se:Taxon:271,Carex vacillans,species,NT,Cyperaceae,Poales,Threatened - Poorly Sampled,1,1,733
urn:lsid:dyntaxa.se:Taxon:100546,Carpelimus manchuricus,species,NT,Staphylinidae,Coleoptera,Threatened - Poorly Sampled,1,1,24
urn:lsid:dyntaxa.se:Taxon:100547,Carphoborus cholodkovskyi,species,NT,Curculionidae,Coleoptera,Threatened - Poorly Sampled,1,1,38
urn:lsid:dyntaxa.se:Taxon:103051,Carpodacus erythrinus,species,NT,Fringillidae,Passeriformes,Threatened - Poorly Sampled,1,1,153437
urn:lsid:dyntaxa.se:Taxon:214745,Caryocolum blandelloides,species,NT,Gelechiidae,Lepidoptera,Threatened - Poorly Sampled,1,1,44
urn:lsid:dyntaxa.se:Taxon:214752,Caryocolum huebneri,species,NT,Gelechiidae,Lepidoptera,Threatened - Poorly Sampled,1,1,68
urn:lsid:dyntaxa.se:Taxon:214735,Caryocolum viscariellum,species,NT,Gelechiidae,Lepidoptera,Threatened - Not in GBIF,,,
urn:lsid:dyntaxa.se:Taxon:100555,Cassida ferruginea,species,NT,Chrysomelidae,Coleoptera,Threatened - Poorly Sampled,1,1,174
urn:lsid:dyntaxa.se:Taxon:100556,Cassida murraea,species,NT,Chrysomelidae,Coleoptera,Threatened - Poorly Sampled,1,1,448
urn:lsid:dyntaxa.se:Taxon:100557,Cassida prasina,species,NT,Chrysomelidae,Coleoptera,Threatened - Poorly Sampled,1,1,36
urn:lsid:dyntaxa.se:Taxon:277,Catillaria minuta,species,NT,Catillariaceae,Lecanorales,Threatened - Poorly Sampled,1,1,26
urn:lsid:dyntaxa.se:Taxon:288,Centaurium erythraea,species,NT,Gentianaceae,Gentianales,Threatened - Poorly Sampled,1,1,3095
urn:lsid:dyntaxa.se:Taxon:288,Centaurium erythraea,species,NT,Gentianaceae,Gentianales,Threatened - Poorly Sampled,1,1,16
urn:lsid:dyntaxa.se:Taxon:224190,Centaurium erythraea var. erythraea,variety,NT,Gentianaceae,Gentianales,Threatened - Poorly Sampled,1,1,3095
urn:lsid:dyntaxa.se:Taxon:224190,Centaurium erythraea var. erythraea,variety,NT,Gentianaceae,Gentianales,Threatened - Poorly Sampled,1,1,16
urn:lsid:dyntaxa.se:Taxon:100569,Centromerus pabulator,species,NT,Linyphiidae,Araneae,Threatened - Not in GBIF,,,
urn:lsid:dyntaxa.se:Taxon:290,Cephalanthera rubra,species,NT,Orchidaceae,Asparagales,Threatened - Poorly Sampled,1,1,4020
urn:lsid:dyntaxa.se:Taxon:295,Cephaloziella elachista,species,NT,Cephaloziellaceae,Jungermanniales,Threatened - Poorly Sampled,1,1,28
urn:lsid:dyntaxa.se:Taxon:102116,Cepphus grylle,species,NT,Alcidae,Charadriiformes,Threatened - Poorly Sampled,1,1,129713
urn:lsid:dyntaxa.se:Taxon:102886,Ceraclea excisa,species,NT,Leptoceridae,Trichoptera,Threatened - Poorly Sampled,1,1,34
urn:lsid:dyntaxa.se:Taxon:100572,Cerambyx scopolii,species,NT,Cerambycidae,Coleoptera,Threatened - Poorly Sampled,1,1,1293
urn:lsid:dyntaxa.se:Taxon:223932,Cerastium fontanum var. kajanense,variety,NT,Caryophyllaceae,Caryophyllales,Threatened - Poorly Sampled,1,1,18674
urn:lsid:dyntaxa.se:Taxon:223932,Cerastium fontanum var. kajanense,variety,NT,Caryophyllaceae,Caryophyllales,Threatened - Poorly Sampled,1,1,1
urn:lsid:dyntaxa.se:Taxon:223932,Cerastium fontanum var. kajanense,variety,NT,Caryophyllaceae,Caryophyllales,Threatened - Poorly Sampled,1,1,16
urn:lsid:dyntaxa.se:Taxon:100573,Ceriana conopsoides,species,NT,Syrphidae,Diptera,Threatened - Poorly Sampled,1,1,175
urn:lsid:dyntaxa.se:Taxon:303,Ceriporia excelsa,species,NT,Irpicaceae,Polyporales,Threatened - Poorly Sampled,1,1,228
urn:lsid:dyntaxa.se:Taxon:102103,Cervus elaphus elaphus,subspecies,NT,Cervidae,Artiodactyla,Threatened - Poorly Sampled,1,1,4444
urn:lsid:dyntaxa.se:Taxon:100576,Cerylon deplanatum,species,NT,Cerylonidae,Coleoptera,Threatened - Poorly Sampled,1,1,329
urn:lsid:dyntaxa.se:Taxon:100582,Ceutorhynchus chalybaeus,species,NT,Curculionidae,Coleoptera,Threatened - Poorly Sampled,1,1,61
urn:lsid:dyntaxa.se:Taxon:100589,Ceutorhynchus griseus,species,NT,Curculionidae,Coleoptera,Threatened - Poorly Sampled,1,1,143
urn:lsid:dyntaxa.se:Taxon:106512,Ceutorhynchus posthumus,species,NT,Curculionidae,Coleoptera,Threatened - Poorly Sampled,1,1,32
urn:lsid:dyntaxa.se:Taxon:106513,Ceutorhynchus pumilio,species,NT,Curculionidae,Coleoptera,Threatened - Not in GBIF,,,
urn:lsid:dyntaxa.se:Taxon:100597,Ceutorhynchus puncticollis,species,NT,Curculionidae,Coleoptera,Threatened - Poorly Sampled,1,1,79
urn:lsid:dyntaxa.se:Taxon:106515,Ceutorhynchus pyrrhorhynchus,species,NT,Curculionidae,Coleoptera,Threatened - Poorly Sampled,1,1,181
urn:lsid:dyntaxa.se:Taxon:100580,Ceutorhynchus thomsoni,species,NT,Curculionidae,Coleoptera,Threatened - Poorly Sampled,1,1,107
urn:lsid:dyntaxa.se:Taxon:308,Chaenotheca gracillima,species,NT,Coniocybaceae,Coniocybales,Threatened - Poorly Sampled,1,1,5934
urn:lsid:dyntaxa.se:Taxon:309,Chaenotheca hispidula,species,NT,Coniocybaceae,Coniocybales,Threatened - Poorly Sampled,1,1,651
urn:lsid:dyntaxa.se:Taxon:310,Chaenotheca laevigata,species,NT,Coniocybaceae,Coniocybales,Threatened - Poorly Sampled,1,1,895
urn:lsid:dyntaxa.se:Taxon:6440,Chaenotheca subroscida,species,NT,Coniocybaceae,Coniocybales,Threatened - Poorly Sampled,1,1,12824
urn:lsid:dyntaxa.se:Taxon:6487,Chaenothecopsis fennica,species,NT,Mycocaliciaceae,Mycocaliciales,Threatened - Poorly Sampled,1,1,4454
urn:lsid:dyntaxa.se:Taxon:228579,Chaenothecopsis nana,species,NT,Mycocaliciaceae,Mycocaliciales,Threatened - Poorly Sampled,1,1,1123
urn:lsid:dyntaxa.se:Taxon:314,Chaenothecopsis viridialba,species,NT,Mycocaliciaceae,Mycocaliciales,Threatened - Poorly Sampled,1,1,1530
urn:lsid:dyntaxa.se:Taxon:103787,Chaetabraeus globulus,species,NT,Histeridae,Coleoptera,Threatened - Poorly Sampled,1,1,127
urn:lsid:dyntaxa.se:Taxon:106145,Chaetocnema aerosa,species,NT,Chrysomelidae,Coleoptera,Threatened - Poorly Sampled,1,1,74
urn:lsid:dyntaxa.se:Taxon:106147,Chaetocnema confusa,species,NT,Chrysomelidae,Coleoptera,Threatened - Poorly Sampled,1,1,18
urn:lsid:dyntaxa.se:Taxon:3242,Chaetodermella luna,species,NT,Gloeophyllaceae,Gloeophyllales,Threatened - Poorly Sampled,1,1,3258
urn:lsid:dyntaxa.se:Taxon:319,Chamaedaphne calyculata,species,NT,Ericaceae,Ericales,Threatened - Poorly Sampled,1,1,263
urn:lsid:dyntaxa.se:Taxon:324,Chara braunii,species,NT,Characeae,Charales,Threatened - Poorly Sampled,1,1,383
urn:lsid:dyntaxa.se:Taxon:326,Chara connivens,species,NT,Characeae,Charales,Threatened - Poorly Sampled,1,1,54
urn:lsid:dyntaxa.se:Taxon:329,Chara horrida,species,NT,Characeae,Charales,Threatened - Poorly Sampled,1,1,615
urn:lsid:dyntaxa.se:Taxon:333,Chara strigosa,species,NT,Characeae,Charales,Threatened - Poorly Sampled,1,1,28
urn:lsid:dyntaxa.se:Taxon:100607,Cheiracanthium elegans,species,NT,Eutichuridae,Araneae,Threatened - Poorly Sampled,1,1,32
urn:lsid:dyntaxa.se:Taxon:100610,Cheiridium museorum,species,NT,Cheiridiidae,Pseudoscorpiones,Threatened - Poorly Sampled,1,1,41
urn:lsid:dyntaxa.se:Taxon:336,Cheiromycina flabelliformis,species,NT,Malmideaceae,Lecanorales,Threatened - Poorly Sampled,1,1,236
urn:lsid:dyntaxa.se:Taxon:102561,Chernes nigrimanus,species,NT,Chernetidae,Pseudoscorpiones,Threatened - Poorly Sampled,1,1,88
urn:lsid:dyntaxa.se:Taxon:102393,Chionodes ignorantellus,species,NT,Gelechiidae,Lepidoptera,Threatened - Not in GBIF,,,
urn:lsid:dyntaxa.se:Taxon:100616,Chlaenius nigricornis,species,NT,Carabidae,Coleoptera,Threatened - Poorly Sampled,1,1,441
urn:lsid:dyntaxa.se:Taxon:100620,Chlaenius tristis,species,NT,Carabidae,Coleoptera,Threatened - Poorly Sampled,1,1,132
urn:lsid:dyntaxa.se:Taxon:216027,Chloantha hyperici,species,NT,Noctuidae,Lepidoptera,Threatened - Poorly Sampled,1,1,264
urn:lsid:dyntaxa.se:Taxon:102963,Chroicocephalus ridibundus,species,NT,Laridae,Charadriiformes,Threatened - Poorly Sampled,1,1,924979
urn:lsid:dyntaxa.se:Taxon:102630,Chrysis brevitarsis,species,NT,Chrysididae,Hymenoptera,Threatened - Poorly Sampled,1,1,14
urn:lsid:dyntaxa.se:Taxon:249138,Chrysis iris,species,NT,Chrysididae,Hymenoptera,Threatened - Poorly Sampled,1,1,99
urn:lsid:dyntaxa.se:Taxon:105212,Chrysobothris chrysostigma,species,NT,Buprestidae,Coleoptera,Threatened - Poorly Sampled,1,1,373
urn:lsid:dyntaxa.se:Taxon:100633,Chrysochraon dispar,species,NT,Acrididae,Orthoptera,Threatened - Poorly Sampled,1,1,544
urn:lsid:dyntaxa.se:Taxon:102210,Chrysolina analis,species,NT,Chrysomelidae,Coleoptera,Threatened - Poorly Sampled,1,1,376
urn:lsid:dyntaxa.se:Taxon:100638,Chrysolina gypsophilae,species,NT,Chrysomelidae,Coleoptera,Threatened - Poorly Sampled,1,1,138
urn:lsid:dyntaxa.se:Taxon:239432,Chrysopilus nubecula,species,NT,Rhagionidae,Diptera,Threatened - Poorly Sampled,1,1,71
urn:lsid:dyntaxa.se:Taxon:239456,Chrysops rufipes,species,NT,Tabanidae,Diptera,Threatened - Poorly Sampled,1,1,25
urn:lsid:dyntaxa.se:Taxon:223335,Chrysosplenium tetrandrum,species,NT,Saxifragaceae,Saxifragales,Threatened - Poorly Sampled,1,1,148
urn:lsid:dyntaxa.se:Taxon:100647,Chthonius ischnocheles,species,NT,Chthoniidae,Pseudoscorpiones,Threatened - Poorly Sampled,1,1,9
urn:lsid:dyntaxa.se:Taxon:2366,Cinclidium arcticum,species,NT,Cinclidiaceae,Bryales,Threatened - Poorly Sampled,1,1,117
urn:lsid:dyntaxa.se:Taxon:344,Cinclidotus fontinaloides,species,NT,Pottiaceae,Pottiales,Threatened - Poorly Sampled,1,1,363
urn:lsid:dyntaxa.se:Taxon:345,Cinna latifolia,species,NT,Poaceae,Poales,Threatened - Poorly Sampled,1,1,1830
urn:lsid:dyntaxa.se:Taxon:100034,Circus cyaneus,species,NT,Accipitridae,Accipitriformes,Threatened - Poorly Sampled,1,1,284401
urn:lsid:dyntaxa.se:Taxon:216044,Cirrhia gilvago,species,NT,Noctuidae,Lepidoptera,Threatened - Not in GBIF,,,
urn:lsid:dyntaxa.se:Taxon:2752,Cirriphyllum crassinervium,species,NT,Brachytheciaceae,Hypnales,Threatened - Poorly Sampled,1,1,362
urn:lsid:dyntaxa.se:Taxon:220079,Cirsium acaule,species,NT,Asteraceae,Asterales,Threatened - Poorly Sampled,1,1,10264
urn:lsid:dyntaxa.se:Taxon:220079,Cirsium acaule,species,NT,Asteraceae,Asterales,Threatened - Poorly Sampled,1,1,1
urn:lsid:dyntaxa.se:Taxon:220079,Cirsium acaule,species,NT,Asteraceae,Asterales,Threatened - Poorly Sampled,1,1,26
urn:lsid:dyntaxa.se:Taxon:220079,Cirsium acaule,species,NT,Asteraceae,Asterales,Threatened - Poorly Sampled,1,1,2
urn:lsid:dyntaxa.se:Taxon:220079,Cirsium acaule,species,NT,Asteraceae,Asterales,Threatened - Poorly Sampled,1,1,9
urn:lsid:dyntaxa.se:Taxon:220079,Cirsium acaule,species,NT,Asteraceae,Asterales,Threatened - Poorly Sampled,1,1,1
urn:lsid:dyntaxa.se:Taxon:102212,Cis fusciclavis,species,NT,Ciidae,Coleoptera,Threatened - Poorly Sampled,1,1,100
urn:lsid:dyntaxa.se:Taxon:100657,Cis rugulosus,species,NT,Ciidae,Coleoptera,Threatened - Poorly Sampled,1,1,68
urn:lsid:dyntaxa.se:Taxon:100655,Cis submicans,species,NT,Ciidae,Coleoptera,Threatened - Poorly Sampled,1,1,98
urn:lsid:dyntaxa.se:Taxon:105758,Cis villosulus,species,NT,Ciidae,Coleoptera,Threatened - Poorly Sampled,1,1,69
urn:lsid:dyntaxa.se:Taxon:352,Cladonia incrassata,species,NT,Cladoniaceae,Lecanorales,Threatened - Poorly Sampled,1,1,246
urn:lsid:dyntaxa.se:Taxon:353,Cladonia parasitica,species,NT,Cladoniaceae,Lecanorales,Threatened - Poorly Sampled,1,1,22392
urn:lsid:dyntaxa.se:Taxon:102108,Clangula hyemalis,species,NT,Anatidae,Anseriformes,Threatened - Poorly Sampled,1,1,184764
urn:lsid:dyntaxa.se:Taxon:105366,Clanoptilus barnevillei,species,NT,Malachiidae,Coleoptera,Threatened - Poorly Sampled,1,1,42
urn:lsid:dyntaxa.se:Taxon:356,Claurouxia chalybeioides,species,NT,Lecanoraceae,Lecanorales,Threatened - Poorly Sampled,1,1,104
urn:lsid:dyntaxa.se:Taxon:100660,Clausilia dubia,species,NT,Clausiliidae,Stylommatophora,Threatened - Poorly Sampled,1,1,120
urn:lsid:dyntaxa.se:Taxon:364,Clavaria flavipes,species,NT,Clavariaceae,Agaricales,Threatened - Poorly Sampled,1,1,304
urn:lsid:dyntaxa.se:Taxon:359,Clavaria fumosa,species,NT,Clavariaceae,Agaricales,Threatened - Poorly Sampled,1,1,679
urn:lsid:dyntaxa.se:Taxon:361,Clavaria incarnata,species,NT,Clavariaceae,Agaricales,Threatened - Poorly Sampled,1,1,128
urn:lsid:dyntaxa.se:Taxon:363,Clavaria rosea,species,NT,Clavariaceae,Agaricales,Threatened - Poorly Sampled,1,1,20
urn:lsid:dyntaxa.se:Taxon:363,Clavaria rosea,species,NT,Clavariaceae,Agaricales,Threatened - Poorly Sampled,1,1,313
urn:lsid:dyntaxa.se:Taxon:3286,Clavariadelphus truncatus,species,NT,Clavariadelphaceae,Gomphales,Threatened - Poorly Sampled,1,1,2583
urn:lsid:dyntaxa.se:Taxon:372,Clavulinopsis umbrinella,species,NT,Clavariaceae,Agaricales,Threatened - Poorly Sampled,1,1,490
urn:lsid:dyntaxa.se:Taxon:102305,Cleopomiarus micros,species,NT,Curculionidae,Coleoptera,Threatened - Not in GBIF,,,
urn:lsid:dyntaxa.se:Taxon:249113,Cleptes nitidulus,species,NT,Chrysididae,Hymenoptera,Threatened - Not in GBIF,,,
urn:lsid:dyntaxa.se:Taxon:373,Climacodon septentrionalis,species,NT,Meruliaceae,Polyporales,Threatened - Poorly Sampled,1,1,970
urn:lsid:dyntaxa.se:Taxon:236295,Cliorismia rustica,species,NT,Therevidae,Diptera,Threatened - Poorly Sampled,1,1,6
urn:lsid:dyntaxa.se:Taxon:374,Cliostomum corrugatum,species,NT,Ramalinaceae,Lecanorales,Threatened - Poorly Sampled,1,1,5092
urn:lsid:dyntaxa.se:Taxon:1797,Cliostomum leprosum,species,NT,Ramalinaceae,Lecanorales,Threatened - Poorly Sampled,1,1,318
urn:lsid:dyntaxa.se:Taxon:255874,Clistopyga rufator,species,NT,Ichneumonidae,Hymenoptera,Threatened - Poorly Sampled,1,1,3
urn:lsid:dyntaxa.se:Taxon:100667,Clostera anachoreta,species,NT,Notodontidae,Lepidoptera,Threatened - Poorly Sampled,1,1,225
urn:lsid:dyntaxa.se:Taxon:100668,Clostera anastomosis,species,NT,Notodontidae,Lepidoptera,Threatened - Poorly Sampled,1,1,261
urn:lsid:dyntaxa.se:Taxon:219092,Clubiona germanica,species,NT,Clubionidae,Araneae,Threatened - Poorly Sampled,1,1,38
urn:lsid:dyntaxa.se:Taxon:219102,Clubiona subtilis,species,NT,Clubionidae,Araneae,Threatened - Poorly Sampled,1,1,39
urn:lsid:dyntaxa.se:Taxon:101504,Clusia tigrina,species,NT,Clusiidae,Diptera,Threatened - Poorly Sampled,1,1,83
urn:lsid:dyntaxa.se:Taxon:240417,Clusiodes freyi,species,NT,Clusiidae,Diptera,Threatened - Poorly Sampled,1,1,3
urn:lsid:dyntaxa.se:Taxon:214860,Cochylidia heydeniana,species,NT,Tortricidae,Lepidoptera,Threatened - Poorly Sampled,1,1,105
urn:lsid:dyntaxa.se:Taxon:100673,Cochylimorpha woliniana,species,NT,Tortricidae,Lepidoptera,Threatened - Poorly Sampled,1,1,23
urn:lsid:dyntaxa.se:Taxon:100675,Coelioxys lanceolatus,species,NT,Megachilidae,Hymenoptera,Threatened - Poorly Sampled,1,1,26
urn:lsid:dyntaxa.se:Taxon:103209,Coelioxys mandibularis,species,NT,Megachilidae,Hymenoptera,Threatened - Poorly Sampled,1,1,234
urn:lsid:dyntaxa.se:Taxon:100677,Coenobia rufa,species,NT,Noctuidae,Lepidoptera,Threatened - Poorly Sampled,1,1,101
urn:lsid:dyntaxa.se:Taxon:100679,Coenonympha hero,species,NT,Nymphalidae,Lepidoptera,Threatened - Poorly Sampled,1,1,6776
urn:lsid:dyntaxa.se:Taxon:214433,Coleophora badiipennella,species,NT,Coleophoridae,Lepidoptera,Threatened - Poorly Sampled,1,1,25
urn:lsid:dyntaxa.se:Taxon:102401,Coleophora brevipalpella,species,NT,Coleophoridae,Lepidoptera,Threatened - Poorly Sampled,1,1,25
urn:lsid:dyntaxa.se:Taxon:102403,Coleophora conyzae,species,NT,Coleophoridae,Lepidoptera,Threatened - Poorly Sampled,1,1,38
urn:lsid:dyntaxa.se:Taxon:100684,Coleophora follicularis,species,NT,Coleophoridae,Lepidoptera,Threatened - Poorly Sampled,1,1,78
urn:lsid:dyntaxa.se:Taxon:214492,Coleophora gallipennella,species,NT,Coleophoridae,Lepidoptera,Threatened - Poorly Sampled,1,1,166
urn:lsid:dyntaxa.se:Taxon:214547,Coleophora granulatella,species,NT,Coleophoridae,Lepidoptera,Threatened - Poorly Sampled,1,1,102
urn:lsid:dyntaxa.se:Taxon:214434,Coleophora limosipennella,species,NT,Coleophoridae,Lepidoptera,Threatened - Poorly Sampled,1,1,120
urn:lsid:dyntaxa.se:Taxon:100688,Coleophora lineolea,species,NT,Coleophoridae,Lepidoptera,Threatened - Poorly Sampled,1,1,177
urn:lsid:dyntaxa.se:Taxon:214498,Coleophora lixella,species,NT,Coleophoridae,Lepidoptera,Threatened - Poorly Sampled,1,1,257
urn:lsid:dyntaxa.se:Taxon:214511,Coleophora maritimella,species,NT,Coleophoridae,Lepidoptera,Threatened - Poorly Sampled,1,1,24
urn:lsid:dyntaxa.se:Taxon:214523,Coleophora pappiferella,species,NT,Coleophoridae,Lepidoptera,Threatened - Poorly Sampled,1,1,13
urn:lsid:dyntaxa.se:Taxon:102400,Coleophora parthenogenella,species,NT,Coleophoridae,Lepidoptera,Threatened - Poorly Sampled,1,1,64
urn:lsid:dyntaxa.se:Taxon:214528,Coleophora succursella,species,NT,Coleophoridae,Lepidoptera,Threatened - Poorly Sampled,1,1,53
urn:lsid:dyntaxa.se:Taxon:214474,Coleophora svenssoni,species,NT,Coleophoridae,Lepidoptera,Threatened - Poorly Sampled,1,1,5
urn:lsid:dyntaxa.se:Taxon:102409,Colias hecla,species,NT,Pieridae,Lepidoptera,Threatened - Poorly Sampled,1,1,481
urn:lsid:dyntaxa.se:Taxon:388,Collema furfuraceum,species,NT,Collemataceae,Peltigerales,Threatened - Poorly Sampled,1,1,3552
urn:lsid:dyntaxa.se:Taxon:102656,Colletes fodiens,species,NT,Colletidae,Hymenoptera,Threatened - Poorly Sampled,1,1,7
urn:lsid:dyntaxa.se:Taxon:102656,Colletes fodiens,species,NT,Colletidae,Hymenoptera,Threatened - Poorly Sampled,1,1,530
urn:lsid:dyntaxa.se:Taxon:102657,Colletes marginatus,species,NT,Colletidae,Hymenoptera,Threatened - Poorly Sampled,1,1,293
urn:lsid:dyntaxa.se:Taxon:218670,Collinsia spetsbergensis,species,NT,Linyphiidae,Araneae,Threatened - Poorly Sampled,1,1,8
urn:lsid:dyntaxa.se:Taxon:398,Cololejeunea calcarea,species,NT,Lejeuneaceae,Jungermanniales,Threatened - Poorly Sampled,1,1,124
urn:lsid:dyntaxa.se:Taxon:3382,Conferticium ravum,species,NT,Stereaceae,Russulales,Threatened - Poorly Sampled,1,1,51
urn:lsid:dyntaxa.se:Taxon:2402,Conostomum tetragonum,species,NT,Bartramiaceae,Bryales,Threatened - Poorly Sampled,1,1,527
urn:lsid:dyntaxa.se:Taxon:408,Consolida regalis,species,NT,Ranunculaceae,Ranunculales,Threatened - Not in GBIF,,,
urn:lsid:dyntaxa.se:Taxon:409,Coprinopsis insignis,species,NT,Psathyrellaceae,Agaricales,Threatened - Poorly Sampled,1,1,162
urn:lsid:dyntaxa.se:Taxon:105815,Cordicollis instabilis,species,NT,Anthicidae,Coleoptera,Threatened - Poorly Sampled,1,1,92
urn:lsid:dyntaxa.se:Taxon:241109,Cornutrypeta superciliata,species,NT,Tephritidae,Diptera,Threatened - Poorly Sampled,1,1,5
urn:lsid:dyntaxa.se:Taxon:105733,Corticaria crenicollis,species,NT,Latridiidae,Coleoptera,Threatened - Poorly Sampled,1,1,68
urn:lsid:dyntaxa.se:Taxon:105728,Corticaria interstitialis,species,NT,Latridiidae,Coleoptera,Threatened - Poorly Sampled,1,1,85
urn:lsid:dyntaxa.se:Taxon:105737,Corticaria obsoleta,species,NT,Latridiidae,Coleoptera,Threatened - Poorly Sampled,1,1,11
urn:lsid:dyntaxa.se:Taxon:105731,Corticaria polypori,species,NT,Latridiidae,Coleoptera,Threatened - Poorly Sampled,1,1,101
urn:lsid:dyntaxa.se:Taxon:100713,Corticeus bicolor,species,NT,Tenebrionidae,Coleoptera,Threatened - Poorly Sampled,1,1,155
urn:lsid:dyntaxa.se:Taxon:100715,Corticeus suturalis,species,NT,Tenebrionidae,Coleoptera,Threatened - Poorly Sampled,1,1,132
urn:lsid:dyntaxa.se:Taxon:3528,Cortinarius agathosmus,species,NT,Cortinariaceae,Agaricales,Threatened - Poorly Sampled,1,1,240
urn:lsid:dyntaxa.se:Taxon:422,Cortinarius anserinus,species,NT,Cortinariaceae,Agaricales,Threatened - Poorly Sampled,1,1,20
urn:lsid:dyntaxa.se:Taxon:249254,Cortinarius areni-silvae,species,NT,Cortinariaceae,Agaricales,Threatened - Not in GBIF,,,
urn:lsid:dyntaxa.se:Taxon:427,Cortinarius aureopulverulentus,species,NT,Cortinariaceae,Agaricales,Threatened - Not in GBIF,,,
urn:lsid:dyntaxa.se:Taxon:436,Cortinarius caesiostramineus s. lat.,speciesAggregate,NT,Cortinariaceae,Agaricales,Threatened - Poorly Sampled,1,1,27
urn:lsid:dyntaxa.se:Taxon:235079,Cortinarius calochrous,species,NT,Cortinariaceae,Agaricales,Threatened - Poorly Sampled,1,1,57
urn:lsid:dyntaxa.se:Taxon:440,Cortinarius cinnabarinus,species,NT,Cortinariaceae,Agaricales,Threatened - Poorly Sampled,1,1,622
urn:lsid:dyntaxa.se:Taxon:248953,Cortinarius cisticola,species,NT,Cortinariaceae,Agaricales,Threatened - Not in GBIF,,,
urn:lsid:dyntaxa.se:Taxon:441,Cortinarius citrinus,species,NT,Cortinariaceae,Agaricales,Threatened - Not in GBIF,,,
urn:lsid:dyntaxa.se:Taxon:443,Cortinarius cotoneus,species,NT,Cortinariaceae,Agaricales,Threatened - Poorly Sampled,1,1,613
urn:lsid:dyntaxa.se:Taxon:444,Cortinarius croceocaeruleus,species,NT,Cortinariaceae,Agaricales,Threatened - Poorly Sampled,1,1,119
urn:lsid:dyntaxa.se:Taxon:3611,Cortinarius elegantior,species,NT,Cortinariaceae,Agaricales,Threatened - Not in GBIF,,,
urn:lsid:dyntaxa.se:Taxon:249278,Cortinarius harcynicus,species,NT,Cortinariaceae,Agaricales,Threatened - Poorly Sampled,1,1,990
urn:lsid:dyntaxa.se:Taxon:3639,Cortinarius ionophyllus,species,NT,Cortinariaceae,Agaricales,Threatened - Poorly Sampled,1,1,175
urn:lsid:dyntaxa.se:Taxon:3658,Cortinarius magicus,species,NT,Cortinariaceae,Agaricales,Threatened - Poorly Sampled,1,1,2
urn:lsid:dyntaxa.se:Taxon:473,Cortinarius meinhardii,species,NT,Cortinariaceae,Agaricales,Threatened - Not in GBIF,,,
urn:lsid:dyntaxa.se:Taxon:454,Cortinarius napus,species,NT,Cortinariaceae,Agaricales,Threatened - Not in GBIF,,,
urn:lsid:dyntaxa.se:Taxon:450,Cortinarius olearioides,species,NT,Cortinariaceae,Agaricales,Threatened - Not in GBIF,,,
urn:lsid:dyntaxa.se:Taxon:6037417,Cortinarius olivaceodionysae,species,NT,Cortinariaceae,Agaricales,Threatened - Not in GBIF,,,
urn:lsid:dyntaxa.se:Taxon:3707,Cortinarius phaeosmus,species,NT,Cortinariaceae,Agaricales,Threatened - Poorly Sampled,1,1,60
urn:lsid:dyntaxa.se:Taxon:459,Cortinarius phrygianus,species,NT,Cortinariaceae,Agaricales,Threatened - Not in GBIF,,,
urn:lsid:dyntaxa.se:Taxon:3690,Cortinarius pinophilus,species,NT,Cortinariaceae,Agaricales,Threatened - Not in GBIF,,,
urn:lsid:dyntaxa.se:Taxon:3694,Cortinarius populinus,species,NT,Cortinariaceae,Agaricales,Threatened - Not in GBIF,,,
urn:lsid:dyntaxa.se:Taxon:460,Cortinarius praestans,species,NT,Cortinariaceae,Agaricales,Threatened - Poorly Sampled,1,1,416
urn:lsid:dyntaxa.se:Taxon:249326,Cortinarius roseipes,species,NT,Cortinariaceae,Agaricales,Threatened - Poorly Sampled,1,1,2
urn:lsid:dyntaxa.se:Taxon:465,Cortinarius rufoolivaceus,species,NT,Cortinariaceae,Agaricales,Threatened - Not in GBIF,,,
urn:lsid:dyntaxa.se:Taxon:6003295,Cortinarius russeoides,species,NT,Cortinariaceae,Agaricales,Threatened - Not in GBIF,,,
urn:lsid:dyntaxa.se:Taxon:3725,Cortinarius spadicellus,species,NT,Cortinariaceae,Agaricales,Threatened - Not in GBIF,,,
urn:lsid:dyntaxa.se:Taxon:3739,Cortinarius sulfurinus,species,NT,Cortinariaceae,Agaricales,Threatened - Not in GBIF,,,
urn:lsid:dyntaxa.se:Taxon:471,Cortinarius tofaceus,species,NT,Cortinariaceae,Agaricales,Threatened - Not in GBIF,,,
urn:lsid:dyntaxa.se:Taxon:474,Cortinarius vulpinus,species,NT,Cortinariaceae,Agaricales,Threatened - Not in GBIF,,,
urn:lsid:dyntaxa.se:Taxon:103035,Corvus corone,species,NT,Corvidae,Passeriformes,Threatened - Poorly Sampled,1,1,19878
urn:lsid:dyntaxa.se:Taxon:222815,Corydalis cava,species,NT,Papaveraceae,Ranunculales,Threatened - Poorly Sampled,1,1,2533
urn:lsid:dyntaxa.se:Taxon:475,Corydalis gotlandica,species,NT,Papaveraceae,Ranunculales,Threatened - Poorly Sampled,1,1,528
urn:lsid:dyntaxa.se:Taxon:100717,Coryssomerus capucinus,species,NT,Curculionidae,Coleoptera,Threatened - Poorly Sampled,1,1,48
urn:lsid:dyntaxa.se:Taxon:102841,Corystes cassivelaunus,species,NT,Corystidae,Decapoda,Threatened - Poorly Sampled,1,1,5
urn:lsid:dyntaxa.se:Taxon:2483,Coscinodon cribrosus,species,NT,Grimmiaceae,Grimmiales,Threatened - Poorly Sampled,1,1,38
urn:lsid:dyntaxa.se:Taxon:216038,Cosmia pyralina,species,NT,Noctuidae,Lepidoptera,Threatened - Poorly Sampled,1,1,976
urn:lsid:dyntaxa.se:Taxon:201169,Cosmotriche lobulina,species,NT,Lasiocampidae,Lepidoptera,Threatened - Poorly Sampled,1,1,185
urn:lsid:dyntaxa.se:Taxon:100723,Costaconvexa polygrammata,species,NT,Geometridae,Lepidoptera,Threatened - Poorly Sampled,1,1,310
urn:lsid:dyntaxa.se:Taxon:206106,Cottus poecilopus,species,NT,Cottidae,Scorpaeniformes,Threatened - Poorly Sampled,1,1,41005
urn:lsid:dyntaxa.se:Taxon:100043,Coturnix coturnix,species,NT,Phasianidae,Galliformes,Threatened - Poorly Sampled,1,1,74686
urn:lsid:dyntaxa.se:Taxon:234445,Crabro lapponicus,species,NT,Crabronidae,Hymenoptera,Threatened - Poorly Sampled,1,1,155
urn:lsid:dyntaxa.se:Taxon:100725,Crabro maeklini,species,NT,Crabronidae,Hymenoptera,Threatened - Poorly Sampled,1,1,3
urn:lsid:dyntaxa.se:Taxon:217805,Crangon allmanni,species,NT,Crangonidae,Decapoda,Threatened - Poorly Sampled,1,1,74
urn:lsid:dyntaxa.se:Taxon:215886,Craniophora ligustri,species,NT,Noctuidae,Lepidoptera,Threatened - Poorly Sampled,1,1,3225
urn:lsid:dyntaxa.se:Taxon:477,Craterellus cinereus,species,NT,Hydnaceae,Cantharellales,Threatened - Not in GBIF,,,
urn:lsid:dyntaxa.se:Taxon:253,Craterellus melanoxeros,species,NT,Hydnaceae,Cantharellales,Threatened - Not in GBIF,,,
urn:lsid:dyntaxa.se:Taxon:220103,Crepis praemorsa,species,NT,Asteraceae,Asterales,Threatened - Poorly Sampled,1,1,2051
urn:lsid:dyntaxa.se:Taxon:220103,Crepis praemorsa,species,NT,Asteraceae,Asterales,Threatened - Poorly Sampled,1,1,5940
urn:lsid:dyntaxa.se:Taxon:220107,Crepis tectorum,species,NT,Asteraceae,Asterales,Threatened - Poorly Sampled,1,1,5635
urn:lsid:dyntaxa.se:Taxon:100044,Crex crex,species,NT,Rallidae,Gruiformes,Threatened - Poorly Sampled,1,1,82264
urn:lsid:dyntaxa.se:Taxon:101493,Crombrugghia distans,species,NT,Pterophoridae,Lepidoptera,Threatened - Poorly Sampled,1,1,182
urn:lsid:dyntaxa.se:Taxon:53,Crossocalyx hellerianus,species,NT,Anastrophyllaceae,Jungermanniales,Threatened - Poorly Sampled,1,1,20432
urn:lsid:dyntaxa.se:Taxon:232211,Crossocerus exiguus,species,NT,Crabronidae,Hymenoptera,Threatened - Poorly Sampled,1,1,28
urn:lsid:dyntaxa.se:Taxon:5454,Crustoderma corneum,species,NT,Sparassidaceae,Polyporales,Threatened - Poorly Sampled,1,1,668
urn:lsid:dyntaxa.se:Taxon:5471,Crustoderma triste,species,NT,Sparassidaceae,Polyporales,Threatened - Poorly Sampled,1,1,25
urn:lsid:dyntaxa.se:Taxon:102564,Crustulina sticta,species,NT,Theridiidae,Araneae,Threatened - Poorly Sampled,1,1,13
urn:lsid:dyntaxa.se:Taxon:100737,Cryptocephalus androgyne,species,NT,Chrysomelidae,Coleoptera,Threatened - Poorly Sampled,1,1,18
urn:lsid:dyntaxa.se:Taxon:100734,Cryptocephalus aureolus,species,NT,Chrysomelidae,Coleoptera,Threatened - Poorly Sampled,1,1,46
urn:lsid:dyntaxa.se:Taxon:100736,Cryptocephalus bilineatus,species,NT,Chrysomelidae,Coleoptera,Threatened - Poorly Sampled,1,1,122
urn:lsid:dyntaxa.se:Taxon:100741,Cryptocephalus distinguendus,species,NT,Chrysomelidae,Coleoptera,Threatened - Poorly Sampled,1,1,187
urn:lsid:dyntaxa.se:Taxon:106005,Cryptocephalus hypochoeridis,species,NT,Chrysomelidae,Coleoptera,Threatened - Poorly Sampled,1,1,400
urn:lsid:dyntaxa.se:Taxon:105502,Cryptophagus cylindrellus,species,NT,Cryptophagidae,Coleoptera,Threatened - Poorly Sampled,1,1,31
urn:lsid:dyntaxa.se:Taxon:100752,Cryptophagus fallax,species,NT,Cryptophagidae,Coleoptera,Threatened - Poorly Sampled,1,1,108
urn:lsid:dyntaxa.se:Taxon:100753,Cryptophagus fuscicornis,species,NT,Cryptophagidae,Coleoptera,Threatened - Poorly Sampled,1,1,60
urn:lsid:dyntaxa.se:Taxon:105511,Cryptophagus intermedius,species,NT,Cryptophagidae,Coleoptera,Threatened - Poorly Sampled,1,1,28
urn:lsid:dyntaxa.se:Taxon:232616,Cryptopleura ramosa,species,NT,Delesseriaceae,Ceramiales,Threatened - Poorly Sampled,1,1,6
urn:lsid:dyntaxa.se:Taxon:3815,Cryptosphaeria eunomia,species,NT,Diatrypaceae,Xylariales,Threatened - Poorly Sampled,1,1,392
urn:lsid:dyntaxa.se:Taxon:102023,Ctenophora guttata,species,NT,Tipulidae,Diptera,Threatened - Poorly Sampled,1,1,49
urn:lsid:dyntaxa.se:Taxon:102024,Ctenophora nigriceps,species,NT,Tipulidae,Diptera,Threatened - Poorly Sampled,1,1,21
urn:lsid:dyntaxa.se:Taxon:4375,Cuphophyllus cinerellus,species,NT,Hygrophoraceae,Agaricales,Threatened - Poorly Sampled,1,1,88
urn:lsid:dyntaxa.se:Taxon:796,Cuphophyllus colemannianus,species,NT,Hygrophoraceae,Agaricales,Threatened - Poorly Sampled,1,1,560
urn:lsid:dyntaxa.se:Taxon:797,Cuphophyllus flavipes,species,NT,Hygrophoraceae,Agaricales,Threatened - Poorly Sampled,1,1,510
urn:lsid:dyntaxa.se:Taxon:4381,Cuphophyllus fornicatus,species,NT,Hygrophoraceae,Agaricales,Threatened - Poorly Sampled,1,1,1097
urn:lsid:dyntaxa.se:Taxon:799,Cuphophyllus fuscescens,species,NT,Hygrophoraceae,Agaricales,Threatened - Not in GBIF,,,
urn:lsid:dyntaxa.se:Taxon:4395,Cuphophyllus russocoriaceus,species,NT,Hygrophoraceae,Agaricales,Threatened - Poorly Sampled,1,1,1100
urn:lsid:dyntaxa.se:Taxon:100770,Cupido minimus,species,NT,Lycaenidae,Lepidoptera,Threatened - Poorly Sampled,1,1,8779
urn:lsid:dyntaxa.se:Taxon:215182,Cydia microgrammana,species,NT,Tortricidae,Lepidoptera,Threatened - Poorly Sampled,1,1,34
urn:lsid:dyntaxa.se:Taxon:102224,Cymindis macularis,species,NT,Carabidae,Coleoptera,Threatened - Poorly Sampled,1,1,3
urn:lsid:dyntaxa.se:Taxon:102224,Cymindis macularis,species,NT,Carabidae,Coleoptera,Threatened - Poorly Sampled,1,1,88
urn:lsid:dyntaxa.se:Taxon:493,Cynodontium fallax,species,NT,Rhabdoweisiaceae,Dicranales,Threatened - Poorly Sampled,1,1,67
urn:lsid:dyntaxa.se:Taxon:100782,Cypha apicalis,species,NT,Staphylinidae,Coleoptera,Threatened - Poorly Sampled,1,1,34
urn:lsid:dyntaxa.se:Taxon:100781,Cypha aprilis,species,NT,Staphylinidae,Coleoptera,Threatened - Poorly Sampled,1,1,14
urn:lsid:dyntaxa.se:Taxon:2373,Cyrtomnium hymenophyllum,species,NT,Cinclidiaceae,Bryales,Threatened - Poorly Sampled,1,1,315
urn:lsid:dyntaxa.se:Taxon:100790,Cyrtopogon luteicornis,species,NT,Asilidae,Diptera,Threatened - Poorly Sampled,1,1,51
urn:lsid:dyntaxa.se:Taxon:506,Cystolepiota bucknallii,species,NT,Agaricaceae,Agaricales,Threatened - Poorly Sampled,1,1,332
urn:lsid:dyntaxa.se:Taxon:3836,Cystolepiota hetieri,species,NT,Agaricaceae,Agaricales,Threatened - Poorly Sampled,1,1,35
urn:lsid:dyntaxa.se:Taxon:509,Cystopteris alpina,species,NT,Cystopteridaceae,Polypodiales,Threatened - Poorly Sampled,1,1,232
urn:lsid:dyntaxa.se:Taxon:510,Cystostereum murrayi,species,NT,Cystostereaceae,Agaricales,Threatened - Poorly Sampled,1,1,10373
urn:lsid:dyntaxa.se:Taxon:514,Dactylorhiza majalis subsp. majalis,subspecies,NT,Orchidaceae,Asparagales,Threatened - Poorly Sampled,1,1,6719
urn:lsid:dyntaxa.se:Taxon:514,Dactylorhiza majalis subsp. majalis,subspecies,NT,Orchidaceae,Asparagales,Threatened - Poorly Sampled,1,1,3
urn:lsid:dyntaxa.se:Taxon:100799,Danosoma fasciatum,species,NT,Elateridae,Coleoptera,Threatened - Poorly Sampled,1,1,245
urn:lsid:dyntaxa.se:Taxon:100581,Datonychus angulosus,species,NT,Curculionidae,Coleoptera,Threatened - Not in GBIF,,,
urn:lsid:dyntaxa.se:Taxon:102413,Decantha borkhausenii,species,NT,Oecophoridae,Lepidoptera,Threatened - Poorly Sampled,1,1,103
urn:lsid:dyntaxa.se:Taxon:200841,Decapauropus multiplex,species,NT,Pauropodidae,Tetramerocerata,Threatened - Not in GBIF,,,
urn:lsid:dyntaxa.se:Taxon:100242,Decapauropus verticillatus,species,NT,Pauropodidae,Tetramerocerata,Threatened - Poorly Sampled,1,1,9
urn:lsid:dyntaxa.se:Taxon:255880,Delomerista longicauda,species,NT,Ichneumonidae,Hymenoptera,Threatened - Not in GBIF,,,
urn:lsid:dyntaxa.se:Taxon:6010501,Delplanqueia inscriptella,species,NT,Pyralidae,Lepidoptera,Threatened - Poorly Sampled,1,1,169
urn:lsid:dyntaxa.se:Taxon:100048,Dendrocopos minor,species,NT,Picidae,Piciformes,Threatened - Not in GBIF,,,
urn:lsid:dyntaxa.se:Taxon:219211,Dendryphantes hastatus,species,NT,Salticidae,Araneae,Threatened - Poorly Sampled,1,1,18
urn:lsid:dyntaxa.se:Taxon:100807,Denisia obscurella,species,NT,Oecophoridae,Lepidoptera,Threatened - Poorly Sampled,1,1,8
urn:lsid:dyntaxa.se:Taxon:102498,Denisia stroemella,species,NT,Oecophoridae,Lepidoptera,Threatened - Poorly Sampled,1,1,74
urn:lsid:dyntaxa.se:Taxon:100808,Denticollis borealis,species,NT,Elateridae,Coleoptera,Threatened - Poorly Sampled,1,1,86
urn:lsid:dyntaxa.se:Taxon:517,Dentipellis fragilis,species,NT,Hericiaceae,Russulales,Threatened - Poorly Sampled,1,1,406
urn:lsid:dyntaxa.se:Taxon:102414,Depressaria albipunctella,species,NT,Depressariidae,Lepidoptera,Threatened - Poorly Sampled,1,1,17
urn:lsid:dyntaxa.se:Taxon:102414,Depressaria albipunctella,species,NT,Depressariidae,Lepidoptera,Threatened - Poorly Sampled,1,1,2
urn:lsid:dyntaxa.se:Taxon:102415,Depressaria chaerophylli,species,NT,Depressariidae,Lepidoptera,Threatened - Poorly Sampled,1,1,56
urn:lsid:dyntaxa.se:Taxon:102419,Depressaria silesiaca,species,NT,Depressariidae,Lepidoptera,Threatened - Poorly Sampled,1,1,11
urn:lsid:dyntaxa.se:Taxon:105247,Dermestes gyllenhalii,species,NT,Dermestidae,Coleoptera,Threatened - Poorly Sampled,1,1,70
urn:lsid:dyntaxa.se:Taxon:100817,Diastictus vulneratus,species,NT,Scarabaeidae,Coleoptera,Threatened - Poorly Sampled,1,1,76
urn:lsid:dyntaxa.se:Taxon:100819,Dibolia occultans,species,NT,Chrysomelidae,Coleoptera,Threatened - Poorly Sampled,1,1,104
urn:lsid:dyntaxa.se:Taxon:100821,Dicerca alni,species,NT,Buprestidae,Coleoptera,Threatened - Poorly Sampled,1,1,107
urn:lsid:dyntaxa.se:Taxon:236298,Dichoglena nigripennis,species,NT,Therevidae,Diptera,Threatened - Poorly Sampled,1,1,25
urn:lsid:dyntaxa.se:Taxon:253810,Dichostereum boreale,species,NT,Peniophoraceae,Russulales,Threatened - Poorly Sampled,1,1,99
urn:lsid:dyntaxa.se:Taxon:100825,Dichrorampha consortana,species,NT,Tortricidae,Lepidoptera,Threatened - Poorly Sampled,1,1,26
urn:lsid:dyntaxa.se:Taxon:533,Dicranella humilis,species,NT,Dicranaceae,Dicranales,Threatened - Poorly Sampled,1,1,27
urn:lsid:dyntaxa.se:Taxon:2164,Dicranum groenlandicum,species,NT,Dicranaceae,Dicranales,Threatened - Poorly Sampled,1,1,34
urn:lsid:dyntaxa.se:Taxon:100831,Dicycla oo,species,NT,Noctuidae,Lepidoptera,Threatened - Poorly Sampled,1,1,196
urn:lsid:dyntaxa.se:Taxon:234341,Diodontus tristis,species,NT,Crabronidae,Hymenoptera,Threatened - Poorly Sampled,1,1,114
urn:lsid:dyntaxa.se:Taxon:100838,Diplocoelus fagi,species,NT,Biphyllidae,Coleoptera,Threatened - Poorly Sampled,1,1,111
urn:lsid:dyntaxa.se:Taxon:100840,Dipogon vechti,species,NT,Pompilidae,Hymenoptera,Threatened - Not in GBIF,,,
urn:lsid:dyntaxa.se:Taxon:241112,Dithryca guttularis,species,NT,Tephritidae,Diptera,Threatened - Poorly Sampled,1,1,58
urn:lsid:dyntaxa.se:Taxon:6009012,Dolichomitus aciculatus,species,NT,Ichneumonidae,Hymenoptera,Threatened - Poorly Sampled,1,1,2
urn:lsid:dyntaxa.se:Taxon:255888,Dolichomitus curticornis,species,NT,Ichneumonidae,Hymenoptera,Threatened - Poorly Sampled,1,1,5
urn:lsid:dyntaxa.se:Taxon:212587,Donacia antiqua,species,NT,Chrysomelidae,Coleoptera,Threatened - Poorly Sampled,1,1,24
urn:lsid:dyntaxa.se:Taxon:100861,Doros profuges,species,NT,Syrphidae,Diptera,Threatened - Poorly Sampled,1,1,103
urn:lsid:dyntaxa.se:Taxon:562,Draba crassifolia,species,NT,Brassicaceae,Brassicales,Threatened - Poorly Sampled,1,1,85
urn:lsid:dyntaxa.se:Taxon:1876,Draba fladnizensis,species,NT,Brassicaceae,Brassicales,Threatened - Poorly Sampled,1,1,184
urn:lsid:dyntaxa.se:Taxon:1876,Draba fladnizensis,species,NT,Brassicaceae,Brassicales,Threatened - Poorly Sampled,1,1,7
urn:lsid:dyntaxa.se:Taxon:1876,Draba fladnizensis,species,NT,Brassicaceae,Brassicales,Threatened - Poorly Sampled,1,1,2
urn:lsid:dyntaxa.se:Taxon:1876,Draba fladnizensis,species,NT,Brassicaceae,Brassicales,Threatened - Poorly Sampled,1,1,1
urn:lsid:dyntaxa.se:Taxon:1877,Draba oxycarpa,species,NT,Brassicaceae,Brassicales,Threatened - Poorly Sampled,1,1,19
urn:lsid:dyntaxa.se:Taxon:1877,Draba oxycarpa,species,NT,Brassicaceae,Brassicales,Threatened - Poorly Sampled,1,1,93
urn:lsid:dyntaxa.se:Taxon:101038,Dropephylla clavigera,species,NT,Staphylinidae,Coleoptera,Threatened - Poorly Sampled,1,1,82
urn:lsid:dyntaxa.se:Taxon:643,Drymochloa sylvatica,species,NT,Poaceae,Poales,Threatened - Not in GBIF,,,
urn:lsid:dyntaxa.se:Taxon:100049,Dryocopus martius,species,NT,Picidae,Piciformes,Threatened - Poorly Sampled,1,1,434594
urn:lsid:dyntaxa.se:Taxon:100871,Dyschirius angustatus,species,NT,Carabidae,Coleoptera,Threatened - Poorly Sampled,1,1,52
urn:lsid:dyntaxa.se:Taxon:100874,Dyschirius intermedius,species,NT,Carabidae,Coleoptera,Threatened - Poorly Sampled,1,1,72
urn:lsid:dyntaxa.se:Taxon:100878,Dytiscus circumflexus,species,NT,Dytiscidae,Coleoptera,Threatened - Poorly Sampled,1,1,21
urn:lsid:dyntaxa.se:Taxon:214915,Eana derivana,species,NT,Tortricidae,Lepidoptera,Threatened - Poorly Sampled,1,1,118
urn:lsid:dyntaxa.se:Taxon:101596,Eblisia minor,species,NT,Histeridae,Coleoptera,Threatened - Not in GBIF,,,
urn:lsid:dyntaxa.se:Taxon:100880,Ecclisopteryx dalecarlica,species,NT,Limnephilidae,Trichoptera,Threatened - Poorly Sampled,1,1,118
urn:lsid:dyntaxa.se:Taxon:944,Echinoderma echinaceum,species,NT,Agaricaceae,Agaricales,Threatened - Poorly Sampled,1,1,73
urn:lsid:dyntaxa.se:Taxon:227470,Eclysippe eliasoni,species,NT,Ampharetidae,Terebellida,Threatened - Poorly Sampled,1,1,42
urn:lsid:dyntaxa.se:Taxon:213873,Ectoedemia amani,species,NT,Nepticulidae,Lepidoptera,Threatened - Not in GBIF,,,
urn:lsid:dyntaxa.se:Taxon:234771,Edwardsiana ishidai,species,NT,Cicadellidae,Hemiptera,Threatened - Poorly Sampled,1,1,9
urn:lsid:dyntaxa.se:Taxon:234775,Edwardsiana plebeja,species,NT,Cicadellidae,Hemiptera,Threatened - Poorly Sampled,1,1,26
urn:lsid:dyntaxa.se:Taxon:250388,Edwardsiana ulmiphagus,species,NT,Cicadellidae,Hemiptera,Threatened - Poorly Sampled,1,1,162
urn:lsid:dyntaxa.se:Taxon:201257,Eilema pygmaeolum,species,NT,Erebidae,Lepidoptera,Threatened - Not in GBIF,,,
urn:lsid:dyntaxa.se:Taxon:214321,Elachista abiskoella,species,NT,Elachistidae,Lepidoptera,Threatened - Poorly Sampled,1,1,5
urn:lsid:dyntaxa.se:Taxon:214314,Elachista kebneella,species,NT,Elachistidae,Lepidoptera,Threatened - Poorly Sampled,1,1,2
urn:lsid:dyntaxa.se:Taxon:102427,Elachista obliquella,species,NT,Elachistidae,Lepidoptera,Threatened - Poorly Sampled,1,1,12
urn:lsid:dyntaxa.se:Taxon:102430,Elachista unifasciella,species,NT,Elachistidae,Lepidoptera,Threatened - Poorly Sampled,1,1,5
urn:lsid:dyntaxa.se:Taxon:249148,Elampus constrictus,species,NT,Chrysididae,Hymenoptera,Threatened - Poorly Sampled,1,1,12
urn:lsid:dyntaxa.se:Taxon:572,Elaphomyces leveillei,species,NT,Elaphomycetaceae,Eurotiales,Threatened - Poorly Sampled,1,1,91
urn:lsid:dyntaxa.se:Taxon:102234,Elaphrus uliginosus,species,NT,Carabidae,Coleoptera,Threatened - Poorly Sampled,1,1,107
urn:lsid:dyntaxa.se:Taxon:577,Elatine orthosperma,species,NT,Elatinaceae,Malpighiales,Threatened - Poorly Sampled,1,1,437
urn:lsid:dyntaxa.se:Taxon:1825,Elixia flexella,species,NT,Elixiaceae,Umbilicariales,Threatened - Poorly Sampled,1,1,52
urn:lsid:dyntaxa.se:Taxon:103055,Emberiza citrinella,species,NT,Emberizidae,Passeriformes,Threatened - Poorly Sampled,1,1,813124
urn:lsid:dyntaxa.se:Taxon:103056,Emberiza rustica,species,NT,Emberizidae,Passeriformes,Threatened - Poorly Sampled,1,1,35563
urn:lsid:dyntaxa.se:Taxon:103057,Emberiza schoeniclus,species,NT,Emberizidae,Passeriformes,Threatened - Poorly Sampled,1,1,780076
urn:lsid:dyntaxa.se:Taxon:103057,Emberiza schoeniclus,species,NT,Emberizidae,Passeriformes,Threatened - Poorly Sampled,1,1,4
urn:lsid:dyntaxa.se:Taxon:103057,Emberiza schoeniclus,species,NT,Emberizidae,Passeriformes,Threatened - Poorly Sampled,1,1,1
urn:lsid:dyntaxa.se:Taxon:100893,Emus hirtus,species,NT,Staphylinidae,Coleoptera,Threatened - Poorly Sampled,1,1,439
urn:lsid:dyntaxa.se:Taxon:100894,Ena montana,species,NT,Enidae,Stylommatophora,Threatened - Poorly Sampled,1,1,182
urn:lsid:dyntaxa.se:Taxon:233247,Encalypta brevipes,species,NT,Encalyptaceae,Encalyptales,Threatened - Poorly Sampled,1,1,6
urn:lsid:dyntaxa.se:Taxon:206176,Enchelyopus cimbrius,species,NT,Lotidae,Gadiformes,Threatened - Poorly Sampled,1,1,69
urn:lsid:dyntaxa.se:Taxon:102432,Endothenia hebesana,species,NT,Tortricidae,Lepidoptera,Threatened - Poorly Sampled,1,1,10
urn:lsid:dyntaxa.se:Taxon:102433,Endothenia nigricostana,species,NT,Tortricidae,Lepidoptera,Threatened - Poorly Sampled,1,1,35
urn:lsid:dyntaxa.se:Taxon:100895,Endothenia oblongana,species,NT,Tortricidae,Lepidoptera,Threatened - Poorly Sampled,1,1,56
urn:lsid:dyntaxa.se:Taxon:6003436,Endothenia pullana,species,NT,Tortricidae,Lepidoptera,Threatened - Poorly Sampled,1,1,11
urn:lsid:dyntaxa.se:Taxon:100898,Enicmus planipennis,species,NT,Latridiidae,Coleoptera,Threatened - Poorly Sampled,1,1,67
urn:lsid:dyntaxa.se:Taxon:6009009,Enicospilus merdarius,species,NT,Ichneumonidae,Hymenoptera,Threatened - Poorly Sampled,1,1,76
urn:lsid:dyntaxa.se:Taxon:102756,Entalina tetragona,species,NT,Entalinidae,Gadilida,Threatened - Poorly Sampled,1,1,45
urn:lsid:dyntaxa.se:Taxon:100904,Entelecara omissa,species,NT,Linyphiidae,Araneae,Threatened - Poorly Sampled,1,1,5
urn:lsid:dyntaxa.se:Taxon:215713,Entephria caesiata,species,NT,Geometridae,Lepidoptera,Threatened - Poorly Sampled,1,1,1686
urn:lsid:dyntaxa.se:Taxon:589,Entoloma ameides,species,NT,Entolomataceae,Agaricales,Threatened - Poorly Sampled,1,1,128
urn:lsid:dyntaxa.se:Taxon:3939,Entoloma atrocoeruleum,species,NT,Entolomataceae,Agaricales,Threatened - Poorly Sampled,1,1,523
urn:lsid:dyntaxa.se:Taxon:3946,Entoloma catalaunicum,species,NT,Entolomataceae,Agaricales,Threatened - Poorly Sampled,1,1,103
urn:lsid:dyntaxa.se:Taxon:3952,Entoloma chloropolium,species,NT,Entolomataceae,Agaricales,Threatened - Poorly Sampled,1,1,18
urn:lsid:dyntaxa.se:Taxon:592,Entoloma corvinum,species,NT,Entolomataceae,Agaricales,Threatened - Poorly Sampled,1,1,23
urn:lsid:dyntaxa.se:Taxon:594,Entoloma dichroum,species,NT,Entolomataceae,Agaricales,Threatened - Poorly Sampled,1,1,57
urn:lsid:dyntaxa.se:Taxon:597,Entoloma griseocyaneum,species,NT,Entolomataceae,Agaricales,Threatened - Poorly Sampled,1,1,1041
urn:lsid:dyntaxa.se:Taxon:598,Entoloma griseorubidum,species,NT,Entolomataceae,Agaricales,Threatened - Not in GBIF,,,
urn:lsid:dyntaxa.se:Taxon:3984,Entoloma jubatum,species,NT,Entolomataceae,Agaricales,Threatened - Poorly Sampled,1,1,128
urn:lsid:dyntaxa.se:Taxon:602,Entoloma lividocyanulum,species,NT,Entolomataceae,Agaricales,Threatened - Poorly Sampled,1,1,402
urn:lsid:dyntaxa.se:Taxon:606,Entoloma prunuloides,species,NT,Entolomataceae,Agaricales,Threatened - Poorly Sampled,1,1,1290
urn:lsid:dyntaxa.se:Taxon:607,Entoloma queletii,species,NT,Entolomataceae,Agaricales,Threatened - Poorly Sampled,1,1,140
urn:lsid:dyntaxa.se:Taxon:2002,Entoloma scabiosum,species,NT,Entolomataceae,Agaricales,Threatened - Poorly Sampled,1,1,15
urn:lsid:dyntaxa.se:Taxon:4042,Entoloma strigosissimum,species,NT,Entolomataceae,Agaricales,Threatened - Poorly Sampled,1,1,6
urn:lsid:dyntaxa.se:Taxon:612,Entoloma turci,species,NT,Entolomataceae,Agaricales,Threatened - Poorly Sampled,1,1,172
urn:lsid:dyntaxa.se:Taxon:2251,Entosthodon fascicularis,species,NT,Funariaceae,Funariales,Threatened - Poorly Sampled,1,1,117
urn:lsid:dyntaxa.se:Taxon:588,Entosthodon muhlenbergii,species,NT,Funariaceae,Funariales,Threatened - Poorly Sampled,1,1,294
urn:lsid:dyntaxa.se:Taxon:102883,Ephemera glaucops,species,NT,Ephemeridae,Ephemeroptera,Threatened - Poorly Sampled,1,1,49
urn:lsid:dyntaxa.se:Taxon:102436,Epiblema junctana,species,NT,Tortricidae,Lepidoptera,Threatened - Poorly Sampled,1,1,61
urn:lsid:dyntaxa.se:Taxon:100021,Epidalea calamita,species,NT,Bufonidae,Anura,Threatened - Poorly Sampled,1,1,3225
urn:lsid:dyntaxa.se:Taxon:222075,Epilobium obscurum,species,NT,Onagraceae,Myrtales,Threatened - Poorly Sampled,1,1,1895
urn:lsid:dyntaxa.se:Taxon:222075,Epilobium obscurum,species,NT,Onagraceae,Myrtales,Threatened - Poorly Sampled,1,1,70
urn:lsid:dyntaxa.se:Taxon:222075,Epilobium obscurum,species,NT,Onagraceae,Myrtales,Threatened - Poorly Sampled,1,1,58
urn:lsid:dyntaxa.se:Taxon:222075,Epilobium obscurum,species,NT,Onagraceae,Myrtales,Threatened - Poorly Sampled,1,1,23
urn:lsid:dyntaxa.se:Taxon:222075,Epilobium obscurum,species,NT,Onagraceae,Myrtales,Threatened - Poorly Sampled,1,1,13
urn:lsid:dyntaxa.se:Taxon:222075,Epilobium obscurum,species,NT,Onagraceae,Myrtales,Threatened - Poorly Sampled,1,1,1
urn:lsid:dyntaxa.se:Taxon:222075,Epilobium obscurum,species,NT,Onagraceae,Myrtales,Threatened - Poorly Sampled,1,1,2
urn:lsid:dyntaxa.se:Taxon:620,Epipogium aphyllum,species,NT,Orchidaceae,Asparagales,Threatened - Poorly Sampled,1,1,2133
urn:lsid:dyntaxa.se:Taxon:215706,Epirrhoe galiata,species,NT,Geometridae,Lepidoptera,Threatened - Poorly Sampled,1,1,656
urn:lsid:dyntaxa.se:Taxon:215701,Epirrhoe hastulata,species,NT,Geometridae,Lepidoptera,Threatened - Poorly Sampled,1,1,205
urn:lsid:dyntaxa.se:Taxon:245394,Episphaeria fraxinicola,species,NT,Crepidotaceae,Agaricales,Threatened - Poorly Sampled,1,1,12
urn:lsid:dyntaxa.se:Taxon:205998,Eptesicus nilssonii,species,NT,Vespertilionidae,Chiroptera,Threatened - Poorly Sampled,1,1,92572
urn:lsid:dyntaxa.se:Taxon:100051,Eptesicus serotinus,species,NT,Vespertilionidae,Chiroptera,Threatened - Poorly Sampled,1,1,1325
urn:lsid:dyntaxa.se:Taxon:105391,Epuraea fussi,species,NT,Nitidulidae,Coleoptera,Threatened - Poorly Sampled,1,1,16
urn:lsid:dyntaxa.se:Taxon:100916,Epuraea longiclavis,species,NT,Nitidulidae,Coleoptera,Threatened - Poorly Sampled,1,1,38
urn:lsid:dyntaxa.se:Taxon:105389,Epuraea oblonga,species,NT,Nitidulidae,Coleoptera,Threatened - Poorly Sampled,1,1,52
urn:lsid:dyntaxa.se:Taxon:250072,Erastia ochraceolateritia,species,NT,"Polyporales, genera incertae sedis",Polyporales,Threatened - Poorly Sampled,1,1,23
urn:lsid:dyntaxa.se:Taxon:255700,Eremotylus curvinervis,species,NT,Ichneumonidae,Hymenoptera,Threatened - Poorly Sampled,1,1,7
urn:lsid:dyntaxa.se:Taxon:105894,Ergates faber,species,NT,Cerambycidae,Coleoptera,Threatened - Poorly Sampled,1,1,593
urn:lsid:dyntaxa.se:Taxon:218704,Erigonoplus globipes,species,NT,Linyphiidae,Araneae,Threatened - Poorly Sampled,1,1,10
urn:lsid:dyntaxa.se:Taxon:100053,Erinaceus europaeus,species,NT,Erinaceidae,Eulipotyphla,Threatened - Poorly Sampled,1,1,116046
urn:lsid:dyntaxa.se:Taxon:105316,Ernobius explanatus,species,NT,Ptinidae,Coleoptera,Threatened - Poorly Sampled,1,1,81
urn:lsid:dyntaxa.se:Taxon:100920,Ernoporicus caucasicus,species,NT,Curculionidae,Coleoptera,Threatened - Poorly Sampled,1,1,23
urn:lsid:dyntaxa.se:Taxon:100924,Ethmia quadrillella,species,NT,Ethmiidae,Lepidoptera,Threatened - Poorly Sampled,1,1,79
urn:lsid:dyntaxa.se:Taxon:206140,Etmopterus spinax,species,NT,Etmopteridae,Squaliformes,Threatened - Poorly Sampled,1,1,13
urn:lsid:dyntaxa.se:Taxon:101199,Etorofus pubescens,species,NT,Cerambycidae,Coleoptera,Threatened - Poorly Sampled,1,1,438
urn:lsid:dyntaxa.se:Taxon:100928,Eucnemis capucina,species,NT,Eucnemidae,Coleoptera,Threatened - Poorly Sampled,1,1,91
urn:lsid:dyntaxa.se:Taxon:100931,Euconnus wetterhallii,species,NT,Staphylinidae,Coleoptera,Threatened - Poorly Sampled,1,1,24
urn:lsid:dyntaxa.se:Taxon:100932,Eucosma balatonana,species,NT,Tortricidae,Lepidoptera,Threatened - Poorly Sampled,1,1,21
urn:lsid:dyntaxa.se:Taxon:215108,Eucosma messingiana,species,NT,Tortricidae,Lepidoptera,Threatened - Poorly Sampled,1,1,53
urn:lsid:dyntaxa.se:Taxon:100938,Eudonia laetella,species,NT,Crambidae,Lepidoptera,Threatened - Poorly Sampled,1,1,138
urn:lsid:dyntaxa.se:Taxon:101066,Euheptaulacus villosus,species,NT,Scarabaeidae,Coleoptera,Threatened - Poorly Sampled,1,1,31
urn:lsid:dyntaxa.se:Taxon:214641,Eulamprotes plumbella,species,NT,Gelechiidae,Lepidoptera,Threatened - Not in GBIF,,,
urn:lsid:dyntaxa.se:Taxon:214638,Eulamprotes superbella,species,NT,Gelechiidae,Lepidoptera,Threatened - Not in GBIF,,,
urn:lsid:dyntaxa.se:Taxon:100941,Eupachygaster tarsalis,species,NT,Stratiomyidae,Diptera,Threatened - Poorly Sampled,1,1,23
urn:lsid:dyntaxa.se:Taxon:625,Euphorbia exigua,species,NT,Euphorbiaceae,Malpighiales,Threatened - Poorly Sampled,1,1,1626
urn:lsid:dyntaxa.se:Taxon:625,Euphorbia exigua,species,NT,Euphorbiaceae,Malpighiales,Threatened - Poorly Sampled,1,1,3
urn:lsid:dyntaxa.se:Taxon:630,Euphrasia salisburgensis subsp. schoenicola,subspecies,NT,Orobanchaceae,Lamiales,Threatened - Poorly Sampled,1,1,852
urn:lsid:dyntaxa.se:Taxon:102440,Euphydryas iduna,species,NT,Nymphalidae,Lepidoptera,Threatened - Not in GBIF,,,
urn:lsid:dyntaxa.se:Taxon:215811,Eupithecia cauchiata,species,NT,Geometridae,Lepidoptera,Threatened - Poorly Sampled,1,1,32
urn:lsid:dyntaxa.se:Taxon:100946,Eupithecia insigniata,species,NT,Geometridae,Lepidoptera,Threatened - Poorly Sampled,1,1,405
urn:lsid:dyntaxa.se:Taxon:100948,Eupithecia pygmaeata,species,NT,Geometridae,Lepidoptera,Threatened - Poorly Sampled,1,1,153
urn:lsid:dyntaxa.se:Taxon:100949,Eupithecia selinata,species,NT,Geometridae,Lepidoptera,Threatened - Poorly Sampled,1,1,63
urn:lsid:dyntaxa.se:Taxon:215823,Eupithecia subumbrata,species,NT,Geometridae,Lepidoptera,Threatened - Poorly Sampled,1,1,642
urn:lsid:dyntaxa.se:Taxon:215804,Eupithecia venosata,species,NT,Geometridae,Lepidoptera,Threatened - Poorly Sampled,1,1,909
urn:lsid:dyntaxa.se:Taxon:102242,Euplectus duponti,species,NT,Staphylinidae,Coleoptera,Threatened - Poorly Sampled,1,1,10
urn:lsid:dyntaxa.se:Taxon:102850,Eurynome aspera,species,NT,Majidae,Decapoda,Threatened - Poorly Sampled,1,1,114
urn:lsid:dyntaxa.se:Taxon:102567,Euryopis laeta,species,NT,Theridiidae,Araneae,Threatened - Poorly Sampled,1,1,11
urn:lsid:dyntaxa.se:Taxon:214801,Eusphecia melanocephala,species,NT,Sesiidae,Lepidoptera,Threatened - Poorly Sampled,1,1,168
urn:lsid:dyntaxa.se:Taxon:100357,Eutrichapion melancholicum,species,NT,Apionidae,Coleoptera,Threatened - Poorly Sampled,1,1,69
urn:lsid:dyntaxa.se:Taxon:4075,Eutypella stellulata,species,NT,Diatrypaceae,Xylariales,Threatened - Poorly Sampled,1,1,237
urn:lsid:dyntaxa.se:Taxon:102443,Euxoa adumbrata,species,NT,Noctuidae,Lepidoptera,Threatened - Poorly Sampled,1,1,202
urn:lsid:dyntaxa.se:Taxon:216281,Euxoa recussa,species,NT,Noctuidae,Lepidoptera,Threatened - Poorly Sampled,1,1,458
urn:lsid:dyntaxa.se:Taxon:216287,Euxoa vitta,species,NT,Noctuidae,Lepidoptera,Threatened - Poorly Sampled,1,1,233
urn:lsid:dyntaxa.se:Taxon:215357,Euzophera pinguis,species,NT,Pyralidae,Lepidoptera,Threatened - Poorly Sampled,1,1,1271
urn:lsid:dyntaxa.se:Taxon:100975,Exocentrus adspersus,species,NT,Cerambycidae,Coleoptera,Threatened - Poorly Sampled,1,1,293
urn:lsid:dyntaxa.se:Taxon:101821,Falagrioma thoracica,species,NT,Staphylinidae,Coleoptera,Threatened - Poorly Sampled,1,1,45
urn:lsid:dyntaxa.se:Taxon:102611,Falco columbarius,species,NT,Falconidae,Falconiformes,Threatened - Poorly Sampled,1,1,142265
urn:lsid:dyntaxa.se:Taxon:100054,Falco peregrinus,species,NT,Falconidae,Falconiformes,Threatened - Poorly Sampled,1,1,210295
urn:lsid:dyntaxa.se:Taxon:222473,Festuca arenaria,species,NT,Poaceae,Poales,Threatened - Not in GBIF,,,
urn:lsid:dyntaxa.se:Taxon:103018,Ficedula hypoleuca,species,NT,Muscicapidae,Passeriformes,Threatened - Poorly Sampled,1,1,661802
urn:lsid:dyntaxa.se:Taxon:103018,Ficedula hypoleuca,species,NT,Muscicapidae,Passeriformes,Threatened - Poorly Sampled,1,1,598
urn:lsid:dyntaxa.se:Taxon:655,Fistulina hepatica,species,NT,"Agaricales, genera incertae sedis",Agaricales,Threatened - Poorly Sampled,1,1,7892
urn:lsid:dyntaxa.se:Taxon:73,Flavidoporia pulvinascens,species,NT,Fomitopsidaceae,Polyporales,Threatened - Poorly Sampled,1,1,91
urn:lsid:dyntaxa.se:Taxon:234611,Florodelphax paryphasma,species,NT,Delphacidae,Hemiptera,Threatened - Poorly Sampled,1,1,2
urn:lsid:dyntaxa.se:Taxon:5445,Fomitiporia robusta,species,NT,Hymenochaetaceae,Hymenochaetales,Threatened - Poorly Sampled,1,1,10217
urn:lsid:dyntaxa.se:Taxon:249180,Formica foreli,species,NT,Formicidae,Hymenoptera,Threatened - Poorly Sampled,1,1,27
urn:lsid:dyntaxa.se:Taxon:291,Fuscocephaloziopsis catenulata,species,NT,Cephaloziaceae,Jungermanniales,Threatened - Poorly Sampled,1,1,833
urn:lsid:dyntaxa.se:Taxon:1151,Fuscopannaria confusa,species,NT,Pannariaceae,Peltigerales,Threatened - Poorly Sampled,1,1,99
urn:lsid:dyntaxa.se:Taxon:1153,Fuscopannaria mediterranea,species,NT,Pannariaceae,Peltigerales,Threatened - Poorly Sampled,1,1,626
urn:lsid:dyntaxa.se:Taxon:100983,Gabrius lividipes,species,NT,Staphylinidae,Coleoptera,Threatened - Poorly Sampled,1,1,8
urn:lsid:dyntaxa.se:Taxon:235035,Gagea pomeranica,species,NT,Liliaceae,Liliales,Threatened - Poorly Sampled,1,1,197
urn:lsid:dyntaxa.se:Taxon:668,Gagea villosa,species,NT,Liliaceae,Liliales,Threatened - Poorly Sampled,1,1,1519
urn:lsid:dyntaxa.se:Taxon:101532,Gagitodes sagittata,species,NT,Geometridae,Lepidoptera,Threatened - Not in GBIF,,,
urn:lsid:dyntaxa.se:Taxon:221647,Galeopsis ladanum,species,NT,Lamiaceae,Lamiales,Threatened - Poorly Sampled,1,1,2766
urn:lsid:dyntaxa.se:Taxon:106076,Galeruca jucunda,species,NT,Chrysomelidae,Coleoptera,Threatened - Poorly Sampled,1,1,97
urn:lsid:dyntaxa.se:Taxon:100986,Galeruca laticollis,species,NT,Chrysomelidae,Coleoptera,Threatened - Poorly Sampled,1,1,89
urn:lsid:dyntaxa.se:Taxon:221431,Galium spurium,species,NT,Rubiaceae,Gentianales,Threatened - Poorly Sampled,1,1,2681
urn:lsid:dyntaxa.se:Taxon:224199,Galium spurium subsp. vaillantii,subspecies,NT,Rubiaceae,Gentianales,Threatened - Poorly Sampled,1,1,2681
urn:lsid:dyntaxa.se:Taxon:673,Galium suecicum,species,NT,Rubiaceae,Gentianales,Threatened - Poorly Sampled,1,1,1370
urn:lsid:dyntaxa.se:Taxon:674,Galium triflorum,species,NT,Rubiaceae,Gentianales,Threatened - Poorly Sampled,1,1,1340
urn:lsid:dyntaxa.se:Taxon:100061,Gallinago media,species,NT,Scolopacidae,Charadriiformes,Threatened - Poorly Sampled,1,1,23756
urn:lsid:dyntaxa.se:Taxon:100988,Gammaracanthus lacustris,species,NT,Gammaracanthidae,Amphipoda,Threatened - Poorly Sampled,1,1,2
urn:lsid:dyntaxa.se:Taxon:100989,Gampsocoris punctipes,species,NT,Berytidae,Hemiptera,Threatened - Poorly Sampled,1,1,64
urn:lsid:dyntaxa.se:Taxon:6011335,Gasteruption nigritarse,species,NT,Gasteruptiidae,Hymenoptera,Threatened - Poorly Sampled,1,1,13
urn:lsid:dyntaxa.se:Taxon:251353,Gasteruption undulatum,species,NT,Gasteruptiidae,Hymenoptera,Threatened - Poorly Sampled,1,1,24
urn:lsid:dyntaxa.se:Taxon:100063,Gavia stellata,species,NT,Gaviidae,Gaviiformes,Threatened - Poorly Sampled,1,1,213667
urn:lsid:dyntaxa.se:Taxon:213792,Gazoryctra fuscoargentea,species,NT,Hepialidae,Lepidoptera,Threatened - Not in GBIF,,,
urn:lsid:dyntaxa.se:Taxon:2007,Geastrum coronatum,species,NT,Geastraceae,Geastrales,Threatened - Poorly Sampled,1,1,538
urn:lsid:dyntaxa.se:Taxon:1589,Geastrum melanocephalum,species,NT,Geastraceae,Geastrales,Threatened - Poorly Sampled,1,1,688
urn:lsid:dyntaxa.se:Taxon:2008,Geastrum quadrifidum,species,NT,Geastraceae,Geastrales,Threatened - Poorly Sampled,1,1,1899
urn:lsid:dyntaxa.se:Taxon:688,Geastrum schmidelii,species,NT,Geastraceae,Geastrales,Threatened - Not in GBIF,,,
urn:lsid:dyntaxa.se:Taxon:1973,Gelatoporia subvermispora,species,NT,Gelatoporiaceae,Polyporales,Threatened - Not in GBIF,,,
urn:lsid:dyntaxa.se:Taxon:689,Genea verrucosa,species,NT,Pyronemataceae,Pezizales,Threatened - Poorly Sampled,1,1,29
urn:lsid:dyntaxa.se:Taxon:692,Genista pilosa,species,NT,Fabaceae,Fabales,Threatened - Poorly Sampled,1,1,4473
urn:lsid:dyntaxa.se:Taxon:101640,Geodromicus hoejeri,species,NT,Staphylinidae,Coleoptera,Threatened - Poorly Sampled,1,1,28
urn:lsid:dyntaxa.se:Taxon:704,Geoglossum simile,species,NT,Geoglossaceae,Geoglossales,Threatened - Poorly Sampled,1,1,92
urn:lsid:dyntaxa.se:Taxon:4201,Geoglossum starbaeckii,species,NT,Geoglossaceae,Geoglossales,Threatened - Poorly Sampled,1,1,169
urn:lsid:dyntaxa.se:Taxon:200897,Geophilus carpophagus,species,NT,Geophilidae,Geophilomorpha,Threatened - Poorly Sampled,1,1,134
urn:lsid:dyntaxa.se:Taxon:706,Geranium bohemicum,species,NT,Geraniaceae,Geraniales,Threatened - Poorly Sampled,1,1,3070
urn:lsid:dyntaxa.se:Taxon:706,Geranium bohemicum,species,NT,Geraniaceae,Geraniales,Threatened - Poorly Sampled,1,1,7
urn:lsid:dyntaxa.se:Taxon:100993,Gerris gibbifer,species,NT,Gerridae,Hemiptera,Threatened - Poorly Sampled,1,1,47
urn:lsid:dyntaxa.se:Taxon:102845,Geryon trispinosus,species,NT,Geryonidae,Decapoda,Threatened - Poorly Sampled,1,1,7
urn:lsid:dyntaxa.se:Taxon:100392,Globia sparganii,species,NT,Noctuidae,Lepidoptera,Threatened - Poorly Sampled,1,1,348
urn:lsid:dyntaxa.se:Taxon:100997,Globicornis corticalis,species,NT,Dermestidae,Coleoptera,Threatened - Poorly Sampled,1,1,38
urn:lsid:dyntaxa.se:Taxon:100998,Globicornis nigripes,species,NT,Dermestidae,Coleoptera,Threatened - Poorly Sampled,1,1,55
urn:lsid:dyntaxa.se:Taxon:100593,Glocianus moelleri,species,NT,Curculionidae,Coleoptera,Threatened - Not in GBIF,,,
urn:lsid:dyntaxa.se:Taxon:713,Gloeodontia subasperispora,species,NT,"Russulales, genera incertae sedis",Russulales,Threatened - Poorly Sampled,1,1,8
urn:lsid:dyntaxa.se:Taxon:4213,Gloeophyllum abietinum,species,NT,Gloeophyllaceae,Gloeophyllales,Threatened - Poorly Sampled,1,1,91
urn:lsid:dyntaxa.se:Taxon:101000,Gnathoncus nidorum,species,NT,Histeridae,Coleoptera,Threatened - Poorly Sampled,1,1,10
urn:lsid:dyntaxa.se:Taxon:101002,Gnorimus nobilis,species,NT,Scarabaeidae,Coleoptera,Threatened - Poorly Sampled,1,1,672
urn:lsid:dyntaxa.se:Taxon:101004,Gnypeta rubrior,species,NT,Staphylinidae,Coleoptera,Threatened - Poorly Sampled,1,1,28
urn:lsid:dyntaxa.se:Taxon:102355,Gonotropis dorsalis,species,NT,Anthribidae,Coleoptera,Threatened - Poorly Sampled,1,1,61
urn:lsid:dyntaxa.se:Taxon:250265,Gonotropis gibbosa,species,NT,Anthribidae,Coleoptera,Threatened - Poorly Sampled,1,1,23
urn:lsid:dyntaxa.se:Taxon:102863,Gorgonocephalus caputmedusae,species,NT,Gorgonocephalidae,Euryalida,Threatened - Poorly Sampled,1,1,11
urn:lsid:dyntaxa.se:Taxon:101005,Gorytes quinquecinctus,species,NT,Crabronidae,Hymenoptera,Threatened - Poorly Sampled,1,1,24
urn:lsid:dyntaxa.se:Taxon:861,Granulobasidium vellereum,species,NT,Cyphellaceae,Agaricales,Threatened - Poorly Sampled,1,1,364
urn:lsid:dyntaxa.se:Taxon:102412,Grapholita gemmiferana,species,NT,Tortricidae,Lepidoptera,Threatened - Poorly Sampled,1,1,12
urn:lsid:dyntaxa.se:Taxon:215168,Grapholita pallifrontana,species,NT,Tortricidae,Lepidoptera,Threatened - Poorly Sampled,1,1,64
urn:lsid:dyntaxa.se:Taxon:721,Grifola frondosa,species,NT,Grifolaceae,Polyporales,Threatened - Poorly Sampled,1,1,2449
urn:lsid:dyntaxa.se:Taxon:722,Grimmia anomala,species,NT,Grimmiaceae,Grimmiales,Threatened - Poorly Sampled,1,1,24
urn:lsid:dyntaxa.se:Taxon:726,Grimmia decipiens,species,NT,Grimmiaceae,Grimmiales,Threatened - Poorly Sampled,1,1,284
urn:lsid:dyntaxa.se:Taxon:728,Grimmia laevigata,species,NT,Grimmiaceae,Grimmiales,Threatened - Poorly Sampled,1,1,576
urn:lsid:dyntaxa.se:Taxon:2486,Grimmia mollis,species,NT,Grimmiaceae,Grimmiales,Threatened - Poorly Sampled,1,1,56
urn:lsid:dyntaxa.se:Taxon:730,Grimmia reflexidens,species,NT,Grimmiaceae,Grimmiales,Threatened - Poorly Sampled,1,1,25
urn:lsid:dyntaxa.se:Taxon:2489,Grimmia unicolor,species,NT,Grimmiaceae,Grimmiales,Threatened - Poorly Sampled,1,1,195
urn:lsid:dyntaxa.se:Taxon:101010,Gryllotalpa gryllotalpa,species,NT,Gryllotalpidae,Orthoptera,Threatened - Poorly Sampled,1,1,249
urn:lsid:dyntaxa.se:Taxon:102250,Grynobius planus,species,NT,Ptinidae,Coleoptera,Threatened - Poorly Sampled,1,1,128
urn:lsid:dyntaxa.se:Taxon:736,Gyalecta subclausa,species,NT,Gyalectaceae,Ostropales,Threatened - Poorly Sampled,1,1,107
urn:lsid:dyntaxa.se:Taxon:228885,Gyalideopsis piceicola,species,NT,Graphidaceae,Ostropales,Threatened - Poorly Sampled,1,1,54
urn:lsid:dyntaxa.se:Taxon:742,Gymnadenia odoratissima,species,NT,Orchidaceae,Asparagales,Threatened - Poorly Sampled,1,1,1685
urn:lsid:dyntaxa.se:Taxon:743,Gymnadenia runei,species,NT,Orchidaceae,Asparagales,Threatened - Poorly Sampled,1,1,1
urn:lsid:dyntaxa.se:Taxon:744,Gymnocarpium robertianum,species,NT,Cystopteridaceae,Polypodiales,Threatened - Poorly Sampled,1,1,1156
urn:lsid:dyntaxa.se:Taxon:4247,Gymnopilus odini,species,NT,Hymenogastraceae,Agaricales,Threatened - Poorly Sampled,1,1,52
urn:lsid:dyntaxa.se:Taxon:240066,Gymnopternus blankaartensis,species,NT,Dolichopodidae,Diptera,Threatened - Poorly Sampled,1,1,11
urn:lsid:dyntaxa.se:Taxon:393,Gymnopus erythropus,species,NT,Omphalotaceae,Agaricales,Threatened - Poorly Sampled,1,1,201
urn:lsid:dyntaxa.se:Taxon:394,Gymnopus fusipes,species,NT,Omphalotaceae,Agaricales,Threatened - Poorly Sampled,1,1,596
urn:lsid:dyntaxa.se:Taxon:101019,Gyraulus laevis,species,NT,Planorbidae,"",Threatened - Not in GBIF,,,
urn:lsid:dyntaxa.se:Taxon:751,Gyroporus castaneus,species,NT,Gyroporaceae,Boletales,Threatened - Poorly Sampled,1,1,418
urn:lsid:dyntaxa.se:Taxon:752,Gyroweisia tenuis,species,NT,Pottiaceae,Pottiales,Threatened - Poorly Sampled,1,1,86
urn:lsid:dyntaxa.se:Taxon:216165,Hadena albimacula,species,NT,Noctuidae,Lepidoptera,Threatened - Poorly Sampled,1,1,546
urn:lsid:dyntaxa.se:Taxon:216161,Hadena bicruris,species,NT,Noctuidae,Lepidoptera,Threatened - Poorly Sampled,1,1,984
urn:lsid:dyntaxa.se:Taxon:216162,Hadena capsincola,species,NT,Noctuidae,Lepidoptera,Threatened - Poorly Sampled,1,1,252
urn:lsid:dyntaxa.se:Taxon:101029,Hadena compta,species,NT,Noctuidae,Lepidoptera,Threatened - Poorly Sampled,1,1,350
urn:lsid:dyntaxa.se:Taxon:216164,Hadena confusa,species,NT,Noctuidae,Lepidoptera,Threatened - Poorly Sampled,1,1,1050
urn:lsid:dyntaxa.se:Taxon:102950,Haematopus ostralegus,species,NT,Haematopodidae,Charadriiformes,Threatened - Poorly Sampled,1,1,483003
urn:lsid:dyntaxa.se:Taxon:101071,Haeterius ferrugineus,species,NT,Histeridae,Coleoptera,Threatened - Poorly Sampled,1,1,142
urn:lsid:dyntaxa.se:Taxon:100067,Haliaeetus albicilla,species,NT,Accipitridae,Accipitriformes,Threatened - Poorly Sampled,1,1,920506
urn:lsid:dyntaxa.se:Taxon:102679,Halictus eurygnathus,species,NT,Halictidae,Hymenoptera,Threatened - Not in GBIF,,,
urn:lsid:dyntaxa.se:Taxon:101035,Halorates reprobus,species,NT,Linyphiidae,Araneae,Threatened - Poorly Sampled,1,1,6
urn:lsid:dyntaxa.se:Taxon:258836,Hapalocystis bicaudata,species,NT,Sydowiellaceae,Diaporthales,Threatened - Poorly Sampled,1,1,63
urn:lsid:dyntaxa.se:Taxon:757,Hapalopilus aurantiacus,species,NT,"Polyporales, genera incertae sedis",Polyporales,Threatened - Not in GBIF,,,
urn:lsid:dyntaxa.se:Taxon:219125,Haplodrassus dalmatensis,species,NT,Gnaphosidae,Araneae,Threatened - Poorly Sampled,1,1,15
urn:lsid:dyntaxa.se:Taxon:104691,Haploglossa nidicola,species,NT,Staphylinidae,Coleoptera,Threatened - Poorly Sampled,1,1,44
urn:lsid:dyntaxa.se:Taxon:759,Haplomitrium hookeri,species,NT,Haplomitriaceae,Calobryales,Threatened - Poorly Sampled,1,1,46
urn:lsid:dyntaxa.se:Taxon:1143,Haploporus tuberculosus,species,NT,Polyporaceae,Polyporales,Threatened - Not in GBIF,,,
urn:lsid:dyntaxa.se:Taxon:102261,Harpalus anxius,species,NT,Carabidae,Coleoptera,Threatened - Poorly Sampled,1,1,683
urn:lsid:dyntaxa.se:Taxon:101046,Harpalus calceatus,species,NT,Carabidae,Coleoptera,Threatened - Poorly Sampled,1,1,159
urn:lsid:dyntaxa.se:Taxon:101049,Harpalus griseus,species,NT,Carabidae,Coleoptera,Threatened - Poorly Sampled,1,1,260
urn:lsid:dyntaxa.se:Taxon:102263,Harpalus neglectus,species,NT,Carabidae,Coleoptera,Threatened - Poorly Sampled,1,1,142
urn:lsid:dyntaxa.se:Taxon:101052,Harpalus rufipalpis,species,NT,Carabidae,Coleoptera,Threatened - Poorly Sampled,1,1,151
urn:lsid:dyntaxa.se:Taxon:101053,Harpalus servus,species,NT,Carabidae,Coleoptera,Threatened - Poorly Sampled,1,1,267
urn:lsid:dyntaxa.se:Taxon:250167,Hedychridium caputaureum,species,NT,Chrysididae,Hymenoptera,Threatened - Poorly Sampled,1,1,51
urn:lsid:dyntaxa.se:Taxon:101055,Heinemannia festivella,species,NT,Parametriotidae,Lepidoptera,Threatened - Poorly Sampled,1,1,126
urn:lsid:dyntaxa.se:Taxon:220164,Helianthemum nummularium,species,NT,Cistaceae,Malvales,Threatened - Poorly Sampled,1,1,17402
urn:lsid:dyntaxa.se:Taxon:224416,Helianthemum nummularium subsp. nummularium,subspecies,NT,Cistaceae,Malvales,Threatened - Poorly Sampled,1,1,17402
urn:lsid:dyntaxa.se:Taxon:215396,Heliothela wulfeniana,species,NT,Crambidae,Lepidoptera,Threatened - Poorly Sampled,1,1,112
urn:lsid:dyntaxa.se:Taxon:765,Helvella hypocrateriformis,species,NT,Helvellaceae,Pezizales,Threatened - Poorly Sampled,1,1,17
urn:lsid:dyntaxa.se:Taxon:766,Helvella sublicia,species,NT,Helvellaceae,Pezizales,Threatened - Poorly Sampled,1,1,101
urn:lsid:dyntaxa.se:Taxon:101060,Hemaris tityus,species,NT,Sphingidae,Lepidoptera,Threatened - Poorly Sampled,1,1,3487
urn:lsid:dyntaxa.se:Taxon:100297,Hemicoelus costatus,species,NT,Ptinidae,Coleoptera,Threatened - Poorly Sampled,1,1,199
urn:lsid:dyntaxa.se:Taxon:100298,Hemicoelus fulvicornis,species,NT,Ptinidae,Coleoptera,Threatened - Poorly Sampled,1,1,207
urn:lsid:dyntaxa.se:Taxon:1225,Hemipholiota populnea,species,NT,Strophariaceae,Agaricales,Threatened - Not in GBIF,,,
urn:lsid:dyntaxa.se:Taxon:1542,Hemistropharia albocrenulata,species,NT,Strophariaceae,Agaricales,Threatened - Poorly Sampled,1,1,164
urn:lsid:dyntaxa.se:Taxon:101062,Hendelia beckeri,species,NT,Clusiidae,Diptera,Threatened - Poorly Sampled,1,1,29
urn:lsid:dyntaxa.se:Taxon:213797,Hepialus humuli,species,NT,Hepialidae,Lepidoptera,Threatened - Poorly Sampled,1,1,3225
urn:lsid:dyntaxa.se:Taxon:240074,Hercostomus chetifer,species,NT,Dolichopodidae,Diptera,Threatened - Poorly Sampled,1,1,15
urn:lsid:dyntaxa.se:Taxon:2014,Hericium coralloides,species,NT,Hericiaceae,Russulales,Threatened - Poorly Sampled,1,1,4163
urn:lsid:dyntaxa.se:Taxon:6453,Hertelidea botryosa,species,NT,Squamarinaceae,Lecanorales,Threatened - Poorly Sampled,1,1,27131
urn:lsid:dyntaxa.se:Taxon:771,Herzogiella turfacea,species,NT,Plagiotheciaceae,Hypnales,Threatened - Poorly Sampled,1,1,1068
urn:lsid:dyntaxa.se:Taxon:101070,Hesperia comma,species,NT,Hesperiidae,Lepidoptera,Threatened - Poorly Sampled,1,1,8753
urn:lsid:dyntaxa.se:Taxon:250162,Hesperia comma comma,subspecies,NT,Hesperiidae,Lepidoptera,Threatened - Poorly Sampled,1,1,8753
urn:lsid:dyntaxa.se:Taxon:101074,Heterogenea asella,species,NT,Limacodidae,Lepidoptera,Threatened - Poorly Sampled,1,1,170
urn:lsid:dyntaxa.se:Taxon:240423,Heteromeringia nigrimana,species,NT,Clusiidae,Diptera,Threatened - Not in GBIF,,,
urn:lsid:dyntaxa.se:Taxon:231489,Hieracium aequialtum,species,NT,Asteraceae,Asterales,Threatened - Poorly Sampled,1,1,69
urn:lsid:dyntaxa.se:Taxon:231196,Hieracium ahlfvengrenii,species,NT,Asteraceae,Asterales,Threatened - Poorly Sampled,1,1,90
urn:lsid:dyntaxa.se:Taxon:231495,Hieracium albidulum,species,NT,Asteraceae,Asterales,Threatened - Poorly Sampled,1,1,53
urn:lsid:dyntaxa.se:Taxon:231495,Hieracium albidulum,species,NT,Asteraceae,Asterales,Threatened - Poorly Sampled,1,1,33
urn:lsid:dyntaxa.se:Taxon:266280,Hieracium alces,species,NT,Asteraceae,Asterales,Threatened - Poorly Sampled,1,1,1
urn:lsid:dyntaxa.se:Taxon:231204,Hieracium angricum,species,NT,Asteraceae,Asterales,Threatened - Poorly Sampled,1,1,10
urn:lsid:dyntaxa.se:Taxon:231207,Hieracium arrosiforme,species,NT,Asteraceae,Asterales,Threatened - Poorly Sampled,1,1,28
urn:lsid:dyntaxa.se:Taxon:231530,Hieracium arrosum,species,NT,Asteraceae,Asterales,Threatened - Poorly Sampled,1,1,9
urn:lsid:dyntaxa.se:Taxon:231534,Hieracium atricolor,species,NT,Asteraceae,Asterales,Threatened - Poorly Sampled,1,1,11
urn:lsid:dyntaxa.se:Taxon:231211,Hieracium austrinum,species,NT,Asteraceae,Asterales,Threatened - Not in GBIF,,,
urn:lsid:dyntaxa.se:Taxon:231537,Hieracium baliophyllum,species,NT,Asteraceae,Asterales,Threatened - Not in GBIF,,,
urn:lsid:dyntaxa.se:Taxon:231541,Hieracium basifalcatum,species,NT,Asteraceae,Asterales,Threatened - Poorly Sampled,1,1,3
urn:lsid:dyntaxa.se:Taxon:231542,Hieracium basilacinium,species,NT,Asteraceae,Asterales,Threatened - Poorly Sampled,1,1,3
urn:lsid:dyntaxa.se:Taxon:231546,Hieracium bathymallum,species,NT,Asteraceae,Asterales,Threatened - Poorly Sampled,1,1,47
urn:lsid:dyntaxa.se:Taxon:231549,Hieracium betuletorum,species,NT,Asteraceae,Asterales,Threatened - Poorly Sampled,1,1,9
urn:lsid:dyntaxa.se:Taxon:231560,Hieracium brevipilosum,species,NT,Asteraceae,Asterales,Threatened - Poorly Sampled,1,1,5
urn:lsid:dyntaxa.se:Taxon:231235,Hieracium chlorodes,species,NT,Asteraceae,Asterales,Threatened - Not in GBIF,,,
urn:lsid:dyntaxa.se:Taxon:6010619,Hieracium chrysoprasium,species,NT,Asteraceae,Asterales,Threatened - Poorly Sampled,1,1,7
urn:lsid:dyntaxa.se:Taxon:6010619,Hieracium chrysoprasium,species,NT,Asteraceae,Asterales,Threatened - Poorly Sampled,1,1,28
urn:lsid:dyntaxa.se:Taxon:231602,Hieracium coadunatum,species,NT,Asteraceae,Asterales,Threatened - Poorly Sampled,1,1,78
urn:lsid:dyntaxa.se:Taxon:231608,Hieracium contaminatum,species,NT,Asteraceae,Asterales,Threatened - Not in GBIF,,,
urn:lsid:dyntaxa.se:Taxon:231611,Hieracium convergentipes,species,NT,Asteraceae,Asterales,Threatened - Poorly Sampled,1,1,5
urn:lsid:dyntaxa.se:Taxon:231247,Hieracium coriarium,species,NT,Asteraceae,Asterales,Threatened - Poorly Sampled,1,1,20
urn:lsid:dyntaxa.se:Taxon:231614,Hieracium corynodes,species,NT,Asteraceae,Asterales,Threatened - Poorly Sampled,1,1,4
urn:lsid:dyntaxa.se:Taxon:231615,Hieracium cosmiodontum,species,NT,Asteraceae,Asterales,Threatened - Poorly Sampled,1,1,79
urn:lsid:dyntaxa.se:Taxon:266115,Hieracium crinellum,species,NT,Asteraceae,Asterales,Threatened - Poorly Sampled,1,1,17
urn:lsid:dyntaxa.se:Taxon:231251,Hieracium cuneolatum,species,NT,Asteraceae,Asterales,Threatened - Poorly Sampled,1,1,37
urn:lsid:dyntaxa.se:Taxon:231628,Hieracium cyrtocladum,species,NT,Asteraceae,Asterales,Threatened - Poorly Sampled,1,1,47
urn:lsid:dyntaxa.se:Taxon:231630,Hieracium dactylites,species,NT,Asteraceae,Asterales,Threatened - Poorly Sampled,1,1,34
urn:lsid:dyntaxa.se:Taxon:231630,Hieracium dactylites,species,NT,Asteraceae,Asterales,Threatened - Poorly Sampled,1,1,2
urn:lsid:dyntaxa.se:Taxon:231637,Hieracium decurrentidens,species,NT,Asteraceae,Asterales,Threatened - Poorly Sampled,1,1,11
urn:lsid:dyntaxa.se:Taxon:6033368,Hieracium depilatum,species,NT,Asteraceae,Asterales,Threatened - Poorly Sampled,1,1,72
urn:lsid:dyntaxa.se:Taxon:231650,Hieracium distanticeps,species,NT,Asteraceae,Asterales,Threatened - Poorly Sampled,1,1,6
urn:lsid:dyntaxa.se:Taxon:251296,Hieracium elongatifrons,species,NT,Asteraceae,Asterales,Threatened - Poorly Sampled,1,1,18
urn:lsid:dyntaxa.se:Taxon:266117,Hieracium eulasium,species,NT,Asteraceae,Asterales,Threatened - Poorly Sampled,1,1,64
urn:lsid:dyntaxa.se:Taxon:231698,Hieracium grandiserratum,species,NT,Asteraceae,Asterales,Threatened - Poorly Sampled,1,1,39
urn:lsid:dyntaxa.se:Taxon:231285,Hieracium grophosum,species,NT,Asteraceae,Asterales,Threatened - Poorly Sampled,1,1,42
urn:lsid:dyntaxa.se:Taxon:231703,Hieracium gymnocentrum,species,NT,Asteraceae,Asterales,Threatened - Not in GBIF,,,
urn:lsid:dyntaxa.se:Taxon:231706,Hieracium haegerstroemii,species,NT,Asteraceae,Asterales,Threatened - Poorly Sampled,1,1,85
urn:lsid:dyntaxa.se:Taxon:231706,Hieracium haegerstroemii,species,NT,Asteraceae,Asterales,Threatened - Poorly Sampled,1,1,24
urn:lsid:dyntaxa.se:Taxon:251309,Hieracium hepaticum,species,NT,Asteraceae,Asterales,Threatened - Poorly Sampled,1,1,23
urn:lsid:dyntaxa.se:Taxon:231290,Hieracium hispidiceps,species,NT,Asteraceae,Asterales,Threatened - Poorly Sampled,1,1,17
urn:lsid:dyntaxa.se:Taxon:231712,Hieracium hjeltii,species,NT,Asteraceae,Asterales,Threatened - Poorly Sampled,1,1,169
urn:lsid:dyntaxa.se:Taxon:231718,Hieracium hypsilophum,species,NT,Asteraceae,Asterales,Threatened - Poorly Sampled,1,1,55
urn:lsid:dyntaxa.se:Taxon:231294,Hieracium impressiforme,species,NT,Asteraceae,Asterales,Threatened - Poorly Sampled,1,1,85
urn:lsid:dyntaxa.se:Taxon:231295,Hieracium incurrens,species,NT,Asteraceae,Asterales,Threatened - Poorly Sampled,1,1,177
urn:lsid:dyntaxa.se:Taxon:231297,Hieracium inquilinum,species,NT,Asteraceae,Asterales,Threatened - Poorly Sampled,1,1,67
urn:lsid:dyntaxa.se:Taxon:231745,Hieracium koehleri,species,NT,Asteraceae,Asterales,Threatened - Poorly Sampled,1,1,102
urn:lsid:dyntaxa.se:Taxon:251313,Hieracium lepidiforme,species,NT,Asteraceae,Asterales,Threatened - Poorly Sampled,1,1,61
urn:lsid:dyntaxa.se:Taxon:231325,Hieracium luebeckii,species,NT,Asteraceae,Asterales,Threatened - Poorly Sampled,1,1,84
urn:lsid:dyntaxa.se:Taxon:231328,Hieracium macrocentrum,species,NT,Asteraceae,Asterales,Threatened - Poorly Sampled,1,1,59
urn:lsid:dyntaxa.se:Taxon:231778,Hieracium macromallum,species,NT,Asteraceae,Asterales,Threatened - Poorly Sampled,1,1,13
urn:lsid:dyntaxa.se:Taxon:231329,Hieracium maculatum,species,NT,Asteraceae,Asterales,Threatened - Poorly Sampled,1,1,10
urn:lsid:dyntaxa.se:Taxon:231329,Hieracium maculatum,species,NT,Asteraceae,Asterales,Threatened - Poorly Sampled,1,1,21
urn:lsid:dyntaxa.se:Taxon:266116,Hieracium marinum,species,NT,Asteraceae,Asterales,Threatened - Poorly Sampled,1,1,10
urn:lsid:dyntaxa.se:Taxon:231337,Hieracium megavulgatum,species,NT,Asteraceae,Asterales,Threatened - Poorly Sampled,1,1,321
urn:lsid:dyntaxa.se:Taxon:231341,Hieracium microcymon,species,NT,Asteraceae,Asterales,Threatened - Poorly Sampled,1,1,53
urn:lsid:dyntaxa.se:Taxon:231805,Hieracium mimeticum,species,NT,Asteraceae,Asterales,Threatened - Poorly Sampled,1,1,24
urn:lsid:dyntaxa.se:Taxon:231810,Hieracium monochroum,species,NT,Asteraceae,Asterales,Threatened - Poorly Sampled,1,1,19
urn:lsid:dyntaxa.se:Taxon:231811,Hieracium monstrosum,species,NT,Asteraceae,Asterales,Threatened - Poorly Sampled,1,1,23
urn:lsid:dyntaxa.se:Taxon:231815,Hieracium mundulum,species,NT,Asteraceae,Asterales,Threatened - Poorly Sampled,1,1,116
urn:lsid:dyntaxa.se:Taxon:231827,Hieracium nigrisquameum,species,NT,Asteraceae,Asterales,Threatened - Poorly Sampled,1,1,15
urn:lsid:dyntaxa.se:Taxon:266137,Hieracium norvegicum,species,NT,Asteraceae,Asterales,Threatened - Poorly Sampled,1,1,143
urn:lsid:dyntaxa.se:Taxon:231837,Hieracium nuoliense,species,NT,Asteraceae,Asterales,Threatened - Poorly Sampled,1,1,22
urn:lsid:dyntaxa.se:Taxon:231847,Hieracium obtusius,species,NT,Asteraceae,Asterales,Threatened - Poorly Sampled,1,1,27
urn:lsid:dyntaxa.se:Taxon:231855,Hieracium ohlsenii,species,NT,Asteraceae,Asterales,Threatened - Poorly Sampled,1,1,40
urn:lsid:dyntaxa.se:Taxon:231856,Hieracium oistophyllum,species,NT,Asteraceae,Asterales,Threatened - Not in GBIF,,,
urn:lsid:dyntaxa.se:Taxon:231861,Hieracium oligozum,species,NT,Asteraceae,Asterales,Threatened - Poorly Sampled,1,1,11
urn:lsid:dyntaxa.se:Taxon:231862,Hieracium onychodontum,species,NT,Asteraceae,Asterales,Threatened - Poorly Sampled,1,1,9
urn:lsid:dyntaxa.se:Taxon:231360,Hieracium ornatiforme,species,NT,Asteraceae,Asterales,Threatened - Poorly Sampled,1,1,37
urn:lsid:dyntaxa.se:Taxon:231361,Hieracium ornatum,species,NT,Asteraceae,Asterales,Threatened - Poorly Sampled,1,1,90
urn:lsid:dyntaxa.se:Taxon:231872,Hieracium otophorum,species,NT,Asteraceae,Asterales,Threatened - Poorly Sampled,1,1,47
urn:lsid:dyntaxa.se:Taxon:231366,Hieracium paralium,species,NT,Asteraceae,Asterales,Threatened - Poorly Sampled,1,1,81
urn:lsid:dyntaxa.se:Taxon:231366,Hieracium paralium,species,NT,Asteraceae,Asterales,Threatened - Poorly Sampled,1,1,93
urn:lsid:dyntaxa.se:Taxon:231879,Hieracium parallelisquameum,species,NT,Asteraceae,Asterales,Threatened - Poorly Sampled,1,1,19
urn:lsid:dyntaxa.se:Taxon:231883,Hieracium parvulifrons,species,NT,Asteraceae,Asterales,Threatened - Poorly Sampled,1,1,13
urn:lsid:dyntaxa.se:Taxon:231894,Hieracium perelegans,species,NT,Asteraceae,Asterales,Threatened - Poorly Sampled,1,1,6
urn:lsid:dyntaxa.se:Taxon:231921,Hieracium poliosteleum,species,NT,Asteraceae,Asterales,Threatened - Poorly Sampled,1,1,14
urn:lsid:dyntaxa.se:Taxon:231383,Hieracium polystilbum,species,NT,Asteraceae,Asterales,Threatened - Poorly Sampled,1,1,11
urn:lsid:dyntaxa.se:Taxon:231929,Hieracium porphyritifrons,species,NT,Asteraceae,Asterales,Threatened - Poorly Sampled,1,1,15
urn:lsid:dyntaxa.se:Taxon:231952,Hieracium pseudopachyodon,species,NT,Asteraceae,Asterales,Threatened - Poorly Sampled,1,1,30
urn:lsid:dyntaxa.se:Taxon:231955,Hieracium pseudostenolepis,species,NT,Asteraceae,Asterales,Threatened - Poorly Sampled,1,1,8
urn:lsid:dyntaxa.se:Taxon:231957,Hieracium psilurum,species,NT,Asteraceae,Asterales,Threatened - Poorly Sampled,1,1,56
urn:lsid:dyntaxa.se:Taxon:231396,Hieracium pubicuspis,species,NT,Asteraceae,Asterales,Threatened - Poorly Sampled,1,1,101
urn:lsid:dyntaxa.se:Taxon:231974,Hieracium ramselense,species,NT,Asteraceae,Asterales,Threatened - Poorly Sampled,1,1,13
urn:lsid:dyntaxa.se:Taxon:231401,Hieracium ravusculum,species,NT,Asteraceae,Asterales,Threatened - Not in GBIF,,,
urn:lsid:dyntaxa.se:Taxon:266136,Hieracium rufescens,species,NT,Asteraceae,Asterales,Threatened - Not in GBIF,,,
urn:lsid:dyntaxa.se:Taxon:266126,Hieracium saxifragum,species,NT,Asteraceae,Asterales,Threatened - Poorly Sampled,1,1,892
urn:lsid:dyntaxa.se:Taxon:232004,Hieracium siljense,species,NT,Asteraceae,Asterales,Threatened - Poorly Sampled,1,1,76
urn:lsid:dyntaxa.se:Taxon:232009,Hieracium soleifolium,species,NT,Asteraceae,Asterales,Threatened - Poorly Sampled,1,1,93
urn:lsid:dyntaxa.se:Taxon:232013,Hieracium sparsidens,species,NT,Asteraceae,Asterales,Threatened - Poorly Sampled,1,1,336
urn:lsid:dyntaxa.se:Taxon:232014,Hieracium sparsidentiforme,species,NT,Asteraceae,Asterales,Threatened - Poorly Sampled,1,1,7
urn:lsid:dyntaxa.se:Taxon:232026,Hieracium stenocranoides,species,NT,Asteraceae,Asterales,Threatened - Poorly Sampled,1,1,72
urn:lsid:dyntaxa.se:Taxon:232038,Hieracium strengnense,species,NT,Asteraceae,Asterales,Threatened - Poorly Sampled,1,1,54
urn:lsid:dyntaxa.se:Taxon:231427,Hieracium striatisquameum,species,NT,Asteraceae,Asterales,Threatened - Poorly Sampled,1,1,54
urn:lsid:dyntaxa.se:Taxon:232046,Hieracium subcrassiforme,species,NT,Asteraceae,Asterales,Threatened - Poorly Sampled,1,1,5
urn:lsid:dyntaxa.se:Taxon:231444,Hieracium subpunctillatum,species,NT,Asteraceae,Asterales,Threatened - Poorly Sampled,1,1,166
urn:lsid:dyntaxa.se:Taxon:232066,Hieracium subviridans,species,NT,Asteraceae,Asterales,Threatened - Poorly Sampled,1,1,49
urn:lsid:dyntaxa.se:Taxon:232066,Hieracium subviridans,species,NT,Asteraceae,Asterales,Threatened - Poorly Sampled,1,1,15
urn:lsid:dyntaxa.se:Taxon:232073,Hieracium tenebricosum,species,NT,Asteraceae,Asterales,Threatened - Poorly Sampled,1,1,131
urn:lsid:dyntaxa.se:Taxon:232085,Hieracium tripes,species,NT,Asteraceae,Asterales,Threatened - Poorly Sampled,1,1,4
urn:lsid:dyntaxa.se:Taxon:232086,Hieracium tristiceps,species,NT,Asteraceae,Asterales,Threatened - Poorly Sampled,1,1,19
urn:lsid:dyntaxa.se:Taxon:232086,Hieracium tristiceps,species,NT,Asteraceae,Asterales,Threatened - Poorly Sampled,1,1,2
urn:lsid:dyntaxa.se:Taxon:231458,Hieracium turbiniceps,species,NT,Asteraceae,Asterales,Threatened - Poorly Sampled,1,1,65
urn:lsid:dyntaxa.se:Taxon:232105,Hieracium valgescens,species,NT,Asteraceae,Asterales,Threatened - Poorly Sampled,1,1,3
urn:lsid:dyntaxa.se:Taxon:266287,Hieracium vexillatum,species,NT,Asteraceae,Asterales,Threatened - Not in GBIF,,,
urn:lsid:dyntaxa.se:Taxon:232115,Hieracium vitreicuspis,species,NT,Asteraceae,Asterales,Threatened - Poorly Sampled,1,1,9
urn:lsid:dyntaxa.se:Taxon:776,Hippocrepis emerus,species,NT,Fabaceae,Fabales,Threatened - Poorly Sampled,1,1,1039
urn:lsid:dyntaxa.se:Taxon:264450,Hippocrepis emerus subsp. emerus,subspecies,NT,Fabaceae,Fabales,Threatened - Poorly Sampled,1,1,1039
urn:lsid:dyntaxa.se:Taxon:240473,Hirtodrosophila lundstroemi,species,NT,Drosophilidae,Diptera,Threatened - Poorly Sampled,1,1,20
urn:lsid:dyntaxa.se:Taxon:240474,Hirtodrosophila oldenbergi,species,NT,Drosophilidae,Diptera,Threatened - Poorly Sampled,1,1,10
urn:lsid:dyntaxa.se:Taxon:235,Hodophilus foetens s.lat.,speciesAggregate,NT,Clavariaceae,Agaricales,Threatened - Poorly Sampled,1,1,28
urn:lsid:dyntaxa.se:Taxon:778,Holosteum umbellatum,species,NT,Caryophyllaceae,Caryophyllales,Threatened - Poorly Sampled,1,1,2154
urn:lsid:dyntaxa.se:Taxon:102179,Holotrichapion aethiops,species,NT,Apionidae,Coleoptera,Threatened - Poorly Sampled,1,1,292
urn:lsid:dyntaxa.se:Taxon:106227,Holotrichapion ononis,species,NT,Apionidae,Coleoptera,Threatened - Poorly Sampled,1,1,187
urn:lsid:dyntaxa.se:Taxon:782,Hookeria lucens,species,NT,Hookeriaceae,Hookeriales,Threatened - Poorly Sampled,1,1,435
urn:lsid:dyntaxa.se:Taxon:103184,Hoplitis mitis,species,NT,Megachilidae,Hymenoptera,Threatened - Poorly Sampled,1,1,373
urn:lsid:dyntaxa.se:Taxon:215755,Horisme vitalbata,species,NT,Geometridae,Lepidoptera,Threatened - Poorly Sampled,1,1,363
urn:lsid:dyntaxa.se:Taxon:101083,Hormopeza obliterata,species,NT,Empididae,Diptera,Threatened - Poorly Sampled,1,1,143
urn:lsid:dyntaxa.se:Taxon:255913,Hybomischos septemcinctorius,species,NT,Ichneumonidae,Hymenoptera,Threatened - Not in GBIF,,,
urn:lsid:dyntaxa.se:Taxon:4361,Hydnellum aurantiacum,species,NT,Bankeraceae,Thelephorales,Threatened - Poorly Sampled,1,1,15198
urn:lsid:dyntaxa.se:Taxon:4362,Hydnellum caeruleum,species,NT,Bankeraceae,Thelephorales,Threatened - Poorly Sampled,1,1,17135
urn:lsid:dyntaxa.se:Taxon:788,Hydnellum geogenium,species,NT,Bankeraceae,Thelephorales,Threatened - Poorly Sampled,1,1,2126
urn:lsid:dyntaxa.se:Taxon:2059,Hydnellum scabrosum,species,NT,Bankeraceae,Thelephorales,Threatened - Poorly Sampled,1,1,10640
urn:lsid:dyntaxa.se:Taxon:4368,Hydnellum suaveolens,species,NT,Bankeraceae,Thelephorales,Threatened - Poorly Sampled,1,1,4681
urn:lsid:dyntaxa.se:Taxon:101086,Hydraecia petasitis,species,NT,Noctuidae,Lepidoptera,Threatened - Poorly Sampled,1,1,122
urn:lsid:dyntaxa.se:Taxon:101088,Hydraena nigrita,species,NT,Hydraenidae,Coleoptera,Threatened - Poorly Sampled,1,1,14
urn:lsid:dyntaxa.se:Taxon:102273,Hydrochus elongatus,species,NT,Hydrochidae,Coleoptera,Threatened - Poorly Sampled,1,1,110
urn:lsid:dyntaxa.se:Taxon:102274,Hydrochus megaphallus,species,NT,Hydrochidae,Coleoptera,Threatened - Poorly Sampled,1,1,9
urn:lsid:dyntaxa.se:Taxon:101093,Hydrophilus aterrimus,species,NT,Hydrophilidae,Coleoptera,Threatened - Poorly Sampled,1,1,180
urn:lsid:dyntaxa.se:Taxon:101094,Hydrophilus piceus,species,NT,Hydrophilidae,Coleoptera,Threatened - Poorly Sampled,1,1,228
urn:lsid:dyntaxa.se:Taxon:240089,Hydrophorus callosoma,species,NT,Dolichopodidae,Diptera,Threatened - Poorly Sampled,1,1,1
urn:lsid:dyntaxa.se:Taxon:240100,Hydrophorus norvegicus,species,NT,Dolichopodidae,Diptera,Threatened - Poorly Sampled,1,1,14
urn:lsid:dyntaxa.se:Taxon:100134,Hydroprogne caspia,species,NT,Laridae,Charadriiformes,Threatened - Poorly Sampled,1,1,182492
urn:lsid:dyntaxa.se:Taxon:792,Hydropus subalpinus,species,NT,Mycenaceae,Agaricales,Threatened - Not in GBIF,,,
urn:lsid:dyntaxa.se:Taxon:101100,Hydrosmecta delicatula,species,NT,Staphylinidae,Coleoptera,Threatened - Poorly Sampled,1,1,48
urn:lsid:dyntaxa.se:Taxon:793,Hygrocybe aurantiosplendens,species,NT,Hygrophoraceae,Agaricales,Threatened - Poorly Sampled,1,1,742
urn:lsid:dyntaxa.se:Taxon:2016,Hygrocybe calciphila,species,NT,Hygrophoraceae,Agaricales,Threatened - Poorly Sampled,1,1,79
urn:lsid:dyntaxa.se:Taxon:4380,Hygrocybe constrictospora,species,NT,Hygrophoraceae,Agaricales,Threatened - Poorly Sampled,1,1,30
urn:lsid:dyntaxa.se:Taxon:805,Hygrocybe punicea,species,NT,Hygrophoraceae,Agaricales,Threatened - Poorly Sampled,1,1,6561
urn:lsid:dyntaxa.se:Taxon:809,Hygrocybe splendidissima,species,NT,Hygrophoraceae,Agaricales,Threatened - Poorly Sampled,1,1,1741
urn:lsid:dyntaxa.se:Taxon:4396,Hygrocybe subpapillata,species,NT,Hygrophoraceae,Agaricales,Threatened - Poorly Sampled,1,1,226
urn:lsid:dyntaxa.se:Taxon:2727,Hygrohypnum alpinum,species,NT,Amblystegiaceae,Hypnales,Threatened - Not in GBIF,,,
urn:lsid:dyntaxa.se:Taxon:811,Hygrohypnum eugyrium,species,NT,Amblystegiaceae,Hypnales,Threatened - Poorly Sampled,1,1,42
urn:lsid:dyntaxa.se:Taxon:2726,Hygrohypnum molle,species,NT,Amblystegiaceae,Hypnales,Threatened - Not in GBIF,,,
urn:lsid:dyntaxa.se:Taxon:812,Hygrohypnum montanum,species,NT,Amblystegiaceae,Hypnales,Threatened - Not in GBIF,,,
urn:lsid:dyntaxa.se:Taxon:821,Hygrophorus chrysodon,species,NT,Hygrophoraceae,Agaricales,Threatened - Poorly Sampled,1,1,787
urn:lsid:dyntaxa.se:Taxon:239233,Hygrophorus cossus,species,NT,Hygrophoraceae,Agaricales,Threatened - Poorly Sampled,1,1,499
urn:lsid:dyntaxa.se:Taxon:4412,Hygrophorus karstenii,species,NT,Hygrophoraceae,Agaricales,Threatened - Not in GBIF,,,
urn:lsid:dyntaxa.se:Taxon:825,Hygrophorus mesotephrus,species,NT,Hygrophoraceae,Agaricales,Threatened - Poorly Sampled,1,1,62
urn:lsid:dyntaxa.se:Taxon:826,Hygrophorus nemoreus,species,NT,Hygrophoraceae,Agaricales,Threatened - Poorly Sampled,1,1,492
urn:lsid:dyntaxa.se:Taxon:830,Hygrophorus russula,species,NT,Hygrophoraceae,Agaricales,Threatened - Poorly Sampled,1,1,55
urn:lsid:dyntaxa.se:Taxon:830,Hygrophorus russula,species,NT,Hygrophoraceae,Agaricales,Threatened - Poorly Sampled,1,1,312
urn:lsid:dyntaxa.se:Taxon:2019,Hygrophorus unicolor,species,NT,Hygrophoraceae,Agaricales,Threatened - Poorly Sampled,1,1,94
urn:lsid:dyntaxa.se:Taxon:101103,Hylaeus pfankuchi,species,NT,Colletidae,Hymenoptera,Threatened - Poorly Sampled,1,1,31
urn:lsid:dyntaxa.se:Taxon:103092,Hylaeus pictipes,species,NT,Colletidae,Hymenoptera,Threatened - Poorly Sampled,1,1,265
urn:lsid:dyntaxa.se:Taxon:101104,Hylaeus signatus,species,NT,Colletidae,Hymenoptera,Threatened - Poorly Sampled,1,1,213
urn:lsid:dyntaxa.se:Taxon:101105,Hylastinus obscurus,species,NT,Curculionidae,Coleoptera,Threatened - Poorly Sampled,1,1,26
urn:lsid:dyntaxa.se:Taxon:106540,Hylesinus crenatus,species,NT,Curculionidae,Coleoptera,Threatened - Poorly Sampled,1,1,540
urn:lsid:dyntaxa.se:Taxon:106541,Hylesinus toranio,species,NT,Curculionidae,Coleoptera,Threatened - Not in GBIF,,,
urn:lsid:dyntaxa.se:Taxon:106543,Hylesinus wachtli,species,NT,Curculionidae,Coleoptera,Threatened - Poorly Sampled,1,1,48
urn:lsid:dyntaxa.se:Taxon:105853,Hymenalia rufipes,species,NT,Tenebrionidae,Coleoptera,Threatened - Not in GBIF,,,
urn:lsid:dyntaxa.se:Taxon:834,Hymenogaster luteus,species,NT,Hymenogastraceae,Agaricales,Threatened - Poorly Sampled,1,1,55
urn:lsid:dyntaxa.se:Taxon:223438,Hyoscyamus niger,species,NT,Solanaceae,Solanales,Threatened - Poorly Sampled,1,1,3826
urn:lsid:dyntaxa.se:Taxon:102453,Hypercallia citrinalis,species,NT,Depressariidae,Lepidoptera,Threatened - Poorly Sampled,1,1,280
urn:lsid:dyntaxa.se:Taxon:221978,Hypericum montanum,species,NT,Hypericaceae,Malpighiales,Threatened - Poorly Sampled,1,1,3298
urn:lsid:dyntaxa.se:Taxon:1887,Hypericum tetrapterum,species,NT,Hypericaceae,Malpighiales,Threatened - Poorly Sampled,1,1,823
urn:lsid:dyntaxa.se:Taxon:102075,Hyperoscelis eximia,species,NT,Canthyloscelidae,Diptera,Threatened - Poorly Sampled,1,1,7
urn:lsid:dyntaxa.se:Taxon:844,Hyphoderma orphanellum,species,NT,Hyphodermataceae,Polyporales,Threatened - Poorly Sampled,1,1,1
urn:lsid:dyntaxa.se:Taxon:220204,Hypochaeris maculata,species,NT,Asteraceae,Asterales,Threatened - Not in GBIF,,,
urn:lsid:dyntaxa.se:Taxon:864,Hypogymnia bitteri,species,NT,Parmeliaceae,Lecanorales,Threatened - Poorly Sampled,1,1,15685
urn:lsid:dyntaxa.se:Taxon:283,Hypogymnia hultenii,species,NT,Parmeliaceae,Lecanorales,Threatened - Poorly Sampled,1,1,541
urn:lsid:dyntaxa.se:Taxon:258917,Hypoxylon petriniae,species,NT,Hypoxylaceae,Xylariales,Threatened - Poorly Sampled,1,1,878
urn:lsid:dyntaxa.se:Taxon:101131,Hypulus quercinus,species,NT,Melandryidae,Coleoptera,Threatened - Poorly Sampled,1,1,242
urn:lsid:dyntaxa.se:Taxon:101134,Idaea trigeminata,species,NT,Geometridae,Lepidoptera,Threatened - Poorly Sampled,1,1,128
urn:lsid:dyntaxa.se:Taxon:217775,Inachus dorsettensis,species,NT,Inachidae,Decapoda,Threatened - Poorly Sampled,1,1,91
urn:lsid:dyntaxa.se:Taxon:102455,Infurcitinea argentimaculella,species,NT,Tineidae,Lepidoptera,Threatened - Poorly Sampled,1,1,61
urn:lsid:dyntaxa.se:Taxon:102570,Ipa keyserlingi,species,NT,Linyphiidae,Araneae,Threatened - Poorly Sampled,1,1,57
urn:lsid:dyntaxa.se:Taxon:106567,Ips acuminatus,species,NT,Curculionidae,Coleoptera,Threatened - Poorly Sampled,1,1,228
urn:lsid:dyntaxa.se:Taxon:889,Irpicodon pendulus,species,NT,Amylocorticiaceae,Amylocorticiales,Threatened - Poorly Sampled,1,1,38
urn:lsid:dyntaxa.se:Taxon:2023,Ischnoderma resinosum,species,NT,Ischnodermataceae,Polyporales,Threatened - Poorly Sampled,1,1,1270
urn:lsid:dyntaxa.se:Taxon:101142,Ischnomera cinerascens,species,NT,Oedemeridae,Coleoptera,Threatened - Poorly Sampled,1,1,377
urn:lsid:dyntaxa.se:Taxon:100366,Ischnopterapion modestum,species,NT,Apionidae,Coleoptera,Threatened - Poorly Sampled,1,1,29
urn:lsid:dyntaxa.se:Taxon:1463,Isolepis fluitans,species,NT,Cyperaceae,Poales,Threatened - Poorly Sampled,1,1,915
urn:lsid:dyntaxa.se:Taxon:101148,Isoptena serricornis,species,NT,Chloroperlidae,Plecoptera,Threatened - Poorly Sampled,1,1,9
urn:lsid:dyntaxa.se:Taxon:232539,Jania rubens,species,NT,Corallinaceae,Corallinales,Threatened - Poorly Sampled,1,1,34
urn:lsid:dyntaxa.se:Taxon:222541,Juncus squarrosus,species,NT,Juncaceae,Poales,Threatened - Poorly Sampled,1,1,5257
urn:lsid:dyntaxa.se:Taxon:101063,Kageronia orbiticola,species,NT,Heptageniidae,Ephemeroptera,Threatened - Poorly Sampled,1,1,17
urn:lsid:dyntaxa.se:Taxon:101136,Karsholtia marianii,species,NT,Tineidae,Lepidoptera,Threatened - Poorly Sampled,1,1,14
urn:lsid:dyntaxa.se:Taxon:900,Kavinia alboviridis,species,NT,Lentariaceae,Gomphales,Threatened - Poorly Sampled,1,1,127
urn:lsid:dyntaxa.se:Taxon:101152,Keroplatus tipuloides,species,NT,Keroplatidae,Diptera,Threatened - Poorly Sampled,1,1,48
urn:lsid:dyntaxa.se:Taxon:102359,Khorassania compositella,species,NT,Pyralidae,Lepidoptera,Threatened - Poorly Sampled,1,1,114
urn:lsid:dyntaxa.se:Taxon:2142,Kiaeria falcata,species,NT,Rhabdoweisiaceae,Dicranales,Threatened - Not in GBIF,,,
urn:lsid:dyntaxa.se:Taxon:214019,Klimeschia transversella,species,NT,Douglasiidae,Lepidoptera,Threatened - Poorly Sampled,1,1,94
urn:lsid:dyntaxa.se:Taxon:222553,Koenigia islandica,species,NT,Polygonaceae,Caryophyllales,Threatened - Poorly Sampled,1,1,231
urn:lsid:dyntaxa.se:Taxon:234754,Kyboasca bipunctata,species,NT,Cicadellidae,Hemiptera,Threatened - Poorly Sampled,1,1,19
urn:lsid:dyntaxa.se:Taxon:236315,Kyklioacalles navieresi,species,NT,Curculionidae,Coleoptera,Threatened - Not in GBIF,,,
urn:lsid:dyntaxa.se:Taxon:101154,Labidostomis humeralis,species,NT,Chrysomelidae,Coleoptera,Threatened - Poorly Sampled,1,1,100
urn:lsid:dyntaxa.se:Taxon:101155,Labidostomis longimana,species,NT,Chrysomelidae,Coleoptera,Threatened - Poorly Sampled,1,1,390
urn:lsid:dyntaxa.se:Taxon:2026,Laccaria maritima,species,NT,Hydnangiaceae,Agaricales,Threatened - Poorly Sampled,1,1,45
urn:lsid:dyntaxa.se:Taxon:101157,Laccophilus biguttatus,species,NT,Dytiscidae,Coleoptera,Threatened - Poorly Sampled,1,1,14
urn:lsid:dyntaxa.se:Taxon:101160,Laciniaria plicata,species,NT,Clausiliidae,Stylommatophora,Threatened - Poorly Sampled,1,1,45
urn:lsid:dyntaxa.se:Taxon:907,Lactarius acris,species,NT,Russulaceae,Russulales,Threatened - Poorly Sampled,1,1,227
urn:lsid:dyntaxa.se:Taxon:2028,Lactarius decipiens,species,NT,Russulaceae,Russulales,Threatened - Poorly Sampled,1,1,22
urn:lsid:dyntaxa.se:Taxon:2029,Lactarius flavidus,species,NT,Russulaceae,Russulales,Threatened - Poorly Sampled,1,1,295
urn:lsid:dyntaxa.se:Taxon:4745,Lactarius musteus,species,NT,Russulaceae,Russulales,Threatened - Poorly Sampled,1,1,4562
urn:lsid:dyntaxa.se:Taxon:4749,Lactarius olivinus,species,NT,Russulaceae,Russulales,Threatened - Poorly Sampled,1,1,159
urn:lsid:dyntaxa.se:Taxon:4785,Lactarius violascens,species,NT,Russulaceae,Russulales,Threatened - Poorly Sampled,1,1,197
urn:lsid:dyntaxa.se:Taxon:101165,Laemostenus terricola,species,NT,Carabidae,Coleoptera,Threatened - Poorly Sampled,1,1,112
urn:lsid:dyntaxa.se:Taxon:215720,Lampropteryx otregiata,species,NT,Geometridae,Lepidoptera,Threatened - Poorly Sampled,1,1,176
urn:lsid:dyntaxa.se:Taxon:1889,Lappula deflexa,species,NT,Boraginaceae,Boraginales,Threatened - Not in GBIF,,,
urn:lsid:dyntaxa.se:Taxon:101168,Larca lata,species,NT,Garypidae,Pseudoscorpiones,Threatened - Poorly Sampled,1,1,76
urn:lsid:dyntaxa.se:Taxon:102964,Larus canus,species,NT,Laridae,Charadriiformes,Threatened - Poorly Sampled,1,1,907147
urn:lsid:dyntaxa.se:Taxon:103142,Lasioglossum aeratum,species,NT,Halictidae,Hymenoptera,Threatened - Poorly Sampled,1,1,655
urn:lsid:dyntaxa.se:Taxon:103146,Lasioglossum nitidiusculum,species,NT,Halictidae,Hymenoptera,Threatened - Poorly Sampled,1,1,398
urn:lsid:dyntaxa.se:Taxon:103162,Lasioglossum sexmaculatum,species,NT,Halictidae,Hymenoptera,Threatened - Poorly Sampled,1,1,137
urn:lsid:dyntaxa.se:Taxon:216216,Lasionycta staudingeri,species,NT,Noctuidae,Lepidoptera,Threatened - Poorly Sampled,1,1,42
urn:lsid:dyntaxa.se:Taxon:221223,Lathyrus niger,species,NT,Fabaceae,Fabales,Threatened - Poorly Sampled,1,1,5817
urn:lsid:dyntaxa.se:Taxon:1114,Lecanographa amylacea,species,NT,Lecanographaceae,Arthoniales,Threatened - Poorly Sampled,1,1,7382
urn:lsid:dyntaxa.se:Taxon:924,Lecanora glabrata,species,NT,Lecanoraceae,Lecanorales,Threatened - Poorly Sampled,1,1,4297
urn:lsid:dyntaxa.se:Taxon:101209,Leiestes seminiger,species,NT,Endomychidae,Coleoptera,Threatened - Poorly Sampled,1,1,158
urn:lsid:dyntaxa.se:Taxon:103906,Leiodes ciliaris,species,NT,Leiodidae,Coleoptera,Threatened - Poorly Sampled,1,1,16
urn:lsid:dyntaxa.se:Taxon:936,Lentaria byssiseda,species,NT,Lentariaceae,Gomphales,Threatened - Poorly Sampled,1,1,505
urn:lsid:dyntaxa.se:Taxon:937,Lentaria epichnoa,species,NT,Lentariaceae,Gomphales,Threatened - Poorly Sampled,1,1,1064
urn:lsid:dyntaxa.se:Taxon:220228,Leontodon hispidus,species,NT,Asteraceae,Asterales,Threatened - Poorly Sampled,1,1,9723
urn:lsid:dyntaxa.se:Taxon:101191,Lepidurus arcticus,species,NT,Triopsidae,Notostraca,Threatened - Poorly Sampled,1,1,28
urn:lsid:dyntaxa.se:Taxon:4864,Lepiota subgracilis,species,NT,Agaricaceae,Agaricales,Threatened - Poorly Sampled,1,1,12
urn:lsid:dyntaxa.se:Taxon:953,Lepista densifolia,species,NT,"Agaricales, genera incertae sedis",Agaricales,Threatened - Poorly Sampled,1,1,102
urn:lsid:dyntaxa.se:Taxon:1182,Lepra multipuncta,species,NT,Pertusariaceae,Pertusariales,Threatened - Poorly Sampled,1,1,724
urn:lsid:dyntaxa.se:Taxon:6040162,Leptoporus erubescens,species,NT,Irpicaceae,Polyporales,Threatened - Not in GBIF,,,
urn:lsid:dyntaxa.se:Taxon:6040186,Leptoporus mollis,species,NT,Irpicaceae,Polyporales,Threatened - Poorly Sampled,1,1,2248
urn:lsid:dyntaxa.se:Taxon:206004,Lepus timidus,species,NT,Leporidae,Lagomorpha,Threatened - Poorly Sampled,1,1,11489
urn:lsid:dyntaxa.se:Taxon:101201,Lepyrus capucinus,species,NT,Curculionidae,Coleoptera,Threatened - Poorly Sampled,1,1,285
urn:lsid:dyntaxa.se:Taxon:966,Lescuraea patens,species,NT,Leskeaceae,Hypnales,Threatened - Poorly Sampled,1,1,26
urn:lsid:dyntaxa.se:Taxon:966,Lescuraea patens,species,NT,Leskeaceae,Hypnales,Threatened - Poorly Sampled,1,1,23
urn:lsid:dyntaxa.se:Taxon:967,Letharia vulpina,species,NT,Parmeliaceae,Lecanorales,Threatened - Poorly Sampled,1,1,8529
urn:lsid:dyntaxa.se:Taxon:100013,Leuciscus aspius,species,NT,Cyprinidae,Cypriniformes,Threatened - Poorly Sampled,1,1,5727
urn:lsid:dyntaxa.se:Taxon:4900,Leucopaxillus cerealis,species,NT,Tricholomataceae,Agaricales,Threatened - Poorly Sampled,1,1,108
urn:lsid:dyntaxa.se:Taxon:970,Leucopaxillus gentianeus,species,NT,Tricholomataceae,Agaricales,Threatened - Poorly Sampled,1,1,709
urn:lsid:dyntaxa.se:Taxon:248485,Liocranoeca striata,species,NT,Liocranidae,Araneae,Threatened - Poorly Sampled,1,1,15
urn:lsid:dyntaxa.se:Taxon:101218,Liodopria serricornis,species,NT,Leiodidae,Coleoptera,Threatened - Poorly Sampled,1,1,26
urn:lsid:dyntaxa.se:Taxon:102289,Lissodema denticolle,species,NT,Salpingidae,Coleoptera,Threatened - Poorly Sampled,1,1,151
urn:lsid:dyntaxa.se:Taxon:200923,Lithobius lapidicola,species,NT,Lithobiidae,Lithobiomorpha,Threatened - Poorly Sampled,1,1,79
urn:lsid:dyntaxa.se:Taxon:200925,Lithobius lucifugus,species,NT,Lithobiidae,Lithobiomorpha,Threatened - Poorly Sampled,1,1,48
urn:lsid:dyntaxa.se:Taxon:101224,Lixus bardanae,species,NT,Curculionidae,Coleoptera,Threatened - Poorly Sampled,1,1,75
urn:lsid:dyntaxa.se:Taxon:102290,Lixus paraplecticus,species,NT,Curculionidae,Coleoptera,Threatened - Poorly Sampled,1,1,129
urn:lsid:dyntaxa.se:Taxon:6458,Lobaria pulmonaria,species,NT,Lobariaceae,Peltigerales,Threatened - Poorly Sampled,1,1,106171
urn:lsid:dyntaxa.se:Taxon:2081,Lobaria scrobiculata,species,NT,Lobariaceae,Peltigerales,Threatened - Not in GBIF,,,
urn:lsid:dyntaxa.se:Taxon:102122,Locustella fluviatilis,species,NT,Locustellidae,Passeriformes,Threatened - Poorly Sampled,1,1,38302
urn:lsid:dyntaxa.se:Taxon:101225,Lomatia lateralis,species,NT,Bombyliidae,Diptera,Threatened - Poorly Sampled,1,1,208
urn:lsid:dyntaxa.se:Taxon:102291,Longitarsus apicalis,species,NT,Chrysomelidae,Coleoptera,Threatened - Poorly Sampled,1,1,42
urn:lsid:dyntaxa.se:Taxon:101235,Longitarsus lycopi,species,NT,Chrysomelidae,Coleoptera,Threatened - Poorly Sampled,1,1,97
urn:lsid:dyntaxa.se:Taxon:101236,Longitarsus niger,species,NT,Chrysomelidae,Coleoptera,Threatened - Poorly Sampled,1,1,76
urn:lsid:dyntaxa.se:Taxon:101237,Longitarsus ochroleucus,species,NT,Chrysomelidae,Coleoptera,Threatened - Poorly Sampled,1,1,44
urn:lsid:dyntaxa.se:Taxon:101238,Longitarsus parvulus,species,NT,Chrysomelidae,Coleoptera,Threatened - Poorly Sampled,1,1,177
urn:lsid:dyntaxa.se:Taxon:102295,Longitarsus pellucidus,species,NT,Chrysomelidae,Coleoptera,Threatened - Poorly Sampled,1,1,58
urn:lsid:dyntaxa.se:Taxon:102296,Longitarsus plantagomaritimus,species,NT,Chrysomelidae,Coleoptera,Threatened - Poorly Sampled,1,1,14
urn:lsid:dyntaxa.se:Taxon:101240,Longitarsus reichei,species,NT,Chrysomelidae,Coleoptera,Threatened - Poorly Sampled,1,1,54
urn:lsid:dyntaxa.se:Taxon:4919,Lopadostoma pouzarii,species,NT,Lopadostomataceae,Xylariales,Threatened - Poorly Sampled,1,1,98
urn:lsid:dyntaxa.se:Taxon:1841,Lophozia guttulata,species,NT,Jungermanniaceae,Jungermanniales,Threatened - Poorly Sampled,1,1,2172
urn:lsid:dyntaxa.se:Taxon:1842,Lophoziopsis polaris,species,NT,Jungermanniaceae,Jungermanniales,Threatened - Poorly Sampled,1,1,28
urn:lsid:dyntaxa.se:Taxon:101242,Lopinga achine,species,NT,Nymphalidae,Lepidoptera,Threatened - Poorly Sampled,1,1,5311
urn:lsid:dyntaxa.se:Taxon:232145,Lopinga achine rambringi,subspecies,NT,Nymphalidae,Lepidoptera,Threatened - Poorly Sampled,1,1,5311
urn:lsid:dyntaxa.se:Taxon:101243,Lordithon pulchellus,species,NT,Staphylinidae,Coleoptera,Threatened - Not in GBIF,,,
urn:lsid:dyntaxa.se:Taxon:215472,Loxostege commixtalis,species,NT,Crambidae,Lepidoptera,Threatened - Poorly Sampled,1,1,23
urn:lsid:dyntaxa.se:Taxon:1000,Lunaria rediviva,species,NT,Brassicaceae,Brassicales,Threatened - Poorly Sampled,1,1,1235
urn:lsid:dyntaxa.se:Taxon:100077,Lutra lutra,species,NT,Mustelidae,Carnivora,Threatened - Poorly Sampled,1,1,28326
urn:lsid:dyntaxa.se:Taxon:222571,Luzula divulgata,species,NT,Juncaceae,Poales,Threatened - Poorly Sampled,1,1,305
urn:lsid:dyntaxa.se:Taxon:1002,Luzula nivalis,species,NT,Juncaceae,Poales,Threatened - Poorly Sampled,1,1,215
urn:lsid:dyntaxa.se:Taxon:102923,Lycaena hippothoe,species,NT,Lycaenidae,Lepidoptera,Threatened - Not in GBIF,,,
urn:lsid:dyntaxa.se:Taxon:101250,Lycoperdina bovistae,species,NT,Endomychidae,Coleoptera,Threatened - Poorly Sampled,1,1,15
urn:lsid:dyntaxa.se:Taxon:101251,Lycoperdina succincta,species,NT,Endomychidae,Coleoptera,Threatened - Poorly Sampled,1,1,118
urn:lsid:dyntaxa.se:Taxon:1007,Lycoperdon decipiens,species,NT,Lycoperdaceae,Agaricales,Threatened - Poorly Sampled,1,1,492
urn:lsid:dyntaxa.se:Taxon:4929,Lycoperdon ericaeum,species,NT,Lycoperdaceae,Agaricales,Threatened - Poorly Sampled,1,1,221
urn:lsid:dyntaxa.se:Taxon:1895,Lycopodiella inundata,species,NT,Lycopodiaceae,Lycopodiales,Threatened - Poorly Sampled,1,1,3431
urn:lsid:dyntaxa.se:Taxon:215919,Lygephila craccae,species,NT,Erebidae,Lepidoptera,Threatened - Poorly Sampled,1,1,921
urn:lsid:dyntaxa.se:Taxon:101252,Lygephila viciae,species,NT,Erebidae,Lepidoptera,Threatened - Poorly Sampled,1,1,414
urn:lsid:dyntaxa.se:Taxon:101254,Lymexylon navale,species,NT,Lymexylidae,Coleoptera,Threatened - Poorly Sampled,1,1,517
urn:lsid:dyntaxa.se:Taxon:4946,Lyophyllum eustygium,species,NT,Lyophyllaceae,Agaricales,Threatened - Poorly Sampled,1,1,56
urn:lsid:dyntaxa.se:Taxon:4962,Lyophyllum semitale,species,NT,Lyophyllaceae,Agaricales,Threatened - Poorly Sampled,1,1,995
urn:lsid:dyntaxa.se:Taxon:1012,Lysimachia nemorum,species,NT,Primulaceae,Ericales,Threatened - Poorly Sampled,1,1,638
urn:lsid:dyntaxa.se:Taxon:101256,Lythria cruentaria,species,NT,Geometridae,Lepidoptera,Threatened - Poorly Sampled,1,1,2798
urn:lsid:dyntaxa.se:Taxon:1896,Lythrum portula,species,NT,Lythraceae,Myrtales,Threatened - Poorly Sampled,1,1,3635
urn:lsid:dyntaxa.se:Taxon:215556,Macaria loricaria,species,NT,Geometridae,Lepidoptera,Threatened - Poorly Sampled,1,1,154
urn:lsid:dyntaxa.se:Taxon:232170,Macrorrhyncha rostrata,species,NT,Keroplatidae,Diptera,Threatened - Poorly Sampled,1,1,4
urn:lsid:dyntaxa.se:Taxon:101260,Maculinea arion,species,NT,Lycaenidae,Lepidoptera,Threatened - Poorly Sampled,1,1,12679
urn:lsid:dyntaxa.se:Taxon:101265,Malthinus facialis,species,NT,Cantharidae,Coleoptera,Threatened - Poorly Sampled,1,1,110
urn:lsid:dyntaxa.se:Taxon:101266,Malthinus seriepunctatus,species,NT,Cantharidae,Coleoptera,Threatened - Poorly Sampled,1,1,47
urn:lsid:dyntaxa.se:Taxon:101267,Manda mandibularis,species,NT,Staphylinidae,Coleoptera,Threatened - Poorly Sampled,1,1,67
urn:lsid:dyntaxa.se:Taxon:106141,Mantura obtusata,species,NT,Chrysomelidae,Coleoptera,Threatened - Poorly Sampled,1,1,41
urn:lsid:dyntaxa.se:Taxon:106142,Mantura rustica,species,NT,Chrysomelidae,Coleoptera,Threatened - Poorly Sampled,1,1,46
urn:lsid:dyntaxa.se:Taxon:102462,Marasmarcha lunaedactyla,species,NT,Pterophoridae,Lepidoptera,Threatened - Poorly Sampled,1,1,88
urn:lsid:dyntaxa.se:Taxon:103811,Margarinotus obscurus,species,NT,Histeridae,Coleoptera,Threatened - Poorly Sampled,1,1,182
urn:lsid:dyntaxa.se:Taxon:103814,Margarinotus purpurascens,species,NT,Histeridae,Coleoptera,Threatened - Poorly Sampled,1,1,779
urn:lsid:dyntaxa.se:Taxon:2438,Marsupella apiculata,species,NT,Gymnomitriaceae,Jungermanniales,Threatened - Poorly Sampled,1,1,208
urn:lsid:dyntaxa.se:Taxon:106415,Mecinus collaris,species,NT,Curculionidae,Coleoptera,Threatened - Poorly Sampled,1,1,82
urn:lsid:dyntaxa.se:Taxon:101270,Mecinus heydenii,species,NT,Curculionidae,Coleoptera,Threatened - Not in GBIF,,,
urn:lsid:dyntaxa.se:Taxon:106416,Mecinus janthinus,species,NT,Curculionidae,Coleoptera,Threatened - Poorly Sampled,1,1,45
urn:lsid:dyntaxa.se:Taxon:240149,Medetera tenuicauda,species,NT,Dolichopodidae,Diptera,Threatened - Poorly Sampled,1,1,17
urn:lsid:dyntaxa.se:Taxon:1024,Meesia hexasticha,species,NT,Meesiaceae,Splachnales,Threatened - Poorly Sampled,1,1,37
urn:lsid:dyntaxa.se:Taxon:102685,Megachile lagopoda,species,NT,Megachilidae,Hymenoptera,Threatened - Poorly Sampled,1,1,2949
urn:lsid:dyntaxa.se:Taxon:103216,Megachile pyrenaea,species,NT,Megachilidae,Hymenoptera,Threatened - Poorly Sampled,1,1,455
urn:lsid:dyntaxa.se:Taxon:101277,Megacoelum infusum,species,NT,Miridae,Hemiptera,Threatened - Poorly Sampled,1,1,65
urn:lsid:dyntaxa.se:Taxon:256013,Megarhyssa perlata,species,NT,Ichneumonidae,Hymenoptera,Threatened - Poorly Sampled,1,1,3
urn:lsid:dyntaxa.se:Taxon:1897,Melampyrum cristatum,species,NT,Orobanchaceae,Lamiales,Threatened - Poorly Sampled,1,1,5278
urn:lsid:dyntaxa.se:Taxon:100454,Melanobaris laticollis,species,NT,Curculionidae,Coleoptera,Threatened - Poorly Sampled,1,1,94
urn:lsid:dyntaxa.se:Taxon:2036,Melanogaster ambiguus,species,NT,Paxillaceae,Boletales,Threatened - Poorly Sampled,1,1,60
urn:lsid:dyntaxa.se:Taxon:1029,Melanohalea elegantula,species,NT,Parmeliaceae,Lecanorales,Threatened - Poorly Sampled,1,1,1440
urn:lsid:dyntaxa.se:Taxon:102300,Meligethes corvinus,species,NT,Nitidulidae,Coleoptera,Threatened - Poorly Sampled,1,1,95
urn:lsid:dyntaxa.se:Taxon:101289,Meligethes czwalinai,species,NT,Nitidulidae,Coleoptera,Threatened - Poorly Sampled,1,1,16
urn:lsid:dyntaxa.se:Taxon:101291,Meligethes gagathinus,species,NT,Nitidulidae,Coleoptera,Threatened - Poorly Sampled,1,1,113
urn:lsid:dyntaxa.se:Taxon:101293,Meligethes hoffmanni,species,NT,Nitidulidae,Coleoptera,Threatened - Poorly Sampled,1,1,21
urn:lsid:dyntaxa.se:Taxon:101297,Meligethes solidus,species,NT,Nitidulidae,Coleoptera,Threatened - Poorly Sampled,1,1,69
urn:lsid:dyntaxa.se:Taxon:233260,Meligethes substrigosus,species,NT,Nitidulidae,Coleoptera,Threatened - Poorly Sampled,1,1,42
urn:lsid:dyntaxa.se:Taxon:102922,Melitaea cinxia,species,NT,Nymphalidae,Lepidoptera,Threatened - Poorly Sampled,1,1,6449
urn:lsid:dyntaxa.se:Taxon:250166,Melitaea cinxia winbladi,subspecies,NT,Nymphalidae,Lepidoptera,Threatened - Poorly Sampled,1,1,6449
urn:lsid:dyntaxa.se:Taxon:101298,Melitaea diamina,species,NT,Nymphalidae,Lepidoptera,Threatened - Poorly Sampled,1,1,4273
urn:lsid:dyntaxa.se:Taxon:102661,Melitta tricincta,species,NT,Melittidae,Hymenoptera,Threatened - Poorly Sampled,1,1,321
urn:lsid:dyntaxa.se:Taxon:101303,Meloe proscarabaeus,species,NT,Meloidae,Coleoptera,Threatened - Poorly Sampled,1,1,2542
urn:lsid:dyntaxa.se:Taxon:101307,Meotica moczarskii,species,NT,Staphylinidae,Coleoptera,Threatened - Poorly Sampled,1,1,12
urn:lsid:dyntaxa.se:Taxon:101669,Merrifieldia baliodactyla,species,NT,Pterophoridae,Lepidoptera,Threatened - Not in GBIF,,,
urn:lsid:dyntaxa.se:Taxon:102488,Merrifieldia leucodactyla,species,NT,Pterophoridae,Lepidoptera,Threatened - Poorly Sampled,1,1,276
urn:lsid:dyntaxa.se:Taxon:215300,Merrifieldia tridactyla,species,NT,Pterophoridae,Lepidoptera,Threatened - Poorly Sampled,1,1,244
urn:lsid:dyntaxa.se:Taxon:214772,Mesophleps silacellus,species,NT,Gelechiidae,Lepidoptera,Threatened - Not in GBIF,,,
urn:lsid:dyntaxa.se:Taxon:101312,Mesosa nebulosa,species,NT,Cerambycidae,Coleoptera,Threatened - Poorly Sampled,1,1,567
urn:lsid:dyntaxa.se:Taxon:1040,Metzgeria conjugata,species,NT,Metzgeriaceae,Metzgeriales,Threatened - Poorly Sampled,1,1,294
urn:lsid:dyntaxa.se:Taxon:1049,Microcalicium ahlneri,species,NT,Microcaliciaceae,"Ascomycota, families incertae sedis",Threatened - Poorly Sampled,1,1,5345
urn:lsid:dyntaxa.se:Taxon:200662,Microdon devius,species,NT,Syrphidae,Diptera,Threatened - Poorly Sampled,1,1,8
urn:lsid:dyntaxa.se:Taxon:203889,Microglossum olivaceum s.str.,species,NT,Leotiaceae,Leotiales,Threatened - Poorly Sampled,1,1,459
urn:lsid:dyntaxa.se:Taxon:104316,Micropeplus porcatus,species,NT,Staphylinidae,Coleoptera,Threatened - Poorly Sampled,1,1,62
urn:lsid:dyntaxa.se:Taxon:232162,Microsania straeleni,species,NT,Platypezidae,Diptera,Threatened - Poorly Sampled,1,1,5
urn:lsid:dyntaxa.se:Taxon:243949,Miltogramma ibericum,species,NT,Sarcophagidae,Diptera,Threatened - Not in GBIF,,,
urn:lsid:dyntaxa.se:Taxon:234320,Mimesa bicolor,species,NT,Crabronidae,Hymenoptera,Threatened - Poorly Sampled,1,1,60
urn:lsid:dyntaxa.se:Taxon:101335,Mimumesa littoralis,species,NT,Crabronidae,Hymenoptera,Threatened - Poorly Sampled,1,1,7
urn:lsid:dyntaxa.se:Taxon:1060,Misopates orontium,species,NT,Plantaginaceae,Lamiales,Threatened - Poorly Sampled,1,1,867
urn:lsid:dyntaxa.se:Taxon:2363,Mnium blyttii,species,NT,Mniaceae,Bryales,Threatened - Poorly Sampled,1,1,185
urn:lsid:dyntaxa.se:Taxon:100584,Mogulones crucifer,species,NT,Curculionidae,Coleoptera,Threatened - Poorly Sampled,1,1,232
urn:lsid:dyntaxa.se:Taxon:100585,Mogulones euphorbiae,species,NT,Curculionidae,Coleoptera,Threatened - Poorly Sampled,1,1,29
urn:lsid:dyntaxa.se:Taxon:100590,Mogulones javetii,species,NT,Curculionidae,Coleoptera,Threatened - Poorly Sampled,1,1,170
urn:lsid:dyntaxa.se:Taxon:100594,Mogulones pallidicornis,species,NT,Curculionidae,Coleoptera,Threatened - Poorly Sampled,1,1,83
urn:lsid:dyntaxa.se:Taxon:214558,Mompha miscella,species,NT,Momphidae,Lepidoptera,Threatened - Poorly Sampled,1,1,219
urn:lsid:dyntaxa.se:Taxon:214561,Mompha terminella,species,NT,Momphidae,Lepidoptera,Threatened - Poorly Sampled,1,1,46
urn:lsid:dyntaxa.se:Taxon:214619,Monochroa rumicetella,species,NT,Gelechiidae,Lepidoptera,Threatened - Poorly Sampled,1,1,32
urn:lsid:dyntaxa.se:Taxon:101347,Mordella brachyura,species,NT,Mordellidae,Coleoptera,Threatened - Poorly Sampled,1,1,12
urn:lsid:dyntaxa.se:Taxon:102309,Mordellistena humeralis,species,NT,Mordellidae,Coleoptera,Threatened - Poorly Sampled,1,1,160
urn:lsid:dyntaxa.se:Taxon:102310,Mordellistena neuwaldeggiana,species,NT,Mordellidae,Coleoptera,Threatened - Poorly Sampled,1,1,76
urn:lsid:dyntaxa.se:Taxon:102838,Munida rugosa,species,NT,Munididae,Decapoda,Threatened - Poorly Sampled,1,1,157
urn:lsid:dyntaxa.se:Taxon:101350,Mycetochara humeralis,species,NT,Tenebrionidae,Coleoptera,Threatened - Poorly Sampled,1,1,160
urn:lsid:dyntaxa.se:Taxon:101352,Mycetophagus decempunctatus,species,NT,Mycetophagidae,Coleoptera,Threatened - Poorly Sampled,1,1,94
urn:lsid:dyntaxa.se:Taxon:101353,Mycetophagus fulvicollis,species,NT,Mycetophagidae,Coleoptera,Threatened - Poorly Sampled,1,1,206
urn:lsid:dyntaxa.se:Taxon:101356,Mycetophagus quadriguttatus,species,NT,Mycetophagidae,Coleoptera,Threatened - Poorly Sampled,1,1,111
urn:lsid:dyntaxa.se:Taxon:236246,Myopa fasciata,species,NT,Conopidae,Diptera,Threatened - Poorly Sampled,1,1,94
urn:lsid:dyntaxa.se:Taxon:236243,Myopa hirsuta,species,NT,Conopidae,Diptera,Threatened - Poorly Sampled,1,1,21
urn:lsid:dyntaxa.se:Taxon:236247,Myopa pellucida,species,NT,Conopidae,Diptera,Threatened - Not in GBIF,,,
urn:lsid:dyntaxa.se:Taxon:100086,Myotis dasycneme,species,NT,Vespertilionidae,Chiroptera,Threatened - Poorly Sampled,1,1,606
urn:lsid:dyntaxa.se:Taxon:100087,Myotis nattereri,species,NT,Vespertilionidae,Chiroptera,Threatened - Poorly Sampled,1,1,2409
urn:lsid:dyntaxa.se:Taxon:1898,Myricaria germanica,species,NT,Tamaricaceae,Caryophyllales,Threatened - Poorly Sampled,1,1,1617
urn:lsid:dyntaxa.se:Taxon:1898,Myricaria germanica,species,NT,Tamaricaceae,Caryophyllales,Threatened - Poorly Sampled,1,1,224
urn:lsid:dyntaxa.se:Taxon:1074,Myrinia pulvinata,species,NT,Myriniaceae,Hypnales,Threatened - Poorly Sampled,1,1,128
urn:lsid:dyntaxa.se:Taxon:102907,Myrmeleon bore,species,NT,Myrmeleontidae,Neuroptera,Threatened - Poorly Sampled,1,1,1109
urn:lsid:dyntaxa.se:Taxon:5189,Mythicomyces corneipes,species,NT,Psathyrellaceae,Agaricales,Threatened - Poorly Sampled,1,1,14
urn:lsid:dyntaxa.se:Taxon:101366,Mythimna turca,species,NT,Noctuidae,Lepidoptera,Threatened - Poorly Sampled,1,1,204
urn:lsid:dyntaxa.se:Taxon:101369,Nanogona polydesmoides,species,NT,Craspedosomatidae,Chordeumatida,Threatened - Poorly Sampled,1,1,19
urn:lsid:dyntaxa.se:Taxon:101375,Nascia cilialis,species,NT,Crambidae,Lepidoptera,Threatened - Poorly Sampled,1,1,112
urn:lsid:dyntaxa.se:Taxon:100089,Natrix natrix gotlandica,subspecies,NT,Colubridae,Squamata,Threatened - Poorly Sampled,1,1,14747
urn:lsid:dyntaxa.se:Taxon:103289,Nebria nivalis,species,NT,Carabidae,Coleoptera,Threatened - Poorly Sampled,1,1,104
urn:lsid:dyntaxa.se:Taxon:1078,Neckera besseri,species,NT,Neckeraceae,Hypnales,Threatened - Not in GBIF,,,
urn:lsid:dyntaxa.se:Taxon:101378,Negastrius sabulicola,species,NT,Elateridae,Coleoptera,Threatened - Poorly Sampled,1,1,11
urn:lsid:dyntaxa.se:Taxon:213895,Nemophora amatella,species,NT,Adelidae,Lepidoptera,Threatened - Poorly Sampled,1,1,19
urn:lsid:dyntaxa.se:Taxon:213900,Nemophora dumerilella,species,NT,Adelidae,Lepidoptera,Threatened - Poorly Sampled,1,1,298
urn:lsid:dyntaxa.se:Taxon:102471,Nemophora metallica,species,NT,Adelidae,Lepidoptera,Threatened - Poorly Sampled,1,1,1306
urn:lsid:dyntaxa.se:Taxon:101383,Nemoura arctica,species,NT,Nemouridae,Plecoptera,Threatened - Poorly Sampled,1,1,22
urn:lsid:dyntaxa.se:Taxon:200667,Neoascia annexa,species,NT,Syrphidae,Diptera,Threatened - Poorly Sampled,1,1,16
urn:lsid:dyntaxa.se:Taxon:803,Neohygrocybe nitrata,species,NT,Hygrophoraceae,Agaricales,Threatened - Poorly Sampled,1,1,1826
urn:lsid:dyntaxa.se:Taxon:1081,Neolecta vitellina,species,NT,Neolectaceae,Neolectales,Threatened - Poorly Sampled,1,1,201
urn:lsid:dyntaxa.se:Taxon:256005,Neoxorides varipes,species,NT,Ichneumonidae,Hymenoptera,Threatened - Poorly Sampled,1,1,2
urn:lsid:dyntaxa.se:Taxon:105359,Nepachys cardiacae,species,NT,Malachiidae,Coleoptera,Threatened - Poorly Sampled,1,1,82
urn:lsid:dyntaxa.se:Taxon:105636,Nephus limonii,species,NT,Coccinellidae,Coleoptera,Threatened - Poorly Sampled,1,1,30
urn:lsid:dyntaxa.se:Taxon:256184,Netelia caucasica,species,NT,Ichneumonidae,Hymenoptera,Threatened - Poorly Sampled,1,1,2
urn:lsid:dyntaxa.se:Taxon:101393,Neuraphes plicicollis,species,NT,Staphylinidae,Coleoptera,Threatened - Poorly Sampled,1,1,34
urn:lsid:dyntaxa.se:Taxon:101389,Neurigona abdominalis,species,NT,Dolichopodidae,Diptera,Threatened - Poorly Sampled,1,1,43
urn:lsid:dyntaxa.se:Taxon:102473,Niditinea truncicolella,species,NT,Tineidae,Lepidoptera,Threatened - Poorly Sampled,1,1,12
urn:lsid:dyntaxa.se:Taxon:1086,Nitella confervacea,species,NT,Characeae,Charales,Threatened - Poorly Sampled,1,1,90
urn:lsid:dyntaxa.se:Taxon:1088,Nitella gracilis,species,NT,Characeae,Charales,Threatened - Poorly Sampled,1,1,220
urn:lsid:dyntaxa.se:Taxon:1089,Nitella mucronata,species,NT,Characeae,Charales,Threatened - Poorly Sampled,1,1,581
urn:lsid:dyntaxa.se:Taxon:101400,Nola karelica,species,NT,Nolidae,Lepidoptera,Threatened - Poorly Sampled,1,1,27
urn:lsid:dyntaxa.se:Taxon:101403,Nomada guttulata,species,NT,Apidae,Hymenoptera,Threatened - Poorly Sampled,1,1,72
urn:lsid:dyntaxa.se:Taxon:101404,Nomada opaca,species,NT,Apidae,Hymenoptera,Threatened - Poorly Sampled,1,1,67
urn:lsid:dyntaxa.se:Taxon:102698,Nomada stigma,species,NT,Apidae,Hymenoptera,Threatened - Poorly Sampled,1,1,160
urn:lsid:dyntaxa.se:Taxon:234987,Nostoc parmelioides,species,NT,Nostocaceae,Nostocales,Threatened - Poorly Sampled,1,1,18
urn:lsid:dyntaxa.se:Taxon:232917,Nostoc zetterstedtii,species,NT,Nostocaceae,Nostocales,Threatened - Poorly Sampled,1,1,186
urn:lsid:dyntaxa.se:Taxon:101410,Nothorhina muricata,species,NT,Cerambycidae,Coleoptera,Threatened - Not in GBIF,,,
urn:lsid:dyntaxa.se:Taxon:101414,Notothecta confusa,species,NT,Staphylinidae,Coleoptera,Threatened - Poorly Sampled,1,1,39
urn:lsid:dyntaxa.se:Taxon:232224,Nucifraga caryocatactes caryocatactes,subspecies,NT,Corvidae,Passeriformes,Threatened - Poorly Sampled,1,1,157746
urn:lsid:dyntaxa.se:Taxon:218227,Nuculana minuta,species,NT,Nuculanidae,Nuculanoida,Threatened - Poorly Sampled,1,1,378
urn:lsid:dyntaxa.se:Taxon:101421,Nysson tridens,species,NT,Crabronidae,Hymenoptera,Threatened - Poorly Sampled,1,1,8
urn:lsid:dyntaxa.se:Taxon:101423,Obrium brunneum,species,NT,Cerambycidae,Coleoptera,Threatened - Poorly Sampled,1,1,314
urn:lsid:dyntaxa.se:Taxon:229436,Ochrolechia alboflavescens,species,NT,Ochrolechiaceae,Pertusariales,Threatened - Poorly Sampled,1,1,374
urn:lsid:dyntaxa.se:Taxon:101427,Ochsenheimeria mediopectinella,species,NT,Ypsolophidae,Lepidoptera,Threatened - Not in GBIF,,,
urn:lsid:dyntaxa.se:Taxon:102315,Ochthebius auriculatus,species,NT,Hydraenidae,Coleoptera,Threatened - Poorly Sampled,1,1,22
urn:lsid:dyntaxa.se:Taxon:2079,Odonticium romellii,species,NT,"Agaricomycetes, genera incertae sedis","Agaricomycetes, families incertae sedis",Threatened - Poorly Sampled,1,1,8102
urn:lsid:dyntaxa.se:Taxon:221735,Odontites vernus,species,NT,Orobanchaceae,Lamiales,Threatened - Poorly Sampled,1,1,2164
urn:lsid:dyntaxa.se:Taxon:101435,Odontocerum albicorne,species,NT,Odontoceridae,Trichoptera,Threatened - Poorly Sampled,1,1,128
urn:lsid:dyntaxa.se:Taxon:256286,Odontocolon punctulatum,species,NT,Ichneumonidae,Hymenoptera,Threatened - Poorly Sampled,1,1,6
urn:lsid:dyntaxa.se:Taxon:256289,Odontocolon spinipes,species,NT,Ichneumonidae,Hymenoptera,Threatened - Poorly Sampled,1,1,3
urn:lsid:dyntaxa.se:Taxon:232881,Odynerus melanocephalus,species,NT,Vespidae,Hymenoptera,Threatened - Poorly Sampled,1,1,105
urn:lsid:dyntaxa.se:Taxon:232882,Odynerus reniformis,species,NT,Vespidae,Hymenoptera,Threatened - Poorly Sampled,1,1,82
urn:lsid:dyntaxa.se:Taxon:101445,Oligia versicolor,species,NT,Noctuidae,Lepidoptera,Threatened - Poorly Sampled,1,1,488
urn:lsid:dyntaxa.se:Taxon:101448,Olisthaerus megacephalus,species,NT,Staphylinidae,Coleoptera,Threatened - Poorly Sampled,1,1,104
urn:lsid:dyntaxa.se:Taxon:101449,Olisthaerus substriatus,species,NT,Staphylinidae,Coleoptera,Threatened - Poorly Sampled,1,1,349
urn:lsid:dyntaxa.se:Taxon:102638,Omalus biaccinctus,species,NT,Chrysididae,Hymenoptera,Threatened - Poorly Sampled,1,1,16
urn:lsid:dyntaxa.se:Taxon:101817,Omphiscola glabra,species,NT,Lymnaeidae,"",Threatened - Poorly Sampled,1,1,145
urn:lsid:dyntaxa.se:Taxon:101451,Oncotylus viridiflavus,species,NT,Miridae,Hemiptera,Threatened - Poorly Sampled,1,1,41
urn:lsid:dyntaxa.se:Taxon:224145,Ononis spinosa subsp. hircina,subspecies,NT,Fabaceae,Fabales,Threatened - Poorly Sampled,1,1,4662
urn:lsid:dyntaxa.se:Taxon:101453,Onthophagus fracticornis,species,NT,Scarabaeidae,Coleoptera,Threatened - Poorly Sampled,1,1,619
urn:lsid:dyntaxa.se:Taxon:101456,Onthophagus nuchicornis,species,NT,Scarabaeidae,Coleoptera,Threatened - Poorly Sampled,1,1,886
urn:lsid:dyntaxa.se:Taxon:106018,Oomorphus concolor,species,NT,Chrysomelidae,Coleoptera,Threatened - Poorly Sampled,1,1,50
urn:lsid:dyntaxa.se:Taxon:1118,Opegrapha vermicellifera,species,NT,Opegraphaceae,Arthoniales,Threatened - Poorly Sampled,1,1,3668
urn:lsid:dyntaxa.se:Taxon:415,Ophiocordyceps gracilis,species,NT,Ophiocordycipitaceae,Hypocreales,Threatened - Not in GBIF,,,
urn:lsid:dyntaxa.se:Taxon:6040049,Ophion artemisiae,species,NT,Ichneumonidae,Hymenoptera,Threatened - Not in GBIF,,,
urn:lsid:dyntaxa.se:Taxon:102318,Ophonus azureus,species,NT,Carabidae,Coleoptera,Threatened - Poorly Sampled,1,1,149
urn:lsid:dyntaxa.se:Taxon:101463,Opilo mollis,species,NT,Cleridae,Coleoptera,Threatened - Poorly Sampled,1,1,309
urn:lsid:dyntaxa.se:Taxon:101465,Orchesia fasciata,species,NT,Melandryidae,Coleoptera,Threatened - Poorly Sampled,1,1,148
urn:lsid:dyntaxa.se:Taxon:102322,Orchesia minor,species,NT,Melandryidae,Coleoptera,Threatened - Poorly Sampled,1,1,237
urn:lsid:dyntaxa.se:Taxon:101714,Orchestes betuleti,species,NT,Curculionidae,Coleoptera,Threatened - Poorly Sampled,1,1,48
urn:lsid:dyntaxa.se:Taxon:241122,Orellia scorzonerae,species,NT,Tephritidae,Diptera,Threatened - Poorly Sampled,1,1,81
urn:lsid:dyntaxa.se:Taxon:1124,Orobanche alba,species,NT,Orobanchaceae,Lamiales,Threatened - Poorly Sampled,1,1,842
urn:lsid:dyntaxa.se:Taxon:1132,Orthotrichum pallens,species,NT,Orthotrichaceae,Orthotrichales,Threatened - Poorly Sampled,1,1,330
urn:lsid:dyntaxa.se:Taxon:1139,Orthotrichum urnigerum,species,NT,Orthotrichaceae,Orthotrichales,Threatened - Poorly Sampled,1,1,199
urn:lsid:dyntaxa.se:Taxon:101475,Orthotylus adenocarpi,species,NT,Miridae,Hemiptera,Threatened - Poorly Sampled,1,1,2
urn:lsid:dyntaxa.se:Taxon:102627,Orussus abietinus,species,NT,Orussidae,Hymenoptera,Threatened - Poorly Sampled,1,1,152
urn:lsid:dyntaxa.se:Taxon:101480,Osmylus fulvicephalus,species,NT,Osmylidae,Neuroptera,Threatened - Poorly Sampled,1,1,41
urn:lsid:dyntaxa.se:Taxon:106255,Otiorhynchus rugifrons,species,NT,Curculionidae,Coleoptera,Threatened - Poorly Sampled,1,1,51
urn:lsid:dyntaxa.se:Taxon:234378,Oxybelus argentatus,species,NT,Crabronidae,Hymenoptera,Threatened - Poorly Sampled,1,1,102
urn:lsid:dyntaxa.se:Taxon:102084,Oxycera pygmaea,species,NT,Stratiomyidae,Diptera,Threatened - Poorly Sampled,1,1,161
urn:lsid:dyntaxa.se:Taxon:102085,Oxycera trilineata,species,NT,Stratiomyidae,Diptera,Threatened - Poorly Sampled,1,1,74
urn:lsid:dyntaxa.se:Taxon:104480,Oxytelus piceus,species,NT,Staphylinidae,Coleoptera,Threatened - Poorly Sampled,1,1,137
urn:lsid:dyntaxa.se:Taxon:101494,Ozyptila gertschi,species,NT,Thomisidae,Araneae,Threatened - Poorly Sampled,1,1,6
urn:lsid:dyntaxa.se:Taxon:101,Pachnolepia pruinata,species,NT,Arthoniaceae,Arthoniales,Threatened - Poorly Sampled,1,1,2411
urn:lsid:dyntaxa.se:Taxon:105904,Pachyta lamed,species,NT,Cerambycidae,Coleoptera,Threatened - Poorly Sampled,1,1,553
urn:lsid:dyntaxa.se:Taxon:101501,Pammene agnotana,species,NT,Tortricidae,Lepidoptera,Threatened - Poorly Sampled,1,1,23
urn:lsid:dyntaxa.se:Taxon:215210,Pammene suspectana,species,NT,Tortricidae,Lepidoptera,Threatened - Poorly Sampled,1,1,67
urn:lsid:dyntaxa.se:Taxon:217819,Pandalus borealis,species,NT,Pandalidae,Decapoda,Threatened - Poorly Sampled,1,1,106
urn:lsid:dyntaxa.se:Taxon:229487,Pannaria hookeri,species,NT,Pannariaceae,Peltigerales,Threatened - Poorly Sampled,1,1,60
urn:lsid:dyntaxa.se:Taxon:102873,Panningia hyndmani,species,NT,Cucumariidae,Dendrochirotida,Threatened - Poorly Sampled,1,1,32
urn:lsid:dyntaxa.se:Taxon:1158,Papaver radicatum,species,NT,Papaveraceae,Ranunculales,Threatened - Poorly Sampled,1,1,217
urn:lsid:dyntaxa.se:Taxon:224906,Papaver radicatum subsp. radicatum,subspecies,NT,Papaveraceae,Ranunculales,Threatened - Poorly Sampled,1,1,217
urn:lsid:dyntaxa.se:Taxon:101505,Paracymus aeneus,species,NT,Hydrophilidae,Coleoptera,Threatened - Poorly Sampled,1,1,19
urn:lsid:dyntaxa.se:Taxon:217887,Paraedwardsia arenaria,species,NT,Edwardsiidae,Actiniaria,Threatened - Poorly Sampled,1,1,32
urn:lsid:dyntaxa.se:Taxon:102546,Paragus punctulatus,species,NT,Syrphidae,Diptera,Threatened - Poorly Sampled,1,1,17
urn:lsid:dyntaxa.se:Taxon:2179,Paraleucobryum enerve,species,NT,Dicranaceae,Dicranales,Threatened - Poorly Sampled,1,1,230
urn:lsid:dyntaxa.se:Taxon:234596,Paraliburnia adela,species,NT,Delphacidae,Hemiptera,Threatened - Poorly Sampled,1,1,2
urn:lsid:dyntaxa.se:Taxon:234926,Parapotes reticulatus,species,NT,Cicadellidae,Hemiptera,Threatened - Poorly Sampled,1,1,14
urn:lsid:dyntaxa.se:Taxon:101509,Parnassius apollo,species,NT,Papilionidae,Lepidoptera,Threatened - Poorly Sampled,1,1,31569
urn:lsid:dyntaxa.se:Taxon:232143,Parnassius apollo apollo,subspecies,NT,Papilionidae,Lepidoptera,Threatened - Poorly Sampled,1,1,31569
urn:lsid:dyntaxa.se:Taxon:101515,Patrobus australis,species,NT,Carabidae,Coleoptera,Threatened - Poorly Sampled,1,1,41
urn:lsid:dyntaxa.se:Taxon:5345,Paullicorticium allantosporum,species,NT,Hydnaceae,Cantharellales,Threatened - Poorly Sampled,1,1,3
urn:lsid:dyntaxa.se:Taxon:5346,Paullicorticium ansatum,species,NT,Hydnaceae,Cantharellales,Threatened - Poorly Sampled,1,1,14
urn:lsid:dyntaxa.se:Taxon:5347,Paullicorticium delicatissimum,species,NT,Hydnaceae,Cantharellales,Threatened - Poorly Sampled,1,1,3
urn:lsid:dyntaxa.se:Taxon:101516,Pauropus lanceolatus,species,NT,Pauropodidae,Tetramerocerata,Threatened - Not in GBIF,,,
urn:lsid:dyntaxa.se:Taxon:101517,Pediacus depressus,species,NT,Cucujidae,Coleoptera,Threatened - Poorly Sampled,1,1,143
urn:lsid:dyntaxa.se:Taxon:105480,Pediacus fuscus,species,NT,Cucujidae,Coleoptera,Threatened - Poorly Sampled,1,1,149
urn:lsid:dyntaxa.se:Taxon:1174,Pedicularis sylvatica,species,NT,Orobanchaceae,Lamiales,Threatened - Poorly Sampled,1,1,7619
urn:lsid:dyntaxa.se:Taxon:218821,Pelecopsis radicicola,species,NT,Linyphiidae,Araneae,Threatened - Poorly Sampled,1,1,2
urn:lsid:dyntaxa.se:Taxon:1108,Pelloporus leporinus,species,NT,Hymenochaetaceae,Hymenochaetales,Threatened - Not in GBIF,,,
urn:lsid:dyntaxa.se:Taxon:215092,Pelochrista caecimaculana,species,NT,Tortricidae,Lepidoptera,Threatened - Poorly Sampled,1,1,284
urn:lsid:dyntaxa.se:Taxon:215095,Pelochrista huebneriana,species,NT,Tortricidae,Lepidoptera,Threatened - Poorly Sampled,1,1,155
urn:lsid:dyntaxa.se:Taxon:215093,Pelochrista mollitana,species,NT,Tortricidae,Lepidoptera,Threatened - Poorly Sampled,1,1,79
urn:lsid:dyntaxa.se:Taxon:229504,Peltigera collina,species,NT,Peltigeraceae,Peltigerales,Threatened - Poorly Sampled,1,1,5645
urn:lsid:dyntaxa.se:Taxon:101520,Peltis grossa,species,NT,Trogossitidae,Coleoptera,Threatened - Poorly Sampled,1,1,691
urn:lsid:dyntaxa.se:Taxon:101521,Peltodytes caesus,species,NT,Haliplidae,Coleoptera,Threatened - Poorly Sampled,1,1,40
urn:lsid:dyntaxa.se:Taxon:215320,Pempeliella ornatella,species,NT,Pyralidae,Lepidoptera,Threatened - Not in GBIF,,,
urn:lsid:dyntaxa.se:Taxon:101522,Pemphredon beaumonti,species,NT,Crabronidae,Hymenoptera,Threatened - Poorly Sampled,1,1,5
urn:lsid:dyntaxa.se:Taxon:4456,Peniophorella guttulifera,species,NT,Rickenellaceae,Hymenochaetales,Threatened - Poorly Sampled,1,1,35
urn:lsid:dyntaxa.se:Taxon:886,Pentanema ensifolium,species,NT,Asteraceae,Asterales,Threatened - Poorly Sampled,1,1,730
urn:lsid:dyntaxa.se:Taxon:886,Pentanema ensifolium,species,NT,Asteraceae,Asterales,Threatened - Poorly Sampled,1,1,190
urn:lsid:dyntaxa.se:Taxon:101525,Pentaphyllus testaceus,species,NT,Tenebrionidae,Coleoptera,Threatened - Poorly Sampled,1,1,144
urn:lsid:dyntaxa.se:Taxon:100099,Perdix perdix,species,NT,Phasianidae,Galliformes,Threatened - Poorly Sampled,1,1,75058
urn:lsid:dyntaxa.se:Taxon:1177,Perenniporia medulla-panis,species,NT,Polyporaceae,Polyporales,Threatened - Poorly Sampled,1,1,416
urn:lsid:dyntaxa.se:Taxon:101526,Perforatella bidentata,species,NT,Hygromiidae,Stylommatophora,Threatened - Poorly Sampled,1,1,721
urn:lsid:dyntaxa.se:Taxon:101527,Perileptus areolatus,species,NT,Carabidae,Coleoptera,Threatened - Poorly Sampled,1,1,59
urn:lsid:dyntaxa.se:Taxon:255923,Perithous divinator,species,NT,Ichneumonidae,Hymenoptera,Threatened - Poorly Sampled,1,1,61
urn:lsid:dyntaxa.se:Taxon:101530,Perizoma bifaciata,species,NT,Geometridae,Lepidoptera,Threatened - Poorly Sampled,1,1,532
urn:lsid:dyntaxa.se:Taxon:215785,Perizoma flavofasciata,species,NT,Geometridae,Lepidoptera,Threatened - Poorly Sampled,1,1,616
urn:lsid:dyntaxa.se:Taxon:101531,Perizoma hydrata,species,NT,Geometridae,Lepidoptera,Threatened - Poorly Sampled,1,1,313
urn:lsid:dyntaxa.se:Taxon:1263,Persicaria foliosa,species,NT,Polygonaceae,Caryophyllales,Threatened - Poorly Sampled,1,1,1454
urn:lsid:dyntaxa.se:Taxon:229558,Pertusaria sommerfeltii,species,NT,Pertusariaceae,Pertusariales,Threatened - Poorly Sampled,1,1,252
urn:lsid:dyntaxa.se:Taxon:1187,Petrorhagia saxifraga,species,NT,Caryophyllaceae,Caryophyllales,Threatened - Poorly Sampled,1,1,475
urn:lsid:dyntaxa.se:Taxon:1190,Peziza saniosa,species,NT,Pezizaceae,Pezizales,Threatened - Poorly Sampled,1,1,73
urn:lsid:dyntaxa.se:Taxon:1196,Phallus hadriani,species,NT,Phallaceae,Phallales,Threatened - Poorly Sampled,1,1,225
urn:lsid:dyntaxa.se:Taxon:1202,Phellinidium ferrugineofuscum,species,NT,Hymenochaetaceae,Hymenochaetales,Threatened - Poorly Sampled,1,1,69622
urn:lsid:dyntaxa.se:Taxon:1206,Phellodon confluens,species,NT,Thelephoraceae,Thelephorales,Threatened - Poorly Sampled,1,1,275
urn:lsid:dyntaxa.se:Taxon:5448,Phellodon connatus,species,NT,Thelephoraceae,Thelephorales,Threatened - Not in GBIF,,,
urn:lsid:dyntaxa.se:Taxon:5449,Phellodon niger,species,NT,Thelephoraceae,Thelephorales,Threatened - Poorly Sampled,1,1,279
urn:lsid:dyntaxa.se:Taxon:1204,Phellopilus nigrolimitatus,species,NT,Hymenochaetaceae,Hymenochaetales,Threatened - Poorly Sampled,1,1,23089
urn:lsid:dyntaxa.se:Taxon:215683,Phibalapteryx virgata,species,NT,Geometridae,Lepidoptera,Threatened - Poorly Sampled,1,1,1129
urn:lsid:dyntaxa.se:Taxon:215768,Philereme transversata,species,NT,Geometridae,Lepidoptera,Threatened - Poorly Sampled,1,1,1125
urn:lsid:dyntaxa.se:Taxon:215767,Philereme vetulata,species,NT,Geometridae,Lepidoptera,Threatened - Poorly Sampled,1,1,1260
urn:lsid:dyntaxa.se:Taxon:101543,Philodromus praedatus,species,NT,Philodromidae,Araneae,Threatened - Poorly Sampled,1,1,161
urn:lsid:dyntaxa.se:Taxon:104053,Philonthus lepidus,species,NT,Staphylinidae,Coleoptera,Threatened - Poorly Sampled,1,1,107
urn:lsid:dyntaxa.se:Taxon:104095,Philonthus punctus,species,NT,Staphylinidae,Coleoptera,Threatened - Poorly Sampled,1,1,105
urn:lsid:dyntaxa.se:Taxon:101548,Philonthus salinus,species,NT,Staphylinidae,Coleoptera,Threatened - Poorly Sampled,1,1,43
urn:lsid:dyntaxa.se:Taxon:104087,Philonthus subvirescens,species,NT,Staphylinidae,Coleoptera,Threatened - Poorly Sampled,1,1,45
urn:lsid:dyntaxa.se:Taxon:1211,Phlebia cremeoalutacea,species,NT,Meruliaceae,Polyporales,Threatened - Not in GBIF,,,
urn:lsid:dyntaxa.se:Taxon:5457,Phlebia diffissa,species,NT,Meruliaceae,Polyporales,Threatened - Poorly Sampled,1,1,4
urn:lsid:dyntaxa.se:Taxon:1213,Phlebia femsjoeensis,species,NT,Meruliaceae,Polyporales,Threatened - Not in GBIF,,,
urn:lsid:dyntaxa.se:Taxon:5467,Phlebia serialis,species,NT,Meruliaceae,Polyporales,Threatened - Poorly Sampled,1,1,648
urn:lsid:dyntaxa.se:Taxon:5469,Phlebia subochracea,species,NT,Meruliaceae,Polyporales,Threatened - Not in GBIF,,,
urn:lsid:dyntaxa.se:Taxon:222617,Phleum phleoides,species,NT,Poaceae,Poales,Threatened - Poorly Sampled,1,1,5506
urn:lsid:dyntaxa.se:Taxon:101549,Phloeophagus lignarius,species,NT,Curculionidae,Coleoptera,Threatened - Poorly Sampled,1,1,208
urn:lsid:dyntaxa.se:Taxon:101550,Phloeophagus thomsoni,species,NT,Curculionidae,Coleoptera,Threatened - Poorly Sampled,1,1,209
urn:lsid:dyntaxa.se:Taxon:101551,Phloeophagus turbatus,species,NT,Curculionidae,Coleoptera,Threatened - Poorly Sampled,1,1,162
urn:lsid:dyntaxa.se:Taxon:101553,Phloiophilus edwardsii,species,NT,Phloiophilidae,Coleoptera,Threatened - Poorly Sampled,1,1,10
urn:lsid:dyntaxa.se:Taxon:102993,Phoenicurus ochruros,species,NT,Muscicapidae,Passeriformes,Threatened - Poorly Sampled,1,1,105902
urn:lsid:dyntaxa.se:Taxon:102993,Phoenicurus ochruros,species,NT,Muscicapidae,Passeriformes,Threatened - Poorly Sampled,1,1,172
urn:lsid:dyntaxa.se:Taxon:102025,Phoroctenia vittata,species,NT,Tipulidae,Diptera,Threatened - Poorly Sampled,1,1,1
urn:lsid:dyntaxa.se:Taxon:101555,Photedes captiuncula,species,NT,Noctuidae,Lepidoptera,Threatened - Poorly Sampled,1,1,146
urn:lsid:dyntaxa.se:Taxon:243959,Phrosinella nasuta,species,NT,Sarcophagidae,Diptera,Threatened - Poorly Sampled,1,1,2
urn:lsid:dyntaxa.se:Taxon:102480,Phyllonorycter schreberellus,species,NT,Gracillariidae,Lepidoptera,Threatened - Not in GBIF,,,
urn:lsid:dyntaxa.se:Taxon:214109,Phyllonorycter tristrigellus,species,NT,Gracillariidae,Lepidoptera,Threatened - Not in GBIF,,,
urn:lsid:dyntaxa.se:Taxon:103012,Phylloscopus sibilatrix,species,NT,Phylloscopidae,Passeriformes,Threatened - Not in GBIF,,,
urn:lsid:dyntaxa.se:Taxon:100108,Phylloscopus trochiloides,species,NT,Phylloscopidae,Passeriformes,Threatened - Poorly Sampled,1,1,21331
urn:lsid:dyntaxa.se:Taxon:1233,Physcomitrella patens,species,NT,Funariaceae,Funariales,Threatened - Not in GBIF,,,
urn:lsid:dyntaxa.se:Taxon:215930,Phytometra viridaria,species,NT,Erebidae,Lepidoptera,Threatened - Poorly Sampled,1,1,1050
urn:lsid:dyntaxa.se:Taxon:1265,Picipes badius,species,NT,Polyporaceae,Polyporales,Threatened - Poorly Sampled,1,1,352
urn:lsid:dyntaxa.se:Taxon:100109,Picoides tridactylus,species,NT,Picidae,Piciformes,Threatened - Poorly Sampled,1,1,82192
urn:lsid:dyntaxa.se:Taxon:200715,Pipizella certa,species,NT,Syrphidae,Diptera,Threatened - Not in GBIF,,,
urn:lsid:dyntaxa.se:Taxon:200717,Pipizella virens,species,NT,Syrphidae,Diptera,Threatened - Poorly Sampled,1,1,11
urn:lsid:dyntaxa.se:Taxon:106456,Pissodes harcyniae,species,NT,Curculionidae,Coleoptera,Threatened - Poorly Sampled,1,1,68
urn:lsid:dyntaxa.se:Taxon:218207,Placida dendritica,species,NT,Limapontiidae,"",Threatened - Poorly Sampled,1,1,6
urn:lsid:dyntaxa.se:Taxon:101581,Placusa pumilio,species,NT,Staphylinidae,Coleoptera,Threatened - Poorly Sampled,1,1,10
urn:lsid:dyntaxa.se:Taxon:1247,Plagiothecium platyphyllum,species,NT,Plagiotheciaceae,Hypnales,Threatened - Poorly Sampled,1,1,97
urn:lsid:dyntaxa.se:Taxon:1901,Plantago tenuiflora,species,NT,Plantaginaceae,Lamiales,Threatened - Poorly Sampled,1,1,727
urn:lsid:dyntaxa.se:Taxon:223619,Platanthera bifolia subsp. bifolia,subspecies,NT,Orchidaceae,Asparagales,Threatened - Poorly Sampled,1,1,28264
urn:lsid:dyntaxa.se:Taxon:223619,Platanthera bifolia subsp. bifolia,subspecies,NT,Orchidaceae,Asparagales,Threatened - Poorly Sampled,1,1,61
urn:lsid:dyntaxa.se:Taxon:223619,Platanthera bifolia subsp. bifolia,subspecies,NT,Orchidaceae,Asparagales,Threatened - Poorly Sampled,1,1,45
urn:lsid:dyntaxa.se:Taxon:223619,Platanthera bifolia subsp. bifolia,subspecies,NT,Orchidaceae,Asparagales,Threatened - Poorly Sampled,1,1,8
urn:lsid:dyntaxa.se:Taxon:105990,Plateumaris rustica,species,NT,Chrysomelidae,Coleoptera,Threatened - Poorly Sampled,1,1,369
urn:lsid:dyntaxa.se:Taxon:101587,Platyarthrus hoffmannseggi,species,NT,Platyarthridae,Isopoda,Threatened - Not in GBIF,,,
urn:lsid:dyntaxa.se:Taxon:101590,Platydema violaceum,species,NT,Tenebrionidae,Coleoptera,Threatened - Poorly Sampled,1,1,146
urn:lsid:dyntaxa.se:Taxon:100210,Platynus krynickii,species,NT,Carabidae,Coleoptera,Threatened - Poorly Sampled,1,1,147
urn:lsid:dyntaxa.se:Taxon:100213,Platynus mannerheimii,species,NT,Carabidae,Coleoptera,Threatened - Poorly Sampled,1,1,29
urn:lsid:dyntaxa.se:Taxon:241128,Platyparea discoidea,species,NT,Tephritidae,Diptera,Threatened - Poorly Sampled,1,1,54
urn:lsid:dyntaxa.se:Taxon:101593,Platyrhinus resinosus,species,NT,Anthribidae,Coleoptera,Threatened - Poorly Sampled,1,1,673
urn:lsid:dyntaxa.se:Taxon:101595,Platysoma deplanatum,species,NT,Histeridae,Coleoptera,Threatened - Poorly Sampled,1,1,327
urn:lsid:dyntaxa.se:Taxon:103823,Platysoma lineare,species,NT,Histeridae,Coleoptera,Threatened - Poorly Sampled,1,1,221
urn:lsid:dyntaxa.se:Taxon:102919,Plebejus aquilo,species,NT,Lycaenidae,Lepidoptera,Threatened - Not in GBIF,,,
urn:lsid:dyntaxa.se:Taxon:206002,Plecotus auritus,species,NT,Vespertilionidae,Chiroptera,Threatened - Poorly Sampled,1,1,8798
urn:lsid:dyntaxa.se:Taxon:101600,Plectophloeus nubigena,species,NT,Staphylinidae,Coleoptera,Threatened - Poorly Sampled,1,1,100
urn:lsid:dyntaxa.se:Taxon:101602,Plegaderus dissectus,species,NT,Histeridae,Coleoptera,Threatened - Poorly Sampled,1,1,208
urn:lsid:dyntaxa.se:Taxon:101603,Plegaderus saucius,species,NT,Histeridae,Coleoptera,Threatened - Poorly Sampled,1,1,180
urn:lsid:dyntaxa.se:Taxon:5569,Pluteus hispidulus,species,NT,Pluteaceae,Agaricales,Threatened - Poorly Sampled,1,1,53
urn:lsid:dyntaxa.se:Taxon:1256,Poa remota,species,NT,Poaceae,Poales,Threatened - Poorly Sampled,1,1,2588
urn:lsid:dyntaxa.se:Taxon:101605,Pocota personata,species,NT,Syrphidae,Diptera,Threatened - Poorly Sampled,1,1,93
urn:lsid:dyntaxa.se:Taxon:103022,Poecile cinctus,species,NT,Paridae,Passeriformes,Threatened - Poorly Sampled,1,1,13781
urn:lsid:dyntaxa.se:Taxon:103022,Poecile cinctus,species,NT,Paridae,Passeriformes,Threatened - Poorly Sampled,1,1,12
urn:lsid:dyntaxa.se:Taxon:103021,Poecile montanus,species,NT,Paridae,Passeriformes,Threatened - Poorly Sampled,1,1,355844
urn:lsid:dyntaxa.se:Taxon:103021,Poecile montanus,species,NT,Paridae,Passeriformes,Threatened - Poorly Sampled,1,1,49
urn:lsid:dyntaxa.se:Taxon:103020,Poecile palustris,species,NT,Paridae,Passeriformes,Threatened - Poorly Sampled,1,1,429005
urn:lsid:dyntaxa.se:Taxon:103020,Poecile palustris,species,NT,Paridae,Passeriformes,Threatened - Poorly Sampled,1,1,3
urn:lsid:dyntaxa.se:Taxon:101608,Poecilonota variolosa,species,NT,Buprestidae,Coleoptera,Threatened - Poorly Sampled,1,1,1042
urn:lsid:dyntaxa.se:Taxon:101609,Pogonocherus caroli,species,NT,Cerambycidae,Coleoptera,Threatened - Poorly Sampled,1,1,95
urn:lsid:dyntaxa.se:Taxon:2291,Pohlia crudoides,species,NT,Mielichhoferiaceae,Bryales,Threatened - Poorly Sampled,1,1,67
urn:lsid:dyntaxa.se:Taxon:1260,Pohlia erecta,species,NT,Mielichhoferiaceae,Bryales,Threatened - Poorly Sampled,1,1,2
urn:lsid:dyntaxa.se:Taxon:2275,Pohlia ludwigii,species,NT,Mielichhoferiaceae,Bryales,Threatened - Poorly Sampled,1,1,73
urn:lsid:dyntaxa.se:Taxon:2284,Pohlia obtusifolia,species,NT,Mielichhoferiaceae,Bryales,Threatened - Poorly Sampled,1,1,602
urn:lsid:dyntaxa.se:Taxon:216181,Polia richardsoni,species,NT,Noctuidae,Lepidoptera,Threatened - Poorly Sampled,1,1,44
urn:lsid:dyntaxa.se:Taxon:227549,Polycirrus norvegicus,species,NT,Terebellidae,Terebellida,Threatened - Poorly Sampled,1,1,14
urn:lsid:dyntaxa.se:Taxon:1902,Polygonum aviculare subsp. excelsius,subspecies,NT,Polygonaceae,Caryophyllales,Threatened - Poorly Sampled,1,1,22511
urn:lsid:dyntaxa.se:Taxon:201145,Polyommatus dorylas,species,NT,Lycaenidae,Lepidoptera,Threatened - Not in GBIF,,,
urn:lsid:dyntaxa.se:Taxon:1266,Polyporus tuberaster,species,NT,Polyporaceae,Polyporales,Threatened - Poorly Sampled,1,1,241
urn:lsid:dyntaxa.se:Taxon:2847,Polytrichastrum sexangulare,species,NT,Polytrichaceae,Polytrichales,Threatened - Poorly Sampled,1,1,347
urn:lsid:dyntaxa.se:Taxon:217809,Pontophilus norvegicus,species,NT,Crangonidae,Decapoda,Threatened - Poorly Sampled,1,1,64
urn:lsid:dyntaxa.se:Taxon:102825,Pontophilus spinosus,species,NT,Crangonidae,Decapoda,Threatened - Poorly Sampled,1,1,28
urn:lsid:dyntaxa.se:Taxon:106488,Poophagus sisymbrii,species,NT,Curculionidae,Coleoptera,Threatened - Poorly Sampled,1,1,119
urn:lsid:dyntaxa.se:Taxon:105235,Porcinolus murinus,species,NT,Byrrhidae,Coleoptera,Threatened - Poorly Sampled,1,1,117
urn:lsid:dyntaxa.se:Taxon:5432,Porodaedalea chrysoloma,species,NT,Hymenochaetaceae,Hymenochaetales,Threatened - Not in GBIF,,,
urn:lsid:dyntaxa.se:Taxon:5442,Porodaedalea pini,species,NT,Hymenochaetaceae,Hymenochaetales,Threatened - Poorly Sampled,1,1,49554
urn:lsid:dyntaxa.se:Taxon:1276,Poronia punctata,species,NT,Xylariaceae,Xylariales,Threatened - Poorly Sampled,1,1,617
urn:lsid:dyntaxa.se:Taxon:1277,Porphyrellus porphyrosporus,species,NT,Boletaceae,Boletales,Threatened - Poorly Sampled,1,1,652
urn:lsid:dyntaxa.se:Taxon:1278,Porpidia hydrophila,species,NT,Lecideaceae,Lecideales,Threatened - Poorly Sampled,1,1,120
urn:lsid:dyntaxa.se:Taxon:102582,Porrhoclubiona genevensis,species,NT,Clubionidae,Araneae,Threatened - Poorly Sampled,1,1,10
urn:lsid:dyntaxa.se:Taxon:248544,Porrhomma oblitum,species,NT,Linyphiidae,Araneae,Threatened - Poorly Sampled,1,1,22
urn:lsid:dyntaxa.se:Taxon:1101,Postia guttulata,species,NT,Dacryobolaceae,Polyporales,Threatened - Not in GBIF,,,
urn:lsid:dyntaxa.se:Taxon:1102,Postia parva,species,NT,Dacryobolaceae,Polyporales,Threatened - Poorly Sampled,1,1,2
urn:lsid:dyntaxa.se:Taxon:1904,Potamogeton friesii,species,NT,Potamogetonaceae,Alismatales,Threatened - Poorly Sampled,1,1,1370
urn:lsid:dyntaxa.se:Taxon:1904,Potamogeton friesii,species,NT,Potamogetonaceae,Alismatales,Threatened - Poorly Sampled,1,1,3
urn:lsid:dyntaxa.se:Taxon:1286,Potentilla heptaphylla,species,NT,Rosaceae,Rosales,Threatened - Poorly Sampled,1,1,926
urn:lsid:dyntaxa.se:Taxon:1286,Potentilla heptaphylla,species,NT,Rosaceae,Rosales,Threatened - Poorly Sampled,1,1,1
urn:lsid:dyntaxa.se:Taxon:1909,Potentilla sterneri,species,NT,Rosaceae,Rosales,Threatened - Poorly Sampled,1,1,583
urn:lsid:dyntaxa.se:Taxon:106037,Prasocuris hannoveriana,species,NT,Chrysomelidae,Coleoptera,Threatened - Poorly Sampled,1,1,32
urn:lsid:dyntaxa.se:Taxon:1294,Primula elatior,species,NT,Primulaceae,Ericales,Threatened - Poorly Sampled,1,1,795
urn:lsid:dyntaxa.se:Taxon:1294,Primula elatior,species,NT,Primulaceae,Ericales,Threatened - Poorly Sampled,1,1,1
urn:lsid:dyntaxa.se:Taxon:1294,Primula elatior,species,NT,Primulaceae,Ericales,Threatened - Poorly Sampled,1,1,43
urn:lsid:dyntaxa.se:Taxon:1294,Primula elatior,species,NT,Primulaceae,Ericales,Threatened - Poorly Sampled,1,1,18
urn:lsid:dyntaxa.se:Taxon:1294,Primula elatior,species,NT,Primulaceae,Ericales,Threatened - Poorly Sampled,1,1,29
urn:lsid:dyntaxa.se:Taxon:221137,Primula farinosa,species,NT,Primulaceae,Ericales,Threatened - Poorly Sampled,1,1,11139
urn:lsid:dyntaxa.se:Taxon:101622,Priobium carpini,species,NT,Ptinidae,Coleoptera,Threatened - Poorly Sampled,1,1,13
urn:lsid:dyntaxa.se:Taxon:102645,Priocnemis agilis,species,NT,Pompilidae,Hymenoptera,Threatened - Poorly Sampled,1,1,39
urn:lsid:dyntaxa.se:Taxon:101629,Prionus coriarius,species,NT,Cerambycidae,Coleoptera,Threatened - Poorly Sampled,1,1,1897
urn:lsid:dyntaxa.se:Taxon:251343,Pristaulacus gibbator,species,NT,Aulacidae,Hymenoptera,Threatened - Poorly Sampled,1,1,2
urn:lsid:dyntaxa.se:Taxon:217855,Protanthea simplex,species,NT,Gonactiniidae,Actiniaria,Threatened - Poorly Sampled,1,1,2184
urn:lsid:dyntaxa.se:Taxon:100355,Protapion interjectum,species,NT,Apionidae,Coleoptera,Threatened - Poorly Sampled,1,1,103
urn:lsid:dyntaxa.se:Taxon:244060,Protocalliphora rognesi,species,NT,Calliphoridae,Diptera,Threatened - Poorly Sampled,1,1,8
urn:lsid:dyntaxa.se:Taxon:1301,Protodontia subgelatinosa,species,NT,"Auriculariales, genera incertae sedis",Auriculariales,Threatened - Not in GBIF,,,
urn:lsid:dyntaxa.se:Taxon:993,Protolophozia elongata,species,NT,Cephaloziellaceae,Jungermanniales,Threatened - Poorly Sampled,1,1,18
urn:lsid:dyntaxa.se:Taxon:226371,Psallodema fieberi,species,NT,Miridae,Hemiptera,Threatened - Poorly Sampled,1,1,11
urn:lsid:dyntaxa.se:Taxon:1302,Psathyrella ammophila,species,NT,Psathyrellaceae,Agaricales,Threatened - Poorly Sampled,1,1,111
urn:lsid:dyntaxa.se:Taxon:101638,Pselactus spadix,species,NT,Curculionidae,Coleoptera,Threatened - Poorly Sampled,1,1,80
urn:lsid:dyntaxa.se:Taxon:101642,Pseudanidorus pentatomus,species,NT,Aderidae,Coleoptera,Threatened - Poorly Sampled,1,1,54
urn:lsid:dyntaxa.se:Taxon:101641,Pseudanodonta complanata,species,NT,Unionidae,Unionoida,Threatened - Poorly Sampled,1,1,854
urn:lsid:dyntaxa.se:Taxon:102236,Pseudeuparius sepicola,species,NT,Anthribidae,Coleoptera,Threatened - Poorly Sampled,1,1,181
urn:lsid:dyntaxa.se:Taxon:101644,Pseudicius encarpatus,species,NT,Salticidae,Araneae,Threatened - Poorly Sampled,1,1,22
urn:lsid:dyntaxa.se:Taxon:972,Pseudoclitopilus rhodoleucus,species,NT,"Agaricales, genera incertae sedis",Agaricales,Threatened - Poorly Sampled,1,1,169
urn:lsid:dyntaxa.se:Taxon:217190,Pseudocrossidium obtusulum,species,NT,Pottiaceae,Pottiales,Threatened - Poorly Sampled,1,1,69
urn:lsid:dyntaxa.se:Taxon:1312,Pseudographis pinicola,species,NT,Triblidiaceae,Triblidiales,Threatened - Poorly Sampled,1,1,31058
urn:lsid:dyntaxa.se:Taxon:1313,Pseudoleskeella papillosa,species,NT,Leskeaceae,Hypnales,Threatened - Poorly Sampled,1,1,31
urn:lsid:dyntaxa.se:Taxon:241752,Pseudoneuroctena senilis,species,NT,Dryomyzidae,Diptera,Threatened - Poorly Sampled,1,1,8
urn:lsid:dyntaxa.se:Taxon:256011,Pseudorhyssa alpestris,species,NT,Ichneumonidae,Hymenoptera,Threatened - Poorly Sampled,1,1,10
urn:lsid:dyntaxa.se:Taxon:256012,Pseudorhyssa nigricornis,species,NT,Ichneumonidae,Hymenoptera,Threatened - Poorly Sampled,1,1,8
urn:lsid:dyntaxa.se:Taxon:102853,Psilaster andromeda,species,NT,Astropectinidae,Paxillosida,Threatened - Poorly Sampled,1,1,2
urn:lsid:dyntaxa.se:Taxon:101665,Ptenidium gressneri,species,NT,Ptiliidae,Coleoptera,Threatened - Poorly Sampled,1,1,160
urn:lsid:dyntaxa.se:Taxon:243961,Pterella grisea,species,NT,Sarcophagidae,Diptera,Threatened - Not in GBIF,,,
urn:lsid:dyntaxa.se:Taxon:1326,Pterygoneurum ovatum,species,NT,Pottiaceae,Pottiales,Threatened - Poorly Sampled,1,1,340
urn:lsid:dyntaxa.se:Taxon:101674,Pteryx splendens,species,NT,Ptiliidae,Coleoptera,Threatened - Poorly Sampled,1,1,41
urn:lsid:dyntaxa.se:Taxon:105303,Ptinus lichenum,species,NT,Ptinidae,Coleoptera,Threatened - Poorly Sampled,1,1,5
urn:lsid:dyntaxa.se:Taxon:105306,Ptinus podolicus,species,NT,Ptinidae,Coleoptera,Threatened - Poorly Sampled,1,1,45
urn:lsid:dyntaxa.se:Taxon:2691,Ptychodium plicatum,species,NT,Leskeaceae,Hypnales,Threatened - Not in GBIF,,,
urn:lsid:dyntaxa.se:Taxon:102065,Ptychoptera longicauda,species,NT,Ptychopteridae,Diptera,Threatened - Poorly Sampled,1,1,13
urn:lsid:dyntaxa.se:Taxon:1332,Pulsatilla patens,species,NT,Ranunculaceae,Ranunculales,Threatened - Poorly Sampled,1,1,1572
urn:lsid:dyntaxa.se:Taxon:1332,Pulsatilla patens,species,NT,Ranunculaceae,Ranunculales,Threatened - Poorly Sampled,1,1,87
urn:lsid:dyntaxa.se:Taxon:250126,Pupilla pratensis,species,NT,Pupillidae,Stylommatophora,Threatened - Not in GBIF,,,
urn:lsid:dyntaxa.se:Taxon:229799,Pycnora praestabilis,species,NT,Pycnoraceae,Candelariales,Threatened - Poorly Sampled,1,1,395
urn:lsid:dyntaxa.se:Taxon:215482,Pyrausta nigrata,species,NT,Crambidae,Lepidoptera,Threatened - Poorly Sampled,1,1,339
urn:lsid:dyntaxa.se:Taxon:215481,Pyrausta ostrinalis,species,NT,Crambidae,Lepidoptera,Threatened - Poorly Sampled,1,1,749
urn:lsid:dyntaxa.se:Taxon:1342,Pyrenula nitida,species,NT,Pyrenulaceae,Pyrenulales,Threatened - Poorly Sampled,1,1,10384
urn:lsid:dyntaxa.se:Taxon:4070,Quaternaria dissepta,species,NT,Diatrypaceae,Xylariales,Threatened - Poorly Sampled,1,1,108
urn:lsid:dyntaxa.se:Taxon:101694,Quedius balticus,species,NT,Staphylinidae,Coleoptera,Threatened - Poorly Sampled,1,1,30
urn:lsid:dyntaxa.se:Taxon:101693,Quedius fulgidus,species,NT,Staphylinidae,Coleoptera,Threatened - Poorly Sampled,1,1,37
urn:lsid:dyntaxa.se:Taxon:104144,Quedius lundbergi,species,NT,Staphylinidae,Coleoptera,Threatened - Poorly Sampled,1,1,2
urn:lsid:dyntaxa.se:Taxon:1910,Radiola linoides,species,NT,Linaceae,Malpighiales,Threatened - Poorly Sampled,1,1,3121
urn:lsid:dyntaxa.se:Taxon:102133,Raja clavata,species,NT,Rajidae,Rajiformes,Threatened - Poorly Sampled,1,1,49
urn:lsid:dyntaxa.se:Taxon:235068,Rajella lintea,species,NT,Rajidae,Rajiformes,Threatened - Poorly Sampled,1,1,1
urn:lsid:dyntaxa.se:Taxon:1348,Ramalina baltica,species,NT,Ramalinaceae,Lecanorales,Threatened - Poorly Sampled,1,1,1932
urn:lsid:dyntaxa.se:Taxon:1352,Ramalina sinensis,species,NT,Ramalinaceae,Lecanorales,Threatened - Poorly Sampled,1,1,2253
urn:lsid:dyntaxa.se:Taxon:5734,Ramaria botrytis,species,NT,Gomphaceae,Gomphales,Threatened - Poorly Sampled,1,1,2016
urn:lsid:dyntaxa.se:Taxon:233192,Ramaria flavobrunnescens,species,NT,Gomphaceae,Gomphales,Threatened - Poorly Sampled,1,1,10
urn:lsid:dyntaxa.se:Taxon:1355,Ramaria formosa,species,NT,Gomphaceae,Gomphales,Threatened - Poorly Sampled,1,1,191
urn:lsid:dyntaxa.se:Taxon:256841,Ramaria fumigata,species,NT,Gomphaceae,Gomphales,Threatened - Poorly Sampled,1,1,138
urn:lsid:dyntaxa.se:Taxon:256754,Ramaria krieglsteineri,species,NT,Gomphaceae,Gomphales,Threatened - Poorly Sampled,1,1,130
urn:lsid:dyntaxa.se:Taxon:5733,Ramaria lutea,species,NT,Gomphaceae,Gomphales,Threatened - Poorly Sampled,1,1,446
urn:lsid:dyntaxa.se:Taxon:256756,Ramaria pallida,species,NT,Gomphaceae,Gomphales,Threatened - Poorly Sampled,1,1,1420
urn:lsid:dyntaxa.se:Taxon:5754,Ramaria testaceoflava,species,NT,Gomphaceae,Gomphales,Threatened - Poorly Sampled,1,1,2681
urn:lsid:dyntaxa.se:Taxon:371,Ramariopsis subtilis,species,NT,Clavariaceae,Agaricales,Threatened - Poorly Sampled,1,1,592
urn:lsid:dyntaxa.se:Taxon:229821,Ramboldia elabens,species,NT,Ramboldiaceae,Lecanorales,Threatened - Poorly Sampled,1,1,12103
urn:lsid:dyntaxa.se:Taxon:100117,Rana dalmatina,species,NT,Ranidae,Anura,Threatened - Poorly Sampled,1,1,102
urn:lsid:dyntaxa.se:Taxon:100117,Rana dalmatina,species,NT,Ranidae,Anura,Threatened - Poorly Sampled,1,1,4296
urn:lsid:dyntaxa.se:Taxon:1361,Ranunculus arvensis,species,NT,Ranunculaceae,Ranunculales,Threatened - Poorly Sampled,1,1,1778
urn:lsid:dyntaxa.se:Taxon:1364,Ranunculus hederaceus,species,NT,Ranunculaceae,Ranunculales,Threatened - Poorly Sampled,1,1,559
urn:lsid:dyntaxa.se:Taxon:224932,Ranunculus polyanthemos subsp. polyanthemos,subspecies,NT,Ranunculaceae,Ranunculales,Threatened - Poorly Sampled,1,1,5632
urn:lsid:dyntaxa.se:Taxon:101704,Rhagium sycophanta,species,NT,Cerambycidae,Coleoptera,Threatened - Poorly Sampled,1,1,1138
urn:lsid:dyntaxa.se:Taxon:102331,Rhantus bistriatus,species,NT,Dytiscidae,Coleoptera,Threatened - Poorly Sampled,1,1,29
urn:lsid:dyntaxa.se:Taxon:101705,Rhantus fennicus,species,NT,Dytiscidae,Coleoptera,Threatened - Poorly Sampled,1,1,12
urn:lsid:dyntaxa.se:Taxon:214205,Rhigognostis annulatella,species,NT,Plutellidae,Lepidoptera,Threatened - Not in GBIF,,,
urn:lsid:dyntaxa.se:Taxon:249008,Rhinanthus osiliensis,species,NT,Orobanchaceae,Lamiales,Threatened - Poorly Sampled,1,1,217
urn:lsid:dyntaxa.se:Taxon:101013,Rhinusa collina,species,NT,Curculionidae,Coleoptera,Threatened - Poorly Sampled,1,1,58
urn:lsid:dyntaxa.se:Taxon:101015,Rhinusa linariae,species,NT,Curculionidae,Coleoptera,Threatened - Poorly Sampled,1,1,67
urn:lsid:dyntaxa.se:Taxon:101014,Rhinusa pilosa,species,NT,Curculionidae,Coleoptera,Threatened - Poorly Sampled,1,1,60
urn:lsid:dyntaxa.se:Taxon:101707,Rhithrogena germanica,species,NT,Heptageniidae,Ephemeroptera,Threatened - Poorly Sampled,1,1,213
urn:lsid:dyntaxa.se:Taxon:381,Rhizocybe vermicularis,species,NT,"Agaricales, genera incertae sedis",Agaricales,Threatened - Poorly Sampled,1,1,184
urn:lsid:dyntaxa.se:Taxon:100772,Rhizophagus aeneus,species,NT,Monotomidae,Coleoptera,Threatened - Poorly Sampled,1,1,45
urn:lsid:dyntaxa.se:Taxon:105456,Rhizophagus grandis,species,NT,Monotomidae,Coleoptera,Threatened - Poorly Sampled,1,1,61
urn:lsid:dyntaxa.se:Taxon:101710,Rhizophagus picipes,species,NT,Monotomidae,Coleoptera,Threatened - Poorly Sampled,1,1,129
urn:lsid:dyntaxa.se:Taxon:658,Rhodofomes roseus,species,NT,Fomitopsidaceae,Polyporales,Threatened - Poorly Sampled,1,1,35768
urn:lsid:dyntaxa.se:Taxon:222654,Rhynchospora fusca,species,NT,Cyperaceae,Poales,Threatened - Poorly Sampled,1,1,2477
urn:lsid:dyntaxa.se:Taxon:106431,Rhyncolus elongatus,species,NT,Curculionidae,Coleoptera,Threatened - Poorly Sampled,1,1,141
urn:lsid:dyntaxa.se:Taxon:102583,Rhysodromus fallax,species,NT,Philodromidae,Araneae,Threatened - Poorly Sampled,1,1,81
urn:lsid:dyntaxa.se:Taxon:2806,Rhytidium rugosum,species,NT,Rhytidiaceae,Hypnales,Threatened - Poorly Sampled,1,1,923
urn:lsid:dyntaxa.se:Taxon:2650,Riccia bifurca,species,NT,Ricciaceae,Marchantiales,Threatened - Poorly Sampled,1,1,167
urn:lsid:dyntaxa.se:Taxon:233130,Robertus ungulatus,species,NT,Theridiidae,Araneae,Threatened - Poorly Sampled,1,1,9
urn:lsid:dyntaxa.se:Taxon:232182,Rocetelion humerale,species,NT,Keroplatidae,Diptera,Threatened - Poorly Sampled,1,1,21
urn:lsid:dyntaxa.se:Taxon:102353,Romualdius angustisetulus,species,NT,Curculionidae,Coleoptera,Threatened - Poorly Sampled,1,1,19
urn:lsid:dyntaxa.se:Taxon:220583,Rorippa amphibia,species,NT,Brassicaceae,Brassicales,Threatened - Poorly Sampled,1,1,1048
urn:lsid:dyntaxa.se:Taxon:220583,Rorippa amphibia,species,NT,Brassicaceae,Brassicales,Threatened - Poorly Sampled,1,1,43
urn:lsid:dyntaxa.se:Taxon:220583,Rorippa amphibia,species,NT,Brassicaceae,Brassicales,Threatened - Poorly Sampled,1,1,14
urn:lsid:dyntaxa.se:Taxon:1400,Rosa tomentella,species,NT,Rosaceae,Rosales,Threatened - Poorly Sampled,1,1,8
urn:lsid:dyntaxa.se:Taxon:2080,Rostania occultata,species,NT,Collemataceae,Peltigerales,Threatened - Poorly Sampled,1,1,812
urn:lsid:dyntaxa.se:Taxon:218100,Roxania utriculus,species,NT,Scaphandridae,Cephalaspidea,Threatened - Poorly Sampled,1,1,13
urn:lsid:dyntaxa.se:Taxon:1403,Rubus axillaris,species,NT,Rosaceae,Rosales,Threatened - Poorly Sampled,1,1,571
urn:lsid:dyntaxa.se:Taxon:1915,Rubus eluxatus,species,NT,Rosaceae,Rosales,Threatened - Poorly Sampled,1,1,396
urn:lsid:dyntaxa.se:Taxon:1922,Rubus lamprocaulos,species,NT,Rosaceae,Rosales,Threatened - Poorly Sampled,1,1,404
urn:lsid:dyntaxa.se:Taxon:1413,Rubus muenteri,species,NT,Rosaceae,Rosales,Threatened - Poorly Sampled,1,1,676
urn:lsid:dyntaxa.se:Taxon:1411,Rubus polyanthemus,species,NT,Rosaceae,Rosales,Threatened - Poorly Sampled,1,1,501
urn:lsid:dyntaxa.se:Taxon:1414,Rubus scissus,species,NT,Rosaceae,Rosales,Threatened - Poorly Sampled,1,1,561
urn:lsid:dyntaxa.se:Taxon:1415,Rubus septentrionalis,species,NT,Rosaceae,Rosales,Threatened - Poorly Sampled,1,1,369
urn:lsid:dyntaxa.se:Taxon:264501,Rubus sordirosanthus,species,NT,Rosaceae,Rosales,Threatened - Poorly Sampled,1,1,272
urn:lsid:dyntaxa.se:Taxon:1416,Rubus sprengelii,species,NT,Rosaceae,Rosales,Threatened - Poorly Sampled,1,1,514
urn:lsid:dyntaxa.se:Taxon:1416,Rubus sprengelii,species,NT,Rosaceae,Rosales,Threatened - Poorly Sampled,1,1,24
urn:lsid:dyntaxa.se:Taxon:1418,Rubus vestitus,species,NT,Rosaceae,Rosales,Threatened - Poorly Sampled,1,1,365
urn:lsid:dyntaxa.se:Taxon:1930,Rubus walsemannii,species,NT,Rosaceae,Rosales,Threatened - Poorly Sampled,1,1,212
urn:lsid:dyntaxa.se:Taxon:101722,Rugathodes instabilis,species,NT,Theridiidae,Araneae,Threatened - Poorly Sampled,1,1,24
urn:lsid:dyntaxa.se:Taxon:3193,Rugosomyces obscurissimus,species,NT,Lyophyllaceae,Agaricales,Threatened - Not in GBIF,,,
urn:lsid:dyntaxa.se:Taxon:3194,Rugosomyces onychinus,species,NT,Lyophyllaceae,Agaricales,Threatened - Not in GBIF,,,
urn:lsid:dyntaxa.se:Taxon:223985,Rumex acetosa var. serpentinicola,variety,NT,Polygonaceae,Caryophyllales,Threatened - Poorly Sampled,1,1,40264
urn:lsid:dyntaxa.se:Taxon:223989,Rumex acetosella subsp. arenicola,subspecies,NT,Polygonaceae,Caryophyllales,Threatened - Poorly Sampled,1,1,36057
urn:lsid:dyntaxa.se:Taxon:5842,Russula carpini,species,NT,Russulaceae,Russulales,Threatened - Poorly Sampled,1,1,32
urn:lsid:dyntaxa.se:Taxon:2054,Russula curtipes,species,NT,Russulaceae,Russulales,Threatened - Poorly Sampled,1,1,127
urn:lsid:dyntaxa.se:Taxon:2056,Russula rutila,species,NT,Russulaceae,Russulales,Threatened - Poorly Sampled,1,1,51
urn:lsid:dyntaxa.se:Taxon:2057,Russula torulosa,species,NT,Russulaceae,Russulales,Threatened - Poorly Sampled,1,1,150
urn:lsid:dyntaxa.se:Taxon:5945,Russula vinosobrunnea,species,NT,Russulaceae,Russulales,Threatened - Poorly Sampled,1,1,47
urn:lsid:dyntaxa.se:Taxon:5948,Russula viscida,species,NT,Russulaceae,Russulales,Threatened - Poorly Sampled,1,1,26
urn:lsid:dyntaxa.se:Taxon:102005,Rusticoclytus pantherinus,species,NT,Cerambycidae,Coleoptera,Threatened - Not in GBIF,,,
urn:lsid:dyntaxa.se:Taxon:101724,Sabra harpagula,species,NT,Drepanidae,Lepidoptera,Threatened - Poorly Sampled,1,1,189
urn:lsid:dyntaxa.se:Taxon:220818,Sabulina rubella,species,NT,Caryophyllaceae,Caryophyllales,Threatened - Poorly Sampled,1,1,111
urn:lsid:dyntaxa.se:Taxon:1431,Sagina caespitosa,species,NT,Caryophyllaceae,Caryophyllales,Threatened - Poorly Sampled,1,1,203
urn:lsid:dyntaxa.se:Taxon:220900,Sagina maritima,species,NT,Caryophyllaceae,Caryophyllales,Threatened - Poorly Sampled,1,1,1164
urn:lsid:dyntaxa.se:Taxon:220906,Sagina revelierei,species,NT,Caryophyllaceae,Caryophyllales,Threatened - Poorly Sampled,1,1,1354
urn:lsid:dyntaxa.se:Taxon:219606,Sagittaria sagittifolia,species,NT,Alismataceae,Alismatales,Threatened - Poorly Sampled,1,1,4443
urn:lsid:dyntaxa.se:Taxon:220908,Salicornia europaea,species,NT,Amaranthaceae,Caryophyllales,Threatened - Poorly Sampled,1,1,2104
urn:lsid:dyntaxa.se:Taxon:220908,Salicornia europaea,species,NT,Amaranthaceae,Caryophyllales,Threatened - Poorly Sampled,1,1,319
urn:lsid:dyntaxa.se:Taxon:2658,Sanionia nivalis,species,NT,Amblystegiaceae,Hypnales,Threatened - Poorly Sampled,1,1,45
urn:lsid:dyntaxa.se:Taxon:101728,Saperda perforata,species,NT,Cerambycidae,Coleoptera,Threatened - Poorly Sampled,1,1,2077
urn:lsid:dyntaxa.se:Taxon:5966,Sarcodon squamosus,species,NT,Bankeraceae,Thelephorales,Threatened - Poorly Sampled,1,1,25557
urn:lsid:dyntaxa.se:Taxon:1446,Sarcosphaera coronaria,species,NT,Pezizaceae,Pezizales,Threatened - Poorly Sampled,1,1,10
urn:lsid:dyntaxa.se:Taxon:1446,Sarcosphaera coronaria,species,NT,Pezizaceae,Pezizales,Threatened - Poorly Sampled,1,1,305
urn:lsid:dyntaxa.se:Taxon:218837,Satilatlas britteni,species,NT,Linyphiidae,Araneae,Threatened - Poorly Sampled,1,1,3
urn:lsid:dyntaxa.se:Taxon:101732,Satyrium ilicis,species,NT,Lycaenidae,Lepidoptera,Threatened - Not in GBIF,,,
urn:lsid:dyntaxa.se:Taxon:201122,Satyrium w-album,species,NT,Lycaenidae,Lepidoptera,Threatened - Poorly Sampled,1,1,4634
urn:lsid:dyntaxa.se:Taxon:100169,Sauterina hofmanniella,species,NT,Gracillariidae,Lepidoptera,Threatened - Poorly Sampled,1,1,40
urn:lsid:dyntaxa.se:Taxon:102995,Saxicola rubetra,species,NT,Muscicapidae,Passeriformes,Threatened - Poorly Sampled,1,1,329207
urn:lsid:dyntaxa.se:Taxon:1447,Saxifraga cotyledon,species,NT,Saxifragaceae,Saxifragales,Threatened - Poorly Sampled,1,1,588
urn:lsid:dyntaxa.se:Taxon:1448,Saxifraga hirculus,species,NT,Saxifragaceae,Saxifragales,Threatened - Poorly Sampled,1,1,1679
urn:lsid:dyntaxa.se:Taxon:104446,Scaphisoma subalpinum,species,NT,Staphylinidae,Coleoptera,Threatened - Poorly Sampled,1,1,118
urn:lsid:dyntaxa.se:Taxon:6028408,Scaptodrosophila abdita,species,NT,Drosophilidae,Diptera,Threatened - Not in GBIF,,,
urn:lsid:dyntaxa.se:Taxon:1460,Schismatomma pericleum,species,NT,Roccellaceae,Arthoniales,Threatened - Not in GBIF,,,
urn:lsid:dyntaxa.se:Taxon:2457,Schistidium frisvollianum,species,NT,Grimmiaceae,Grimmiales,Threatened - Poorly Sampled,1,1,9
urn:lsid:dyntaxa.se:Taxon:232909,Schistidium helveticum,species,NT,Grimmiaceae,Grimmiales,Threatened - Poorly Sampled,1,1,12
urn:lsid:dyntaxa.se:Taxon:2475,Schistidium venetum,species,NT,Grimmiaceae,Grimmiales,Threatened - Poorly Sampled,1,1,8
urn:lsid:dyntaxa.se:Taxon:101737,Schrankia taenialis,species,NT,Erebidae,Lepidoptera,Threatened - Poorly Sampled,1,1,161
urn:lsid:dyntaxa.se:Taxon:240200,Sciapus basilicus,species,NT,Dolichopodidae,Diptera,Threatened - Poorly Sampled,1,1,10
urn:lsid:dyntaxa.se:Taxon:240205,Sciapus maritimus,species,NT,Dolichopodidae,Diptera,Threatened - Poorly Sampled,1,1,17
urn:lsid:dyntaxa.se:Taxon:1464,Scirpus radicans,species,NT,Cyperaceae,Poales,Threatened - Poorly Sampled,1,1,499
urn:lsid:dyntaxa.se:Taxon:101738,Scirtes orbicularis,species,NT,Scirtidae,Coleoptera,Threatened - Poorly Sampled,1,1,20
urn:lsid:dyntaxa.se:Taxon:5977,Scleroderma septentrionale,species,NT,Sclerodermataceae,Boletales,Threatened - Poorly Sampled,1,1,163
urn:lsid:dyntaxa.se:Taxon:1466,Scleroderma verrucosum,species,NT,Sclerodermataceae,Boletales,Threatened - Poorly Sampled,1,1,601
urn:lsid:dyntaxa.se:Taxon:1467,Sclerophora coniophaea,species,NT,Coniocybaceae,Coniocybales,Threatened - Not in GBIF,,,
urn:lsid:dyntaxa.se:Taxon:101740,Scolia hirta,species,NT,Scoliidae,Hymenoptera,Threatened - Poorly Sampled,1,1,304
urn:lsid:dyntaxa.se:Taxon:1471,Scolochloa festucacea,species,NT,Poaceae,Poales,Threatened - Poorly Sampled,1,1,540
urn:lsid:dyntaxa.se:Taxon:101744,Scolytus carpini,species,NT,Curculionidae,Coleoptera,Threatened - Poorly Sampled,1,1,41
urn:lsid:dyntaxa.se:Taxon:101745,Scolytus mali,species,NT,Curculionidae,Coleoptera,Threatened - Poorly Sampled,1,1,67
urn:lsid:dyntaxa.se:Taxon:101748,Scopaeus pusillus,species,NT,Staphylinidae,Coleoptera,Threatened - Poorly Sampled,1,1,12
urn:lsid:dyntaxa.se:Taxon:215383,Scoparia conicella,species,NT,Crambidae,Lepidoptera,Threatened - Poorly Sampled,1,1,46
urn:lsid:dyntaxa.se:Taxon:215655,Scopula decorata,species,NT,Geometridae,Lepidoptera,Threatened - Poorly Sampled,1,1,558
urn:lsid:dyntaxa.se:Taxon:215656,Scopula rubiginata,species,NT,Geometridae,Lepidoptera,Threatened - Poorly Sampled,1,1,1142
urn:lsid:dyntaxa.se:Taxon:220299,Scorzonera humilis,species,NT,Asteraceae,Asterales,Threatened - Poorly Sampled,1,1,39846
urn:lsid:dyntaxa.se:Taxon:214730,Scrobipalpula diffluella,species,NT,Gelechiidae,Lepidoptera,Threatened - Poorly Sampled,1,1,11
urn:lsid:dyntaxa.se:Taxon:101758,Scymnus silesiacus,species,NT,Coccinellidae,Coleoptera,Threatened - Poorly Sampled,1,1,45
urn:lsid:dyntaxa.se:Taxon:955,Scytinium palmatum,species,NT,Collemataceae,Peltigerales,Threatened - Poorly Sampled,1,1,301
urn:lsid:dyntaxa.se:Taxon:1474,Scytinostroma galactinum,species,NT,Peniophoraceae,Russulales,Threatened - Not in GBIF,,,
urn:lsid:dyntaxa.se:Taxon:5994,Scytinostroma praestans,species,NT,Peniophoraceae,Russulales,Threatened - Poorly Sampled,1,1,15
urn:lsid:dyntaxa.se:Taxon:101763,Sedina buettneri,species,NT,Noctuidae,Lepidoptera,Threatened - Poorly Sampled,1,1,67
urn:lsid:dyntaxa.se:Taxon:1477,Sedum anglicum,species,NT,Crassulaceae,Saxifragales,Threatened - Poorly Sampled,1,1,803
urn:lsid:dyntaxa.se:Taxon:1478,Sedum villosum,species,NT,Crassulaceae,Saxifragales,Threatened - Poorly Sampled,1,1,143
urn:lsid:dyntaxa.se:Taxon:214984,Selenodes karelica,species,NT,Tortricidae,Lepidoptera,Threatened - Poorly Sampled,1,1,51
urn:lsid:dyntaxa.se:Taxon:215597,Selidosema brunnearia,species,NT,Geometridae,Lepidoptera,Threatened - Poorly Sampled,1,1,859
urn:lsid:dyntaxa.se:Taxon:1479,Seligeria acutifolia,species,NT,Seligeriaceae,Grimmiales,Threatened - Poorly Sampled,1,1,91
urn:lsid:dyntaxa.se:Taxon:219716,Selinum carvifolia,species,NT,Apiaceae,Apiales,Threatened - Poorly Sampled,1,1,3870
urn:lsid:dyntaxa.se:Taxon:101768,Semblis phalaenoides,species,NT,Phryganeidae,Trichoptera,Threatened - Poorly Sampled,1,1,153
urn:lsid:dyntaxa.se:Taxon:101769,Senta flammea,species,NT,Noctuidae,Lepidoptera,Threatened - Poorly Sampled,1,1,76
urn:lsid:dyntaxa.se:Taxon:2745,Serpoleskea confervoides,species,NT,Amblystegiaceae,Hypnales,Threatened - Poorly Sampled,1,1,51
urn:lsid:dyntaxa.se:Taxon:220320,Serratula tinctoria,species,NT,Asteraceae,Asterales,Threatened - Poorly Sampled,1,1,7577
urn:lsid:dyntaxa.se:Taxon:219719,Seseli libanotis,species,NT,Apiaceae,Apiales,Threatened - Poorly Sampled,1,1,2432
urn:lsid:dyntaxa.se:Taxon:1936,Setaria viridis,species,NT,Poaceae,Poales,Threatened - Poorly Sampled,1,1,4492
urn:lsid:dyntaxa.se:Taxon:100886,Setema cereola,species,NT,Erebidae,Lepidoptera,Threatened - Not in GBIF,,,
urn:lsid:dyntaxa.se:Taxon:101774,Setina irrorella,species,NT,Erebidae,Lepidoptera,Threatened - Poorly Sampled,1,1,1041
urn:lsid:dyntaxa.se:Taxon:101775,Sibinia phalerata,species,NT,Curculionidae,Coleoptera,Threatened - Poorly Sampled,1,1,55
urn:lsid:dyntaxa.se:Taxon:106366,Sibinia pyrrhodactyla,species,NT,Curculionidae,Coleoptera,Threatened - Poorly Sampled,1,1,169
urn:lsid:dyntaxa.se:Taxon:101776,Sibinia signata,species,NT,Curculionidae,Coleoptera,Threatened - Not in GBIF,,,
urn:lsid:dyntaxa.se:Taxon:101779,Sigara fallenoidea,species,NT,Corixidae,Hemiptera,Threatened - Poorly Sampled,1,1,13
urn:lsid:dyntaxa.se:Taxon:100333,Sigorus porcus,species,NT,Scarabaeidae,Coleoptera,Threatened - Poorly Sampled,1,1,95
urn:lsid:dyntaxa.se:Taxon:231011,Silene involucrata,species,NT,Caryophyllaceae,Caryophyllales,Threatened - Poorly Sampled,1,1,319
urn:lsid:dyntaxa.se:Taxon:100131,Silurus glanis,species,NT,Siluridae,Siluriformes,Threatened - Poorly Sampled,1,1,2407
urn:lsid:dyntaxa.se:Taxon:101783,Silvanus bidentatus,species,NT,Silvanidae,Coleoptera,Threatened - Not in GBIF,,,
urn:lsid:dyntaxa.se:Taxon:102572,Singa nitidula,species,NT,Araneidae,Araneae,Threatened - Poorly Sampled,1,1,15
urn:lsid:dyntaxa.se:Taxon:101785,Siphlonurus armatus,species,NT,Siphlonuridae,Ephemeroptera,Threatened - Poorly Sampled,1,1,101
urn:lsid:dyntaxa.se:Taxon:6020,Sistotrema raduloides,species,NT,Hydnaceae,Cantharellales,Threatened - Poorly Sampled,1,1,268
urn:lsid:dyntaxa.se:Taxon:101786,Sisyra dalii,species,NT,Sisyridae,Neuroptera,Threatened - Poorly Sampled,1,1,18
urn:lsid:dyntaxa.se:Taxon:2064,Skeletocutis kuehneri,species,NT,Incrustoporiaceae,Polyporales,Threatened - Poorly Sampled,1,1,186
urn:lsid:dyntaxa.se:Taxon:217922,Skeneopsis planorbis,species,NT,Skeneopsidae,Littorinimorpha,Threatened - Poorly Sampled,1,1,10
urn:lsid:dyntaxa.se:Taxon:102601,Somatochlora sahlbergi,species,NT,Corduliidae,Odonata,Threatened - Poorly Sampled,1,1,36
urn:lsid:dyntaxa.se:Taxon:234852,Sonronius anderi,species,NT,Cicadellidae,Hemiptera,Threatened - Poorly Sampled,1,1,1
urn:lsid:dyntaxa.se:Taxon:214757,Sophronia humerella,species,NT,Gelechiidae,Lepidoptera,Threatened - Poorly Sampled,1,1,242
urn:lsid:dyntaxa.se:Taxon:1510,Sowerbyella imperialis,species,NT,Pyronemataceae,Pezizales,Threatened - Poorly Sampled,1,1,248
urn:lsid:dyntaxa.se:Taxon:217724,Spatangus purpureus,species,NT,Spatangidae,Spatangoida,Threatened - Poorly Sampled,1,1,82
urn:lsid:dyntaxa.se:Taxon:102106,Spatula clypeata,species,NT,Anatidae,Anseriformes,Threatened - Poorly Sampled,1,1,415042
urn:lsid:dyntaxa.se:Taxon:102106,Spatula clypeata,species,NT,Anatidae,Anseriformes,Threatened - Poorly Sampled,1,1,14
urn:lsid:dyntaxa.se:Taxon:224063,Spergula arvensis subsp. arvensis,subspecies,NT,Caryophyllaceae,Caryophyllales,Threatened - Poorly Sampled,1,1,15044
urn:lsid:dyntaxa.se:Taxon:101800,Spermodea lamellata,species,NT,Valloniidae,Stylommatophora,Threatened - Poorly Sampled,1,1,678
urn:lsid:dyntaxa.se:Taxon:101803,Sphaeriestes stockmanni,species,NT,Salpingidae,Coleoptera,Threatened - Poorly Sampled,1,1,152
urn:lsid:dyntaxa.se:Taxon:102308,Sphaerius acaroides,species,NT,Sphaeriusidae,Coleoptera,Threatened - Poorly Sampled,1,1,25
urn:lsid:dyntaxa.se:Taxon:232583,Sphaerococcus coronopifolius,species,NT,Sphaerococcaceae,Gigartinales,Threatened - Poorly Sampled,1,1,6
urn:lsid:dyntaxa.se:Taxon:1512,Sphagnum angermanicum,species,NT,Sphagnaceae,Sphagnales,Threatened - Poorly Sampled,1,1,132
urn:lsid:dyntaxa.se:Taxon:248781,Sphecodes longulus,species,NT,Halictidae,Hymenoptera,Threatened - Poorly Sampled,1,1,21
urn:lsid:dyntaxa.se:Taxon:246518,Spisula solida,species,NT,Mactridae,Veneroida,Threatened - Poorly Sampled,1,1,16
urn:lsid:dyntaxa.se:Taxon:1517,Splachnum melanocaulon,species,NT,Splachnaceae,Splachnales,Threatened - Poorly Sampled,1,1,33
urn:lsid:dyntaxa.se:Taxon:260258,Splanchnonema foedans,species,NT,Pleomassariaceae,Pleosporales,Threatened - Poorly Sampled,1,1,38
urn:lsid:dyntaxa.se:Taxon:1519,Spongipellis spumeus,species,NT,"Polyporales, genera incertae sedis",Polyporales,Threatened - Not in GBIF,,,
urn:lsid:dyntaxa.se:Taxon:106198,Squamapion atomarium,species,NT,Apionidae,Coleoptera,Threatened - Poorly Sampled,1,1,231
urn:lsid:dyntaxa.se:Taxon:100347,Squamapion cineraceum,species,NT,Apionidae,Coleoptera,Threatened - Poorly Sampled,1,1,25
urn:lsid:dyntaxa.se:Taxon:100351,Squamapion flavimanum,species,NT,Apionidae,Coleoptera,Threatened - Poorly Sampled,1,1,14
urn:lsid:dyntaxa.se:Taxon:100360,Squamapion origani,species,NT,Apionidae,Coleoptera,Threatened - Poorly Sampled,1,1,64
urn:lsid:dyntaxa.se:Taxon:102183,Squamapion vicinum,species,NT,Apionidae,Coleoptera,Threatened - Poorly Sampled,1,1,358
urn:lsid:dyntaxa.se:Taxon:101816,Stagetus borealis,species,NT,Ptinidae,Coleoptera,Threatened - Poorly Sampled,1,1,131
urn:lsid:dyntaxa.se:Taxon:2025,Steccherinum lacerum,species,NT,Steccherinaceae,Polyporales,Threatened - Poorly Sampled,1,1,133
urn:lsid:dyntaxa.se:Taxon:101825,Stenichnus pusillus,species,NT,Staphylinidae,Coleoptera,Threatened - Poorly Sampled,1,1,29
urn:lsid:dyntaxa.se:Taxon:101827,Stenodynerus bluethgeni,species,NT,Vespidae,Hymenoptera,Threatened - Not in GBIF,,,
urn:lsid:dyntaxa.se:Taxon:215271,Stenoptilia veronicae,species,NT,Pterophoridae,Lepidoptera,Threatened - Poorly Sampled,1,1,103
urn:lsid:dyntaxa.se:Taxon:217905,Stenosemus albus,species,NT,Ischnochitonidae,Chitonida,Threatened - Poorly Sampled,1,1,69
urn:lsid:dyntaxa.se:Taxon:105819,Stenotrachelus aeneus,species,NT,Stenotrachelidae,Coleoptera,Threatened - Poorly Sampled,1,1,9
urn:lsid:dyntaxa.se:Taxon:105819,Stenotrachelus aeneus,species,NT,Stenotrachelidae,Coleoptera,Threatened - Poorly Sampled,1,1,111
urn:lsid:dyntaxa.se:Taxon:101837,Stenus excubitor,species,NT,Staphylinidae,Coleoptera,Threatened - Poorly Sampled,1,1,46
urn:lsid:dyntaxa.se:Taxon:101840,Stenus glabellus,species,NT,Staphylinidae,Coleoptera,Threatened - Poorly Sampled,1,1,18
urn:lsid:dyntaxa.se:Taxon:101842,Stenus longitarsis,species,NT,Staphylinidae,Coleoptera,Threatened - Poorly Sampled,1,1,48
urn:lsid:dyntaxa.se:Taxon:101846,Stenus providus,species,NT,Staphylinidae,Coleoptera,Threatened - Poorly Sampled,1,1,68
urn:lsid:dyntaxa.se:Taxon:101848,Stenus sylvester,species,NT,Staphylinidae,Coleoptera,Threatened - Poorly Sampled,1,1,20
urn:lsid:dyntaxa.se:Taxon:101849,Stephanopachys linearis,species,NT,Bostrichidae,Coleoptera,Threatened - Poorly Sampled,1,1,616
urn:lsid:dyntaxa.se:Taxon:102504,Stephensia brunnichella,species,NT,Elachistidae,Lepidoptera,Threatened - Poorly Sampled,1,1,4
urn:lsid:dyntaxa.se:Taxon:100132,Stercorarius parasiticus,species,NT,Stercorariidae,Charadriiformes,Threatened - Poorly Sampled,1,1,90686
urn:lsid:dyntaxa.se:Taxon:101852,Stereocorynes truncorum,species,NT,Curculionidae,Coleoptera,Threatened - Poorly Sampled,1,1,213
urn:lsid:dyntaxa.se:Taxon:100133,Sternula albifrons,species,NT,Laridae,Charadriiformes,Threatened - Poorly Sampled,1,1,89104
urn:lsid:dyntaxa.se:Taxon:213853,Stigmella dorsiguttella,species,NT,Nepticulidae,Lepidoptera,Threatened - Poorly Sampled,1,1,92
urn:lsid:dyntaxa.se:Taxon:213836,Stigmella lemniscella,species,NT,Nepticulidae,Lepidoptera,Threatened - Poorly Sampled,1,1,226
urn:lsid:dyntaxa.se:Taxon:102505,Stigmella lonicerarum,species,NT,Nepticulidae,Lepidoptera,Threatened - Poorly Sampled,1,1,23
urn:lsid:dyntaxa.se:Taxon:213814,Stigmella ulmivora,species,NT,Nepticulidae,Lepidoptera,Threatened - Poorly Sampled,1,1,455
urn:lsid:dyntaxa.se:Taxon:101859,Strangalia attenuata,species,NT,Cerambycidae,Coleoptera,Threatened - Poorly Sampled,1,1,800
urn:lsid:dyntaxa.se:Taxon:102086,Stratiomys chamaeleon,species,NT,Stratiomyidae,Diptera,Threatened - Poorly Sampled,1,1,174
urn:lsid:dyntaxa.se:Taxon:100137,Strix uralensis,species,NT,Strigidae,Strigiformes,Threatened - Poorly Sampled,1,1,18354
urn:lsid:dyntaxa.se:Taxon:102345,Strophosoma fulvicorne,species,NT,Curculionidae,Coleoptera,Threatened - Poorly Sampled,1,1,62
urn:lsid:dyntaxa.se:Taxon:1905,Stuckenia vaginata,species,NT,Potamogetonaceae,Alismatales,Threatened - Poorly Sampled,1,1,381
urn:lsid:dyntaxa.se:Taxon:220966,Suaeda maritima,species,NT,Amaranthaceae,Caryophyllales,Threatened - Poorly Sampled,1,1,1669
urn:lsid:dyntaxa.se:Taxon:103008,Sylvia curruca,species,NT,Sylviidae,Passeriformes,Threatened - Poorly Sampled,1,1,422110
urn:lsid:dyntaxa.se:Taxon:250143,Symmerus nobilis,species,NT,Ditomyiidae,Diptera,Threatened - Poorly Sampled,1,1,18
urn:lsid:dyntaxa.se:Taxon:101867,Symmorphus murarius,species,NT,Vespidae,Hymenoptera,Threatened - Poorly Sampled,1,1,161
urn:lsid:dyntaxa.se:Taxon:214809,Synanthedon andrenaeformis,species,NT,Sesiidae,Lepidoptera,Threatened - Poorly Sampled,1,1,172
urn:lsid:dyntaxa.se:Taxon:101870,Synanthedon flaviventris,species,NT,Sesiidae,Lepidoptera,Threatened - Poorly Sampled,1,1,142
urn:lsid:dyntaxa.se:Taxon:101871,Synanthedon vespiformis,species,NT,Sesiidae,Lepidoptera,Threatened - Poorly Sampled,1,1,336
urn:lsid:dyntaxa.se:Taxon:100650,Synchita variegata,species,NT,Zopheridae,Coleoptera,Threatened - Poorly Sampled,1,1,223
urn:lsid:dyntaxa.se:Taxon:1573,Syntrichia princeps,species,NT,Pottiaceae,Pottiales,Threatened - Poorly Sampled,1,1,38
urn:lsid:dyntaxa.se:Taxon:101876,Systenus leucurus,species,NT,Dolichopodidae,Diptera,Threatened - Poorly Sampled,1,1,78
urn:lsid:dyntaxa.se:Taxon:254019,Syzeuctus fuscator,species,NT,Ichneumonidae,Hymenoptera,Threatened - Poorly Sampled,1,1,3
urn:lsid:dyntaxa.se:Taxon:101880,Tachinus elegans,species,NT,Staphylinidae,Coleoptera,Threatened - Poorly Sampled,1,1,21
urn:lsid:dyntaxa.se:Taxon:102104,Tachybaptus ruficollis,species,NT,Podicipedidae,Podicipediformes,Threatened - Poorly Sampled,1,1,231880
urn:lsid:dyntaxa.se:Taxon:104574,Tachyporus formosus,species,NT,Staphylinidae,Coleoptera,Threatened - Poorly Sampled,1,1,30
urn:lsid:dyntaxa.se:Taxon:102655,Tachysphex fulvitarsis,species,NT,Crabronidae,Hymenoptera,Threatened - Poorly Sampled,1,1,18
urn:lsid:dyntaxa.se:Taxon:240235,Tachytrechus consobrinus,species,NT,Dolichopodidae,Diptera,Threatened - Poorly Sampled,1,1,34
urn:lsid:dyntaxa.se:Taxon:240240,Tachytrechus ripicola,species,NT,Dolichopodidae,Diptera,Threatened - Poorly Sampled,1,1,7
urn:lsid:dyntaxa.se:Taxon:102930,Tadorna tadorna,species,NT,Anatidae,Anseriformes,Threatened - Poorly Sampled,1,1,331925
urn:lsid:dyntaxa.se:Taxon:101882,Tanymastix stagnalis,species,NT,Branchiopodidae,Anostraca,Threatened - Poorly Sampled,1,1,84
urn:lsid:dyntaxa.se:Taxon:100368,Taphrotopium sulcifrons,species,NT,Apionidae,Coleoptera,Threatened - Poorly Sampled,1,1,206
urn:lsid:dyntaxa.se:Taxon:1545,Taraxacum crocodes,species,NT,Asteraceae,Asterales,Threatened - Poorly Sampled,1,1,1951
urn:lsid:dyntaxa.se:Taxon:1753,Taraxacum egregium,species,NT,Asteraceae,Asterales,Threatened - Poorly Sampled,1,1,176
urn:lsid:dyntaxa.se:Taxon:1757,Taraxacum litorale,species,NT,Asteraceae,Asterales,Threatened - Poorly Sampled,1,1,1355
urn:lsid:dyntaxa.se:Taxon:1953,Taraxacum tornense,species,NT,Asteraceae,Asterales,Threatened - Poorly Sampled,1,1,108
urn:lsid:dyntaxa.se:Taxon:101431,Tasgius globulifer,species,NT,Staphylinidae,Coleoptera,Threatened - Poorly Sampled,1,1,46
urn:lsid:dyntaxa.se:Taxon:101434,Tasgius winkleri,species,NT,Staphylinidae,Coleoptera,Threatened - Poorly Sampled,1,1,81
urn:lsid:dyntaxa.se:Taxon:1550,Tayloria tenuis,species,NT,Splachnaceae,Splachnales,Threatened - Poorly Sampled,1,1,252
urn:lsid:dyntaxa.se:Taxon:102506,Tebenna bjerkandrella,species,NT,Choreutidae,Lepidoptera,Threatened - Poorly Sampled,1,1,94
urn:lsid:dyntaxa.se:Taxon:245028,Tectella patellaris,species,NT,Mycenaceae,Agaricales,Threatened - Poorly Sampled,1,1,20
urn:lsid:dyntaxa.se:Taxon:214416,Telechrysis tripuncta,species,NT,Depressariidae,Lepidoptera,Threatened - Not in GBIF,,,
urn:lsid:dyntaxa.se:Taxon:214662,Teleiodes sequax,species,NT,Gelechiidae,Lepidoptera,Threatened - Not in GBIF,,,
urn:lsid:dyntaxa.se:Taxon:234641,Temnostoma carens,species,NT,Syrphidae,Diptera,Threatened - Poorly Sampled,1,1,9
urn:lsid:dyntaxa.se:Taxon:102552,Temnostoma meridionale,species,NT,Syrphidae,Diptera,Threatened - Poorly Sampled,1,1,97
urn:lsid:dyntaxa.se:Taxon:234642,Temnostoma sericomyiaeforme,species,NT,Syrphidae,Diptera,Threatened - Poorly Sampled,1,1,34
urn:lsid:dyntaxa.se:Taxon:101195,Temnothorax affinis,species,NT,Formicidae,Hymenoptera,Threatened - Not in GBIF,,,
urn:lsid:dyntaxa.se:Taxon:6005222,Temnothorax crassispinus,species,NT,Formicidae,Hymenoptera,Threatened - Poorly Sampled,1,1,7
urn:lsid:dyntaxa.se:Taxon:102901,Temnothorax interruptus,species,NT,Formicidae,Hymenoptera,Threatened - Not in GBIF,,,
urn:lsid:dyntaxa.se:Taxon:241150,Terellia plagiata,species,NT,Tephritidae,Diptera,Threatened - Poorly Sampled,1,1,48
urn:lsid:dyntaxa.se:Taxon:101511,Tetralaucopora crebrepunctata,species,NT,Staphylinidae,Coleoptera,Threatened - Not in GBIF,,,
urn:lsid:dyntaxa.se:Taxon:102612,Tetrastes bonasia,species,NT,Phasianidae,Galliformes,Threatened - Poorly Sampled,1,1,63938
urn:lsid:dyntaxa.se:Taxon:100135,Thalasseus sandvicensis,species,NT,Laridae,Charadriiformes,Threatened - Poorly Sampled,1,1,141370
urn:lsid:dyntaxa.se:Taxon:222929,Thalictrum simplex,species,NT,Ranunculaceae,Ranunculales,Threatened - Poorly Sampled,1,1,5230
urn:lsid:dyntaxa.se:Taxon:224938,Thalictrum simplex subsp. simplex,subspecies,NT,Ranunculaceae,Ranunculales,Threatened - Poorly Sampled,1,1,5230
urn:lsid:dyntaxa.se:Taxon:101893,Thamiaraea hospita,species,NT,Staphylinidae,Coleoptera,Threatened - Poorly Sampled,1,1,38
urn:lsid:dyntaxa.se:Taxon:104032,Thanatophilus dispar,species,NT,Silphidae,Coleoptera,Threatened - Poorly Sampled,1,1,121
urn:lsid:dyntaxa.se:Taxon:102091,Thereva microcephala,species,NT,Therevidae,Diptera,Threatened - Poorly Sampled,1,1,28
urn:lsid:dyntaxa.se:Taxon:218609,Theridion familiare,species,NT,Theridiidae,Araneae,Threatened - Poorly Sampled,1,1,10
urn:lsid:dyntaxa.se:Taxon:255974,Theronia atalantae,species,NT,Ichneumonidae,Hymenoptera,Threatened - Poorly Sampled,1,1,22
urn:lsid:dyntaxa.se:Taxon:1560,Thesium alpinum,species,NT,Santalaceae,Santalales,Threatened - Poorly Sampled,1,1,3787
urn:lsid:dyntaxa.se:Taxon:101903,Thiasophila inquilina,species,NT,Staphylinidae,Coleoptera,Threatened - Poorly Sampled,1,1,18
urn:lsid:dyntaxa.se:Taxon:101899,Thinobius brevipennis,species,NT,Staphylinidae,Coleoptera,Threatened - Poorly Sampled,1,1,37
urn:lsid:dyntaxa.se:Taxon:1561,Tholurna dissimilis,species,NT,Caliciaceae,Caliciales,Threatened - Poorly Sampled,1,1,489
urn:lsid:dyntaxa.se:Taxon:101902,Thomisus onustus,species,NT,Thomisidae,Araneae,Threatened - Poorly Sampled,1,1,173
urn:lsid:dyntaxa.se:Taxon:221849,Thymus serpyllum,species,NT,Lamiaceae,Lamiales,Threatened - Poorly Sampled,1,1,27812
urn:lsid:dyntaxa.se:Taxon:221849,Thymus serpyllum,species,NT,Lamiaceae,Lamiales,Threatened - Poorly Sampled,1,1,2
urn:lsid:dyntaxa.se:Taxon:2422,Timmia comata,species,NT,Timmiaceae,Timmiales,Threatened - Poorly Sampled,1,1,39
urn:lsid:dyntaxa.se:Taxon:214016,Tinagma dryadis,species,NT,Douglasiidae,Lepidoptera,Threatened - Poorly Sampled,1,1,7
urn:lsid:dyntaxa.se:Taxon:102057,Tipula flavolineata,species,NT,Tipulidae,Diptera,Threatened - Poorly Sampled,1,1,84
urn:lsid:dyntaxa.se:Taxon:102051,Tipula kaisilai,species,NT,Tipulidae,Diptera,Threatened - Poorly Sampled,1,1,1
urn:lsid:dyntaxa.se:Taxon:102059,Tipula obscuriventris,species,NT,Tipulidae,Diptera,Threatened - Poorly Sampled,1,1,5
urn:lsid:dyntaxa.se:Taxon:102049,Tipula siebkei,species,NT,Tipulidae,Diptera,Threatened - Poorly Sampled,1,1,25
urn:lsid:dyntaxa.se:Taxon:1730,Tolypella canadensis,species,NT,Characeae,Charales,Threatened - Poorly Sampled,1,1,113
urn:lsid:dyntaxa.se:Taxon:101911,Tomoglossa luteicornis,species,NT,Staphylinidae,Coleoptera,Threatened - Poorly Sampled,1,1,22
urn:lsid:dyntaxa.se:Taxon:101912,Trachelipus ratzeburgi,species,NT,Trachelipodidae,Isopoda,Threatened - Not in GBIF,,,
urn:lsid:dyntaxa.se:Taxon:101914,Trachyphloeus alternans,species,NT,Curculionidae,Coleoptera,Threatened - Poorly Sampled,1,1,65
urn:lsid:dyntaxa.se:Taxon:101915,Trachyphloeus digitalis,species,NT,Curculionidae,Coleoptera,Threatened - Poorly Sampled,1,1,78
urn:lsid:dyntaxa.se:Taxon:101916,Trachyphloeus heymesi,species,NT,Curculionidae,Coleoptera,Threatened - Poorly Sampled,1,1,127
urn:lsid:dyntaxa.se:Taxon:101917,Trachyphloeus spinimanus,species,NT,Curculionidae,Coleoptera,Threatened - Poorly Sampled,1,1,127
urn:lsid:dyntaxa.se:Taxon:105223,Trachys troglodytes,species,NT,Buprestidae,Coleoptera,Threatened - Poorly Sampled,1,1,65
urn:lsid:dyntaxa.se:Taxon:1583,Trechispora candidissima,species,NT,Hydnodontaceae,Trechisporales,Threatened - Poorly Sampled,1,1,57
urn:lsid:dyntaxa.se:Taxon:1586,Tremellodendropsis tuberosa,species,NT,Tremellodendropsidaceae,Tremellodendropsidales,Threatened - Poorly Sampled,1,1,193
urn:lsid:dyntaxa.se:Taxon:1588,Trichaptum laricinum,species,NT,"Hymenochaetales, genera incertae sedis",Hymenochaetales,Threatened - Poorly Sampled,1,1,4639
urn:lsid:dyntaxa.se:Taxon:5589,Trichoderma nybergianum,species,NT,Hypocreaceae,Hypocreales,Threatened - Poorly Sampled,1,1,198
urn:lsid:dyntaxa.se:Taxon:205306,Tricholoma sejunctum s. str.,species,NT,Tricholomataceae,Agaricales,Threatened - Poorly Sampled,1,1,306
urn:lsid:dyntaxa.se:Taxon:1601,Tricholoma ustaloides,species,NT,Tricholomataceae,Agaricales,Threatened - Poorly Sampled,1,1,338
urn:lsid:dyntaxa.se:Taxon:101923,Trichoniscoides saeroeensis,species,NT,Trichoniscidae,Isopoda,Threatened - Poorly Sampled,1,1,5
urn:lsid:dyntaxa.se:Taxon:102508,Trichophaga scandinaviella,species,NT,Tineidae,Lepidoptera,Threatened - Poorly Sampled,1,1,109
urn:lsid:dyntaxa.se:Taxon:101925,Trichopteryx polycommata,species,NT,Geometridae,Lepidoptera,Threatened - Poorly Sampled,1,1,208
urn:lsid:dyntaxa.se:Taxon:101926,Trichosirocalus thalhammeri,species,NT,Curculionidae,Coleoptera,Threatened - Not in GBIF,,,
urn:lsid:dyntaxa.se:Taxon:221317,Trifolium aureum,species,NT,Fabaceae,Fabales,Threatened - Poorly Sampled,1,1,7667
urn:lsid:dyntaxa.se:Taxon:221333,Trifolium montanum,species,NT,Fabaceae,Fabales,Threatened - Poorly Sampled,1,1,6786
urn:lsid:dyntaxa.se:Taxon:221343,Trifolium spadiceum,species,NT,Fabaceae,Fabales,Threatened - Poorly Sampled,1,1,4466
urn:lsid:dyntaxa.se:Taxon:213860,Trifurcula cryptella,species,NT,Nepticulidae,Lepidoptera,Threatened - Poorly Sampled,1,1,12
urn:lsid:dyntaxa.se:Taxon:102511,Trifurcula headleyella,species,NT,Nepticulidae,Lepidoptera,Threatened - Not in GBIF,,,
urn:lsid:dyntaxa.se:Taxon:102512,Trifurcula immundella,species,NT,Nepticulidae,Lepidoptera,Threatened - Poorly Sampled,1,1,45
urn:lsid:dyntaxa.se:Taxon:102513,Trifurcula subnitidella,species,NT,Nepticulidae,Lepidoptera,Threatened - Poorly Sampled,1,1,22
urn:lsid:dyntaxa.se:Taxon:102957,Tringa erythropus,species,NT,Scolopacidae,Charadriiformes,Threatened - Poorly Sampled,1,1,233933
urn:lsid:dyntaxa.se:Taxon:101929,Trinodes hirtus,species,NT,Dermestidae,Coleoptera,Threatened - Poorly Sampled,1,1,93
urn:lsid:dyntaxa.se:Taxon:101930,Triops cancriformis,species,NT,Triopsidae,Notostraca,Threatened - Poorly Sampled,1,1,181
urn:lsid:dyntaxa.se:Taxon:215766,Triphosa dubitata,species,NT,Geometridae,Lepidoptera,Threatened - Poorly Sampled,1,1,1412
urn:lsid:dyntaxa.se:Taxon:102354,Triplax rufipes,species,NT,Erotylidae,Coleoptera,Threatened - Poorly Sampled,1,1,377
urn:lsid:dyntaxa.se:Taxon:1605,Trisetum subalpestre,species,NT,Poaceae,Poales,Threatened - Not in GBIF,,,
urn:lsid:dyntaxa.se:Taxon:101932,Trogulus tricarinatus,species,NT,Trogulidae,Opiliones,Threatened - Poorly Sampled,1,1,9
urn:lsid:dyntaxa.se:Taxon:255946,Tromatobia variabilis,species,NT,Ichneumonidae,Hymenoptera,Threatened - Poorly Sampled,1,1,3
urn:lsid:dyntaxa.se:Taxon:102246,Trypocopris vernalis,species,NT,Geotrupidae,Coleoptera,Threatened - Poorly Sampled,1,1,533
urn:lsid:dyntaxa.se:Taxon:101937,Trypophloeus asperatus,species,NT,Curculionidae,Coleoptera,Threatened - Not in GBIF,,,
urn:lsid:dyntaxa.se:Taxon:101938,Trypophloeus palmi,species,NT,Curculionidae,Coleoptera,Threatened - Not in GBIF,,,
urn:lsid:dyntaxa.se:Taxon:232584,Tsengia bairdii,species,NT,Tsengiaceae,Halymeniales,Threatened - Poorly Sampled,1,1,1
urn:lsid:dyntaxa.se:Taxon:6320,Tubulicrinis effugiens,species,NT,Hymenochaetaceae,Hymenochaetales,Threatened - Poorly Sampled,1,1,12
urn:lsid:dyntaxa.se:Taxon:6324,Tubulicrinis hirtellus,species,NT,Hymenochaetaceae,Hymenochaetales,Threatened - Poorly Sampled,1,1,18
urn:lsid:dyntaxa.se:Taxon:6325,Tubulicrinis inornatus,species,NT,Hymenochaetaceae,Hymenochaetales,Threatened - Poorly Sampled,1,1,14
urn:lsid:dyntaxa.se:Taxon:1612,Tulostoma brumale,species,NT,Agaricaceae,Agaricales,Threatened - Poorly Sampled,1,1,2198
urn:lsid:dyntaxa.se:Taxon:1616,Tulostoma niveum,species,NT,Agaricaceae,Agaricales,Threatened - Poorly Sampled,1,1,450
urn:lsid:dyntaxa.se:Taxon:103001,Turdus iliacus,species,NT,Turdidae,Passeriformes,Threatened - Poorly Sampled,1,1,468446
urn:lsid:dyntaxa.se:Taxon:102999,Turdus pilaris,species,NT,Turdidae,Passeriformes,Threatened - Poorly Sampled,1,1,836044
urn:lsid:dyntaxa.se:Taxon:101940,Tychius junceus,species,NT,Curculionidae,Coleoptera,Threatened - Poorly Sampled,1,1,166
urn:lsid:dyntaxa.se:Taxon:101941,Tychius lineatulus,species,NT,Curculionidae,Coleoptera,Threatened - Poorly Sampled,1,1,44
urn:lsid:dyntaxa.se:Taxon:101944,Tychius polylineatus,species,NT,Curculionidae,Coleoptera,Threatened - Poorly Sampled,1,1,89
urn:lsid:dyntaxa.se:Taxon:215920,Tyta luctuosa,species,NT,Noctuidae,Lepidoptera,Threatened - Poorly Sampled,1,1,1347
urn:lsid:dyntaxa.se:Taxon:215467,Udea olivalis,species,NT,Crambidae,Lepidoptera,Threatened - Poorly Sampled,1,1,453
urn:lsid:dyntaxa.se:Taxon:101950,Uloma culinaris,species,NT,Tenebrionidae,Coleoptera,Threatened - Poorly Sampled,1,1,550
urn:lsid:dyntaxa.se:Taxon:105845,Uloma rufa,species,NT,Tenebrionidae,Coleoptera,Threatened - Poorly Sampled,1,1,341
urn:lsid:dyntaxa.se:Taxon:106663,Unio pictorum,species,NT,Unionidae,Unionoida,Threatened - Poorly Sampled,1,1,768
urn:lsid:dyntaxa.se:Taxon:100145,Ursus arctos,species,NT,Ursidae,Carnivora,Threatened - Poorly Sampled,1,1,8898
urn:lsid:dyntaxa.se:Taxon:223253,Urtica urens,species,NT,Urticaceae,Rosales,Threatened - Poorly Sampled,1,1,5001
urn:lsid:dyntaxa.se:Taxon:249413,Urytalpa atriceps,species,NT,Keroplatidae,Diptera,Threatened - Not in GBIF,,,
urn:lsid:dyntaxa.se:Taxon:101956,Valvata macrostoma,species,NT,Valvatidae,"",Threatened - Poorly Sampled,1,1,64
urn:lsid:dyntaxa.se:Taxon:101958,Valvata sibirica,species,NT,Valvatidae,"",Threatened - Poorly Sampled,1,1,25
urn:lsid:dyntaxa.se:Taxon:101961,Velia saulii,species,NT,Veliidae,Hemiptera,Threatened - Poorly Sampled,1,1,12
urn:lsid:dyntaxa.se:Taxon:1654,Veronica montana,species,NT,Plantaginaceae,Lamiales,Threatened - Poorly Sampled,1,1,1295
urn:lsid:dyntaxa.se:Taxon:221903,Veronica spicata,species,NT,Plantaginaceae,Lamiales,Threatened - Poorly Sampled,1,1,11413
urn:lsid:dyntaxa.se:Taxon:1656,Veronica triphyllos,species,NT,Plantaginaceae,Lamiales,Threatened - Poorly Sampled,1,1,2153
urn:lsid:dyntaxa.se:Taxon:1328,Verpa bohemica,species,NT,Morchellaceae,Pezizales,Threatened - Poorly Sampled,1,1,112
urn:lsid:dyntaxa.se:Taxon:101966,Vertigo genesii,species,NT,Vertiginidae,Stylommatophora,Threatened - Poorly Sampled,1,1,518
urn:lsid:dyntaxa.se:Taxon:101967,Vertigo geyeri,species,NT,Vertiginidae,Stylommatophora,Threatened - Poorly Sampled,1,1,1969
urn:lsid:dyntaxa.se:Taxon:236176,Villa halteralis,species,NT,Bombyliidae,Diptera,Threatened - Poorly Sampled,1,1,32
urn:lsid:dyntaxa.se:Taxon:101972,Villa paniscus,species,NT,Bombyliidae,Diptera,Threatened - Not in GBIF,,,
urn:lsid:dyntaxa.se:Taxon:206119,Vimba vimba,species,NT,Cyprinidae,Cypriniformes,Threatened - Poorly Sampled,1,1,2782
urn:lsid:dyntaxa.se:Taxon:222009,Viola rupestris,species,NT,Violaceae,Malpighiales,Threatened - Poorly Sampled,1,1,2710
urn:lsid:dyntaxa.se:Taxon:1664,Viola rupestris subsp. relicta,subspecies,NT,Violaceae,Malpighiales,Threatened - Poorly Sampled,1,1,2710
urn:lsid:dyntaxa.se:Taxon:224409,Viola rupestris subsp. rupestris,subspecies,NT,Violaceae,Malpighiales,Threatened - Poorly Sampled,1,1,2710
urn:lsid:dyntaxa.se:Taxon:1665,Viola selkirkii,species,NT,Violaceae,Malpighiales,Threatened - Poorly Sampled,1,1,1187
urn:lsid:dyntaxa.se:Taxon:1666,Viola uliginosa,species,NT,Violaceae,Malpighiales,Threatened - Poorly Sampled,1,1,2219
urn:lsid:dyntaxa.se:Taxon:224078,Viscaria alpina var. serpentinicola,variety,NT,Caryophyllaceae,Caryophyllales,Threatened - Poorly Sampled,1,1,3231
urn:lsid:dyntaxa.se:Taxon:224078,Viscaria alpina var. serpentinicola,variety,NT,Caryophyllaceae,Caryophyllales,Threatened - Poorly Sampled,1,1,66
urn:lsid:dyntaxa.se:Taxon:1670,Volvariella surrecta,species,NT,Pluteaceae,Agaricales,Threatened - Poorly Sampled,1,1,24
urn:lsid:dyntaxa.se:Taxon:218901,Walckenaeria incisa,species,NT,Linyphiidae,Araneae,Threatened - Poorly Sampled,1,1,4
urn:lsid:dyntaxa.se:Taxon:2231,Weissia longifolia,species,NT,Pottiaceae,Pottiales,Threatened - Poorly Sampled,1,1,187
urn:lsid:dyntaxa.se:Taxon:1648,Weissia rutilans,species,NT,Pottiaceae,Pottiales,Threatened - Poorly Sampled,1,1,24
urn:lsid:dyntaxa.se:Taxon:1649,Weissia squarrosa,species,NT,Pottiaceae,Pottiales,Threatened - Poorly Sampled,1,1,40
urn:lsid:dyntaxa.se:Taxon:101977,Xanthoperla apicalis,species,NT,Chloroperlidae,Plecoptera,Threatened - Poorly Sampled,1,1,56
urn:lsid:dyntaxa.se:Taxon:215698,Xanthorhoe annotinata,species,NT,Geometridae,Lepidoptera,Threatened - Poorly Sampled,1,1,284
urn:lsid:dyntaxa.se:Taxon:101978,Xanthorhoe biriviata,species,NT,Geometridae,Lepidoptera,Threatened - Poorly Sampled,1,1,349
urn:lsid:dyntaxa.se:Taxon:6409,Xenasma pruinosum,species,NT,Xenasmataceae,Russulales,Threatened - Poorly Sampled,1,1,18
urn:lsid:dyntaxa.se:Taxon:1676,Xenasma pulverulentum,species,NT,Xenasmataceae,Russulales,Threatened - Poorly Sampled,1,1,10
urn:lsid:dyntaxa.se:Taxon:5480,Xenasmatella subflavidogrisea,species,NT,Xenasmataceae,Russulales,Threatened - Poorly Sampled,1,1,15
urn:lsid:dyntaxa.se:Taxon:216255,Xestia alpicola,species,NT,Noctuidae,Lepidoptera,Threatened - Poorly Sampled,1,1,373
urn:lsid:dyntaxa.se:Taxon:216262,Xestia ashworthii,species,NT,Noctuidae,Lepidoptera,Threatened - Poorly Sampled,1,1,315
urn:lsid:dyntaxa.se:Taxon:216248,Xestia baltica,species,NT,Noctuidae,Lepidoptera,Threatened - Not in GBIF,,,
urn:lsid:dyntaxa.se:Taxon:216265,Xestia castanea,species,NT,Noctuidae,Lepidoptera,Threatened - Poorly Sampled,1,1,562
urn:lsid:dyntaxa.se:Taxon:216266,Xestia collina,species,NT,Noctuidae,Lepidoptera,Threatened - Poorly Sampled,1,1,26
urn:lsid:dyntaxa.se:Taxon:216247,Xestia lyngei,species,NT,Noctuidae,Lepidoptera,Threatened - Poorly Sampled,1,1,34
urn:lsid:dyntaxa.se:Taxon:236140,Xiphydria picta,species,NT,Xiphydriidae,Hymenoptera,Threatened - Poorly Sampled,1,1,14
urn:lsid:dyntaxa.se:Taxon:256295,Xorides depressus,species,NT,Ichneumonidae,Hymenoptera,Threatened - Poorly Sampled,1,1,26
urn:lsid:dyntaxa.se:Taxon:256300,Xorides indicatorius,species,NT,Ichneumonidae,Hymenoptera,Threatened - Poorly Sampled,1,1,7
urn:lsid:dyntaxa.se:Taxon:6009015,Xorides niger,species,NT,Ichneumonidae,Hymenoptera,Threatened - Not in GBIF,,,
urn:lsid:dyntaxa.se:Taxon:256291,Xorides rufipes,species,NT,Ichneumonidae,Hymenoptera,Threatened - Not in GBIF,,,
urn:lsid:dyntaxa.se:Taxon:101988,Xyleborus monographus,species,NT,Curculionidae,Coleoptera,Threatened - Poorly Sampled,1,1,145
urn:lsid:dyntaxa.se:Taxon:102358,Xyletinus ater,species,NT,Ptinidae,Coleoptera,Threatened - Poorly Sampled,1,1,218
urn:lsid:dyntaxa.se:Taxon:101991,Xyletinus longitarsis,species,NT,Ptinidae,Coleoptera,Threatened - Poorly Sampled,1,1,133
urn:lsid:dyntaxa.se:Taxon:101992,Xyletinus pectinatus,species,NT,Ptinidae,Coleoptera,Threatened - Poorly Sampled,1,1,49
urn:lsid:dyntaxa.se:Taxon:101994,Xyletinus tremulicola,species,NT,Ptinidae,Coleoptera,Threatened - Poorly Sampled,1,1,304
urn:lsid:dyntaxa.se:Taxon:2075,Xylobolus frustulatus,species,NT,Stereaceae,Russulales,Threatened - Poorly Sampled,1,1,2749
urn:lsid:dyntaxa.se:Taxon:851,Xylodon spathulatus,species,NT,Schizoporaceae,Hymenochaetales,Threatened - Not in GBIF,,,
urn:lsid:dyntaxa.se:Taxon:102001,Xylophagus kowarzi,species,NT,Xylophagidae,Diptera,Threatened - Not in GBIF,,,
urn:lsid:dyntaxa.se:Taxon:102003,Xylophilus corticalis,species,NT,Eucnemidae,Coleoptera,Threatened - Poorly Sampled,1,1,220
urn:lsid:dyntaxa.se:Taxon:102554,Xylota abiens,species,NT,Syrphidae,Diptera,Threatened - Poorly Sampled,1,1,50
urn:lsid:dyntaxa.se:Taxon:102555,Xylota suecica,species,NT,Syrphidae,Diptera,Threatened - Poorly Sampled,1,1,4
urn:lsid:dyntaxa.se:Taxon:200830,Xylota triangularis,species,NT,Syrphidae,Diptera,Threatened - Poorly Sampled,1,1,9
urn:lsid:dyntaxa.se:Taxon:102004,Xylotrechus antilope,species,NT,Cerambycidae,Coleoptera,Threatened - Poorly Sampled,1,1,588
urn:lsid:dyntaxa.se:Taxon:102006,Xysticus chippewa,species,NT,Thomisidae,Araneae,Threatened - Poorly Sampled,1,1,57
urn:lsid:dyntaxa.se:Taxon:214136,Zelleria hepariella,species,NT,Yponomeutidae,Lepidoptera,Threatened - Poorly Sampled,1,1,301
urn:lsid:dyntaxa.se:Taxon:219153,Zelotes puritanus,species,NT,Gnaphosidae,Araneae,Threatened - Not in GBIF,,,
urn:lsid:dyntaxa.se:Taxon:102016,Zilora ferruginea,species,NT,Melandryidae,Coleoptera,Threatened - Poorly Sampled,1,1,291
urn:lsid:dyntaxa.se:Taxon:219155,Zora armillata,species,NT,Miturgidae,Araneae,Threatened - Poorly Sampled,1,1,45
urn:lsid:dyntaxa.se:Taxon:102017,Zora parallela,species,NT,Miturgidae,Araneae,Threatened - Poorly Sampled,1,1,12
urn:lsid:dyntaxa.se:Taxon:201164,Zygaena filipendulae,species,NT,Zygaenidae,Lepidoptera,Threatened - Poorly Sampled,1,1,16931
urn:lsid:dyntaxa.se:Taxon:102018,Zygaena lonicerae,species,NT,Zygaenidae,Lepidoptera,Threatened - Poorly Sampled,1,1,9265
urn:lsid:dyntaxa.se:Taxon:102019,Zygaena minos,species,NT,Zygaenidae,Lepidoptera,Threatened - Poorly Sampled,1,1,3792
urn:lsid:dyntaxa.se:Taxon:102020,Zygaena osterodensis,species,NT,Zygaenidae,Lepidoptera,Threatened - Poorly Sampled,1,1,3094
urn:lsid:dyntaxa.se:Taxon:102021,Zygaena viciae,species,NT,Zygaenidae,Lepidoptera,Threatened - Poorly Sampled,1,1,13025
urn:lsid:dyntaxa.se:Taxon:2,Absconditella delutula,species,VU,Stictidaceae,Ostropales,Threatened - Poorly Sampled,1,1,32
urn:lsid:dyntaxa.se:Taxon:100152,Acalles camelus,species,VU,Curculionidae,Coleoptera,Threatened - Poorly Sampled,1,1,87
urn:lsid:dyntaxa.se:Taxon:1765,Acarospora cervina,species,VU,Acarosporaceae,Acarosporales,Threatened - Poorly Sampled,1,1,159
urn:lsid:dyntaxa.se:Taxon:100156,Acasis appensata,species,VU,Geometridae,Lepidoptera,Threatened - Poorly Sampled,1,1,28
urn:lsid:dyntaxa.se:Taxon:2192,Acaulon muticum,species,VU,Pottiaceae,Pottiales,Threatened - Poorly Sampled,1,1,124
urn:lsid:dyntaxa.se:Taxon:100157,Acetropis gimmerthalii,species,VU,Miridae,Hemiptera,Threatened - Poorly Sampled,1,1,22
urn:lsid:dyntaxa.se:Taxon:250432,Acleris kochiella,species,VU,Tortricidae,Lepidoptera,Threatened - Poorly Sampled,1,1,11
urn:lsid:dyntaxa.se:Taxon:100161,Acleris permutana,species,VU,Tortricidae,Lepidoptera,Threatened - Poorly Sampled,1,1,48
urn:lsid:dyntaxa.se:Taxon:498,Acolium karelicum,species,VU,Caliciaceae,Caliciales,Threatened - Poorly Sampled,1,1,1510
urn:lsid:dyntaxa.se:Taxon:501,Acolium sessile,species,VU,Caliciaceae,Caliciales,Threatened - Poorly Sampled,1,1,557
urn:lsid:dyntaxa.se:Taxon:102362,Acompsia subpunctella,species,VU,Gelechiidae,Lepidoptera,Threatened - Poorly Sampled,1,1,35
urn:lsid:dyntaxa.se:Taxon:100892,Acontia trabealis,species,VU,Noctuidae,Lepidoptera,Threatened - Poorly Sampled,1,1,740
urn:lsid:dyntaxa.se:Taxon:100173,Acronicta tridens,species,VU,Noctuidae,Lepidoptera,Threatened - Poorly Sampled,1,1,96
urn:lsid:dyntaxa.se:Taxon:232648,Acrothrix gracilis,species,VU,Chordariaceae,Ectocarpales,Threatened - Poorly Sampled,1,1,7
urn:lsid:dyntaxa.se:Taxon:217861,Actinostola callosa,species,VU,Actinostolidae,Actiniaria,Threatened - Poorly Sampled,1,1,15
urn:lsid:dyntaxa.se:Taxon:100176,Acylophorus glaberrimus,species,VU,Staphylinidae,Coleoptera,Threatened - Poorly Sampled,1,1,11
urn:lsid:dyntaxa.se:Taxon:218122,Aegires punctilucens,species,VU,Aegiridae,Nudibranchia,Threatened - Poorly Sampled,1,1,8
urn:lsid:dyntaxa.se:Taxon:100185,Aethes beatricella,species,VU,Tortricidae,Lepidoptera,Threatened - Poorly Sampled,1,1,23
urn:lsid:dyntaxa.se:Taxon:214849,Aethes dilucidana,species,VU,Tortricidae,Lepidoptera,Threatened - Poorly Sampled,1,1,29
urn:lsid:dyntaxa.se:Taxon:100187,Agabus clypealis,species,VU,Dytiscidae,Coleoptera,Threatened - Poorly Sampled,1,1,98
urn:lsid:dyntaxa.se:Taxon:206299,Agapetus fuscipes,species,VU,Glossosomatidae,Trichoptera,Threatened - Poorly Sampled,1,1,41
urn:lsid:dyntaxa.se:Taxon:100193,Agathidium discoideum,species,VU,Leiodidae,Coleoptera,Threatened - Poorly Sampled,1,1,76
urn:lsid:dyntaxa.se:Taxon:100196,Agathidium pallidum,species,VU,Leiodidae,Coleoptera,Threatened - Poorly Sampled,1,1,18
urn:lsid:dyntaxa.se:Taxon:100198,Agathidium plagiatum,species,VU,Leiodidae,Coleoptera,Threatened - Poorly Sampled,1,1,31
urn:lsid:dyntaxa.se:Taxon:100202,Aglenus brunneus,species,VU,Salpingidae,Coleoptera,Threatened - Poorly Sampled,1,1,13
urn:lsid:dyntaxa.se:Taxon:100204,Agonopterix bipunctosa,species,VU,Depressariidae,Lepidoptera,Threatened - Poorly Sampled,1,1,199
urn:lsid:dyntaxa.se:Taxon:214260,Agonopterix broennoeensis,species,VU,Depressariidae,Lepidoptera,Threatened - Poorly Sampled,1,1,12
urn:lsid:dyntaxa.se:Taxon:100205,Agonopterix curvipunctosa,species,VU,Depressariidae,Lepidoptera,Threatened - Poorly Sampled,1,1,23
urn:lsid:dyntaxa.se:Taxon:100207,Agonopterix pallorella,species,VU,Depressariidae,Lepidoptera,Threatened - Poorly Sampled,1,1,115
urn:lsid:dyntaxa.se:Taxon:100218,Agrilus convexicollis,species,VU,Buprestidae,Coleoptera,Threatened - Poorly Sampled,1,1,95
urn:lsid:dyntaxa.se:Taxon:100216,Agrilus cuprescens,species,VU,Buprestidae,Coleoptera,Threatened - Poorly Sampled,1,1,30
urn:lsid:dyntaxa.se:Taxon:100222,Agrilus subauratus,species,VU,Buprestidae,Coleoptera,Threatened - Poorly Sampled,1,1,16
urn:lsid:dyntaxa.se:Taxon:215411,Agriphila deliella,species,VU,Crambidae,Lepidoptera,Threatened - Poorly Sampled,1,1,41
urn:lsid:dyntaxa.se:Taxon:232138,Albatrellus citrinus,species,VU,Albatrellaceae,Russulales,Threatened - Poorly Sampled,1,1,1017
urn:lsid:dyntaxa.se:Taxon:1958,Albatrellus subrubescens,species,VU,Albatrellaceae,Russulales,Threatened - Poorly Sampled,1,1,1121
urn:lsid:dyntaxa.se:Taxon:100004,Alcedo atthis,species,VU,Alcedinidae,Coraciiformes,Threatened - Poorly Sampled,1,1,116025
urn:lsid:dyntaxa.se:Taxon:20,Alchemilla heptagona,species,VU,Rosaceae,Rosales,Threatened - Poorly Sampled,1,1,173
urn:lsid:dyntaxa.se:Taxon:222954,Alchemilla plicata,species,VU,Rosaceae,Rosales,Threatened - Poorly Sampled,1,1,1317
urn:lsid:dyntaxa.se:Taxon:21,Alchemilla samuelssonii,species,VU,Rosaceae,Rosales,Threatened - Poorly Sampled,1,1,344
urn:lsid:dyntaxa.se:Taxon:24,Alchemilla xanthochlora,species,VU,Rosaceae,Rosales,Threatened - Poorly Sampled,1,1,267
urn:lsid:dyntaxa.se:Taxon:100230,Alcis jubata,species,VU,Geometridae,Lepidoptera,Threatened - Poorly Sampled,1,1,439
urn:lsid:dyntaxa.se:Taxon:100237,Allecula rhenana,species,VU,Tenebrionidae,Coleoptera,Threatened - Poorly Sampled,1,1,68
urn:lsid:dyntaxa.se:Taxon:102375,Alloclemensia mesospilella,species,VU,Incurvariidae,Lepidoptera,Threatened - Poorly Sampled,1,1,10
urn:lsid:dyntaxa.se:Taxon:33,Aloina aloides,species,VU,Pottiaceae,Pottiales,Threatened - Poorly Sampled,1,1,64
urn:lsid:dyntaxa.se:Taxon:36,Alpova diplophloeus,species,VU,Paxillaceae,Boletales,Threatened - Poorly Sampled,1,1,2
urn:lsid:dyntaxa.se:Taxon:102376,Alucita grammodactyla,species,VU,Alucitidae,Lepidoptera,Threatened - Poorly Sampled,1,1,90
urn:lsid:dyntaxa.se:Taxon:102774,Alvania testae,species,VU,Rissoidae,Littorinimorpha,Threatened - Poorly Sampled,1,1,8
urn:lsid:dyntaxa.se:Taxon:227537,Amaeana trilobata,species,VU,Terebellidae,Terebellida,Threatened - Poorly Sampled,1,1,31
urn:lsid:dyntaxa.se:Taxon:2972,Amanita eliae,species,VU,Amanitaceae,Agaricales,Threatened - Poorly Sampled,1,1,12
urn:lsid:dyntaxa.se:Taxon:38,Amanita franchetii,species,VU,Amanitaceae,Agaricales,Threatened - Poorly Sampled,1,1,192
urn:lsid:dyntaxa.se:Taxon:102164,Amara littorea,species,VU,Carabidae,Coleoptera,Threatened - Poorly Sampled,1,1,17
urn:lsid:dyntaxa.se:Taxon:103450,Amara montivaga,species,VU,Carabidae,Coleoptera,Threatened - Poorly Sampled,1,1,49
urn:lsid:dyntaxa.se:Taxon:102780,Amauropsis islandica,species,VU,Naticidae,Littorinimorpha,Threatened - Poorly Sampled,1,1,6
urn:lsid:dyntaxa.se:Taxon:100268,Ampedus rufipennis,species,VU,Elateridae,Coleoptera,Threatened - Poorly Sampled,1,1,113
urn:lsid:dyntaxa.se:Taxon:100270,Ampedus suecicus,species,VU,Elateridae,Coleoptera,Threatened - Not in GBIF,,,
urn:lsid:dyntaxa.se:Taxon:243509,Ampelisca aequicornis,species,VU,Ampeliscidae,Amphipoda,Threatened - Poorly Sampled,1,1,10
urn:lsid:dyntaxa.se:Taxon:243507,Ampelisca amblyops,species,VU,Ampeliscidae,Amphipoda,Threatened - Poorly Sampled,1,1,16
urn:lsid:dyntaxa.se:Taxon:243506,Ampelisca gibba,species,VU,Ampeliscidae,Amphipoda,Threatened - Poorly Sampled,1,1,9
urn:lsid:dyntaxa.se:Taxon:105066,Amphimallon fallenii,species,VU,Scarabaeidae,Coleoptera,Threatened - Poorly Sampled,1,1,128
urn:lsid:dyntaxa.se:Taxon:218144,Amphorina farrani,species,VU,Eubranchidae,Nudibranchia,Threatened - Poorly Sampled,1,1,18
urn:lsid:dyntaxa.se:Taxon:6040129,Amphorina linensis,species,VU,Eubranchidae,Nudibranchia,Threatened - Poorly Sampled,1,1,2
urn:lsid:dyntaxa.se:Taxon:48,Amylocystis lapponica,species,VU,Dacryobolaceae,Polyporales,Threatened - Poorly Sampled,1,1,5089
urn:lsid:dyntaxa.se:Taxon:100274,Anacampsis scintillella,species,VU,Gelechiidae,Lepidoptera,Threatened - Poorly Sampled,1,1,69
urn:lsid:dyntaxa.se:Taxon:100274,Anacampsis scintillella,species,VU,Gelechiidae,Lepidoptera,Threatened - Poorly Sampled,1,1,10
urn:lsid:dyntaxa.se:Taxon:1718,Anacamptis palustris,species,VU,Orchidaceae,Asparagales,Threatened - Poorly Sampled,1,1,195
urn:lsid:dyntaxa.se:Taxon:234568,Anakelisia fasciata,species,VU,Delphacidae,Hemiptera,Threatened - Poorly Sampled,1,1,5
urn:lsid:dyntaxa.se:Taxon:100006,Anas acuta,species,VU,Anatidae,Anseriformes,Threatened - Poorly Sampled,1,1,270156
urn:lsid:dyntaxa.se:Taxon:100006,Anas acuta,species,VU,Anatidae,Anseriformes,Threatened - Poorly Sampled,1,1,692
urn:lsid:dyntaxa.se:Taxon:100006,Anas acuta,species,VU,Anatidae,Anseriformes,Threatened - Poorly Sampled,1,1,2
urn:lsid:dyntaxa.se:Taxon:102932,Anas crecca,species,VU,Anatidae,Anseriformes,Threatened - Poorly Sampled,1,1,833830
urn:lsid:dyntaxa.se:Taxon:102932,Anas crecca,species,VU,Anatidae,Anseriformes,Threatened - Poorly Sampled,1,1,12
urn:lsid:dyntaxa.se:Taxon:51,Anastrepta orcadensis,species,VU,Anastrophyllaceae,Jungermanniales,Threatened - Poorly Sampled,1,1,111
urn:lsid:dyntaxa.se:Taxon:2860,Andreaea nivalis,species,VU,Andreaeaceae,Andreaeales,Threatened - Poorly Sampled,1,1,111
urn:lsid:dyntaxa.se:Taxon:103096,Andrena batava,species,VU,Andrenidae,Hymenoptera,Threatened - Not in GBIF,,,
urn:lsid:dyntaxa.se:Taxon:102664,Andrena bimaculata,species,VU,Andrenidae,Hymenoptera,Threatened - Poorly Sampled,1,1,210
urn:lsid:dyntaxa.se:Taxon:103137,Andrena gravida,species,VU,Andrenidae,Hymenoptera,Threatened - Poorly Sampled,1,1,9
urn:lsid:dyntaxa.se:Taxon:100285,Andrena humilis,species,VU,Andrenidae,Hymenoptera,Threatened - Poorly Sampled,1,1,558
urn:lsid:dyntaxa.se:Taxon:103119,Andrena nanula,species,VU,Andrenidae,Hymenoptera,Threatened - Poorly Sampled,1,1,37
urn:lsid:dyntaxa.se:Taxon:102673,Andrena nigrospina,species,VU,Andrenidae,Hymenoptera,Threatened - Not in GBIF,,,
urn:lsid:dyntaxa.se:Taxon:103113,Andrena nitida,species,VU,Andrenidae,Hymenoptera,Threatened - Poorly Sampled,1,1,131
urn:lsid:dyntaxa.se:Taxon:103127,Andrena nycthemera,species,VU,Andrenidae,Hymenoptera,Threatened - Poorly Sampled,1,1,106
urn:lsid:dyntaxa.se:Taxon:100291,Aneurus laevis,species,VU,Aradidae,Hemiptera,Threatened - Poorly Sampled,1,1,14
urn:lsid:dyntaxa.se:Taxon:100293,Anisoxya fuscula,species,VU,Melandryidae,Coleoptera,Threatened - Poorly Sampled,1,1,20
urn:lsid:dyntaxa.se:Taxon:102169,Anogcodes rufiventris,species,VU,Oedemeridae,Coleoptera,Threatened - Poorly Sampled,1,1,35
urn:lsid:dyntaxa.se:Taxon:59,Anomoloma myceliosum,species,VU,Amylocorticiaceae,Amylocorticiales,Threatened - Poorly Sampled,1,1,73
urn:lsid:dyntaxa.se:Taxon:234697,Anoscopus histrionicus,species,VU,Cicadellidae,Hemiptera,Threatened - Poorly Sampled,1,1,1
urn:lsid:dyntaxa.se:Taxon:100305,Anotylus pumilus,species,VU,Staphylinidae,Coleoptera,Threatened - Poorly Sampled,1,1,15
urn:lsid:dyntaxa.se:Taxon:232125,Anser fabalis fabalis,subspecies,VU,Anatidae,Anseriformes,Threatened - Poorly Sampled,1,1,35715
urn:lsid:dyntaxa.se:Taxon:105527,Antherophagus silaceus,species,VU,Cryptophagidae,Coleoptera,Threatened - Poorly Sampled,1,1,39
urn:lsid:dyntaxa.se:Taxon:100308,Anthicus axillaris,species,VU,Anthicidae,Coleoptera,Threatened - Poorly Sampled,1,1,48
urn:lsid:dyntaxa.se:Taxon:100318,Anthonomus ulmi,species,VU,Curculionidae,Coleoptera,Threatened - Poorly Sampled,1,1,57
urn:lsid:dyntaxa.se:Taxon:65,Anthoporia albobrunnea,species,VU,Fomitopsidaceae,Polyporales,Threatened - Poorly Sampled,1,1,7525
urn:lsid:dyntaxa.se:Taxon:102172,Anthribus fasciatus,species,VU,Anthribidae,Coleoptera,Threatened - Poorly Sampled,1,1,28
urn:lsid:dyntaxa.se:Taxon:62,Anthriscus caucalis,species,VU,Apiaceae,Apiales,Threatened - Poorly Sampled,1,1,2610
urn:lsid:dyntaxa.se:Taxon:102120,Anthus cervinus,species,VU,Motacillidae,Passeriformes,Threatened - Poorly Sampled,1,1,42975
urn:lsid:dyntaxa.se:Taxon:100321,Antipalus varipes,species,VU,Asilidae,Diptera,Threatened - Poorly Sampled,1,1,27
urn:lsid:dyntaxa.se:Taxon:106596,Antrodiella pallasii,species,VU,Steccherinaceae,Polyporales,Threatened - Poorly Sampled,1,1,226
urn:lsid:dyntaxa.se:Taxon:3014,Antrodiella parasitica,species,VU,Steccherinaceae,Polyporales,Threatened - Poorly Sampled,1,1,93
urn:lsid:dyntaxa.se:Taxon:100322,Apalochrus femoralis,species,VU,Malachiidae,Coleoptera,Threatened - Poorly Sampled,1,1,53
urn:lsid:dyntaxa.se:Taxon:816,Aphroditeola olida,species,VU,Hygrophoraceae,Agaricales,Threatened - Poorly Sampled,1,1,499
urn:lsid:dyntaxa.se:Taxon:100371,Aporinellus sexmaculatus,species,VU,Pompilidae,Hymenoptera,Threatened - Poorly Sampled,1,1,75
urn:lsid:dyntaxa.se:Taxon:2047,Aporpium canescens,species,VU,"Auriculariales, genera incertae sedis",Auriculariales,Threatened - Not in GBIF,,,
urn:lsid:dyntaxa.se:Taxon:100379,Aradus angularis,species,VU,Aradidae,Hemiptera,Threatened - Poorly Sampled,1,1,19
urn:lsid:dyntaxa.se:Taxon:100387,Aradus truncatus,species,VU,Aradidae,Hemiptera,Threatened - Poorly Sampled,1,1,40
urn:lsid:dyntaxa.se:Taxon:102740,Arcopagia crassa,species,VU,Tellinidae,Veneroida,Threatened - Poorly Sampled,1,1,8
urn:lsid:dyntaxa.se:Taxon:82,Arctoa anderssonii,species,VU,Rhabdoweisiaceae,Dicranales,Threatened - Poorly Sampled,1,1,4
urn:lsid:dyntaxa.se:Taxon:83,Arctophila fulva,species,VU,Poaceae,Poales,Threatened - Not in GBIF,,,
urn:lsid:dyntaxa.se:Taxon:1859,Arenaria serpyllifolia subsp. lloydii,subspecies,VU,Caryophyllaceae,Caryophyllales,Threatened - Poorly Sampled,1,1,15331
urn:lsid:dyntaxa.se:Taxon:100977,Argynnis niobe,species,VU,Nymphalidae,Lepidoptera,Threatened - Not in GBIF,,,
urn:lsid:dyntaxa.se:Taxon:100399,Aricia nicias,species,VU,Lycaenidae,Lepidoptera,Threatened - Not in GBIF,,,
urn:lsid:dyntaxa.se:Taxon:86,Armeria scabra,species,VU,Plumbaginaceae,Caryophyllales,Threatened - Poorly Sampled,1,1,2
urn:lsid:dyntaxa.se:Taxon:88,Arnellia fennica,species,VU,Arnelliaceae,Jungermanniales,Threatened - Poorly Sampled,1,1,59
urn:lsid:dyntaxa.se:Taxon:219955,Arnica montana,species,VU,Asteraceae,Asterales,Threatened - Poorly Sampled,1,1,33094
urn:lsid:dyntaxa.se:Taxon:6011214,Artemisia tanacetifolia,species,VU,Asteraceae,Asterales,Threatened - Poorly Sampled,1,1,35
urn:lsid:dyntaxa.se:Taxon:98,Arthonia incarnata,species,VU,Arthoniaceae,Arthoniales,Threatened - Poorly Sampled,1,1,91
urn:lsid:dyntaxa.se:Taxon:234237,Ascidia prunum,species,VU,Ascidiidae,Phlebobranchiata,Threatened - Not in GBIF,,,
urn:lsid:dyntaxa.se:Taxon:100405,Asilus crabroniformis,species,VU,Asilidae,Diptera,Threatened - Poorly Sampled,1,1,506
urn:lsid:dyntaxa.se:Taxon:232165,Asindulum nigrum,species,VU,Keroplatidae,Diptera,Threatened - Poorly Sampled,1,1,27
urn:lsid:dyntaxa.se:Taxon:102712,Asperarca nodulosa,species,VU,Arcidae,Arcoida,Threatened - Poorly Sampled,1,1,7
urn:lsid:dyntaxa.se:Taxon:111,Asplenium adulterinum,species,VU,Aspleniaceae,Polypodiales,Threatened - Poorly Sampled,1,1,34
urn:lsid:dyntaxa.se:Taxon:111,Asplenium adulterinum,species,VU,Aspleniaceae,Polypodiales,Threatened - Poorly Sampled,1,1,12
urn:lsid:dyntaxa.se:Taxon:111,Asplenium adulterinum,species,VU,Aspleniaceae,Polypodiales,Threatened - Poorly Sampled,1,1,1
urn:lsid:dyntaxa.se:Taxon:2631,Asterella lindenbergiana,species,VU,Aytoniaceae,Marchantiales,Threatened - Poorly Sampled,1,1,118
urn:lsid:dyntaxa.se:Taxon:116,Astragalus penduliflorus,species,VU,Fabaceae,Fabales,Threatened - Poorly Sampled,1,1,1376
urn:lsid:dyntaxa.se:Taxon:102842,Atelecyclus rotundatus,species,VU,Atelecyclidae,Decapoda,Threatened - Poorly Sampled,1,1,5
urn:lsid:dyntaxa.se:Taxon:100411,Aterpia sieversiana,species,VU,Tortricidae,Lepidoptera,Threatened - Poorly Sampled,1,1,3
urn:lsid:dyntaxa.se:Taxon:117,Atheloderma mirabile,species,VU,Rickenellaceae,Hymenochaetales,Threatened - Poorly Sampled,1,1,1
urn:lsid:dyntaxa.se:Taxon:45,Athelopsis lacerata,species,VU,Atheliaceae,Atheliales,Threatened - Poorly Sampled,1,1,5
urn:lsid:dyntaxa.se:Taxon:100415,Atheta autumnalis,species,VU,Staphylinidae,Coleoptera,Threatened - Poorly Sampled,1,1,28
urn:lsid:dyntaxa.se:Taxon:101324,Atheta inquinula,species,VU,Staphylinidae,Coleoptera,Threatened - Not in GBIF,,,
urn:lsid:dyntaxa.se:Taxon:104888,Atheta janssoni,species,VU,Staphylinidae,Coleoptera,Threatened - Poorly Sampled,1,1,13
urn:lsid:dyntaxa.se:Taxon:100416,Atheta liturata,species,VU,Staphylinidae,Coleoptera,Threatened - Poorly Sampled,1,1,22
urn:lsid:dyntaxa.se:Taxon:100420,Atomaria abietina,species,VU,Cryptophagidae,Coleoptera,Threatened - Poorly Sampled,1,1,24
urn:lsid:dyntaxa.se:Taxon:100425,Atomaria munda,species,VU,Cryptophagidae,Coleoptera,Threatened - Poorly Sampled,1,1,29
urn:lsid:dyntaxa.se:Taxon:100426,Atomaria nigripennis,species,VU,Cryptophagidae,Coleoptera,Threatened - Poorly Sampled,1,1,39
urn:lsid:dyntaxa.se:Taxon:120,Atriplex laciniata,species,VU,Amaranthaceae,Caryophyllales,Threatened - Poorly Sampled,1,1,1227
urn:lsid:dyntaxa.se:Taxon:100431,Attagenus punctatus,species,VU,Dermestidae,Coleoptera,Threatened - Poorly Sampled,1,1,33
urn:lsid:dyntaxa.se:Taxon:100432,Atypus affinis,species,VU,Atypidae,Araneae,Threatened - Poorly Sampled,1,1,117
urn:lsid:dyntaxa.se:Taxon:232918,Audouinella serpens,species,VU,Acrochaetiaceae,Acrochaetiales,Threatened - Poorly Sampled,1,1,4
urn:lsid:dyntaxa.se:Taxon:1619,Aurantiporus fissilis,species,VU,Meruliaceae,Polyporales,Threatened - Not in GBIF,,,
urn:lsid:dyntaxa.se:Taxon:1334,Aureoboletus gentilis,species,VU,Boletaceae,Boletales,Threatened - Poorly Sampled,1,1,270
urn:lsid:dyntaxa.se:Taxon:124,Bacidia absistens,species,VU,Ramalinaceae,Lecanorales,Threatened - Poorly Sampled,1,1,108
urn:lsid:dyntaxa.se:Taxon:129,Bacidia friesiana,species,VU,Ramalinaceae,Lecanorales,Threatened - Poorly Sampled,1,1,54
urn:lsid:dyntaxa.se:Taxon:133,Bacidia polychroa,species,VU,Ramalinaceae,Lecanorales,Threatened - Poorly Sampled,1,1,220
urn:lsid:dyntaxa.se:Taxon:134,Bacidia rosella,species,VU,Ramalinaceae,Lecanorales,Threatened - Poorly Sampled,1,1,2652
urn:lsid:dyntaxa.se:Taxon:128,Bacidina delicata,species,VU,Ramalinaceae,Lecanorales,Threatened - Poorly Sampled,1,1,22
urn:lsid:dyntaxa.se:Taxon:1776,Bactrospora brodoi,species,VU,"Arthoniales, genera incertae sedis",Arthoniales,Threatened - Poorly Sampled,1,1,252
urn:lsid:dyntaxa.se:Taxon:100439,Badister meridionalis,species,VU,Carabidae,Coleoptera,Threatened - Poorly Sampled,1,1,68
urn:lsid:dyntaxa.se:Taxon:100445,Bagous brevis,species,VU,Curculionidae,Coleoptera,Threatened - Poorly Sampled,1,1,211
urn:lsid:dyntaxa.se:Taxon:100827,Bagous elegans,species,VU,Curculionidae,Coleoptera,Threatened - Poorly Sampled,1,1,7
urn:lsid:dyntaxa.se:Taxon:100450,Bagous nodulosus,species,VU,Curculionidae,Coleoptera,Threatened - Poorly Sampled,1,1,5
urn:lsid:dyntaxa.se:Taxon:100442,Bagous tubulus,species,VU,Curculionidae,Coleoptera,Threatened - Poorly Sampled,1,1,12
urn:lsid:dyntaxa.se:Taxon:140,Baldellia repens,species,VU,Alismataceae,Alismatales,Threatened - Poorly Sampled,1,1,487
urn:lsid:dyntaxa.se:Taxon:102714,Bathyarca pectunculoides,species,VU,Arcidae,Arcoida,Threatened - Poorly Sampled,1,1,31
urn:lsid:dyntaxa.se:Taxon:100460,Batrisodes adnexus,species,VU,Staphylinidae,Coleoptera,Threatened - Poorly Sampled,1,1,68
urn:lsid:dyntaxa.se:Taxon:100461,Batrisodes delaporti,species,VU,Staphylinidae,Coleoptera,Threatened - Poorly Sampled,1,1,20
urn:lsid:dyntaxa.se:Taxon:100462,Batrisodes hubenthali,species,VU,Staphylinidae,Coleoptera,Threatened - Poorly Sampled,1,1,22
urn:lsid:dyntaxa.se:Taxon:100466,Bembidion argenteolum,species,VU,Carabidae,Coleoptera,Threatened - Poorly Sampled,1,1,118
urn:lsid:dyntaxa.se:Taxon:100465,Bembidion cruciatum,species,VU,Carabidae,Coleoptera,Threatened - Poorly Sampled,1,1,5
urn:lsid:dyntaxa.se:Taxon:100468,Bembidion humerale,species,VU,Carabidae,Coleoptera,Threatened - Poorly Sampled,1,1,74
urn:lsid:dyntaxa.se:Taxon:100471,Bembidion semipunctatum,species,VU,Carabidae,Coleoptera,Threatened - Poorly Sampled,1,1,86
urn:lsid:dyntaxa.se:Taxon:102885,Beraea maura,species,VU,Beraeidae,Trichoptera,Threatened - Not in GBIF,,,
urn:lsid:dyntaxa.se:Taxon:218120,Berthella sideralis,species,VU,Pleurobranchidae,Pleurobranchida,Threatened - Poorly Sampled,1,1,6
urn:lsid:dyntaxa.se:Taxon:100478,Biastes truncatus,species,VU,Apidae,Hymenoptera,Threatened - Poorly Sampled,1,1,100
urn:lsid:dyntaxa.se:Taxon:1778,Biatora fallax,species,VU,Ramalinaceae,Lecanorales,Threatened - Poorly Sampled,1,1,51
urn:lsid:dyntaxa.se:Taxon:145,Biatoridium monasteriense,species,VU,"Lecanoromycetes, genera incertae sedis","Lecanoromycetes, families incertae sedis",Threatened - Poorly Sampled,1,1,1592
urn:lsid:dyntaxa.se:Taxon:102067,Bibio fulvicollis,species,VU,Bibionidae,Diptera,Threatened - Poorly Sampled,1,1,18
urn:lsid:dyntaxa.se:Taxon:102199,Bibloporus mayeti,species,VU,Staphylinidae,Coleoptera,Threatened - Poorly Sampled,1,1,11
urn:lsid:dyntaxa.se:Taxon:100480,Bibloporus ultimus,species,VU,Staphylinidae,Coleoptera,Threatened - Poorly Sampled,1,1,24
urn:lsid:dyntaxa.se:Taxon:147,Biscogniauxia cinereolilacina,species,VU,Graphostromataceae,Xylariales,Threatened - Poorly Sampled,1,1,626
urn:lsid:dyntaxa.se:Taxon:102705,Bithynia transsilvanica,species,VU,Bithyniidae,Littorinimorpha,Threatened - Poorly Sampled,1,1,1
urn:lsid:dyntaxa.se:Taxon:100483,Bius thoracicus,species,VU,Tenebrionidae,Coleoptera,Threatened - Poorly Sampled,1,1,151
urn:lsid:dyntaxa.se:Taxon:257108,Blastenia coralliza,species,VU,Teloschistaceae,Teloschistales,Threatened - Poorly Sampled,1,1,149
urn:lsid:dyntaxa.se:Taxon:228430,Blastenia ferruginea,species,VU,Teloschistaceae,Teloschistales,Threatened - Poorly Sampled,1,1,330
urn:lsid:dyntaxa.se:Taxon:100486,Bledius baudii,species,VU,Staphylinidae,Coleoptera,Threatened - Poorly Sampled,1,1,19
urn:lsid:dyntaxa.se:Taxon:100488,Bledius erraticus,species,VU,Staphylinidae,Coleoptera,Threatened - Poorly Sampled,1,1,77
urn:lsid:dyntaxa.se:Taxon:104513,Bledius filipes,species,VU,Staphylinidae,Coleoptera,Threatened - Poorly Sampled,1,1,34
urn:lsid:dyntaxa.se:Taxon:100489,Bledius furcatus,species,VU,Staphylinidae,Coleoptera,Threatened - Poorly Sampled,1,1,49
urn:lsid:dyntaxa.se:Taxon:100492,Bledius nanus,species,VU,Staphylinidae,Coleoptera,Threatened - Poorly Sampled,1,1,97
urn:lsid:dyntaxa.se:Taxon:100494,Bledius procerulus,species,VU,Staphylinidae,Coleoptera,Threatened - Poorly Sampled,1,1,7
urn:lsid:dyntaxa.se:Taxon:220711,Blitum bonus-henricus,species,VU,Amaranthaceae,Caryophyllales,Threatened - Poorly Sampled,1,1,6657
urn:lsid:dyntaxa.se:Taxon:222738,Blysmus compressus,species,VU,Cyperaceae,Poales,Threatened - Poorly Sampled,1,1,3164
urn:lsid:dyntaxa.se:Taxon:222237,Blysmus rufus,species,VU,Cyperaceae,Poales,Threatened - Poorly Sampled,1,1,1971
urn:lsid:dyntaxa.se:Taxon:6033479,Bohuslania matsmichaeli,species,VU,Cuthonidae,Nudibranchia,Threatened - Poorly Sampled,1,1,6
urn:lsid:dyntaxa.se:Taxon:149,Boletopsis grisea,species,VU,Bankeraceae,Thelephorales,Threatened - Poorly Sampled,1,1,3630
urn:lsid:dyntaxa.se:Taxon:150,Boletopsis leucomelaena,species,VU,Bankeraceae,Thelephorales,Threatened - Poorly Sampled,1,1,2074
urn:lsid:dyntaxa.se:Taxon:100496,Bolitochara tecta,species,VU,Staphylinidae,Coleoptera,Threatened - Poorly Sampled,1,1,19
urn:lsid:dyntaxa.se:Taxon:102396,Boloria improba,species,VU,Nymphalidae,Lepidoptera,Threatened - Not in GBIF,,,
urn:lsid:dyntaxa.se:Taxon:102704,Bombus veteranus,species,VU,Apidae,Hymenoptera,Threatened - Poorly Sampled,1,1,376
urn:lsid:dyntaxa.se:Taxon:6001729,Borealea nobilis,species,VU,Coryphellidae,Nudibranchia,Threatened - Not in GBIF,,,
urn:lsid:dyntaxa.se:Taxon:102796,Boreotrophon clavatus,species,VU,Muricidae,Neogastropoda,Threatened - Poorly Sampled,1,1,1
urn:lsid:dyntaxa.se:Taxon:100499,Boros schneideri,species,VU,Boridae,Coleoptera,Threatened - Poorly Sampled,1,1,187
urn:lsid:dyntaxa.se:Taxon:100500,Bostrichus capucinus,species,VU,Bostrichidae,Coleoptera,Threatened - Poorly Sampled,1,1,198
urn:lsid:dyntaxa.se:Taxon:165,Botrychium lanceolatum,species,VU,Ophioglossaceae,Ophioglossales,Threatened - Poorly Sampled,1,1,2179
urn:lsid:dyntaxa.se:Taxon:166,Botrychium matricariifolium,species,VU,Ophioglossaceae,Ophioglossales,Threatened - Poorly Sampled,1,1,1182
urn:lsid:dyntaxa.se:Taxon:169,Botrychium virginianum,species,VU,Ophioglossaceae,Ophioglossales,Threatened - Poorly Sampled,1,1,143
urn:lsid:dyntaxa.se:Taxon:102202,Brachinus crepitans,species,VU,Carabidae,Coleoptera,Threatened - Poorly Sampled,1,1,184
urn:lsid:dyntaxa.se:Taxon:100502,Brachycercus harrisella,species,VU,Caenidae,Ephemeroptera,Threatened - Poorly Sampled,1,1,23
urn:lsid:dyntaxa.se:Taxon:102526,Brachyopa cinerea,species,VU,Syrphidae,Diptera,Threatened - Poorly Sampled,1,1,4
urn:lsid:dyntaxa.se:Taxon:6009361,Brachypalpus valgus,species,VU,Syrphidae,Diptera,Threatened - Poorly Sampled,1,1,517
urn:lsid:dyntaxa.se:Taxon:101113,Brachypera dauci,species,VU,Curculionidae,Coleoptera,Threatened - Poorly Sampled,1,1,97
urn:lsid:dyntaxa.se:Taxon:100505,Brachyptera braueri,species,VU,Taeniopterygidae,Plecoptera,Threatened - Poorly Sampled,1,1,75
urn:lsid:dyntaxa.se:Taxon:217998,Brachystomia eulimoides,species,VU,Pyramidellidae,"",Threatened - Poorly Sampled,1,1,21
urn:lsid:dyntaxa.se:Taxon:100506,Brachytemnus porcatus,species,VU,Curculionidae,Coleoptera,Threatened - Poorly Sampled,1,1,10
urn:lsid:dyntaxa.se:Taxon:100508,Brommella falcigera,species,VU,Dictynidae,Araneae,Threatened - Poorly Sampled,1,1,3
urn:lsid:dyntaxa.se:Taxon:100513,Bryodema tuberculata,species,VU,Acrididae,Orthoptera,Threatened - Not in GBIF,,,
urn:lsid:dyntaxa.se:Taxon:181,Bryoerythrophyllum alpigenum,species,VU,Pottiaceae,Pottiales,Threatened - Poorly Sampled,1,1,4
urn:lsid:dyntaxa.se:Taxon:233204,Bryum calophyllum,species,VU,Bryaceae,Bryales,Threatened - Not in GBIF,,,
urn:lsid:dyntaxa.se:Taxon:2308,Bryum cryophilum,species,VU,Bryaceae,Bryales,Threatened - Not in GBIF,,,
urn:lsid:dyntaxa.se:Taxon:204,Bryum turbinatum,species,VU,Bryaceae,Bryales,Threatened - Not in GBIF,,,
urn:lsid:dyntaxa.se:Taxon:233266,Bryum warneum,species,VU,Bryaceae,Bryales,Threatened - Not in GBIF,,,
urn:lsid:dyntaxa.se:Taxon:100020,Bubo bubo,species,VU,Strigidae,Strigiformes,Threatened - Poorly Sampled,1,1,18549
urn:lsid:dyntaxa.se:Taxon:102797,Buccinum humphreysianum,species,VU,Buccinidae,Neogastropoda,Threatened - Not in GBIF,,,
urn:lsid:dyntaxa.se:Taxon:102389,Bucculatrix laciniatella,species,VU,Bucculatricidae,Lepidoptera,Threatened - Poorly Sampled,1,1,50
urn:lsid:dyntaxa.se:Taxon:214027,Bucculatrix ratisbonensis,species,VU,Bucculatricidae,Lepidoptera,Threatened - Not in GBIF,,,
urn:lsid:dyntaxa.se:Taxon:100022,Bufotes variabilis,species,VU,Bufonidae,Anura,Threatened - Not in GBIF,,,
urn:lsid:dyntaxa.se:Taxon:982,Buglossoides arvensis var. coerulescens,variety,VU,Boraginaceae,Boraginales,Threatened - Poorly Sampled,1,1,4375
urn:lsid:dyntaxa.se:Taxon:100514,Bulgarica cana,species,VU,Clausiliidae,Stylommatophora,Threatened - Not in GBIF,,,
urn:lsid:dyntaxa.se:Taxon:100516,Buprestis novemmaculata,species,VU,Buprestidae,Coleoptera,Threatened - Poorly Sampled,1,1,133
urn:lsid:dyntaxa.se:Taxon:101591,Buszkoiana capnodactyla,species,VU,Pterophoridae,Lepidoptera,Threatened - Not in GBIF,,,
urn:lsid:dyntaxa.se:Taxon:152,Butyriboletus fechtneri,species,VU,Boletaceae,Boletales,Threatened - Poorly Sampled,1,1,573
urn:lsid:dyntaxa.se:Taxon:298,Byssomerulius albostramineus,species,VU,Irpicaceae,Polyporales,Threatened - Poorly Sampled,1,1,296
urn:lsid:dyntaxa.se:Taxon:103053,Calcarius lapponicus,species,VU,Calcariidae,Passeriformes,Threatened - Poorly Sampled,1,1,59308
urn:lsid:dyntaxa.se:Taxon:213,Calicium abietinum,species,VU,Caliciaceae,Caliciales,Threatened - Poorly Sampled,1,1,362
urn:lsid:dyntaxa.se:Taxon:500,Calicium pinicola,species,VU,Caliciaceae,Caliciales,Threatened - Poorly Sampled,1,1,116
urn:lsid:dyntaxa.se:Taxon:218,Calicium quercinum,species,VU,Caliciaceae,Caliciales,Threatened - Poorly Sampled,1,1,740
urn:lsid:dyntaxa.se:Taxon:100103,Calidris pugnax,species,VU,Scolopacidae,Charadriiformes,Threatened - Poorly Sampled,1,1,393919
urn:lsid:dyntaxa.se:Taxon:102828,Calocarides coronatus,species,VU,Axiidae,Decapoda,Threatened - Poorly Sampled,1,1,16
urn:lsid:dyntaxa.se:Taxon:217826,Calocaris macandreae,species,VU,Axiidae,Decapoda,Threatened - Poorly Sampled,1,1,149
urn:lsid:dyntaxa.se:Taxon:228428,Caloplaca albolutescens,species,VU,Teloschistaceae,Teloschistales,Threatened - Not in GBIF,,,
urn:lsid:dyntaxa.se:Taxon:214039,Caloptilia cuculipennella,species,VU,Gracillariidae,Lepidoptera,Threatened - Poorly Sampled,1,1,38
urn:lsid:dyntaxa.se:Taxon:102489,Calyciphora albodactyla,species,VU,Pterophoridae,Lepidoptera,Threatened - Not in GBIF,,,
urn:lsid:dyntaxa.se:Taxon:231,Calypogeia azurea,species,VU,Calypogeiaceae,Jungermanniales,Threatened - Poorly Sampled,1,1,272
urn:lsid:dyntaxa.se:Taxon:232,Calypogeia suecica,species,VU,Calypogeiaceae,Jungermanniales,Threatened - Poorly Sampled,1,1,841
urn:lsid:dyntaxa.se:Taxon:233,Calypso bulbosa,species,VU,Orchidaceae,Asparagales,Threatened - Poorly Sampled,1,1,5310
urn:lsid:dyntaxa.se:Taxon:236,Camarophyllopsis hymenocephala,species,VU,Clavariaceae,Agaricales,Threatened - Not in GBIF,,,
urn:lsid:dyntaxa.se:Taxon:1708,Camelina microcarpa,species,VU,Brassicaceae,Brassicales,Threatened - Poorly Sampled,1,1,2381
urn:lsid:dyntaxa.se:Taxon:246,Campanula rapunculus,species,VU,Campanulaceae,Asterales,Threatened - Poorly Sampled,1,1,448
urn:lsid:dyntaxa.se:Taxon:233426,Campylaspis costata,species,VU,Nannastacidae,Cumacea,Threatened - Poorly Sampled,1,1,6
urn:lsid:dyntaxa.se:Taxon:249,Campylopus schimperi,species,VU,Leucobryaceae,Dicranales,Threatened - Poorly Sampled,1,1,3
urn:lsid:dyntaxa.se:Taxon:250,Campylopus subulatus,species,VU,Leucobryaceae,Dicranales,Threatened - Poorly Sampled,1,1,73
urn:lsid:dyntaxa.se:Taxon:6040122,Capellinia fustifera,species,VU,Eubranchidae,Nudibranchia,Threatened - Poorly Sampled,1,1,2
urn:lsid:dyntaxa.se:Taxon:100541,Carabus convexus,species,VU,Carabidae,Coleoptera,Threatened - Poorly Sampled,1,1,91
urn:lsid:dyntaxa.se:Taxon:100542,Carabus intricatus,species,VU,Carabidae,Coleoptera,Threatened - Poorly Sampled,1,1,154
urn:lsid:dyntaxa.se:Taxon:254,Cardamine parviflora,species,VU,Brassicaceae,Brassicales,Threatened - Poorly Sampled,1,1,814
urn:lsid:dyntaxa.se:Taxon:256,Carex atherodes,species,VU,Cyperaceae,Poales,Threatened - Poorly Sampled,1,1,91
urn:lsid:dyntaxa.se:Taxon:222315,Carex glareosa,species,VU,Cyperaceae,Poales,Threatened - Poorly Sampled,1,1,1041
urn:lsid:dyntaxa.se:Taxon:259,Carex hartmanii,species,VU,Cyperaceae,Poales,Threatened - Not in GBIF,,,
urn:lsid:dyntaxa.se:Taxon:260,Carex heleonastes,species,VU,Cyperaceae,Poales,Threatened - Poorly Sampled,1,1,1002
urn:lsid:dyntaxa.se:Taxon:263,Carex maritima,species,VU,Cyperaceae,Poales,Threatened - Poorly Sampled,1,1,532
urn:lsid:dyntaxa.se:Taxon:265,Carex obtusata,species,VU,Cyperaceae,Poales,Threatened - Poorly Sampled,1,1,1112
urn:lsid:dyntaxa.se:Taxon:1866,Carex pallidula,species,VU,Cyperaceae,Poales,Threatened - Poorly Sampled,1,1,563
urn:lsid:dyntaxa.se:Taxon:222356,Carex pediformis,species,VU,Cyperaceae,Poales,Threatened - Poorly Sampled,1,1,525
urn:lsid:dyntaxa.se:Taxon:248968,Carex praecox,species,VU,Cyperaceae,Poales,Threatened - Poorly Sampled,1,1,148
urn:lsid:dyntaxa.se:Taxon:101244,Carphacis striatus,species,VU,Staphylinidae,Coleoptera,Threatened - Poorly Sampled,1,1,68
urn:lsid:dyntaxa.se:Taxon:100548,Carphoborus rossicus,species,VU,Curculionidae,Coleoptera,Threatened - Poorly Sampled,1,1,16
urn:lsid:dyntaxa.se:Taxon:102206,Carphoborus teplouchovi,species,VU,Curculionidae,Coleoptera,Threatened - Poorly Sampled,1,1,10
urn:lsid:dyntaxa.se:Taxon:218158,Carronella pellucida,species,VU,Flabellinidae,Nudibranchia,Threatened - Poorly Sampled,1,1,21
urn:lsid:dyntaxa.se:Taxon:100551,Caryocolum petryi,species,VU,Gelechiidae,Lepidoptera,Threatened - Poorly Sampled,1,1,127
urn:lsid:dyntaxa.se:Taxon:214733,Caryocolum tischeriellum,species,VU,Gelechiidae,Lepidoptera,Threatened - Not in GBIF,,,
urn:lsid:dyntaxa.se:Taxon:273,Catabrosa aquatica,species,VU,Poaceae,Poales,Threatened - Poorly Sampled,1,1,1796
urn:lsid:dyntaxa.se:Taxon:274,Catapyrenium psoromoides,species,VU,Verrucariaceae,Verrucariales,Threatened - Poorly Sampled,1,1,104
urn:lsid:dyntaxa.se:Taxon:100562,Catarhoe rubidata,species,VU,Geometridae,Lepidoptera,Threatened - Poorly Sampled,1,1,209
urn:lsid:dyntaxa.se:Taxon:215323,Catastia kistrandella,species,VU,Pyralidae,Lepidoptera,Threatened - Poorly Sampled,1,1,3
urn:lsid:dyntaxa.se:Taxon:215322,Catastia marginea,species,VU,Pyralidae,Lepidoptera,Threatened - Poorly Sampled,1,1,86
urn:lsid:dyntaxa.se:Taxon:275,Catathelasma imperiale,species,VU,Biannulariaceae,Agaricales,Threatened - Poorly Sampled,1,1,253
urn:lsid:dyntaxa.se:Taxon:100564,Catocala pacta,species,VU,Erebidae,Lepidoptera,Threatened - Poorly Sampled,1,1,79
urn:lsid:dyntaxa.se:Taxon:215432,Catoptria lythargyrella,species,VU,Crambidae,Lepidoptera,Threatened - Poorly Sampled,1,1,107
urn:lsid:dyntaxa.se:Taxon:6001763,Catriona aurantia,species,VU,Trinchesiidae,Nudibranchia,Threatened - Poorly Sampled,1,1,2
urn:lsid:dyntaxa.se:Taxon:213904,Cauchas breviantennella,species,VU,Adelidae,Lepidoptera,Threatened - Poorly Sampled,1,1,1
urn:lsid:dyntaxa.se:Taxon:215017,Celypha aurofasciana,species,VU,Tortricidae,Lepidoptera,Threatened - Poorly Sampled,1,1,57
urn:lsid:dyntaxa.se:Taxon:289,Cephalanthera damasonium,species,VU,Orchidaceae,Asparagales,Threatened - Poorly Sampled,1,1,72
urn:lsid:dyntaxa.se:Taxon:294,Cephaloziella dentata,species,VU,Cephaloziellaceae,Jungermanniales,Threatened - Poorly Sampled,1,1,13
urn:lsid:dyntaxa.se:Taxon:102855,Ceramaster granularis,species,VU,Goniasteridae,Valvatida,Threatened - Poorly Sampled,1,1,8
urn:lsid:dyntaxa.se:Taxon:301,Cerastium brachypetalum,species,VU,Caryophyllaceae,Caryophyllales,Threatened - Poorly Sampled,1,1,805
urn:lsid:dyntaxa.se:Taxon:100361,Ceratapion penetrans,species,VU,Apionidae,Coleoptera,Threatened - Poorly Sampled,1,1,89
urn:lsid:dyntaxa.se:Taxon:3238,Ceriporiopsis gilvescens,species,VU,Meruliaceae,Polyporales,Threatened - Not in GBIF,,,
urn:lsid:dyntaxa.se:Taxon:102793,Cerithiella metula,species,VU,Newtoniellidae,"Caenogastropoda, ordo incertae sedis",Threatened - Poorly Sampled,1,1,19
urn:lsid:dyntaxa.se:Taxon:100577,Cerylon impressum,species,VU,Cerylonidae,Coleoptera,Threatened - Poorly Sampled,1,1,183
urn:lsid:dyntaxa.se:Taxon:100596,Ceutorhynchus assimilis,species,VU,Curculionidae,Coleoptera,Threatened - Poorly Sampled,1,1,209
urn:lsid:dyntaxa.se:Taxon:100579,Ceutorhynchus rhenanus,species,VU,Curculionidae,Coleoptera,Threatened - Poorly Sampled,1,1,37
urn:lsid:dyntaxa.se:Taxon:100599,Ceutorhynchus scapularis,species,VU,Curculionidae,Coleoptera,Threatened - Poorly Sampled,1,1,23
urn:lsid:dyntaxa.se:Taxon:100600,Ceutorhynchus sophiae,species,VU,Curculionidae,Coleoptera,Threatened - Poorly Sampled,1,1,65
urn:lsid:dyntaxa.se:Taxon:492,Chaenotheca gracilenta,species,VU,Coniocybaceae,Coniocybales,Threatened - Poorly Sampled,1,1,957
urn:lsid:dyntaxa.se:Taxon:6486,Chaenotheca sphaerocephala,species,VU,Coniocybaceae,Coniocybales,Threatened - Poorly Sampled,1,1,427
urn:lsid:dyntaxa.se:Taxon:1794,Chaenothecopsis haematopus,species,VU,Mycocaliciaceae,Mycocaliciales,Threatened - Poorly Sampled,1,1,46
urn:lsid:dyntaxa.se:Taxon:317,Chaerophyllum prescottii,species,VU,Apiaceae,Apiales,Threatened - Poorly Sampled,1,1,132
urn:lsid:dyntaxa.se:Taxon:102348,Chaetophora spinosa,species,VU,Byrrhidae,Coleoptera,Threatened - Poorly Sampled,1,1,30
urn:lsid:dyntaxa.se:Taxon:318,Chaetoporellus curvisporus,species,VU,Schizoporaceae,Hymenochaetales,Threatened - Not in GBIF,,,
urn:lsid:dyntaxa.se:Taxon:100605,Chalcionellus decemstriatus,species,VU,Histeridae,Coleoptera,Threatened - Poorly Sampled,1,1,69
urn:lsid:dyntaxa.se:Taxon:102529,Chalcosyrphus jacobsoni,species,VU,Syrphidae,Diptera,Threatened - Poorly Sampled,1,1,6
urn:lsid:dyntaxa.se:Taxon:102530,Chalcosyrphus nigripes,species,VU,Syrphidae,Diptera,Threatened - Poorly Sampled,1,1,6
urn:lsid:dyntaxa.se:Taxon:321,Chamonixia caespitosa,species,VU,Boletaceae,Boletales,Threatened - Poorly Sampled,1,1,114
urn:lsid:dyntaxa.se:Taxon:332,Chara rudis,species,VU,Characeae,Charales,Threatened - Not in GBIF,,,
urn:lsid:dyntaxa.se:Taxon:100609,Chennium bituberculatum,species,VU,Staphylinidae,Coleoptera,Threatened - Poorly Sampled,1,1,27
urn:lsid:dyntaxa.se:Taxon:206086,Chimaera monstrosa,species,VU,Chimaeridae,Chimaeriformes,Threatened - Poorly Sampled,1,1,17
urn:lsid:dyntaxa.se:Taxon:100615,Chlaenius costulatus,species,VU,Carabidae,Coleoptera,Threatened - Poorly Sampled,1,1,30
urn:lsid:dyntaxa.se:Taxon:100618,Chlaenius quadrisulcatus,species,VU,Carabidae,Coleoptera,Threatened - Poorly Sampled,1,1,11
urn:lsid:dyntaxa.se:Taxon:100619,Chlaenius sulcicollis,species,VU,Carabidae,Coleoptera,Threatened - Poorly Sampled,1,1,3
urn:lsid:dyntaxa.se:Taxon:100030,Chlidonias niger,species,VU,Laridae,Charadriiformes,Threatened - Poorly Sampled,1,1,88942
urn:lsid:dyntaxa.se:Taxon:100622,Chlorophorus herbstii,species,VU,Cerambycidae,Coleoptera,Threatened - Poorly Sampled,1,1,175
urn:lsid:dyntaxa.se:Taxon:100624,Choerades igneus,species,VU,Asilidae,Diptera,Threatened - Not in GBIF,,,
urn:lsid:dyntaxa.se:Taxon:100629,Choragus horni,species,VU,Anthribidae,Coleoptera,Threatened - Poorly Sampled,1,1,38
urn:lsid:dyntaxa.se:Taxon:100630,Choragus sheppardi,species,VU,Anthribidae,Coleoptera,Threatened - Poorly Sampled,1,1,51
urn:lsid:dyntaxa.se:Taxon:232921,Chroothece rupestris,species,VU,Stylonemataceae,Stylonematales,Threatened - Poorly Sampled,1,1,3
urn:lsid:dyntaxa.se:Taxon:102631,Chrysis scutellaris,species,VU,Chrysididae,Hymenoptera,Threatened - Poorly Sampled,1,1,40
urn:lsid:dyntaxa.se:Taxon:100635,Chrysoclista linneella,species,VU,Parametriotidae,Lepidoptera,Threatened - Not in GBIF,,,
urn:lsid:dyntaxa.se:Taxon:100639,Chrysolina limbata,species,VU,Chrysomelidae,Coleoptera,Threatened - Poorly Sampled,1,1,119
urn:lsid:dyntaxa.se:Taxon:106025,Chrysolina sturmi,species,VU,Chrysomelidae,Coleoptera,Threatened - Poorly Sampled,1,1,90
urn:lsid:dyntaxa.se:Taxon:100643,Chrysopilus asiliformis,species,VU,Rhagionidae,Diptera,Threatened - Poorly Sampled,1,1,13
urn:lsid:dyntaxa.se:Taxon:100644,Chrysopilus erythrophthalmus,species,VU,Rhagionidae,Diptera,Threatened - Poorly Sampled,1,1,6
urn:lsid:dyntaxa.se:Taxon:100645,Chrysopilus laetus,species,VU,Rhagionidae,Diptera,Threatened - Poorly Sampled,1,1,5
urn:lsid:dyntaxa.se:Taxon:1870,Chrysosplenium oppositifolium,species,VU,Saxifragaceae,Saxifragales,Threatened - Poorly Sampled,1,1,77
urn:lsid:dyntaxa.se:Taxon:100649,Cicindela maritima,species,VU,Carabidae,Coleoptera,Threatened - Poorly Sampled,1,1,513
urn:lsid:dyntaxa.se:Taxon:1267,Cladomeris umbellata,species,VU,Polyporaceae,Polyporales,Threatened - Not in GBIF,,,
urn:lsid:dyntaxa.se:Taxon:355,Cladonia polycarpoides,species,VU,Cladoniaceae,Lecanorales,Threatened - Not in GBIF,,,
urn:lsid:dyntaxa.se:Taxon:360,Clavaria amoenoides,species,VU,Clavariaceae,Agaricales,Threatened - Poorly Sampled,1,1,554
urn:lsid:dyntaxa.se:Taxon:357,Clavaria asperulispora/atrofusca,speciesAggregate,VU,Clavariaceae,Agaricales,Threatened - Not in GBIF,,,
urn:lsid:dyntaxa.se:Taxon:6002934,Clavaria greletii,species,VU,Clavariaceae,Agaricales,Threatened - Poorly Sampled,1,1,46
urn:lsid:dyntaxa.se:Taxon:365,Clavaria zollingeri,species,VU,Clavariaceae,Agaricales,Threatened - Poorly Sampled,1,1,962
urn:lsid:dyntaxa.se:Taxon:3281,Clavariadelphus helveticus,species,VU,Clavariadelphaceae,Gomphales,Threatened - Poorly Sampled,1,1,59
urn:lsid:dyntaxa.se:Taxon:100661,Claviger longicornis,species,VU,Staphylinidae,Coleoptera,Threatened - Poorly Sampled,1,1,56
urn:lsid:dyntaxa.se:Taxon:3290,Clavulicium macounii,species,VU,"Cantharellales, genera incertae sedis",Cantharellales,Threatened - Poorly Sampled,1,1,37
urn:lsid:dyntaxa.se:Taxon:102765,Clelandella miliaris,species,VU,Trochidae,"",Threatened - Poorly Sampled,1,1,137
urn:lsid:dyntaxa.se:Taxon:102395,Clepsis neglectana,species,VU,Tortricidae,Lepidoptera,Threatened - Poorly Sampled,1,1,21
urn:lsid:dyntaxa.se:Taxon:214964,Clepsis pallidana,species,VU,Tortricidae,Lepidoptera,Threatened - Poorly Sampled,1,1,153
urn:lsid:dyntaxa.se:Taxon:100664,Cliorismia ardea,species,VU,Therevidae,Diptera,Threatened - Poorly Sampled,1,1,21
urn:lsid:dyntaxa.se:Taxon:6038705,Cliostomum piceicola,species,VU,Ramalinaceae,Lecanorales,Threatened - Poorly Sampled,1,1,58
urn:lsid:dyntaxa.se:Taxon:100665,Clitellaria ephippium,species,VU,Stratiomyidae,Diptera,Threatened - Poorly Sampled,1,1,75
urn:lsid:dyntaxa.se:Taxon:376,Clitopaxillus fibulatus,species,VU,Pseudoclitocybaceae,Agaricales,Threatened - Poorly Sampled,1,1,223
urn:lsid:dyntaxa.se:Taxon:102882,Cloeon schoenemundi,species,VU,Baetidae,Ephemeroptera,Threatened - Poorly Sampled,1,1,4
urn:lsid:dyntaxa.se:Taxon:101725,Clypastraea pusilla,species,VU,Corylophidae,Coleoptera,Threatened - Poorly Sampled,1,1,9
urn:lsid:dyntaxa.se:Taxon:234261,Cnemidocarpa devia,species,VU,Styelidae,Stolidobranchiata,Threatened - Not in GBIF,,,
urn:lsid:dyntaxa.se:Taxon:234258,Cnemidocarpa mollispina,species,VU,Styelidae,Stolidobranchiata,Threatened - Not in GBIF,,,
urn:lsid:dyntaxa.se:Taxon:382,Cnestrum glaucescens,species,VU,Rhabdoweisiaceae,Dicranales,Threatened - Poorly Sampled,1,1,4
urn:lsid:dyntaxa.se:Taxon:384,Cochlearia officinalis subsp. anglica,subspecies,VU,Brassicaceae,Brassicales,Threatened - Poorly Sampled,1,1,2606
urn:lsid:dyntaxa.se:Taxon:243671,Cochliarium cuneiventris,species,VU,Scathophagidae,Diptera,Threatened - Not in GBIF,,,
urn:lsid:dyntaxa.se:Taxon:214859,Cochylidia moguntiana,species,VU,Tortricidae,Lepidoptera,Threatened - Poorly Sampled,1,1,31
urn:lsid:dyntaxa.se:Taxon:100672,Cochylimorpha straminea,species,VU,Tortricidae,Lepidoptera,Threatened - Poorly Sampled,1,1,42
urn:lsid:dyntaxa.se:Taxon:100676,Coelioxys obtusispina,species,VU,Megachilidae,Hymenoptera,Threatened - Poorly Sampled,1,1,214
urn:lsid:dyntaxa.se:Taxon:241748,Coelopa pilipes,species,VU,Coelopidae,Diptera,Threatened - Poorly Sampled,1,1,26
urn:lsid:dyntaxa.se:Taxon:102578,Coelotes atropos,species,VU,Agelenidae,Araneae,Threatened - Poorly Sampled,1,1,27
urn:lsid:dyntaxa.se:Taxon:100680,Coleophora adelogrammella,species,VU,Coleophoridae,Lepidoptera,Threatened - Poorly Sampled,1,1,32
urn:lsid:dyntaxa.se:Taxon:214530,Coleophora galbulipennella,species,VU,Coleophoridae,Lepidoptera,Threatened - Poorly Sampled,1,1,25
urn:lsid:dyntaxa.se:Taxon:102405,Coleophora hackmani,species,VU,Coleophoridae,Lepidoptera,Threatened - Not in GBIF,,,
urn:lsid:dyntaxa.se:Taxon:100686,Coleophora kyffhusana,species,VU,Coleophoridae,Lepidoptera,Threatened - Poorly Sampled,1,1,33
urn:lsid:dyntaxa.se:Taxon:214550,Coleophora nutantella,species,VU,Coleophoridae,Lepidoptera,Threatened - Not in GBIF,,,
urn:lsid:dyntaxa.se:Taxon:102406,Coleophora ochrea,species,VU,Coleophoridae,Lepidoptera,Threatened - Poorly Sampled,1,1,102
urn:lsid:dyntaxa.se:Taxon:100691,Coleophora partitella,species,VU,Coleophoridae,Lepidoptera,Threatened - Poorly Sampled,1,1,10
urn:lsid:dyntaxa.se:Taxon:102408,Coleophora salicorniae,species,VU,Coleophoridae,Lepidoptera,Threatened - Poorly Sampled,1,1,39
urn:lsid:dyntaxa.se:Taxon:100694,Coleophora scabrida,species,VU,Coleophoridae,Lepidoptera,Threatened - Poorly Sampled,1,1,271
urn:lsid:dyntaxa.se:Taxon:100695,Coleophora solitariella,species,VU,Coleophoridae,Lepidoptera,Threatened - Not in GBIF,,,
urn:lsid:dyntaxa.se:Taxon:385,Collema curtisporum,species,VU,Collemataceae,Peltigerales,Threatened - Poorly Sampled,1,1,1455
urn:lsid:dyntaxa.se:Taxon:389,Collema nigrescens,species,VU,Collemataceae,Peltigerales,Threatened - Poorly Sampled,1,1,1477
urn:lsid:dyntaxa.se:Taxon:392,Collema subnigrescens,species,VU,Collemataceae,Peltigerales,Threatened - Poorly Sampled,1,1,4243
urn:lsid:dyntaxa.se:Taxon:100699,Colostygia aptata,species,VU,Geometridae,Lepidoptera,Threatened - Poorly Sampled,1,1,46
urn:lsid:dyntaxa.se:Taxon:1976,Coltricia cinnamomea,species,VU,Hymenochaetaceae,Hymenochaetales,Threatened - Poorly Sampled,1,1,43
urn:lsid:dyntaxa.se:Taxon:100701,Colydium elongatum,species,VU,Zopheridae,Coleoptera,Threatened - Poorly Sampled,1,1,35
urn:lsid:dyntaxa.se:Taxon:100703,Combocerus glaber,species,VU,Erotylidae,Coleoptera,Threatened - Poorly Sampled,1,1,20
urn:lsid:dyntaxa.se:Taxon:100704,Coniocleonus turbatus,species,VU,Curculionidae,Coleoptera,Threatened - Poorly Sampled,1,1,131
urn:lsid:dyntaxa.se:Taxon:839,Conohypha albocremea,species,VU,"Polyporales, genera incertae sedis",Polyporales,Threatened - Poorly Sampled,1,1,5
urn:lsid:dyntaxa.se:Taxon:406,Conopodium majus,species,VU,Apiaceae,Apiales,Threatened - Poorly Sampled,1,1,92
urn:lsid:dyntaxa.se:Taxon:100708,Copris lunaris,species,VU,Scarabaeidae,Coleoptera,Threatened - Poorly Sampled,1,1,587
urn:lsid:dyntaxa.se:Taxon:100310,Cordicollis gracilis,species,VU,Anthicidae,Coleoptera,Threatened - Not in GBIF,,,
urn:lsid:dyntaxa.se:Taxon:100041,Coronella austriaca,species,VU,Colubridae,Squamata,Threatened - Poorly Sampled,1,1,3662
urn:lsid:dyntaxa.se:Taxon:100710,Corticaria alleni,species,VU,Latridiidae,Coleoptera,Threatened - Poorly Sampled,1,1,9
urn:lsid:dyntaxa.se:Taxon:102216,Corticaria fennica,species,VU,Latridiidae,Coleoptera,Threatened - Poorly Sampled,1,1,1
urn:lsid:dyntaxa.se:Taxon:100714,Corticeus fasciatus,species,VU,Tenebrionidae,Coleoptera,Threatened - Poorly Sampled,1,1,330
urn:lsid:dyntaxa.se:Taxon:102217,Corticeus fraxini,species,VU,Tenebrionidae,Coleoptera,Threatened - Poorly Sampled,1,1,234
urn:lsid:dyntaxa.se:Taxon:105850,Corticeus longulus,species,VU,Tenebrionidae,Coleoptera,Threatened - Poorly Sampled,1,1,121
urn:lsid:dyntaxa.se:Taxon:1977,Cortinarius alcalinophilus,species,VU,Cortinariaceae,Agaricales,Threatened - Not in GBIF,,,
urn:lsid:dyntaxa.se:Taxon:249244,Cortinarius aquilanus,species,VU,Cortinariaceae,Agaricales,Threatened - Not in GBIF,,,
urn:lsid:dyntaxa.se:Taxon:249232,Cortinarius arcifolius,species,VU,Cortinariaceae,Agaricales,Threatened - Poorly Sampled,1,1,43
urn:lsid:dyntaxa.se:Taxon:423,Cortinarius arcuatorum,species,VU,Cortinariaceae,Agaricales,Threatened - Not in GBIF,,,
urn:lsid:dyntaxa.se:Taxon:1978,Cortinarius argenteolilacinus,species,VU,Cortinariaceae,Agaricales,Threatened - Not in GBIF,,,
urn:lsid:dyntaxa.se:Taxon:424,Cortinarius atrovirens,species,VU,Cortinariaceae,Agaricales,Threatened - Not in GBIF,,,
urn:lsid:dyntaxa.se:Taxon:248951,Cortinarius aureocalceolatus,species,VU,Cortinariaceae,Agaricales,Threatened - Not in GBIF,,,
urn:lsid:dyntaxa.se:Taxon:426,Cortinarius aureofulvus,species,VU,Cortinariaceae,Agaricales,Threatened - Not in GBIF,,,
urn:lsid:dyntaxa.se:Taxon:248952,Cortinarius barbaricus,species,VU,Cortinariaceae,Agaricales,Threatened - Not in GBIF,,,
urn:lsid:dyntaxa.se:Taxon:439,Cortinarius bergeronii,species,VU,Cortinariaceae,Agaricales,Threatened - Poorly Sampled,1,1,167
urn:lsid:dyntaxa.se:Taxon:3561,Cortinarius borgsjoeensis,species,VU,Cortinariaceae,Agaricales,Threatened - Not in GBIF,,,
urn:lsid:dyntaxa.se:Taxon:3563,Cortinarius bovinus,species,VU,Cortinariaceae,Agaricales,Threatened - Poorly Sampled,1,1,112
urn:lsid:dyntaxa.se:Taxon:248934,Cortinarius bulbopodius,species,VU,Cortinariaceae,Agaricales,Threatened - Poorly Sampled,1,1,8
urn:lsid:dyntaxa.se:Taxon:429,Cortinarius bulliardii,species,VU,Cortinariaceae,Agaricales,Threatened - Poorly Sampled,1,1,230
urn:lsid:dyntaxa.se:Taxon:430,Cortinarius caerulescens,species,VU,Cortinariaceae,Agaricales,Threatened - Poorly Sampled,1,1,176
urn:lsid:dyntaxa.se:Taxon:433,Cortinarius caesiocanescens,species,VU,Cortinariaceae,Agaricales,Threatened - Poorly Sampled,1,1,1271
urn:lsid:dyntaxa.se:Taxon:3567,Cortinarius caesiocinctus s. lat.,speciesAggregate,VU,Cortinariaceae,Agaricales,Threatened - Not in GBIF,,,
urn:lsid:dyntaxa.se:Taxon:434,Cortinarius caesiocortinatus,species,VU,Cortinariaceae,Agaricales,Threatened - Not in GBIF,,,
urn:lsid:dyntaxa.se:Taxon:3570,Cortinarius cagei,species,VU,Cortinariaceae,Agaricales,Threatened - Poorly Sampled,1,1,100
urn:lsid:dyntaxa.se:Taxon:248954,Cortinarius catharinae,species,VU,Cortinariaceae,Agaricales,Threatened - Not in GBIF,,,
urn:lsid:dyntaxa.se:Taxon:248930,Cortinarius cedretorum,species,VU,Cortinariaceae,Agaricales,Threatened - Not in GBIF,,,
urn:lsid:dyntaxa.se:Taxon:431,Cortinarius coerulescentium,species,VU,Cortinariaceae,Agaricales,Threatened - Not in GBIF,,,
urn:lsid:dyntaxa.se:Taxon:442,Cortinarius corrosus,species,VU,Cortinariaceae,Agaricales,Threatened - Not in GBIF,,,
urn:lsid:dyntaxa.se:Taxon:249241,Cortinarius cruentipellis,species,VU,Cortinariaceae,Agaricales,Threatened - Not in GBIF,,,
urn:lsid:dyntaxa.se:Taxon:1980,Cortinarius cumatilis,species,VU,Cortinariaceae,Agaricales,Threatened - Poorly Sampled,1,1,497
urn:lsid:dyntaxa.se:Taxon:445,Cortinarius cupreorufus,species,VU,Cortinariaceae,Agaricales,Threatened - Not in GBIF,,,
urn:lsid:dyntaxa.se:Taxon:3595,Cortinarius dalecarlicus,species,VU,Cortinariaceae,Agaricales,Threatened - Not in GBIF,,,
urn:lsid:dyntaxa.se:Taxon:3606,Cortinarius diosmus,species,VU,Cortinariaceae,Agaricales,Threatened - Poorly Sampled,1,1,35
urn:lsid:dyntaxa.se:Taxon:1982,Cortinarius ectypus,species,VU,Cortinariaceae,Agaricales,Threatened - Poorly Sampled,1,1,20
urn:lsid:dyntaxa.se:Taxon:447,Cortinarius elegantissimus,species,VU,Cortinariaceae,Agaricales,Threatened - Not in GBIF,,,
urn:lsid:dyntaxa.se:Taxon:470,Cortinarius eucaeruleus,species,VU,Cortinariaceae,Agaricales,Threatened - Not in GBIF,,,
urn:lsid:dyntaxa.se:Taxon:448,Cortinarius flavovirens,species,VU,Cortinariaceae,Agaricales,Threatened - Not in GBIF,,,
urn:lsid:dyntaxa.se:Taxon:3562,Cortinarius foetens,species,VU,Cortinariaceae,Agaricales,Threatened - Poorly Sampled,1,1,8
urn:lsid:dyntaxa.se:Taxon:449,Cortinarius fraudulosus,species,VU,Cortinariaceae,Agaricales,Threatened - Poorly Sampled,1,1,28
urn:lsid:dyntaxa.se:Taxon:1984,Cortinarius fulvocitrinus,species,VU,Cortinariaceae,Agaricales,Threatened - Not in GBIF,,,
urn:lsid:dyntaxa.se:Taxon:451,Cortinarius fuscoperonatus,species,VU,Cortinariaceae,Agaricales,Threatened - Poorly Sampled,1,1,91
urn:lsid:dyntaxa.se:Taxon:248956,Cortinarius haasii,species,VU,Cortinariaceae,Agaricales,Threatened - Poorly Sampled,1,1,2385
urn:lsid:dyntaxa.se:Taxon:249310,Cortinarius hinnuleoarmillatus,species,VU,Cortinariaceae,Agaricales,Threatened - Poorly Sampled,1,1,32
urn:lsid:dyntaxa.se:Taxon:452,Cortinarius humicola,species,VU,Cortinariaceae,Agaricales,Threatened - Poorly Sampled,1,1,36
urn:lsid:dyntaxa.se:Taxon:3637,Cortinarius inexspectatus,species,VU,Cortinariaceae,Agaricales,Threatened - Not in GBIF,,,
urn:lsid:dyntaxa.se:Taxon:248942,Cortinarius ionodactylus,species,VU,Cortinariaceae,Agaricales,Threatened - Poorly Sampled,1,1,44
urn:lsid:dyntaxa.se:Taxon:249240,Cortinarius langeorum,species,VU,Cortinariaceae,Agaricales,Threatened - Not in GBIF,,,
urn:lsid:dyntaxa.se:Taxon:3569,Cortinarius luhmannii,species,VU,Cortinariaceae,Agaricales,Threatened - Not in GBIF,,,
urn:lsid:dyntaxa.se:Taxon:1985,Cortinarius melanotus,species,VU,Cortinariaceae,Agaricales,Threatened - Poorly Sampled,1,1,202
urn:lsid:dyntaxa.se:Taxon:248955,Cortinarius metarius,species,VU,Cortinariaceae,Agaricales,Threatened - Not in GBIF,,,
urn:lsid:dyntaxa.se:Taxon:248944,Cortinarius molochinus,species,VU,Cortinariaceae,Agaricales,Threatened - Not in GBIF,,,
urn:lsid:dyntaxa.se:Taxon:6003296,Cortinarius mussivus,species,VU,Cortinariaceae,Agaricales,Threatened - Not in GBIF,,,
urn:lsid:dyntaxa.se:Taxon:6003235,Cortinarius nanceiensis,species,VU,Cortinariaceae,Agaricales,Threatened - Poorly Sampled,1,1,107
urn:lsid:dyntaxa.se:Taxon:3668,Cortinarius norrlandicus,species,VU,Cortinariaceae,Agaricales,Threatened - Not in GBIF,,,
urn:lsid:dyntaxa.se:Taxon:249261,Cortinarius obsoletus,species,VU,Cortinariaceae,Agaricales,Threatened - Not in GBIF,,,
urn:lsid:dyntaxa.se:Taxon:249236,Cortinarius osmophorus,species,VU,Cortinariaceae,Agaricales,Threatened - Not in GBIF,,,
urn:lsid:dyntaxa.se:Taxon:3689,Cortinarius pini,species,VU,Cortinariaceae,Agaricales,Threatened - Not in GBIF,,,
urn:lsid:dyntaxa.se:Taxon:248958,Cortinarius platypus,species,VU,Cortinariaceae,Agaricales,Threatened - Not in GBIF,,,
urn:lsid:dyntaxa.se:Taxon:3599,Cortinarius pseudoarcuatorum,species,VU,Cortinariaceae,Agaricales,Threatened - Not in GBIF,,,
urn:lsid:dyntaxa.se:Taxon:462,Cortinarius pseudoglaucopus,species,VU,Cortinariaceae,Agaricales,Threatened - Poorly Sampled,1,1,11
urn:lsid:dyntaxa.se:Taxon:1992,Cortinarius quercilicis,species,VU,Cortinariaceae,Agaricales,Threatened - Not in GBIF,,,
urn:lsid:dyntaxa.se:Taxon:249237,Cortinarius rapaceotomentosus,species,VU,Cortinariaceae,Agaricales,Threatened - Not in GBIF,,,
urn:lsid:dyntaxa.se:Taxon:249243,Cortinarius rhizophorus,species,VU,Cortinariaceae,Agaricales,Threatened - Not in GBIF,,,
urn:lsid:dyntaxa.se:Taxon:467,Cortinarius russus,species,VU,Cortinariaceae,Agaricales,Threatened - Not in GBIF,,,
urn:lsid:dyntaxa.se:Taxon:248950,Cortinarius selandicus,species,VU,Cortinariaceae,Agaricales,Threatened - Not in GBIF,,,
urn:lsid:dyntaxa.se:Taxon:3721,Cortinarius serarius,species,VU,Cortinariaceae,Agaricales,Threatened - Not in GBIF,,,
urn:lsid:dyntaxa.se:Taxon:3727,Cortinarius spectabilis,species,VU,Cortinariaceae,Agaricales,Threatened - Not in GBIF,,,
urn:lsid:dyntaxa.se:Taxon:3729,Cortinarius splendens,species,VU,Cortinariaceae,Agaricales,Threatened - Not in GBIF,,,
urn:lsid:dyntaxa.se:Taxon:248939,Cortinarius terpsichores,species,VU,Cortinariaceae,Agaricales,Threatened - Not in GBIF,,,
urn:lsid:dyntaxa.se:Taxon:472,Cortinarius turgidus,species,VU,Cortinariaceae,Agaricales,Threatened - Poorly Sampled,1,1,198
urn:lsid:dyntaxa.se:Taxon:1996,Cortinarius variiformis,species,VU,Cortinariaceae,Agaricales,Threatened - Not in GBIF,,,
urn:lsid:dyntaxa.se:Taxon:3767,Cortinarius violaceomaculatus,species,VU,Cortinariaceae,Agaricales,Threatened - Not in GBIF,,,
urn:lsid:dyntaxa.se:Taxon:249245,Cortinarius xantho-ochraceus,species,VU,Cortinariaceae,Agaricales,Threatened - Not in GBIF,,,
urn:lsid:dyntaxa.se:Taxon:3770,Cortinarius xanthophyllus,species,VU,Cortinariaceae,Agaricales,Threatened - Not in GBIF,,,
urn:lsid:dyntaxa.se:Taxon:100719,Cosmia diffinis,species,VU,Noctuidae,Lepidoptera,Threatened - Poorly Sampled,1,1,69
urn:lsid:dyntaxa.se:Taxon:100721,Cossonus linearis,species,VU,Curculionidae,Coleoptera,Threatened - Poorly Sampled,1,1,12
urn:lsid:dyntaxa.se:Taxon:100722,Cossonus parallelepipedus,species,VU,Curculionidae,Coleoptera,Threatened - Poorly Sampled,1,1,140
urn:lsid:dyntaxa.se:Taxon:1874,Cotoneaster kullensis,species,VU,Rosaceae,Rosales,Threatened - Not in GBIF,,,
urn:lsid:dyntaxa.se:Taxon:102715,Crenella decussata,species,VU,Mytilidae,Mytiloida,Threatened - Poorly Sampled,1,1,45
urn:lsid:dyntaxa.se:Taxon:100419,Crepidophorus mutilatus,species,VU,Elateridae,Coleoptera,Threatened - Poorly Sampled,1,1,61
urn:lsid:dyntaxa.se:Taxon:480,Crepidotus cinnabarinus,species,VU,Crepidotaceae,Agaricales,Threatened - Poorly Sampled,1,1,73
urn:lsid:dyntaxa.se:Taxon:100504,Criorhina floccosa,species,VU,Syrphidae,Diptera,Threatened - Poorly Sampled,1,1,72
urn:lsid:dyntaxa.se:Taxon:6009362,Criorhina pachymera,species,VU,Syrphidae,Diptera,Threatened - Poorly Sampled,1,1,14
urn:lsid:dyntaxa.se:Taxon:102887,Crunoecia irrorata,species,VU,Lepidostomatidae,Trichoptera,Threatened - Poorly Sampled,1,1,184
urn:lsid:dyntaxa.se:Taxon:483,Crustoderma dryinum,species,VU,Sparassidaceae,Polyporales,Threatened - Poorly Sampled,1,1,198
urn:lsid:dyntaxa.se:Taxon:511,Crustomyces subabruptus,species,VU,Cystostereaceae,Agaricales,Threatened - Not in GBIF,,,
urn:lsid:dyntaxa.se:Taxon:100738,Cryptocephalus cordiger,species,VU,Chrysomelidae,Coleoptera,Threatened - Poorly Sampled,1,1,106
urn:lsid:dyntaxa.se:Taxon:100739,Cryptocephalus coryli,species,VU,Chrysomelidae,Coleoptera,Threatened - Poorly Sampled,1,1,112
urn:lsid:dyntaxa.se:Taxon:100742,Cryptocephalus elongatus,species,VU,Chrysomelidae,Coleoptera,Threatened - Poorly Sampled,1,1,46
urn:lsid:dyntaxa.se:Taxon:100743,Cryptocephalus exiguus,species,VU,Chrysomelidae,Coleoptera,Threatened - Poorly Sampled,1,1,9
urn:lsid:dyntaxa.se:Taxon:106013,Cryptocephalus pallifrons,species,VU,Chrysomelidae,Coleoptera,Threatened - Poorly Sampled,1,1,29
urn:lsid:dyntaxa.se:Taxon:100749,Cryptolestes duplicatus,species,VU,Laemophloeidae,Coleoptera,Threatened - Poorly Sampled,1,1,77
urn:lsid:dyntaxa.se:Taxon:100755,Cryptophagus lysholmi,species,VU,Cryptophagidae,Coleoptera,Threatened - Poorly Sampled,1,1,45
urn:lsid:dyntaxa.se:Taxon:100758,Cryptophagus quadrihamatus,species,VU,Cryptophagidae,Coleoptera,Threatened - Poorly Sampled,1,1,16
urn:lsid:dyntaxa.se:Taxon:258343,Cryptosporella hypodermia,species,VU,Gnomoniaceae,Diaporthales,Threatened - Poorly Sampled,1,1,26
urn:lsid:dyntaxa.se:Taxon:232163,Ctenophora ornata,species,VU,Tipulidae,Diptera,Threatened - Poorly Sampled,1,1,23
urn:lsid:dyntaxa.se:Taxon:100766,Cucullia lychnitis,species,VU,Noctuidae,Lepidoptera,Threatened - Poorly Sampled,1,1,335
urn:lsid:dyntaxa.se:Taxon:100767,Cucullia praecana,species,VU,Noctuidae,Lepidoptera,Threatened - Poorly Sampled,1,1,80
urn:lsid:dyntaxa.se:Taxon:100768,Cucullia scrophulariae,species,VU,Noctuidae,Lepidoptera,Threatened - Not in GBIF,,,
urn:lsid:dyntaxa.se:Taxon:6001737,Cumanotus beaumonti,species,VU,Cumanotidae,Nudibranchia,Threatened - Poorly Sampled,1,1,17
urn:lsid:dyntaxa.se:Taxon:239219,Cuphophyllus hygrocyboides,species,VU,Hygrophoraceae,Agaricales,Threatened - Not in GBIF,,,
urn:lsid:dyntaxa.se:Taxon:802,Cuphophyllus lacmus,species,VU,Hygrophoraceae,Agaricales,Threatened - Poorly Sampled,1,1,349
urn:lsid:dyntaxa.se:Taxon:807,Cuphophyllus radiatus,species,VU,Hygrophoraceae,Agaricales,Threatened - Not in GBIF,,,
urn:lsid:dyntaxa.se:Taxon:490,Cuscuta epithymum,species,VU,Convolvulaceae,Solanales,Threatened - Poorly Sampled,1,1,2252
urn:lsid:dyntaxa.se:Taxon:218243,Cuspidaria rostrata,species,VU,Cuspidariidae,Anomalodesmata,Threatened - Poorly Sampled,1,1,31
urn:lsid:dyntaxa.se:Taxon:100779,Cyllodes ater,species,VU,Nitidulidae,Coleoptera,Threatened - Poorly Sampled,1,1,66
urn:lsid:dyntaxa.se:Taxon:100786,Cyphea latiuscula,species,VU,Staphylinidae,Coleoptera,Threatened - Poorly Sampled,1,1,15
urn:lsid:dyntaxa.se:Taxon:100788,Cyrtanaspis phalerata,species,VU,Scraptiidae,Coleoptera,Threatened - Poorly Sampled,1,1,7
urn:lsid:dyntaxa.se:Taxon:505,Cystolepiota adulterina,species,VU,Agaricaceae,Agaricales,Threatened - Poorly Sampled,1,1,166
urn:lsid:dyntaxa.se:Taxon:508,Cystolepiota icterina,species,VU,Agaricaceae,Agaricales,Threatened - Poorly Sampled,1,1,7
urn:lsid:dyntaxa.se:Taxon:1998,Cystolepiota moelleri,species,VU,Agaricaceae,Agaricales,Threatened - Poorly Sampled,1,1,15
urn:lsid:dyntaxa.se:Taxon:264959,Dactylorhiza majalis subsp. integrata,subspecies,VU,Orchidaceae,Asparagales,Threatened - Poorly Sampled,1,1,6719
urn:lsid:dyntaxa.se:Taxon:264959,Dactylorhiza majalis subsp. integrata,subspecies,VU,Orchidaceae,Asparagales,Threatened - Poorly Sampled,1,1,3
urn:lsid:dyntaxa.se:Taxon:100798,Danosoma conspersum,species,VU,Elateridae,Coleoptera,Threatened - Poorly Sampled,1,1,212
urn:lsid:dyntaxa.se:Taxon:214390,Dasystoma salicella,species,VU,Chimabachidae,Lepidoptera,Threatened - Poorly Sampled,1,1,19
urn:lsid:dyntaxa.se:Taxon:100802,Dasytes nigrocyaneus,species,VU,Dasytidae,Coleoptera,Threatened - Poorly Sampled,1,1,28
urn:lsid:dyntaxa.se:Taxon:102721,Delectopecten vitreus,species,VU,Pectinidae,Pectinoida,Threatened - Poorly Sampled,1,1,100
urn:lsid:dyntaxa.se:Taxon:102981,Delichon urbicum,species,VU,Hirundinidae,Passeriformes,Threatened - Poorly Sampled,1,1,325802
urn:lsid:dyntaxa.se:Taxon:102981,Delichon urbicum,species,VU,Hirundinidae,Passeriformes,Threatened - Poorly Sampled,1,1,190
urn:lsid:dyntaxa.se:Taxon:102981,Delichon urbicum,species,VU,Hirundinidae,Passeriformes,Threatened - Poorly Sampled,1,1,6
urn:lsid:dyntaxa.se:Taxon:215321,Delplanqueia dilutella,species,VU,Pyralidae,Lepidoptera,Threatened - Poorly Sampled,1,1,444
urn:lsid:dyntaxa.se:Taxon:100803,Deltote deceptoria,species,VU,Noctuidae,Lepidoptera,Threatened - Poorly Sampled,1,1,84
urn:lsid:dyntaxa.se:Taxon:100804,Dendrochernes cyrneus,species,VU,Chernetidae,Pseudoscorpiones,Threatened - Poorly Sampled,1,1,27
urn:lsid:dyntaxa.se:Taxon:102416,Depressaria douglasella,species,VU,Depressariidae,Lepidoptera,Threatened - Poorly Sampled,1,1,71
urn:lsid:dyntaxa.se:Taxon:102418,Depressaria libanotidella,species,VU,Depressariidae,Lepidoptera,Threatened - Poorly Sampled,1,1,70
urn:lsid:dyntaxa.se:Taxon:100813,Dermestes palmi,species,VU,Dermestidae,Coleoptera,Threatened - Poorly Sampled,1,1,86
urn:lsid:dyntaxa.se:Taxon:521,Dermoloma josserandii,species,VU,Tricholomataceae,Agaricales,Threatened - Poorly Sampled,1,1,98
urn:lsid:dyntaxa.se:Taxon:1999,Dermoloma pseudocuneifolium,species,VU,Tricholomataceae,Agaricales,Threatened - Poorly Sampled,1,1,144
urn:lsid:dyntaxa.se:Taxon:522,Deschampsia setacea,species,VU,Poaceae,Poales,Threatened - Poorly Sampled,1,1,2978
urn:lsid:dyntaxa.se:Taxon:850,Deviodontia pilaecystidiata,species,VU,Hymenochaetaceae,Hymenochaetales,Threatened - Poorly Sampled,1,1,39
urn:lsid:dyntaxa.se:Taxon:527,Dianthus arenarius,species,VU,Caryophyllaceae,Caryophyllales,Threatened - Poorly Sampled,1,1,3005
urn:lsid:dyntaxa.se:Taxon:528,Dianthus armeria,species,VU,Caryophyllaceae,Caryophyllales,Threatened - Poorly Sampled,1,1,1896
urn:lsid:dyntaxa.se:Taxon:528,Dianthus armeria,species,VU,Caryophyllaceae,Caryophyllales,Threatened - Poorly Sampled,1,1,5
urn:lsid:dyntaxa.se:Taxon:218104,Diaphana globosa,species,VU,Diaphanidae,Cephalaspidea,Threatened - Poorly Sampled,1,1,2
urn:lsid:dyntaxa.se:Taxon:233415,Diastylis cornuta,species,VU,Diastylidae,Cumacea,Threatened - Poorly Sampled,1,1,21
urn:lsid:dyntaxa.se:Taxon:100822,Dicerca furcata,species,VU,Buprestidae,Coleoptera,Threatened - Poorly Sampled,1,1,127
urn:lsid:dyntaxa.se:Taxon:100823,Dicerca moesta,species,VU,Buprestidae,Coleoptera,Threatened - Poorly Sampled,1,1,232
urn:lsid:dyntaxa.se:Taxon:102822,Dichelopandalus bonnieri,species,VU,Pandalidae,Decapoda,Threatened - Poorly Sampled,1,1,2
urn:lsid:dyntaxa.se:Taxon:100824,Dichomeris limosella,species,VU,Gelechiidae,Lepidoptera,Threatened - Not in GBIF,,,
urn:lsid:dyntaxa.se:Taxon:215234,Dichrorampha senectana,species,VU,Tortricidae,Lepidoptera,Threatened - Poorly Sampled,1,1,18
urn:lsid:dyntaxa.se:Taxon:534,Dicranella riparia,species,VU,Dicranaceae,Dicranales,Threatened - Not in GBIF,,,
urn:lsid:dyntaxa.se:Taxon:538,Dicranum scottianum,species,VU,Dicranaceae,Dicranales,Threatened - Poorly Sampled,1,1,12
urn:lsid:dyntaxa.se:Taxon:538,Dicranum scottianum,species,VU,Dicranaceae,Dicranales,Threatened - Poorly Sampled,1,1,46
urn:lsid:dyntaxa.se:Taxon:100829,Dicronychus equisetioides,species,VU,Elateridae,Coleoptera,Threatened - Poorly Sampled,1,1,74
urn:lsid:dyntaxa.se:Taxon:232749,Dictyota dichotoma,species,VU,Dictyotaceae,Dictyotales,Threatened - Poorly Sampled,1,1,28
urn:lsid:dyntaxa.se:Taxon:547,Didymodon spadiceus,species,VU,Pottiaceae,Pottiales,Threatened - Not in GBIF,,,
urn:lsid:dyntaxa.se:Taxon:102421,Digitivalva arnicella,species,VU,Glyphipterigidae,Lepidoptera,Threatened - Not in GBIF,,,
urn:lsid:dyntaxa.se:Taxon:100835,Dinothenarus pubescens,species,VU,Staphylinidae,Coleoptera,Threatened - Poorly Sampled,1,1,84
urn:lsid:dyntaxa.se:Taxon:118,Diplazium sibiricum,species,VU,Athyriaceae,Polypodiales,Threatened - Poorly Sampled,1,1,140
urn:lsid:dyntaxa.se:Taxon:67,Diplomitoporus crustulinus,species,VU,"Polyporales, genera incertae sedis",Polyporales,Threatened - Poorly Sampled,1,1,915
urn:lsid:dyntaxa.se:Taxon:68,Diplomitoporus flavescens,species,VU,"Polyporales, genera incertae sedis",Polyporales,Threatened - Poorly Sampled,1,1,78
urn:lsid:dyntaxa.se:Taxon:100839,Dipoena braccata,species,VU,Theridiidae,Araneae,Threatened - Poorly Sampled,1,1,12
urn:lsid:dyntaxa.se:Taxon:100841,Dircaea australis,species,VU,Melandryidae,Coleoptera,Threatened - Poorly Sampled,1,1,159
urn:lsid:dyntaxa.se:Taxon:558,Disciseda candida,species,VU,Agaricaceae,Agaricales,Threatened - Poorly Sampled,1,1,543
urn:lsid:dyntaxa.se:Taxon:559,Distichium hagenii,species,VU,Ditrichaceae,Dicranales,Threatened - Poorly Sampled,1,1,11
urn:lsid:dyntaxa.se:Taxon:240028,Dolichopus nigripes,species,VU,Dolichopodidae,Diptera,Threatened - Poorly Sampled,1,1,6
urn:lsid:dyntaxa.se:Taxon:100849,Doloploca punctulana,species,VU,Tortricidae,Lepidoptera,Threatened - Poorly Sampled,1,1,40
urn:lsid:dyntaxa.se:Taxon:100853,Donacia tomentosa,species,VU,Chrysomelidae,Coleoptera,Threatened - Poorly Sampled,1,1,36
urn:lsid:dyntaxa.se:Taxon:105331,Dorcatoma janssoni,species,VU,Ptinidae,Coleoptera,Threatened - Poorly Sampled,1,1,11
urn:lsid:dyntaxa.se:Taxon:102228,Dorcatoma minor,species,VU,Ptinidae,Coleoptera,Threatened - Poorly Sampled,1,1,14
urn:lsid:dyntaxa.se:Taxon:218137,Doto cuspidata,species,VU,Dotidae,Nudibranchia,Threatened - Not in GBIF,,,
urn:lsid:dyntaxa.se:Taxon:218139,Doto millbayana,species,VU,Dotidae,Nudibranchia,Threatened - Poorly Sampled,1,1,2
urn:lsid:dyntaxa.se:Taxon:218140,Doto tuberculata,species,VU,Dotidae,Nudibranchia,Threatened - Not in GBIF,,,
urn:lsid:dyntaxa.se:Taxon:561,Draba cacuminum,species,VU,Brassicaceae,Brassicales,Threatened - Poorly Sampled,1,1,204
urn:lsid:dyntaxa.se:Taxon:563,Draba nemorosa,species,VU,Brassicaceae,Brassicales,Threatened - Poorly Sampled,1,1,2406
urn:lsid:dyntaxa.se:Taxon:100862,Drapetes mordelloides,species,VU,Elateridae,Coleoptera,Threatened - Poorly Sampled,1,1,43
urn:lsid:dyntaxa.se:Taxon:2657,Drepanocladus angustifolius,species,VU,Amblystegiaceae,Hypnales,Threatened - Poorly Sampled,1,1,117
urn:lsid:dyntaxa.se:Taxon:100864,Dreposcia umbrina,species,VU,Leiodidae,Coleoptera,Threatened - Poorly Sampled,1,1,73
urn:lsid:dyntaxa.se:Taxon:1879,Drymocallis rupestris,species,VU,Rosaceae,Rosales,Threatened - Poorly Sampled,1,1,3009
urn:lsid:dyntaxa.se:Taxon:102230,Dryophthorus corticalis,species,VU,Dryophthoridae,Coleoptera,Threatened - Poorly Sampled,1,1,142
urn:lsid:dyntaxa.se:Taxon:100869,Dufourea halictula,species,VU,Halictidae,Hymenoptera,Threatened - Poorly Sampled,1,1,227
urn:lsid:dyntaxa.se:Taxon:100877,Dystebenna stephensi,species,VU,Parametriotidae,Lepidoptera,Threatened - Poorly Sampled,1,1,10
urn:lsid:dyntaxa.se:Taxon:102233,Ebaeus lapplandicus,species,VU,Malachiidae,Coleoptera,Threatened - Poorly Sampled,1,1,20
urn:lsid:dyntaxa.se:Taxon:219113,Echemus angustifrons,species,VU,Gnaphosidae,Araneae,Threatened - Poorly Sampled,1,1,10
urn:lsid:dyntaxa.se:Taxon:4863,Echinoderma perplexum,species,VU,Agaricaceae,Agaricales,Threatened - Poorly Sampled,1,1,28
urn:lsid:dyntaxa.se:Taxon:2032,Echinoderma pseudoasperulum,species,VU,Agaricaceae,Agaricales,Threatened - Poorly Sampled,1,1,13
urn:lsid:dyntaxa.se:Taxon:100881,Ecliptopera capitata,species,VU,Geometridae,Lepidoptera,Threatened - Poorly Sampled,1,1,331
urn:lsid:dyntaxa.se:Taxon:102425,Elachista chrysodesmella,species,VU,Elachistidae,Lepidoptera,Threatened - Poorly Sampled,1,1,16
urn:lsid:dyntaxa.se:Taxon:102385,Elachista cinereopunctella,species,VU,Elachistidae,Lepidoptera,Threatened - Poorly Sampled,1,1,5
urn:lsid:dyntaxa.se:Taxon:214338,Elachista eskoi,species,VU,Elachistidae,Lepidoptera,Threatened - Poorly Sampled,1,1,5
urn:lsid:dyntaxa.se:Taxon:571,Elaphomyces anthracinus,species,VU,Elaphomycetaceae,Eurotiales,Threatened - Poorly Sampled,1,1,161
urn:lsid:dyntaxa.se:Taxon:574,Elaphomyces striatosporus,species,VU,Elaphomycetaceae,Eurotiales,Threatened - Not in GBIF,,,
urn:lsid:dyntaxa.se:Taxon:2000,Elaphomyces virgatosporus,species,VU,Elaphomycetaceae,Eurotiales,Threatened - Poorly Sampled,1,1,47
urn:lsid:dyntaxa.se:Taxon:100890,Elater ferrugineus,species,VU,Elateridae,Coleoptera,Threatened - Poorly Sampled,1,1,324
urn:lsid:dyntaxa.se:Taxon:576,Elatine hexandra,species,VU,Elatinaceae,Malpighiales,Threatened - Poorly Sampled,1,1,877
urn:lsid:dyntaxa.se:Taxon:102431,Elatobia fuliginosella,species,VU,Tineidae,Lepidoptera,Threatened - Poorly Sampled,1,1,40
urn:lsid:dyntaxa.se:Taxon:225979,Electrogena affinis,species,VU,Heptageniidae,Ephemeroptera,Threatened - Poorly Sampled,1,1,1
urn:lsid:dyntaxa.se:Taxon:100050,Emberiza pusilla,species,VU,Emberizidae,Passeriformes,Threatened - Poorly Sampled,1,1,8605
urn:lsid:dyntaxa.se:Taxon:580,Encalypta longicolla,species,VU,Encalyptaceae,Encalyptales,Threatened - Poorly Sampled,1,1,1
urn:lsid:dyntaxa.se:Taxon:581,Encalypta mutica,species,VU,Encalyptaceae,Encalyptales,Threatened - Poorly Sampled,1,1,331
urn:lsid:dyntaxa.se:Taxon:1799,Enchylium bachmanianum,species,VU,Collemataceae,Peltigerales,Threatened - Poorly Sampled,1,1,67
urn:lsid:dyntaxa.se:Taxon:1800,Enchylium limosum,species,VU,Collemataceae,Peltigerales,Threatened - Poorly Sampled,1,1,110
urn:lsid:dyntaxa.se:Taxon:584,Endocarpon psorodeum,species,VU,Verrucariaceae,Verrucariales,Threatened - Poorly Sampled,1,1,14
urn:lsid:dyntaxa.se:Taxon:100896,Enicmus apicalis,species,VU,Latridiidae,Coleoptera,Threatened - Poorly Sampled,1,1,33
urn:lsid:dyntaxa.se:Taxon:105695,Enicmus atriceps,species,VU,Latridiidae,Coleoptera,Threatened - Poorly Sampled,1,1,1
urn:lsid:dyntaxa.se:Taxon:100897,Enicmus brevicornis,species,VU,Latridiidae,Coleoptera,Threatened - Poorly Sampled,1,1,36
urn:lsid:dyntaxa.se:Taxon:102237,Enicmus lundbladi,species,VU,Latridiidae,Coleoptera,Threatened - Poorly Sampled,1,1,47
urn:lsid:dyntaxa.se:Taxon:100900,Ennearthron palmi,species,VU,Ciidae,Coleoptera,Threatened - Poorly Sampled,1,1,47
urn:lsid:dyntaxa.se:Taxon:2786,Entodon concinnus,species,VU,Entodontaceae,Hypnales,Threatened - Poorly Sampled,1,1,275
urn:lsid:dyntaxa.se:Taxon:603,Entoloma bloxamii,species,VU,Entolomataceae,Agaricales,Threatened - Poorly Sampled,1,1,42
urn:lsid:dyntaxa.se:Taxon:4014,Entoloma olivaceotinctum,species,VU,Entolomataceae,Agaricales,Threatened - Poorly Sampled,1,1,21
urn:lsid:dyntaxa.se:Taxon:605,Entoloma porphyrophaeum,species,VU,Entolomataceae,Agaricales,Threatened - Poorly Sampled,1,1,170
urn:lsid:dyntaxa.se:Taxon:611,Entoloma tjallingiorum,species,VU,Entolomataceae,Agaricales,Threatened - Poorly Sampled,1,1,89
urn:lsid:dyntaxa.se:Taxon:614,Entosthodon obtusus,species,VU,Funariaceae,Funariales,Threatened - Poorly Sampled,1,1,30
urn:lsid:dyntaxa.se:Taxon:248784,Epeolus marginatus,species,VU,Apidae,Hymenoptera,Threatened - Poorly Sampled,1,1,61
urn:lsid:dyntaxa.se:Taxon:215256,Epermenia falciformis,species,VU,Epermeniidae,Lepidoptera,Threatened - Not in GBIF,,,
urn:lsid:dyntaxa.se:Taxon:102391,Epermenia profugella,species,VU,Epermeniidae,Lepidoptera,Threatened - Poorly Sampled,1,1,9
urn:lsid:dyntaxa.se:Taxon:618,Ephemerum sessile,species,VU,Pottiaceae,Pottiales,Threatened - Not in GBIF,,,
urn:lsid:dyntaxa.se:Taxon:100915,Epuraea fuscicollis,species,VU,Nitidulidae,Coleoptera,Threatened - Poorly Sampled,1,1,12
urn:lsid:dyntaxa.se:Taxon:100052,Eremophila alpestris,species,VU,Alaudidae,Passeriformes,Threatened - Poorly Sampled,1,1,29698
urn:lsid:dyntaxa.se:Taxon:102563,Eresus sandaliatus,species,VU,Eresidae,Araneae,Threatened - Poorly Sampled,1,1,4
urn:lsid:dyntaxa.se:Taxon:101588,Erotides cosnardi,species,VU,Lycidae,Coleoptera,Threatened - Poorly Sampled,1,1,60
urn:lsid:dyntaxa.se:Taxon:624,Eryngium maritimum,species,VU,Apiaceae,Apiales,Threatened - Poorly Sampled,1,1,3418
urn:lsid:dyntaxa.se:Taxon:218142,Eubranchus vittatus,species,VU,Eubranchidae,Nudibranchia,Threatened - Poorly Sampled,1,1,26
urn:lsid:dyntaxa.se:Taxon:215112,Eucosma saussureana,species,VU,Tortricidae,Lepidoptera,Threatened - Poorly Sampled,1,1,6
urn:lsid:dyntaxa.se:Taxon:100934,Eucosma scorzonerana,species,VU,Tortricidae,Lepidoptera,Threatened - Poorly Sampled,1,1,70
urn:lsid:dyntaxa.se:Taxon:259083,Eumedonia eumedon praticola,subspecies,VU,Lycaenidae,Lepidoptera,Threatened - Poorly Sampled,1,1,4970
urn:lsid:dyntaxa.se:Taxon:100329,Euorodalus coenosus,species,VU,Scarabaeidae,Coleoptera,Threatened - Poorly Sampled,1,1,114
urn:lsid:dyntaxa.se:Taxon:626,Euphrasia micrantha,species,VU,Orobanchaceae,Lamiales,Threatened - Poorly Sampled,1,1,4165
urn:lsid:dyntaxa.se:Taxon:626,Euphrasia micrantha,species,VU,Orobanchaceae,Lamiales,Threatened - Poorly Sampled,1,1,10
urn:lsid:dyntaxa.se:Taxon:626,Euphrasia micrantha,species,VU,Orobanchaceae,Lamiales,Threatened - Poorly Sampled,1,1,9
urn:lsid:dyntaxa.se:Taxon:100942,Euphydryas aurinia,species,VU,Nymphalidae,Lepidoptera,Threatened - Poorly Sampled,1,1,80841
urn:lsid:dyntaxa.se:Taxon:215826,Eupithecia distinctaria,species,VU,Geometridae,Lepidoptera,Threatened - Poorly Sampled,1,1,89
urn:lsid:dyntaxa.se:Taxon:102441,Eupithecia fennoscandica,species,VU,Geometridae,Lepidoptera,Threatened - Poorly Sampled,1,1,1
urn:lsid:dyntaxa.se:Taxon:100945,Eupithecia immundata,species,VU,Geometridae,Lepidoptera,Threatened - Poorly Sampled,1,1,118
urn:lsid:dyntaxa.se:Taxon:215822,Eupithecia orphnata,species,VU,Geometridae,Lepidoptera,Threatened - Poorly Sampled,1,1,83
urn:lsid:dyntaxa.se:Taxon:100951,Euplectus bonvouloiri,species,VU,Staphylinidae,Coleoptera,Threatened - Poorly Sampled,1,1,10
urn:lsid:dyntaxa.se:Taxon:100955,Euplectus tholini,species,VU,Staphylinidae,Coleoptera,Threatened - Poorly Sampled,1,1,12
urn:lsid:dyntaxa.se:Taxon:100957,Eupoecilia sanguisorbana,species,VU,Tortricidae,Lepidoptera,Threatened - Poorly Sampled,1,1,95
urn:lsid:dyntaxa.se:Taxon:227506,Eupolymnia nesidensis,species,VU,Terebellidae,Terebellida,Threatened - Poorly Sampled,1,1,64
urn:lsid:dyntaxa.se:Taxon:101360,Eurhodope cirrigerella,species,VU,Pyralidae,Lepidoptera,Threatened - Poorly Sampled,1,1,65
urn:lsid:dyntaxa.se:Taxon:100959,Euroleon nostras,species,VU,Myrmeleontidae,Neuroptera,Threatened - Poorly Sampled,1,1,15
urn:lsid:dyntaxa.se:Taxon:100959,Euroleon nostras,species,VU,Myrmeleontidae,Neuroptera,Threatened - Poorly Sampled,1,1,397
urn:lsid:dyntaxa.se:Taxon:102851,Eurynome spinosa,species,VU,Majidae,Decapoda,Threatened - Poorly Sampled,1,1,10
urn:lsid:dyntaxa.se:Taxon:100963,Euryusa coarctata,species,VU,Staphylinidae,Coleoptera,Threatened - Poorly Sampled,1,1,16
urn:lsid:dyntaxa.se:Taxon:100964,Euryusa optabilis,species,VU,Staphylinidae,Coleoptera,Threatened - Poorly Sampled,1,1,19
urn:lsid:dyntaxa.se:Taxon:100965,Euryusa sinuata,species,VU,Staphylinidae,Coleoptera,Threatened - Poorly Sampled,1,1,62
urn:lsid:dyntaxa.se:Taxon:102779,Euspira pallida,species,VU,Naticidae,Littorinimorpha,Threatened - Poorly Sampled,1,1,33
urn:lsid:dyntaxa.se:Taxon:100966,Eustroma reticulata,species,VU,Geometridae,Lepidoptera,Threatened - Poorly Sampled,1,1,313
urn:lsid:dyntaxa.se:Taxon:100967,Euthiconus conicicollis,species,VU,Staphylinidae,Coleoptera,Threatened - Poorly Sampled,1,1,62
urn:lsid:dyntaxa.se:Taxon:637,Evernia divaricata,species,VU,Parmeliaceae,Lecanorales,Threatened - Poorly Sampled,1,1,2564
urn:lsid:dyntaxa.se:Taxon:639,Evernia mesomorpha,species,VU,Parmeliaceae,Lecanorales,Threatened - Poorly Sampled,1,1,625
urn:lsid:dyntaxa.se:Taxon:100974,Evodinus borealis,species,VU,Cerambycidae,Coleoptera,Threatened - Poorly Sampled,1,1,170
urn:lsid:dyntaxa.se:Taxon:218148,Facelina auriculata,species,VU,Facelinidae,Nudibranchia,Threatened - Poorly Sampled,1,1,13
urn:lsid:dyntaxa.se:Taxon:2046,Favolus pseudobetulinus,species,VU,Polyporaceae,Polyporales,Threatened - Poorly Sampled,1,1,83
urn:lsid:dyntaxa.se:Taxon:100980,Ferreola diffinis,species,VU,Pompilidae,Hymenoptera,Threatened - Poorly Sampled,1,1,7
urn:lsid:dyntaxa.se:Taxon:4118,Fibricium subodoratum,species,VU,"Hymenochaetales, genera incertae sedis",Hymenochaetales,Threatened - Poorly Sampled,1,1,22
urn:lsid:dyntaxa.se:Taxon:6033040,Fjordia chriskaugei,species,VU,Coryphellidae,Nudibranchia,Threatened - Not in GBIF,,,
urn:lsid:dyntaxa.se:Taxon:1964,Flavidoporia mellita,species,VU,Fomitopsidaceae,Polyporales,Threatened - Poorly Sampled,1,1,10
urn:lsid:dyntaxa.se:Taxon:249178,Formica bruni,species,VU,Formicidae,Hymenoptera,Threatened - Poorly Sampled,1,1,6
urn:lsid:dyntaxa.se:Taxon:660,Fossombronia incurva,species,VU,Codoniaceae,Metzgeriales,Threatened - Poorly Sampled,1,1,14
urn:lsid:dyntaxa.se:Taxon:662,Frullania bolanderi,species,VU,Frullaniaceae,Jungermanniales,Threatened - Poorly Sampled,1,1,1
urn:lsid:dyntaxa.se:Taxon:217841,Funiculina quadrangularis,species,VU,Funiculinidae,Pennatulacea,Threatened - Poorly Sampled,1,1,82
urn:lsid:dyntaxa.se:Taxon:2583,Fuscocephaloziopsis affinis,species,VU,Cephaloziaceae,Jungermanniales,Threatened - Poorly Sampled,1,1,86
urn:lsid:dyntaxa.se:Taxon:102244,Gabrius bescidicus,species,VU,Staphylinidae,Coleoptera,Threatened - Poorly Sampled,1,1,2
urn:lsid:dyntaxa.se:Taxon:206142,Gadus morhua,species,VU,Gadidae,Gadiformes,Threatened - Poorly Sampled,1,1,22528
urn:lsid:dyntaxa.se:Taxon:102835,Galathea nexa,species,VU,Galatheidae,Decapoda,Threatened - Poorly Sampled,1,1,39
urn:lsid:dyntaxa.se:Taxon:100984,Galeatus spinifrons,species,VU,Tingidae,Hemiptera,Threatened - Poorly Sampled,1,1,1
urn:lsid:dyntaxa.se:Taxon:669,Galeopsis angustifolia,species,VU,Lamiaceae,Lamiales,Threatened - Poorly Sampled,1,1,541
urn:lsid:dyntaxa.se:Taxon:206281,Galeorhinus galeus,species,VU,Triakidae,Carcharhiniformes,Threatened - Poorly Sampled,1,1,5
urn:lsid:dyntaxa.se:Taxon:212751,Galeruca interrupta,species,VU,Chrysomelidae,Coleoptera,Threatened - Poorly Sampled,1,1,63
urn:lsid:dyntaxa.se:Taxon:100987,Galeruca melanocephala,species,VU,Chrysomelidae,Coleoptera,Threatened - Poorly Sampled,1,1,9
urn:lsid:dyntaxa.se:Taxon:671,Galium rotundifolium,species,VU,Rubiaceae,Gentianales,Threatened - Poorly Sampled,1,1,950
urn:lsid:dyntaxa.se:Taxon:4181,Ganoderma adspersum,species,VU,Polyporaceae,Polyporales,Threatened - Poorly Sampled,1,1,180
urn:lsid:dyntaxa.se:Taxon:251350,Gasteruption minutum,species,VU,Gasteruptiidae,Hymenoptera,Threatened - Not in GBIF,,,
urn:lsid:dyntaxa.se:Taxon:6008041,Gasteruption opacum,species,VU,Gasteruptiidae,Hymenoptera,Threatened - Poorly Sampled,1,1,3
urn:lsid:dyntaxa.se:Taxon:678,Gautieria graveolens s.lat.,speciesAggregate,VU,Gomphaceae,Gomphales,Threatened - Poorly Sampled,1,1,9
urn:lsid:dyntaxa.se:Taxon:683,Geastrum floriforme,species,VU,Geastraceae,Geastrales,Threatened - Poorly Sampled,1,1,225
urn:lsid:dyntaxa.se:Taxon:685,Geastrum minimum s. lat.,speciesAggregate,VU,Geastraceae,Geastrales,Threatened - Poorly Sampled,1,1,330
urn:lsid:dyntaxa.se:Taxon:686,Geastrum pseudolimbatum,species,VU,Geastraceae,Geastrales,Threatened - Not in GBIF,,,
urn:lsid:dyntaxa.se:Taxon:102724,Genaxinus eumyarius,species,VU,Thyasiridae,Lucinida,Threatened - Poorly Sampled,1,1,1
urn:lsid:dyntaxa.se:Taxon:693,Genista tinctoria,species,VU,Fabaceae,Fabales,Threatened - Poorly Sampled,1,1,1556
urn:lsid:dyntaxa.se:Taxon:224124,Genista tinctoria subsp. tinctoria,subspecies,VU,Fabaceae,Fabales,Threatened - Poorly Sampled,1,1,1556
urn:lsid:dyntaxa.se:Taxon:696,Gentianella aurea,species,VU,Gentianaceae,Gentianales,Threatened - Poorly Sampled,1,1,247
urn:lsid:dyntaxa.se:Taxon:703,Geoglossum hakelieri,species,VU,Geoglossaceae,Geoglossales,Threatened - Poorly Sampled,1,1,23
urn:lsid:dyntaxa.se:Taxon:2011,Geoglossum littorale,species,VU,Geoglossaceae,Geoglossales,Threatened - Not in GBIF,,,
urn:lsid:dyntaxa.se:Taxon:2012,Geopora cooperi,species,VU,Pyronemataceae,Pezizales,Threatened - Poorly Sampled,1,1,11
urn:lsid:dyntaxa.se:Taxon:712,Glaucium flavum,species,VU,Papaveraceae,Ranunculales,Threatened - Poorly Sampled,1,1,745
urn:lsid:dyntaxa.se:Taxon:859,Gloeohypochnicium analogum,species,VU,"Russulales, genera incertae sedis",Russulales,Threatened - Poorly Sampled,1,1,50
urn:lsid:dyntaxa.se:Taxon:715,Gloeoporus pannocinctus,species,VU,Irpicaceae,Polyporales,Threatened - Poorly Sampled,1,1,339
urn:lsid:dyntaxa.se:Taxon:717,Gloiodon strigosus,species,VU,Bondarzewiaceae,Russulales,Threatened - Poorly Sampled,1,1,509
urn:lsid:dyntaxa.se:Taxon:4399,Gloioxanthomyces vitellinus,species,VU,"Agaricales, genera incertae sedis",Agaricales,Threatened - Poorly Sampled,1,1,23
urn:lsid:dyntaxa.se:Taxon:221660,Glyceria declinata,species,VU,Poaceae,Poales,Threatened - Poorly Sampled,1,1,1936
urn:lsid:dyntaxa.se:Taxon:221660,Glyceria declinata,species,VU,Poaceae,Poales,Threatened - Poorly Sampled,1,1,19
urn:lsid:dyntaxa.se:Taxon:718,Glyceria lithuanica,species,VU,Poaceae,Poales,Threatened - Poorly Sampled,1,1,661
urn:lsid:dyntaxa.se:Taxon:102446,Gnorimoschema herbichi,species,VU,Gelechiidae,Lepidoptera,Threatened - Not in GBIF,,,
urn:lsid:dyntaxa.se:Taxon:101001,Gnorimoschema valesiellum,species,VU,Gelechiidae,Lepidoptera,Threatened - Not in GBIF,,,
urn:lsid:dyntaxa.se:Taxon:720,Gomphus clavatus,species,VU,Gomphaceae,Gomphales,Threatened - Poorly Sampled,1,1,3878
urn:lsid:dyntaxa.se:Taxon:220787,Goodyera repens,species,VU,Orchidaceae,Asparagales,Threatened - Poorly Sampled,1,1,105392
urn:lsid:dyntaxa.se:Taxon:100775,Grapholita caecana,species,VU,Tortricidae,Lepidoptera,Threatened - Poorly Sampled,1,1,11
urn:lsid:dyntaxa.se:Taxon:1818,Gregorella humida,species,VU,Arctomiaceae,Baeomycetales,Threatened - Poorly Sampled,1,1,57
urn:lsid:dyntaxa.se:Taxon:2492,Grimmia alpestris,species,VU,Grimmiaceae,Grimmiales,Threatened - Poorly Sampled,1,1,21
urn:lsid:dyntaxa.se:Taxon:724,Grimmia atrata,species,VU,Grimmiaceae,Grimmiales,Threatened - Poorly Sampled,1,1,52
urn:lsid:dyntaxa.se:Taxon:1762,Grimmia tergestina,species,VU,Grimmiaceae,Grimmiales,Threatened - Poorly Sampled,1,1,173
urn:lsid:dyntaxa.se:Taxon:101009,Gronops lunatus,species,VU,Curculionidae,Coleoptera,Threatened - Poorly Sampled,1,1,116
urn:lsid:dyntaxa.se:Taxon:101012,Grypus brunnirostris,species,VU,Erirhinidae,Coleoptera,Threatened - Poorly Sampled,1,1,8
urn:lsid:dyntaxa.se:Taxon:218153,Gulenia borealis,species,VU,Coryphellidae,Nudibranchia,Threatened - Not in GBIF,,,
urn:lsid:dyntaxa.se:Taxon:6033041,Gulenia monicae,species,VU,Coryphellidae,Nudibranchia,Threatened - Not in GBIF,,,
urn:lsid:dyntaxa.se:Taxon:100066,Gulo gulo,species,VU,Mustelidae,Carnivora,Threatened - Poorly Sampled,1,1,2145
urn:lsid:dyntaxa.se:Taxon:1144,Gyalecta carneola,species,VU,Gyalectaceae,Ostropales,Threatened - Not in GBIF,,,
urn:lsid:dyntaxa.se:Taxon:734,Gyalecta flotowii,species,VU,Gyalectaceae,Ostropales,Threatened - Poorly Sampled,1,1,2137
urn:lsid:dyntaxa.se:Taxon:735,Gyalecta friesii,species,VU,Gyalectaceae,Ostropales,Threatened - Poorly Sampled,1,1,110
urn:lsid:dyntaxa.se:Taxon:737,Gyalecta truncigena,species,VU,Gyalectaceae,Ostropales,Threatened - Poorly Sampled,1,1,1473
urn:lsid:dyntaxa.se:Taxon:738,Gyalecta ulmi,species,VU,Gyalectaceae,Ostropales,Threatened - Poorly Sampled,1,1,5609
urn:lsid:dyntaxa.se:Taxon:1021,Gymnomitrion revolutum,species,VU,Gymnomitriaceae,Jungermanniales,Threatened - Poorly Sampled,1,1,16
urn:lsid:dyntaxa.se:Taxon:249379,Gymnopus brassicolens,species,VU,Omphalotaceae,Agaricales,Threatened - Poorly Sampled,1,1,29
urn:lsid:dyntaxa.se:Taxon:395,Gymnopus hariolorum,species,VU,Omphalotaceae,Agaricales,Threatened - Poorly Sampled,1,1,41
urn:lsid:dyntaxa.se:Taxon:750,Gyromitra sphaerospora,species,VU,Discinaceae,Pezizales,Threatened - Poorly Sampled,1,1,46
urn:lsid:dyntaxa.se:Taxon:252386,Gyromitra splendida,species,VU,Discinaceae,Pezizales,Threatened - Poorly Sampled,1,1,66
urn:lsid:dyntaxa.se:Taxon:101030,Hadena filograna,species,VU,Noctuidae,Lepidoptera,Threatened - Poorly Sampled,1,1,150
urn:lsid:dyntaxa.se:Taxon:250163,Hadena filograna estonica,subspecies,VU,Noctuidae,Lepidoptera,Threatened - Poorly Sampled,1,1,150
urn:lsid:dyntaxa.se:Taxon:250164,Hadena filograna xanthocyanea,subspecies,VU,Noctuidae,Lepidoptera,Threatened - Poorly Sampled,1,1,150
urn:lsid:dyntaxa.se:Taxon:102449,Hadena irregularis,species,VU,Noctuidae,Lepidoptera,Threatened - Poorly Sampled,1,1,103
urn:lsid:dyntaxa.se:Taxon:216169,Hadena perplexa,species,VU,Noctuidae,Lepidoptera,Threatened - Poorly Sampled,1,1,1776
urn:lsid:dyntaxa.se:Taxon:101032,Hadrobregmus confusus,species,VU,Ptinidae,Coleoptera,Threatened - Poorly Sampled,1,1,74
urn:lsid:dyntaxa.se:Taxon:102082,Haematopota subcylindrica,species,VU,Tabanidae,Diptera,Threatened - Poorly Sampled,1,1,13
urn:lsid:dyntaxa.se:Taxon:753,Halimione pedunculata,species,VU,Amaranthaceae,Caryophyllales,Threatened - Poorly Sampled,1,1,1323
urn:lsid:dyntaxa.se:Taxon:217847,Halipteris finmarchica,species,VU,Halipteridae,Pennatulacea,Threatened - Not in GBIF,,,
urn:lsid:dyntaxa.se:Taxon:6040095,"Hamatocaulis vernicosus, southern cryptic species",unranked,VU,Calliergonaceae,Hypnales,Threatened - Not in GBIF,,,
urn:lsid:dyntaxa.se:Taxon:101037,Hamearis lucina,species,VU,Riodinidae,Lepidoptera,Threatened - Poorly Sampled,1,1,1475
urn:lsid:dyntaxa.se:Taxon:102913,Hanleya hanleyi,species,VU,Hanleyidae,Lepidopleurida,Threatened - Poorly Sampled,1,1,85
urn:lsid:dyntaxa.se:Taxon:760,Haploporus odorus,species,VU,Polyporaceae,Polyporales,Threatened - Poorly Sampled,1,1,6823
urn:lsid:dyntaxa.se:Taxon:101048,Harpalus froelichii,species,VU,Carabidae,Coleoptera,Threatened - Poorly Sampled,1,1,153
urn:lsid:dyntaxa.se:Taxon:102262,Harpalus luteicornis,species,VU,Carabidae,Coleoptera,Threatened - Poorly Sampled,1,1,11
urn:lsid:dyntaxa.se:Taxon:101051,Harpalus melancholicus,species,VU,Carabidae,Coleoptera,Threatened - Poorly Sampled,1,1,121
urn:lsid:dyntaxa.se:Taxon:102265,Harpalus picipennis,species,VU,Carabidae,Coleoptera,Threatened - Poorly Sampled,1,1,125
urn:lsid:dyntaxa.se:Taxon:102266,Harpalus subcylindricus,species,VU,Carabidae,Coleoptera,Threatened - Poorly Sampled,1,1,90
urn:lsid:dyntaxa.se:Taxon:848,Hastodontia halonata,species,VU,Hymenochaetaceae,Hymenochaetales,Threatened - Poorly Sampled,1,1,5
urn:lsid:dyntaxa.se:Taxon:102852,Hathrometra tenella,species,VU,Antedonidae,Comatulida,Threatened - Poorly Sampled,1,1,47
urn:lsid:dyntaxa.se:Taxon:102852,Hathrometra tenella,species,VU,Antedonidae,Comatulida,Threatened - Poorly Sampled,1,1,116
urn:lsid:dyntaxa.se:Taxon:6006182,Hedwigia striata,species,VU,Hedwigiaceae,Hedwigiales,Threatened - Poorly Sampled,1,1,9
urn:lsid:dyntaxa.se:Taxon:224417,Helianthemum nummularium subsp. obscurum,subspecies,VU,Cistaceae,Malvales,Threatened - Poorly Sampled,1,1,17402
urn:lsid:dyntaxa.se:Taxon:762,Helichrysum arenarium,species,VU,Asteraceae,Asterales,Threatened - Poorly Sampled,1,1,6735
urn:lsid:dyntaxa.se:Taxon:102451,Heliodines roesella,species,VU,Heliodinidae,Lepidoptera,Threatened - Poorly Sampled,1,1,537
urn:lsid:dyntaxa.se:Taxon:101057,Heliothis viriplaca,species,VU,Noctuidae,Lepidoptera,Threatened - Poorly Sampled,1,1,410
urn:lsid:dyntaxa.se:Taxon:101059,Helophorus redtenbacheri,species,VU,Helophoridae,Coleoptera,Threatened - Not in GBIF,,,
urn:lsid:dyntaxa.se:Taxon:79,Helosciadium inundatum,species,VU,Apiaceae,Apiales,Threatened - Poorly Sampled,1,1,1657
urn:lsid:dyntaxa.se:Taxon:767,Helvella lactea,species,VU,Helvellaceae,Pezizales,Threatened - Poorly Sampled,1,1,14
urn:lsid:dyntaxa.se:Taxon:154,Hemileccinum impolitum,species,VU,Boletaceae,Boletales,Threatened - Poorly Sampled,1,1,369
urn:lsid:dyntaxa.se:Taxon:218203,Hermaea bifida,species,VU,Hermaeidae,"",Threatened - Poorly Sampled,1,1,8
urn:lsid:dyntaxa.se:Taxon:770,Herminium monorchis,species,VU,Orchidaceae,Asparagales,Threatened - Poorly Sampled,1,1,4876
urn:lsid:dyntaxa.se:Taxon:218167,Hero formosa,species,VU,Heroidae,Nudibranchia,Threatened - Poorly Sampled,1,1,50
urn:lsid:dyntaxa.se:Taxon:232265,Hesperia comma catena,subspecies,VU,Hesperiidae,Lepidoptera,Threatened - Poorly Sampled,1,1,8753
urn:lsid:dyntaxa.se:Taxon:101072,Heterocordylus leptocerus,species,VU,Miridae,Hemiptera,Threatened - Not in GBIF,,,
urn:lsid:dyntaxa.se:Taxon:772,Heterodermia speciosa,species,VU,Physciaceae,Caliciales,Threatened - Poorly Sampled,1,1,345
urn:lsid:dyntaxa.se:Taxon:215744,Heterothera serraria,species,VU,Geometridae,Lepidoptera,Threatened - Poorly Sampled,1,1,164
urn:lsid:dyntaxa.se:Taxon:231479,Hieracium accrescens,species,VU,Asteraceae,Asterales,Threatened - Poorly Sampled,1,1,13
urn:lsid:dyntaxa.se:Taxon:231480,Hieracium acidotum,species,VU,Asteraceae,Asterales,Threatened - Not in GBIF,,,
urn:lsid:dyntaxa.se:Taxon:231484,Hieracium acudentulum,species,VU,Asteraceae,Asterales,Threatened - Poorly Sampled,1,1,16
urn:lsid:dyntaxa.se:Taxon:231190,Hieracium adampliatum,species,VU,Asteraceae,Asterales,Threatened - Poorly Sampled,1,1,61
urn:lsid:dyntaxa.se:Taxon:231191,Hieracium adiposum,species,VU,Asteraceae,Asterales,Threatened - Poorly Sampled,1,1,43
urn:lsid:dyntaxa.se:Taxon:231490,Hieracium aethalodes,species,VU,Asteraceae,Asterales,Threatened - Poorly Sampled,1,1,17
urn:lsid:dyntaxa.se:Taxon:231494,Hieracium albiduliforme,species,VU,Asteraceae,Asterales,Threatened - Poorly Sampled,1,1,27
urn:lsid:dyntaxa.se:Taxon:231497,Hieracium albovittatum,species,VU,Asteraceae,Asterales,Threatened - Poorly Sampled,1,1,59
urn:lsid:dyntaxa.se:Taxon:231497,Hieracium albovittatum,species,VU,Asteraceae,Asterales,Threatened - Poorly Sampled,1,1,13
urn:lsid:dyntaxa.se:Taxon:251276,Hieracium argentarium,species,VU,Asteraceae,Asterales,Threatened - Poorly Sampled,1,1,12
urn:lsid:dyntaxa.se:Taxon:251279,Hieracium arnoldii,species,VU,Asteraceae,Asterales,Threatened - Poorly Sampled,1,1,41
urn:lsid:dyntaxa.se:Taxon:231531,Hieracium asemum,species,VU,Asteraceae,Asterales,Threatened - Poorly Sampled,1,1,13
urn:lsid:dyntaxa.se:Taxon:251277,Hieracium askii,species,VU,Asteraceae,Asterales,Threatened - Poorly Sampled,1,1,31
urn:lsid:dyntaxa.se:Taxon:231532,Hieracium asteroloma,species,VU,Asteraceae,Asterales,Threatened - Poorly Sampled,1,1,6
urn:lsid:dyntaxa.se:Taxon:231533,Hieracium aterrimum,species,VU,Asteraceae,Asterales,Threatened - Poorly Sampled,1,1,42
urn:lsid:dyntaxa.se:Taxon:231216,Hieracium barrimum,species,VU,Asteraceae,Asterales,Threatened - Poorly Sampled,1,1,6
urn:lsid:dyntaxa.se:Taxon:231216,Hieracium barrimum,species,VU,Asteraceae,Asterales,Threatened - Poorly Sampled,1,1,42
urn:lsid:dyntaxa.se:Taxon:231548,Hieracium bergstroemii,species,VU,Asteraceae,Asterales,Threatened - Poorly Sampled,1,1,9
urn:lsid:dyntaxa.se:Taxon:231550,Hieracium bicurvum,species,VU,Asteraceae,Asterales,Threatened - Poorly Sampled,1,1,18
urn:lsid:dyntaxa.se:Taxon:231221,Hieracium bogense,species,VU,Asteraceae,Asterales,Threatened - Poorly Sampled,1,1,34
urn:lsid:dyntaxa.se:Taxon:231554,Hieracium brachythysanum,species,VU,Asteraceae,Asterales,Threatened - Poorly Sampled,1,1,34
urn:lsid:dyntaxa.se:Taxon:231226,Hieracium caespiticola,species,VU,Asteraceae,Asterales,Threatened - Poorly Sampled,1,1,2
urn:lsid:dyntaxa.se:Taxon:231568,Hieracium caliginosum,species,VU,Asteraceae,Asterales,Threatened - Poorly Sampled,1,1,165
urn:lsid:dyntaxa.se:Taxon:231569,Hieracium calliglaucum,species,VU,Asteraceae,Asterales,Threatened - Poorly Sampled,1,1,41
urn:lsid:dyntaxa.se:Taxon:231228,Hieracium campylodon,species,VU,Asteraceae,Asterales,Threatened - Poorly Sampled,1,1,45
urn:lsid:dyntaxa.se:Taxon:231576,Hieracium canitiosum,species,VU,Asteraceae,Asterales,Threatened - Poorly Sampled,1,1,47
urn:lsid:dyntaxa.se:Taxon:231230,Hieracium canovittatum,species,VU,Asteraceae,Asterales,Threatened - Poorly Sampled,1,1,27
urn:lsid:dyntaxa.se:Taxon:231231,Hieracium carnosiceps,species,VU,Asteraceae,Asterales,Threatened - Poorly Sampled,1,1,22
urn:lsid:dyntaxa.se:Taxon:231232,Hieracium causiatum,species,VU,Asteraceae,Asterales,Threatened - Poorly Sampled,1,1,18
urn:lsid:dyntaxa.se:Taxon:231234,Hieracium chloocranum,species,VU,Asteraceae,Asterales,Threatened - Poorly Sampled,1,1,16
urn:lsid:dyntaxa.se:Taxon:231236,Hieracium chloroleucum,species,VU,Asteraceae,Asterales,Threatened - Poorly Sampled,1,1,11
urn:lsid:dyntaxa.se:Taxon:231592,Hieracium chloromaurum,species,VU,Asteraceae,Asterales,Threatened - Poorly Sampled,1,1,44
urn:lsid:dyntaxa.se:Taxon:231238,Hieracium chrysophorum,species,VU,Asteraceae,Asterales,Threatened - Poorly Sampled,1,1,14
urn:lsid:dyntaxa.se:Taxon:231599,Hieracium cinereotectum,species,VU,Asteraceae,Asterales,Threatened - Poorly Sampled,1,1,40
urn:lsid:dyntaxa.se:Taxon:231604,Hieracium comanticeps,species,VU,Asteraceae,Asterales,Threatened - Poorly Sampled,1,1,15
urn:lsid:dyntaxa.se:Taxon:231239,Hieracium complexum,species,VU,Asteraceae,Asterales,Threatened - Poorly Sampled,1,1,12
urn:lsid:dyntaxa.se:Taxon:231243,Hieracium coniceps,species,VU,Asteraceae,Asterales,Threatened - Poorly Sampled,1,1,23
urn:lsid:dyntaxa.se:Taxon:231243,Hieracium coniceps,species,VU,Asteraceae,Asterales,Threatened - Poorly Sampled,1,1,2
urn:lsid:dyntaxa.se:Taxon:231245,Hieracium conspectum,species,VU,Asteraceae,Asterales,Threatened - Poorly Sampled,1,1,32
urn:lsid:dyntaxa.se:Taxon:231619,Hieracium crenosum,species,VU,Asteraceae,Asterales,Threatened - Poorly Sampled,1,1,26
urn:lsid:dyntaxa.se:Taxon:231250,Hieracium cunctans,species,VU,Asteraceae,Asterales,Threatened - Poorly Sampled,1,1,81
urn:lsid:dyntaxa.se:Taxon:231631,Hieracium dalecarlicum,species,VU,Asteraceae,Asterales,Threatened - Poorly Sampled,1,1,35
urn:lsid:dyntaxa.se:Taxon:231634,Hieracium dasytomum,species,VU,Asteraceae,Asterales,Threatened - Poorly Sampled,1,1,20
urn:lsid:dyntaxa.se:Taxon:231636,Hieracium decorans,species,VU,Asteraceae,Asterales,Threatened - Poorly Sampled,1,1,11
urn:lsid:dyntaxa.se:Taxon:231645,Hieracium dentifolium,species,VU,Asteraceae,Asterales,Threatened - Poorly Sampled,1,1,156
urn:lsid:dyntaxa.se:Taxon:6033367,Hieracium depilatiforme,species,VU,Asteraceae,Asterales,Threatened - Poorly Sampled,1,1,1
urn:lsid:dyntaxa.se:Taxon:266140,Hieracium diodontum,species,VU,Asteraceae,Asterales,Threatened - Poorly Sampled,1,1,21
urn:lsid:dyntaxa.se:Taxon:231649,Hieracium diphyllum,species,VU,Asteraceae,Asterales,Threatened - Poorly Sampled,1,1,18
urn:lsid:dyntaxa.se:Taxon:231264,Hieracium dolichorhachis,species,VU,Asteraceae,Asterales,Threatened - Poorly Sampled,1,1,31
urn:lsid:dyntaxa.se:Taxon:267051,Hieracium drimyodon,species,VU,Asteraceae,Asterales,Threatened - Poorly Sampled,1,1,8
urn:lsid:dyntaxa.se:Taxon:231657,Hieracium durum,species,VU,Asteraceae,Asterales,Threatened - Poorly Sampled,1,1,16
urn:lsid:dyntaxa.se:Taxon:231266,Hieracium ebenarium,species,VU,Asteraceae,Asterales,Threatened - Poorly Sampled,1,1,11
urn:lsid:dyntaxa.se:Taxon:231267,Hieracium epicrocifolium,species,VU,Asteraceae,Asterales,Threatened - Poorly Sampled,1,1,11
urn:lsid:dyntaxa.se:Taxon:231269,Hieracium erithallum,species,VU,Asteraceae,Asterales,Threatened - Poorly Sampled,1,1,19
urn:lsid:dyntaxa.se:Taxon:231668,Hieracium eumeces,species,VU,Asteraceae,Asterales,Threatened - Poorly Sampled,1,1,28
urn:lsid:dyntaxa.se:Taxon:231274,Hieracium exsulans,species,VU,Asteraceae,Asterales,Threatened - Poorly Sampled,1,1,24
urn:lsid:dyntaxa.se:Taxon:266130,Hieracium falcifolium,species,VU,Asteraceae,Asterales,Threatened - Poorly Sampled,1,1,11
urn:lsid:dyntaxa.se:Taxon:231677,Hieracium farinaceum,species,VU,Asteraceae,Asterales,Threatened - Poorly Sampled,1,1,13
urn:lsid:dyntaxa.se:Taxon:231280,Hieracium fraudulentum,species,VU,Asteraceae,Asterales,Threatened - Poorly Sampled,1,1,8
urn:lsid:dyntaxa.se:Taxon:231690,Hieracium gerontocephalum,species,VU,Asteraceae,Asterales,Threatened - Poorly Sampled,1,1,11
urn:lsid:dyntaxa.se:Taxon:231692,Hieracium glandulosissimum,species,VU,Asteraceae,Asterales,Threatened - Poorly Sampled,1,1,95
urn:lsid:dyntaxa.se:Taxon:251462,Hieracium gracilifrons,species,VU,Asteraceae,Asterales,Threatened - Not in GBIF,,,
urn:lsid:dyntaxa.se:Taxon:231697,Hieracium grandifoliatum,species,VU,Asteraceae,Asterales,Threatened - Poorly Sampled,1,1,42
urn:lsid:dyntaxa.se:Taxon:231702,Hieracium guttatifrons,species,VU,Asteraceae,Asterales,Threatened - Poorly Sampled,1,1,8
urn:lsid:dyntaxa.se:Taxon:231288,Hieracium hemidiaphanum,species,VU,Asteraceae,Asterales,Threatened - Poorly Sampled,1,1,30
urn:lsid:dyntaxa.se:Taxon:6021640,Hieracium hemimaculatum,species,VU,Asteraceae,Asterales,Threatened - Poorly Sampled,1,1,11
urn:lsid:dyntaxa.se:Taxon:266128,Hieracium hilare,species,VU,Asteraceae,Asterales,Threatened - Poorly Sampled,1,1,12
urn:lsid:dyntaxa.se:Taxon:231717,Hieracium hypomallum,species,VU,Asteraceae,Asterales,Threatened - Poorly Sampled,1,1,25
urn:lsid:dyntaxa.se:Taxon:231291,Hieracium hypoprasinum,species,VU,Asteraceae,Asterales,Threatened - Poorly Sampled,1,1,9
urn:lsid:dyntaxa.se:Taxon:231722,Hieracium incrassans,species,VU,Asteraceae,Asterales,Threatened - Poorly Sampled,1,1,47
urn:lsid:dyntaxa.se:Taxon:231722,Hieracium incrassans,species,VU,Asteraceae,Asterales,Threatened - Poorly Sampled,1,1,42
urn:lsid:dyntaxa.se:Taxon:231298,Hieracium insertum,species,VU,Asteraceae,Asterales,Threatened - Poorly Sampled,1,1,27
urn:lsid:dyntaxa.se:Taxon:231727,Hieracium integratifrons,species,VU,Asteraceae,Asterales,Threatened - Poorly Sampled,1,1,66
urn:lsid:dyntaxa.se:Taxon:231730,Hieracium intercedens,species,VU,Asteraceae,Asterales,Threatened - Poorly Sampled,1,1,18
urn:lsid:dyntaxa.se:Taxon:231302,Hieracium isonomoum,species,VU,Asteraceae,Asterales,Threatened - Poorly Sampled,1,1,3
urn:lsid:dyntaxa.se:Taxon:231737,Hieracium itharophyton,species,VU,Asteraceae,Asterales,Threatened - Poorly Sampled,1,1,20
urn:lsid:dyntaxa.se:Taxon:231742,Hieracium juelii,species,VU,Asteraceae,Asterales,Threatened - Poorly Sampled,1,1,32
urn:lsid:dyntaxa.se:Taxon:231742,Hieracium juelii,species,VU,Asteraceae,Asterales,Threatened - Poorly Sampled,1,1,1
urn:lsid:dyntaxa.se:Taxon:231306,Hieracium kemiticum,species,VU,Asteraceae,Asterales,Threatened - Not in GBIF,,,
urn:lsid:dyntaxa.se:Taxon:231307,Hieracium koepingense,species,VU,Asteraceae,Asterales,Threatened - Poorly Sampled,1,1,10
urn:lsid:dyntaxa.se:Taxon:231752,Hieracium latidens,species,VU,Asteraceae,Asterales,Threatened - Poorly Sampled,1,1,3
urn:lsid:dyntaxa.se:Taxon:231312,Hieracium leiocranum,species,VU,Asteraceae,Asterales,Threatened - Poorly Sampled,1,1,17
urn:lsid:dyntaxa.se:Taxon:231760,Hieracium leurolonchum,species,VU,Asteraceae,Asterales,Threatened - Poorly Sampled,1,1,7
urn:lsid:dyntaxa.se:Taxon:266283,Hieracium luculentorum,species,VU,Asteraceae,Asterales,Threatened - Poorly Sampled,1,1,15
urn:lsid:dyntaxa.se:Taxon:231324,Hieracium ludoviciense,species,VU,Asteraceae,Asterales,Threatened - Poorly Sampled,1,1,18
urn:lsid:dyntaxa.se:Taxon:231326,Hieracium lugubre,species,VU,Asteraceae,Asterales,Threatened - Poorly Sampled,1,1,158
urn:lsid:dyntaxa.se:Taxon:231771,Hieracium luzuleti,species,VU,Asteraceae,Asterales,Threatened - Poorly Sampled,1,1,5
urn:lsid:dyntaxa.se:Taxon:231779,Hieracium macrurum,species,VU,Asteraceae,Asterales,Threatened - Poorly Sampled,1,1,9
urn:lsid:dyntaxa.se:Taxon:6021641,Hieracium maculato-ornatum,species,VU,Asteraceae,Asterales,Threatened - Poorly Sampled,1,1,16
urn:lsid:dyntaxa.se:Taxon:231332,Hieracium malacophyllum,species,VU,Asteraceae,Asterales,Threatened - Poorly Sampled,1,1,19
urn:lsid:dyntaxa.se:Taxon:231787,Hieracium mallopodum,species,VU,Asteraceae,Asterales,Threatened - Poorly Sampled,1,1,47
urn:lsid:dyntaxa.se:Taxon:231790,Hieracium manotrichum,species,VU,Asteraceae,Asterales,Threatened - Poorly Sampled,1,1,16
urn:lsid:dyntaxa.se:Taxon:231795,Hieracium maurostylum,species,VU,Asteraceae,Asterales,Threatened - Poorly Sampled,1,1,11
urn:lsid:dyntaxa.se:Taxon:231796,Hieracium mediiforme,species,VU,Asteraceae,Asterales,Threatened - Poorly Sampled,1,1,23
urn:lsid:dyntaxa.se:Taxon:231339,Hieracium metaliceps,species,VU,Asteraceae,Asterales,Threatened - Poorly Sampled,1,1,33
urn:lsid:dyntaxa.se:Taxon:231802,Hieracium microcodon,species,VU,Asteraceae,Asterales,Threatened - Poorly Sampled,1,1,25
urn:lsid:dyntaxa.se:Taxon:231813,Hieracium mucroniferum,species,VU,Asteraceae,Asterales,Threatened - Poorly Sampled,1,1,10
urn:lsid:dyntaxa.se:Taxon:231818,Hieracium myrtillinum,species,VU,Asteraceae,Asterales,Threatened - Poorly Sampled,1,1,5
urn:lsid:dyntaxa.se:Taxon:231345,Hieracium naevosiforme,species,VU,Asteraceae,Asterales,Threatened - Poorly Sampled,1,1,21
urn:lsid:dyntaxa.se:Taxon:231823,Hieracium neoserratifrons,species,VU,Asteraceae,Asterales,Threatened - Poorly Sampled,1,1,110
urn:lsid:dyntaxa.se:Taxon:231826,Hieracium nigricanticeps,species,VU,Asteraceae,Asterales,Threatened - Poorly Sampled,1,1,31
urn:lsid:dyntaxa.se:Taxon:231840,Hieracium obellipticum,species,VU,Asteraceae,Asterales,Threatened - Poorly Sampled,1,1,10
urn:lsid:dyntaxa.se:Taxon:231350,Hieracium obrigens,species,VU,Asteraceae,Asterales,Threatened - Poorly Sampled,1,1,11
urn:lsid:dyntaxa.se:Taxon:231848,Hieracium obtusoserratum,species,VU,Asteraceae,Asterales,Threatened - Poorly Sampled,1,1,60
urn:lsid:dyntaxa.se:Taxon:251464,Hieracium oestmanii,species,VU,Asteraceae,Asterales,Threatened - Poorly Sampled,1,1,1
urn:lsid:dyntaxa.se:Taxon:231352,Hieracium oinopolepis,species,VU,Asteraceae,Asterales,Threatened - Poorly Sampled,1,1,42
urn:lsid:dyntaxa.se:Taxon:231860,Hieracium oligopolium,species,VU,Asteraceae,Asterales,Threatened - Poorly Sampled,1,1,19
urn:lsid:dyntaxa.se:Taxon:231864,Hieracium opeatodontum,species,VU,Asteraceae,Asterales,Threatened - Poorly Sampled,1,1,80
urn:lsid:dyntaxa.se:Taxon:231359,Hieracium opochlorum,species,VU,Asteraceae,Asterales,Threatened - Poorly Sampled,1,1,9
urn:lsid:dyntaxa.se:Taxon:231363,Hieracium orsense,species,VU,Asteraceae,Asterales,Threatened - Poorly Sampled,1,1,14
urn:lsid:dyntaxa.se:Taxon:231364,Hieracium orthocolon,species,VU,Asteraceae,Asterales,Threatened - Poorly Sampled,1,1,18
urn:lsid:dyntaxa.se:Taxon:231365,Hieracium paeminosum,species,VU,Asteraceae,Asterales,Threatened - Poorly Sampled,1,1,34
urn:lsid:dyntaxa.se:Taxon:231895,Hieracium perexpansum,species,VU,Asteraceae,Asterales,Threatened - Poorly Sampled,1,1,20
urn:lsid:dyntaxa.se:Taxon:231370,Hieracium pexum,species,VU,Asteraceae,Asterales,Threatened - Poorly Sampled,1,1,36
urn:lsid:dyntaxa.se:Taxon:231371,Hieracium phaedrophyllum,species,VU,Asteraceae,Asterales,Threatened - Poorly Sampled,1,1,45
urn:lsid:dyntaxa.se:Taxon:231372,Hieracium phaeodermum,species,VU,Asteraceae,Asterales,Threatened - Poorly Sampled,1,1,14
urn:lsid:dyntaxa.se:Taxon:231374,Hieracium phaliotrichum,species,VU,Asteraceae,Asterales,Threatened - Poorly Sampled,1,1,11
urn:lsid:dyntaxa.se:Taxon:231375,Hieracium pholidotum,species,VU,Asteraceae,Asterales,Threatened - Poorly Sampled,1,1,24
urn:lsid:dyntaxa.se:Taxon:231376,Hieracium phrygionium,species,VU,Asteraceae,Asterales,Threatened - Poorly Sampled,1,1,6
urn:lsid:dyntaxa.se:Taxon:231913,Hieracium platyanthelum,species,VU,Asteraceae,Asterales,Threatened - Poorly Sampled,1,1,5
urn:lsid:dyntaxa.se:Taxon:231923,Hieracium polycritum,species,VU,Asteraceae,Asterales,Threatened - Poorly Sampled,1,1,2
urn:lsid:dyntaxa.se:Taxon:231930,Hieracium porphyrostictum,species,VU,Asteraceae,Asterales,Threatened - Poorly Sampled,1,1,10
urn:lsid:dyntaxa.se:Taxon:266118,Hieracium praecellans,species,VU,Asteraceae,Asterales,Threatened - Poorly Sampled,1,1,3
urn:lsid:dyntaxa.se:Taxon:231386,Hieracium praepilulatum,species,VU,Asteraceae,Asterales,Threatened - Poorly Sampled,1,1,57
urn:lsid:dyntaxa.se:Taxon:231387,Hieracium praeviride,species,VU,Asteraceae,Asterales,Threatened - Poorly Sampled,1,1,17
urn:lsid:dyntaxa.se:Taxon:251811,Hieracium praviforme,species,VU,Asteraceae,Asterales,Threatened - Not in GBIF,,,
urn:lsid:dyntaxa.se:Taxon:231937,Hieracium pravifrons,species,VU,Asteraceae,Asterales,Threatened - Poorly Sampled,1,1,33
urn:lsid:dyntaxa.se:Taxon:231391,Hieracium prolatescens,species,VU,Asteraceae,Asterales,Threatened - Poorly Sampled,1,1,24
urn:lsid:dyntaxa.se:Taxon:231944,Hieracium proversum,species,VU,Asteraceae,Asterales,Threatened - Poorly Sampled,1,1,25
urn:lsid:dyntaxa.se:Taxon:231951,Hieracium pseudolaeticeps,species,VU,Asteraceae,Asterales,Threatened - Poorly Sampled,1,1,22
urn:lsid:dyntaxa.se:Taxon:231394,Hieracium pseudoplicatum,species,VU,Asteraceae,Asterales,Threatened - Poorly Sampled,1,1,24
urn:lsid:dyntaxa.se:Taxon:231953,Hieracium pseudoringselense,species,VU,Asteraceae,Asterales,Threatened - Poorly Sampled,1,1,5
urn:lsid:dyntaxa.se:Taxon:231961,Hieracium ptilophorum,species,VU,Asteraceae,Asterales,Threatened - Poorly Sampled,1,1,16
urn:lsid:dyntaxa.se:Taxon:231962,Hieracium pulchriceps,species,VU,Asteraceae,Asterales,Threatened - Poorly Sampled,1,1,21
urn:lsid:dyntaxa.se:Taxon:231977,Hieracium remanens,species,VU,Asteraceae,Asterales,Threatened - Poorly Sampled,1,1,41
urn:lsid:dyntaxa.se:Taxon:231406,Hieracium retusulum,species,VU,Asteraceae,Asterales,Threatened - Poorly Sampled,1,1,4
urn:lsid:dyntaxa.se:Taxon:231407,Hieracium rhomboides,species,VU,Asteraceae,Asterales,Threatened - Poorly Sampled,1,1,25
urn:lsid:dyntaxa.se:Taxon:231981,Hieracium ringselense,species,VU,Asteraceae,Asterales,Threatened - Poorly Sampled,1,1,1
urn:lsid:dyntaxa.se:Taxon:231982,Hieracium ringsellei,species,VU,Asteraceae,Asterales,Threatened - Poorly Sampled,1,1,9
urn:lsid:dyntaxa.se:Taxon:231985,Hieracium ruminosiforme,species,VU,Asteraceae,Asterales,Threatened - Poorly Sampled,1,1,21
urn:lsid:dyntaxa.se:Taxon:231409,Hieracium saurotum,species,VU,Asteraceae,Asterales,Threatened - Poorly Sampled,1,1,12
urn:lsid:dyntaxa.se:Taxon:231413,Hieracium scotocranum,species,VU,Asteraceae,Asterales,Threatened - Poorly Sampled,1,1,16
urn:lsid:dyntaxa.se:Taxon:231414,Hieracium scytophyllum,species,VU,Asteraceae,Asterales,Threatened - Poorly Sampled,1,1,70
urn:lsid:dyntaxa.se:Taxon:231998,Hieracium seriflorum,species,VU,Asteraceae,Asterales,Threatened - Poorly Sampled,1,1,23
urn:lsid:dyntaxa.se:Taxon:232001,Hieracium silboënse,species,VU,Asteraceae,Asterales,Threatened - Not in GBIF,,,
urn:lsid:dyntaxa.se:Taxon:232002,Hieracium siliginellum,species,VU,Asteraceae,Asterales,Threatened - Poorly Sampled,1,1,22
urn:lsid:dyntaxa.se:Taxon:232003,Hieracium siliginosum,species,VU,Asteraceae,Asterales,Threatened - Poorly Sampled,1,1,6
urn:lsid:dyntaxa.se:Taxon:232008,Hieracium solanum,species,VU,Asteraceae,Asterales,Threatened - Poorly Sampled,1,1,8
urn:lsid:dyntaxa.se:Taxon:232011,Hieracium spanocomum,species,VU,Asteraceae,Asterales,Threatened - Poorly Sampled,1,1,2
urn:lsid:dyntaxa.se:Taxon:232016,Hieracium sparsiguttatum,species,VU,Asteraceae,Asterales,Threatened - Poorly Sampled,1,1,41
urn:lsid:dyntaxa.se:Taxon:231421,Hieracium spodoleucum,species,VU,Asteraceae,Asterales,Threatened - Poorly Sampled,1,1,44
urn:lsid:dyntaxa.se:Taxon:231425,Hieracium stibeophyllum,species,VU,Asteraceae,Asterales,Threatened - Poorly Sampled,1,1,23
urn:lsid:dyntaxa.se:Taxon:232040,Hieracium stymnophytum,species,VU,Asteraceae,Asterales,Threatened - Poorly Sampled,1,1,8
urn:lsid:dyntaxa.se:Taxon:231430,Hieracium subanfractum,species,VU,Asteraceae,Asterales,Threatened - Poorly Sampled,1,1,21
urn:lsid:dyntaxa.se:Taxon:267059,Hieracium subaustrinum,species,VU,Asteraceae,Asterales,Threatened - Not in GBIF,,,
urn:lsid:dyntaxa.se:Taxon:232044,Hieracium subciliatum,species,VU,Asteraceae,Asterales,Threatened - Poorly Sampled,1,1,45
urn:lsid:dyntaxa.se:Taxon:232047,Hieracium subcrassum,species,VU,Asteraceae,Asterales,Threatened - Poorly Sampled,1,1,60
urn:lsid:dyntaxa.se:Taxon:231434,Hieracium subedentulum,species,VU,Asteraceae,Asterales,Threatened - Poorly Sampled,1,1,4
urn:lsid:dyntaxa.se:Taxon:231435,Hieracium subglaucovirens,species,VU,Asteraceae,Asterales,Threatened - Poorly Sampled,1,1,102
urn:lsid:dyntaxa.se:Taxon:232049,Hieracium subhorizontale,species,VU,Asteraceae,Asterales,Threatened - Poorly Sampled,1,1,27
urn:lsid:dyntaxa.se:Taxon:231436,Hieracium subinquilinum,species,VU,Asteraceae,Asterales,Threatened - Poorly Sampled,1,1,46
urn:lsid:dyntaxa.se:Taxon:232052,Hieracium sublividum,species,VU,Asteraceae,Asterales,Threatened - Poorly Sampled,1,1,91
urn:lsid:dyntaxa.se:Taxon:232056,Hieracium subplumuligerum,species,VU,Asteraceae,Asterales,Threatened - Poorly Sampled,1,1,14
urn:lsid:dyntaxa.se:Taxon:251899,Hieracium subramosum,species,VU,Asteraceae,Asterales,Threatened - Poorly Sampled,1,1,37
urn:lsid:dyntaxa.se:Taxon:231446,Hieracium subterdentatum,species,VU,Asteraceae,Asterales,Threatened - Poorly Sampled,1,1,49
urn:lsid:dyntaxa.se:Taxon:232060,Hieracium subterscissum,species,VU,Asteraceae,Asterales,Threatened - Poorly Sampled,1,1,114
urn:lsid:dyntaxa.se:Taxon:232064,Hieracium subulicuspis,species,VU,Asteraceae,Asterales,Threatened - Poorly Sampled,1,1,12
urn:lsid:dyntaxa.se:Taxon:232068,Hieracium sudermannicum,species,VU,Asteraceae,Asterales,Threatened - Poorly Sampled,1,1,27
urn:lsid:dyntaxa.se:Taxon:231449,Hieracium suriforme,species,VU,Asteraceae,Asterales,Threatened - Poorly Sampled,1,1,14
urn:lsid:dyntaxa.se:Taxon:231451,Hieracium taeniifolium,species,VU,Asteraceae,Asterales,Threatened - Poorly Sampled,1,1,34
urn:lsid:dyntaxa.se:Taxon:232071,Hieracium tanaodeirum,species,VU,Asteraceae,Asterales,Threatened - Poorly Sampled,1,1,1
urn:lsid:dyntaxa.se:Taxon:232081,Hieracium tinctinervum,species,VU,Asteraceae,Asterales,Threatened - Poorly Sampled,1,1,4
urn:lsid:dyntaxa.se:Taxon:232081,Hieracium tinctinervum,species,VU,Asteraceae,Asterales,Threatened - Poorly Sampled,1,1,5
urn:lsid:dyntaxa.se:Taxon:231456,Hieracium trachlosimum,species,VU,Asteraceae,Asterales,Threatened - Poorly Sampled,1,1,11
urn:lsid:dyntaxa.se:Taxon:232098,Hieracium unguiculatum,species,VU,Asteraceae,Asterales,Threatened - Poorly Sampled,1,1,19
urn:lsid:dyntaxa.se:Taxon:232099,Hieracium unguiferum,species,VU,Asteraceae,Asterales,Threatened - Poorly Sampled,1,1,5
urn:lsid:dyntaxa.se:Taxon:232104,Hieracium valentius,species,VU,Asteraceae,Asterales,Threatened - Poorly Sampled,1,1,117
urn:lsid:dyntaxa.se:Taxon:231461,Hieracium varianum,species,VU,Asteraceae,Asterales,Threatened - Poorly Sampled,1,1,70
urn:lsid:dyntaxa.se:Taxon:231463,Hieracium verniferum,species,VU,Asteraceae,Asterales,Threatened - Poorly Sampled,1,1,13
urn:lsid:dyntaxa.se:Taxon:232111,Hieracium vinaceiforme,species,VU,Asteraceae,Asterales,Threatened - Poorly Sampled,1,1,9
urn:lsid:dyntaxa.se:Taxon:232112,Hieracium vinaceum,species,VU,Asteraceae,Asterales,Threatened - Poorly Sampled,1,1,10
urn:lsid:dyntaxa.se:Taxon:231468,Hieracium xerampelinum,species,VU,Asteraceae,Asterales,Threatened - Poorly Sampled,1,1,13
urn:lsid:dyntaxa.se:Taxon:232118,Hieracium xystophorum,species,VU,Asteraceae,Asterales,Threatened - Poorly Sampled,1,1,13
urn:lsid:dyntaxa.se:Taxon:232119,Hieracium yxnerumense,species,VU,Asteraceae,Asterales,Threatened - Poorly Sampled,1,1,23
urn:lsid:dyntaxa.se:Taxon:232120,Hieracium zonulatiforme,species,VU,Asteraceae,Asterales,Threatened - Poorly Sampled,1,1,20
urn:lsid:dyntaxa.se:Taxon:217800,Hippolyte varians,species,VU,Hippolytidae,Decapoda,Threatened - Poorly Sampled,1,1,55
urn:lsid:dyntaxa.se:Taxon:100311,Hirticollis hispidus,species,VU,Anthicidae,Coleoptera,Threatened - Poorly Sampled,1,1,3
urn:lsid:dyntaxa.se:Taxon:103818,Hister bissexstriatus,species,VU,Histeridae,Coleoptera,Threatened - Poorly Sampled,1,1,58
urn:lsid:dyntaxa.se:Taxon:103819,Hister funestus,species,VU,Histeridae,Coleoptera,Threatened - Poorly Sampled,1,1,66
urn:lsid:dyntaxa.se:Taxon:201280,Holoarctia puengeleri,species,VU,Erebidae,Lepidoptera,Threatened - Poorly Sampled,1,1,64
urn:lsid:dyntaxa.se:Taxon:783,Hordelymus europaeus,species,VU,Poaceae,Poales,Threatened - Poorly Sampled,1,1,2654
urn:lsid:dyntaxa.se:Taxon:232161,Hormopeza copulifera,species,VU,Empididae,Diptera,Threatened - Poorly Sampled,1,1,3
urn:lsid:dyntaxa.se:Taxon:1300,Hyalodon piceicola,species,VU,"Auriculariales, genera incertae sedis",Auriculariales,Threatened - Poorly Sampled,1,1,35
urn:lsid:dyntaxa.se:Taxon:102076,Hybomitra expollicata,species,VU,Tabanidae,Diptera,Threatened - Poorly Sampled,1,1,12
urn:lsid:dyntaxa.se:Taxon:786,Hydnellum auratile,species,VU,Bankeraceae,Thelephorales,Threatened - Poorly Sampled,1,1,698
urn:lsid:dyntaxa.se:Taxon:787,Hydnellum compactum,species,VU,Bankeraceae,Thelephorales,Threatened - Poorly Sampled,1,1,107
urn:lsid:dyntaxa.se:Taxon:1435,Hydnellum fennicum,species,VU,Bankeraceae,Thelephorales,Threatened - Poorly Sampled,1,1,1113
urn:lsid:dyntaxa.se:Taxon:6003297,Hydnellum glaucopus,species,VU,Bankeraceae,Thelephorales,Threatened - Poorly Sampled,1,1,475
urn:lsid:dyntaxa.se:Taxon:4365,Hydnellum gracilipes,species,VU,Bankeraceae,Thelephorales,Threatened - Poorly Sampled,1,1,3377
urn:lsid:dyntaxa.se:Taxon:6003298,Hydnellum illudens nom. prov.,species,VU,Bankeraceae,Thelephorales,Threatened - Poorly Sampled,1,1,630
urn:lsid:dyntaxa.se:Taxon:5965,Hydnellum ioeides,species,VU,Bankeraceae,Thelephorales,Threatened - Poorly Sampled,1,1,86
urn:lsid:dyntaxa.se:Taxon:6003229,Hydnellum lepidum,species,VU,Bankeraceae,Thelephorales,Threatened - Poorly Sampled,1,1,163
urn:lsid:dyntaxa.se:Taxon:2058,Hydnellum lundellii,species,VU,Bankeraceae,Thelephorales,Threatened - Poorly Sampled,1,1,2068
urn:lsid:dyntaxa.se:Taxon:1439,Hydnellum martioflavum,species,VU,Bankeraceae,Thelephorales,Threatened - Poorly Sampled,1,1,228
urn:lsid:dyntaxa.se:Taxon:1440,Hydnellum versipelle,species,VU,Bankeraceae,Thelephorales,Threatened - Poorly Sampled,1,1,853
urn:lsid:dyntaxa.se:Taxon:790,Hydnobolites cerebriformis,species,VU,Pezizaceae,Pezizales,Threatened - Poorly Sampled,1,1,9
urn:lsid:dyntaxa.se:Taxon:791,Hydnotrya michaelis,species,VU,Discinaceae,Pezizales,Threatened - Poorly Sampled,1,1,22
urn:lsid:dyntaxa.se:Taxon:2015,Hydnum albidum,species,VU,Hydnaceae,Cantharellales,Threatened - Poorly Sampled,1,1,1719
urn:lsid:dyntaxa.se:Taxon:795,Hygrocybe citrinovirens,species,VU,Hygrophoraceae,Agaricales,Threatened - Poorly Sampled,1,1,471
urn:lsid:dyntaxa.se:Taxon:801,Hygrocybe intermedia,species,VU,Hygrophoraceae,Agaricales,Threatened - Poorly Sampled,1,1,928
urn:lsid:dyntaxa.se:Taxon:808,Hygrocybe spadicea,species,VU,Hygrophoraceae,Agaricales,Threatened - Poorly Sampled,1,1,427
urn:lsid:dyntaxa.se:Taxon:2725,Hygrohypnum cochlearifolium,species,VU,Amblystegiaceae,Hypnales,Threatened - Not in GBIF,,,
urn:lsid:dyntaxa.se:Taxon:813,Hygrohypnum norvegicum,species,VU,Amblystegiaceae,Hypnales,Threatened - Not in GBIF,,,
urn:lsid:dyntaxa.se:Taxon:814,Hygrohypnum styriacum,species,VU,Amblystegiaceae,Hypnales,Threatened - Poorly Sampled,1,1,33
urn:lsid:dyntaxa.se:Taxon:815,Hygrohypnum subeugyrium,species,VU,Amblystegiaceae,Hypnales,Threatened - Not in GBIF,,,
urn:lsid:dyntaxa.se:Taxon:818,Hygrophorus atramentosus,species,VU,Hygrophoraceae,Agaricales,Threatened - Poorly Sampled,1,1,110
urn:lsid:dyntaxa.se:Taxon:822,Hygrophorus gliocyclus,species,VU,Hygrophoraceae,Agaricales,Threatened - Not in GBIF,,,
urn:lsid:dyntaxa.se:Taxon:824,Hygrophorus inocybiformis,species,VU,Hygrophoraceae,Agaricales,Threatened - Poorly Sampled,1,1,104
urn:lsid:dyntaxa.se:Taxon:4414,Hygrophorus latitabundus,species,VU,Hygrophoraceae,Agaricales,Threatened - Poorly Sampled,1,1,112
urn:lsid:dyntaxa.se:Taxon:4419,Hygrophorus penarioides,species,VU,Hygrophoraceae,Agaricales,Threatened - Poorly Sampled,1,1,230
urn:lsid:dyntaxa.se:Taxon:827,Hygrophorus poëtarum,species,VU,Hygrophoraceae,Agaricales,Threatened - Not in GBIF,,,
urn:lsid:dyntaxa.se:Taxon:831,Hygrophorus subviscifer,species,VU,Hygrophoraceae,Agaricales,Threatened - Poorly Sampled,1,1,89
urn:lsid:dyntaxa.se:Taxon:103088,Hylaeus difformis,species,VU,Colletidae,Hymenoptera,Threatened - Poorly Sampled,1,1,127
urn:lsid:dyntaxa.se:Taxon:4427,Hymenochaetopsis corrugata,species,VU,Hymenochaetaceae,Hymenochaetales,Threatened - Not in GBIF,,,
urn:lsid:dyntaxa.se:Taxon:101111,Hypebaeus flavipes,species,VU,Malachiidae,Coleoptera,Threatened - Poorly Sampled,1,1,84
urn:lsid:dyntaxa.se:Taxon:101112,Hypera arundinis,species,VU,Curculionidae,Coleoptera,Threatened - Poorly Sampled,1,1,246
urn:lsid:dyntaxa.se:Taxon:837,Hypericum pulchrum,species,VU,Hypericaceae,Malpighiales,Threatened - Poorly Sampled,1,1,697
urn:lsid:dyntaxa.se:Taxon:233209,Hyphoderma involutum,species,VU,Hyphodermataceae,Polyporales,Threatened - Poorly Sampled,1,1,2
urn:lsid:dyntaxa.se:Taxon:843,Hyphoderma obtusum,species,VU,Hyphodermataceae,Polyporales,Threatened - Poorly Sampled,1,1,2
urn:lsid:dyntaxa.se:Taxon:101121,Hypnogyra angularis,species,VU,Staphylinidae,Coleoptera,Threatened - Poorly Sampled,1,1,3
urn:lsid:dyntaxa.se:Taxon:853,Hypochaeris glabra,species,VU,Asteraceae,Asterales,Threatened - Poorly Sampled,1,1,1438
urn:lsid:dyntaxa.se:Taxon:853,Hypochaeris glabra,species,VU,Asteraceae,Asterales,Threatened - Poorly Sampled,1,1,18
urn:lsid:dyntaxa.se:Taxon:860,Hypochnicium cymosum,species,VU,"Polyporales, genera incertae sedis",Polyporales,Threatened - Not in GBIF,,,
urn:lsid:dyntaxa.se:Taxon:232623,Hypoglossum hypoglossoides,species,VU,Delesseriaceae,Ceramiales,Threatened - Not in GBIF,,,
urn:lsid:dyntaxa.se:Taxon:863,Hypogymnia austerodes,species,VU,Parmeliaceae,Lecanorales,Threatened - Poorly Sampled,1,1,430
urn:lsid:dyntaxa.se:Taxon:2020,Hypomyces porphyreus,species,VU,Hypocreaceae,Hypocreales,Threatened - Poorly Sampled,1,1,13
urn:lsid:dyntaxa.se:Taxon:871,Hypoxylon vogesiacum,species,VU,Hypoxylaceae,Xylariales,Threatened - Poorly Sampled,1,1,314
urn:lsid:dyntaxa.se:Taxon:101127,Hypoxystis pluviaria,species,VU,Geometridae,Lepidoptera,Threatened - Poorly Sampled,1,1,107
urn:lsid:dyntaxa.se:Taxon:101128,Hypsosinga heri,species,VU,Araneidae,Araneae,Threatened - Poorly Sampled,1,1,21
urn:lsid:dyntaxa.se:Taxon:101130,Hypulus bifasciatus,species,VU,Melandryidae,Coleoptera,Threatened - Not in GBIF,,,
urn:lsid:dyntaxa.se:Taxon:883,Inocutis dryophila,species,VU,Hymenochaetaceae,Hymenochaetales,Threatened - Poorly Sampled,1,1,524
urn:lsid:dyntaxa.se:Taxon:876,Inocybe fibrosoides,species,VU,Inocybaceae,Agaricales,Threatened - Poorly Sampled,1,1,24
urn:lsid:dyntaxa.se:Taxon:2022,Inocybe tricolor,species,VU,Inocybaceae,Agaricales,Threatened - Poorly Sampled,1,1,26
urn:lsid:dyntaxa.se:Taxon:93,Inoderma byssaceum,species,VU,Arthoniaceae,Arthoniales,Threatened - Poorly Sampled,1,1,683
urn:lsid:dyntaxa.se:Taxon:885,Inonotopsis subiculosa,species,VU,Hymenochaetaceae,Hymenochaetales,Threatened - Poorly Sampled,1,1,41
urn:lsid:dyntaxa.se:Taxon:881,Inonotus cuticularis,species,VU,Hymenochaetaceae,Hymenochaetales,Threatened - Poorly Sampled,1,1,637
urn:lsid:dyntaxa.se:Taxon:884,Inonotus hispidus,species,VU,Hymenochaetaceae,Hymenochaetales,Threatened - Poorly Sampled,1,1,980
urn:lsid:dyntaxa.se:Taxon:4661,Inonotus ulmicola,species,VU,Hymenochaetaceae,Hymenochaetales,Threatened - Poorly Sampled,1,1,730
urn:lsid:dyntaxa.se:Taxon:888,Iris spuria,species,VU,Iridaceae,Asparagales,Threatened - Poorly Sampled,1,1,333
urn:lsid:dyntaxa.se:Taxon:101141,Ischnomera caerulea,species,VU,Oedemeridae,Coleoptera,Threatened - Poorly Sampled,1,1,178
urn:lsid:dyntaxa.se:Taxon:101143,Ischnomera cyanea,species,VU,Oedemeridae,Coleoptera,Threatened - Poorly Sampled,1,1,2
urn:lsid:dyntaxa.se:Taxon:101145,Ischnopoda scitula,species,VU,Staphylinidae,Coleoptera,Threatened - Poorly Sampled,1,1,35
urn:lsid:dyntaxa.se:Taxon:102285,Isorhipis marmottani,species,VU,Eucnemidae,Coleoptera,Threatened - Not in GBIF,,,
urn:lsid:dyntaxa.se:Taxon:255955,Itoplectis clavicornis,species,VU,Ichneumonidae,Hymenoptera,Threatened - Poorly Sampled,1,1,2
urn:lsid:dyntaxa.se:Taxon:255959,Itoplectis melanocephala,species,VU,Ichneumonidae,Hymenoptera,Threatened - Poorly Sampled,1,1,1
urn:lsid:dyntaxa.se:Taxon:1935,Jacobaea aquatica,species,VU,Asteraceae,Asterales,Threatened - Poorly Sampled,1,1,1371
urn:lsid:dyntaxa.se:Taxon:1490,Jacobaea paludosa,species,VU,Asteraceae,Asterales,Threatened - Poorly Sampled,1,1,705
urn:lsid:dyntaxa.se:Taxon:227592,Jasmineira caudata,species,VU,Sabellidae,Sabellida,Threatened - Poorly Sampled,1,1,59
urn:lsid:dyntaxa.se:Taxon:200883,Julus scanicus,species,VU,Julidae,Julida,Threatened - Poorly Sampled,1,1,36
urn:lsid:dyntaxa.se:Taxon:235011,Juncus foliosus,species,VU,Juncaceae,Poales,Threatened - Poorly Sampled,1,1,114
urn:lsid:dyntaxa.se:Taxon:102719,Karnekampia sulcata,species,VU,Pectinidae,Pectinoida,Threatened - Poorly Sampled,1,1,49
urn:lsid:dyntaxa.se:Taxon:846,Kneiffiella alienata,species,VU,Schizoporaceae,Hymenochaetales,Threatened - Not in GBIF,,,
urn:lsid:dyntaxa.se:Taxon:217842,Kophobelemnon stelliferum,species,VU,Kophobelemnonidae,Pennatulacea,Threatened - Poorly Sampled,1,1,94
urn:lsid:dyntaxa.se:Taxon:101153,Korynetes ruficornis,species,VU,Cleridae,Coleoptera,Threatened - Poorly Sampled,1,1,18
urn:lsid:dyntaxa.se:Taxon:842,Kurtia macedonica,species,VU,"Hymenochaetales, genera incertae sedis",Hymenochaetales,Threatened - Poorly Sampled,1,1,3
urn:lsid:dyntaxa.se:Taxon:1838,Kurzia sylvatica,species,VU,Lepidoziaceae,Jungermanniales,Threatened - Poorly Sampled,1,1,7
urn:lsid:dyntaxa.se:Taxon:906,Kurzia trichoclados,species,VU,Lepidoziaceae,Jungermanniales,Threatened - Poorly Sampled,1,1,89
urn:lsid:dyntaxa.se:Taxon:106461,Kyklioacalles roboris,species,VU,Curculionidae,Coleoptera,Threatened - Not in GBIF,,,
urn:lsid:dyntaxa.se:Taxon:101156,Labidostomis tridentata,species,VU,Chrysomelidae,Coleoptera,Threatened - Poorly Sampled,1,1,45
urn:lsid:dyntaxa.se:Taxon:101158,Laccophilus poecilus,species,VU,Dytiscidae,Coleoptera,Threatened - Poorly Sampled,1,1,17
urn:lsid:dyntaxa.se:Taxon:100070,Lacerta agilis,species,VU,Lacertidae,Squamata,Threatened - Poorly Sampled,1,1,4562
urn:lsid:dyntaxa.se:Taxon:908,Lactarius mairei,species,VU,Russulaceae,Russulales,Threatened - Poorly Sampled,1,1,81
urn:lsid:dyntaxa.se:Taxon:101163,Laemophloeus monilis,species,VU,Laemophloeidae,Coleoptera,Threatened - Poorly Sampled,1,1,138
urn:lsid:dyntaxa.se:Taxon:101164,Laemophloeus muticus,species,VU,Laemophloeidae,Coleoptera,Threatened - Poorly Sampled,1,1,191
urn:lsid:dyntaxa.se:Taxon:233218,Lampronia standfussiella,species,VU,Prodoxidae,Lepidoptera,Threatened - Not in GBIF,,,
urn:lsid:dyntaxa.se:Taxon:102092,Laphria ephippium,species,VU,Asilidae,Diptera,Threatened - Poorly Sampled,1,1,136
urn:lsid:dyntaxa.se:Taxon:102966,Larus argentatus,species,VU,Laridae,Charadriiformes,Threatened - Poorly Sampled,1,1,782285
urn:lsid:dyntaxa.se:Taxon:102966,Larus argentatus,species,VU,Laridae,Charadriiformes,Threatened - Poorly Sampled,1,1,258
urn:lsid:dyntaxa.se:Taxon:102966,Larus argentatus,species,VU,Laridae,Charadriiformes,Threatened - Poorly Sampled,1,1,84
urn:lsid:dyntaxa.se:Taxon:100071,Larus fuscus fuscus,subspecies,VU,Laridae,Charadriiformes,Threatened - Poorly Sampled,1,1,279337
urn:lsid:dyntaxa.se:Taxon:100071,Larus fuscus fuscus,subspecies,VU,Laridae,Charadriiformes,Threatened - Poorly Sampled,1,1,168
urn:lsid:dyntaxa.se:Taxon:102967,Larus marinus,species,VU,Laridae,Charadriiformes,Threatened - Poorly Sampled,1,1,443955
urn:lsid:dyntaxa.se:Taxon:218742,Lasiargus hirsutus,species,VU,Linyphiidae,Araneae,Threatened - Poorly Sampled,1,1,11
urn:lsid:dyntaxa.se:Taxon:103154,Lasioglossum boreale,species,VU,Halictidae,Hymenoptera,Threatened - Poorly Sampled,1,1,31
urn:lsid:dyntaxa.se:Taxon:101171,Lasioglossum brevicorne,species,VU,Halictidae,Hymenoptera,Threatened - Poorly Sampled,1,1,188
urn:lsid:dyntaxa.se:Taxon:106769,Lasioglossum lucidulum,species,VU,Halictidae,Hymenoptera,Threatened - Poorly Sampled,1,1,56
urn:lsid:dyntaxa.se:Taxon:101028,Lasionycta skraelingia,species,VU,Noctuidae,Lepidoptera,Threatened - Poorly Sampled,1,1,39
urn:lsid:dyntaxa.se:Taxon:917,Lathyrus tuberosus,species,VU,Fabaceae,Fabales,Threatened - Poorly Sampled,1,1,1592
urn:lsid:dyntaxa.se:Taxon:918,Laurilia sulcata,species,VU,Bondarzewiaceae,Russulales,Threatened - Poorly Sampled,1,1,2323
urn:lsid:dyntaxa.se:Taxon:925,Lecanora impudens,species,VU,Lecanoraceae,Lecanorales,Threatened - Poorly Sampled,1,1,439
urn:lsid:dyntaxa.se:Taxon:229038,Lecanora orae-frigidae,species,VU,Lecanoraceae,Lecanorales,Threatened - Poorly Sampled,1,1,30
urn:lsid:dyntaxa.se:Taxon:927,Lecanora sublivescens,species,VU,Lecanoraceae,Lecanorales,Threatened - Poorly Sampled,1,1,559
urn:lsid:dyntaxa.se:Taxon:927,Lecanora sublivescens,species,VU,Lecanoraceae,Lecanorales,Threatened - Poorly Sampled,1,1,27
urn:lsid:dyntaxa.se:Taxon:935,Leersia oryzoides,species,VU,Poaceae,Poales,Threatened - Poorly Sampled,1,1,3076
urn:lsid:dyntaxa.se:Taxon:101186,Leiopus punctulatus,species,VU,Cerambycidae,Coleoptera,Threatened - Poorly Sampled,1,1,185
urn:lsid:dyntaxa.se:Taxon:101189,Lemonia dumi,species,VU,Brahmaeidae,Lepidoptera,Threatened - Poorly Sampled,1,1,253
urn:lsid:dyntaxa.se:Taxon:942,Leonurus cardiaca,species,VU,Lamiaceae,Lamiales,Threatened - Poorly Sampled,1,1,3729
urn:lsid:dyntaxa.se:Taxon:236251,Leopoldius signatus,species,VU,Conopidae,Diptera,Threatened - Poorly Sampled,1,1,48
urn:lsid:dyntaxa.se:Taxon:1872,Lepidium coronopus,species,VU,Brassicaceae,Brassicales,Threatened - Poorly Sampled,1,1,1060
urn:lsid:dyntaxa.se:Taxon:2033,Lepiota echinella,species,VU,Agaricaceae,Agaricales,Threatened - Poorly Sampled,1,1,145
urn:lsid:dyntaxa.se:Taxon:2030,Lepiota forquignonii,species,VU,Agaricaceae,Agaricales,Threatened - Poorly Sampled,1,1,105
urn:lsid:dyntaxa.se:Taxon:947,Lepiota grangei,species,VU,Agaricaceae,Agaricales,Threatened - Poorly Sampled,1,1,161
urn:lsid:dyntaxa.se:Taxon:4859,Lepiota griseovirens,species,VU,Agaricaceae,Agaricales,Threatened - Poorly Sampled,1,1,7
urn:lsid:dyntaxa.se:Taxon:949,Lepiota ignivolvata,species,VU,Agaricaceae,Agaricales,Threatened - Poorly Sampled,1,1,84
urn:lsid:dyntaxa.se:Taxon:2031,Lepiota lilacea,species,VU,Agaricaceae,Agaricales,Threatened - Poorly Sampled,1,1,10
urn:lsid:dyntaxa.se:Taxon:950,Lepiota ochraceofulva,species,VU,Agaricaceae,Agaricales,Threatened - Poorly Sampled,1,1,48
urn:lsid:dyntaxa.se:Taxon:951,Lepiota pseudolilacea,species,VU,Agaricaceae,Agaricales,Threatened - Poorly Sampled,1,1,66
urn:lsid:dyntaxa.se:Taxon:2034,Lepiota tomentella,species,VU,Agaricaceae,Agaricales,Threatened - Poorly Sampled,1,1,30
urn:lsid:dyntaxa.se:Taxon:102915,Leptochiton alveolus,species,VU,Leptochitonidae,Lepidopleurida,Threatened - Poorly Sampled,1,1,3
urn:lsid:dyntaxa.se:Taxon:229227,Leptogium byssinum,species,VU,Collemataceae,Peltigerales,Threatened - Poorly Sampled,1,1,15
urn:lsid:dyntaxa.se:Taxon:4902,Leucopaxillus paradoxus,species,VU,Tricholomataceae,Agaricales,Threatened - Poorly Sampled,1,1,3
urn:lsid:dyntaxa.se:Taxon:102515,Levipalpus hepatariella,species,VU,Depressariidae,Lepidoptera,Threatened - Not in GBIF,,,
urn:lsid:dyntaxa.se:Taxon:101214,Limnebius nitidus,species,VU,Hydraenidae,Coleoptera,Threatened - Poorly Sampled,1,1,10
urn:lsid:dyntaxa.se:Taxon:102287,Limnichus pygmaeus,species,VU,Limnichidae,Coleoptera,Threatened - Poorly Sampled,1,1,61
urn:lsid:dyntaxa.se:Taxon:978,Limonium vulgare,species,VU,Plumbaginaceae,Caryophyllales,Threatened - Poorly Sampled,1,1,1284
urn:lsid:dyntaxa.se:Taxon:100075,Limosa lapponica,species,VU,Scolopacidae,Charadriiformes,Threatened - Poorly Sampled,1,1,176236
urn:lsid:dyntaxa.se:Taxon:234909,Limotettix atricapillus,species,VU,Cicadellidae,Hemiptera,Threatened - Poorly Sampled,1,1,4
urn:lsid:dyntaxa.se:Taxon:102124,Linaria flavirostris,species,VU,Fringillidae,Passeriformes,Threatened - Poorly Sampled,1,1,118537
urn:lsid:dyntaxa.se:Taxon:4914,Lindtneria leucobryophila,species,VU,Stephanosporaceae,Agaricales,Threatened - Poorly Sampled,1,1,39
urn:lsid:dyntaxa.se:Taxon:979,Lindtneria trachyspora,species,VU,Stephanosporaceae,Agaricales,Threatened - Poorly Sampled,1,1,74
urn:lsid:dyntaxa.se:Taxon:980,Liparis loeselii,species,VU,Orchidaceae,Asparagales,Threatened - Poorly Sampled,1,1,9326
urn:lsid:dyntaxa.se:Taxon:103076,Locustella luscinioides,species,VU,Locustellidae,Passeriformes,Threatened - Poorly Sampled,1,1,22918
urn:lsid:dyntaxa.se:Taxon:218169,Lomanotus genei,species,VU,Lomanotidae,Nudibranchia,Threatened - Poorly Sampled,1,1,2
urn:lsid:dyntaxa.se:Taxon:101232,Longitarsus ferrugineus,species,VU,Chrysomelidae,Coleoptera,Threatened - Poorly Sampled,1,1,25
urn:lsid:dyntaxa.se:Taxon:102293,Longitarsus medvedevi,species,VU,Chrysomelidae,Coleoptera,Threatened - Poorly Sampled,1,1,27
urn:lsid:dyntaxa.se:Taxon:233795,Longitarsus substriatus,species,VU,Chrysomelidae,Coleoptera,Threatened - Poorly Sampled,1,1,59
urn:lsid:dyntaxa.se:Taxon:233796,Longitarsus tristis,species,VU,Chrysomelidae,Coleoptera,Threatened - Poorly Sampled,1,1,32
urn:lsid:dyntaxa.se:Taxon:100830,Lopheros rubens,species,VU,Lycidae,Coleoptera,Threatened - Poorly Sampled,1,1,35
urn:lsid:dyntaxa.se:Taxon:990,Lophozia ascendens,species,VU,Jungermanniaceae,Jungermanniales,Threatened - Poorly Sampled,1,1,1575
urn:lsid:dyntaxa.se:Taxon:232144,Lopinga achine suecica,subspecies,VU,Nymphalidae,Lepidoptera,Threatened - Poorly Sampled,1,1,5311
urn:lsid:dyntaxa.se:Taxon:206178,Lota lota,species,VU,Lotidae,Gadiformes,Threatened - Poorly Sampled,1,1,190722
urn:lsid:dyntaxa.se:Taxon:999,Lotus tenuis,species,VU,Fabaceae,Fabales,Threatened - Poorly Sampled,1,1,1605
urn:lsid:dyntaxa.se:Taxon:1627,Loweomyces wynneae,species,VU,Steccherinaceae,Polyporales,Threatened - Poorly Sampled,1,1,143
urn:lsid:dyntaxa.se:Taxon:102461,Loxostege manualis,species,VU,Crambidae,Lepidoptera,Threatened - Poorly Sampled,1,1,47
urn:lsid:dyntaxa.se:Taxon:1005,Luzula sylvatica,species,VU,Juncaceae,Poales,Threatened - Poorly Sampled,1,1,548
urn:lsid:dyntaxa.se:Taxon:1006,Lycoperdon caudatum,species,VU,Lycoperdaceae,Agaricales,Threatened - Poorly Sampled,1,1,82
urn:lsid:dyntaxa.se:Taxon:1009,Lycoperdon mammiforme,species,VU,Lycoperdaceae,Agaricales,Threatened - Poorly Sampled,1,1,740
urn:lsid:dyntaxa.se:Taxon:552,Lycopodium tristachyum,species,VU,Lycopodiaceae,Lycopodiales,Threatened - Not in GBIF,,,
urn:lsid:dyntaxa.se:Taxon:221940,Lycopodium zeilleri,species,VU,Lycopodiaceae,Lycopodiales,Threatened - Not in GBIF,,,
urn:lsid:dyntaxa.se:Taxon:102297,Lyctus linearis,species,VU,Bostrichidae,Coleoptera,Threatened - Poorly Sampled,1,1,118
urn:lsid:dyntaxa.se:Taxon:100057,Lynx lynx,species,VU,Felidae,Carnivora,Threatened - Poorly Sampled,1,1,5347
urn:lsid:dyntaxa.se:Taxon:50,Lysimachia minima,species,VU,Primulaceae,Ericales,Threatened - Poorly Sampled,1,1,1951
urn:lsid:dyntaxa.se:Taxon:102093,Machimus arthriticus,species,VU,Asilidae,Diptera,Threatened - Not in GBIF,,,
urn:lsid:dyntaxa.se:Taxon:575,Macowanites candidus,species,VU,Russulaceae,Russulales,Threatened - Not in GBIF,,,
urn:lsid:dyntaxa.se:Taxon:101258,Macrogastra ventricosa,species,VU,Clausiliidae,Stylommatophora,Threatened - Poorly Sampled,1,1,417
urn:lsid:dyntaxa.se:Taxon:101261,Malacodea regelaria,species,VU,Geometridae,Lepidoptera,Threatened - Poorly Sampled,1,1,58
urn:lsid:dyntaxa.se:Taxon:1056,Malaxis monophyllos,species,VU,Orchidaceae,Asparagales,Threatened - Poorly Sampled,1,1,1841
urn:lsid:dyntaxa.se:Taxon:101263,Mallota cimbiciformis,species,VU,Syrphidae,Diptera,Threatened - Poorly Sampled,1,1,44
urn:lsid:dyntaxa.se:Taxon:101264,Mallota megilliformis,species,VU,Syrphidae,Diptera,Threatened - Poorly Sampled,1,1,31
urn:lsid:dyntaxa.se:Taxon:105130,Malthinus balteatus,species,VU,Cantharidae,Coleoptera,Threatened - Poorly Sampled,1,1,5
urn:lsid:dyntaxa.se:Taxon:105133,Malthodes dispar,species,VU,Cantharidae,Coleoptera,Threatened - Poorly Sampled,1,1,10
urn:lsid:dyntaxa.se:Taxon:1013,Malva pusilla,species,VU,Malvaceae,Malvales,Threatened - Poorly Sampled,1,1,2078
urn:lsid:dyntaxa.se:Taxon:102931,Mareca penelope,species,VU,Anatidae,Anseriformes,Threatened - Poorly Sampled,1,1,632161
urn:lsid:dyntaxa.se:Taxon:102931,Mareca penelope,species,VU,Anatidae,Anseriformes,Threatened - Poorly Sampled,1,1,136
urn:lsid:dyntaxa.se:Taxon:102931,Mareca penelope,species,VU,Anatidae,Anseriformes,Threatened - Poorly Sampled,1,1,36
urn:lsid:dyntaxa.se:Taxon:103815,Margarinotus carbonarius,species,VU,Histeridae,Coleoptera,Threatened - Poorly Sampled,1,1,63
urn:lsid:dyntaxa.se:Taxon:103813,Margarinotus neglectus,species,VU,Histeridae,Coleoptera,Threatened - Poorly Sampled,1,1,106
urn:lsid:dyntaxa.se:Taxon:2415,Marsupella boeckii,species,VU,Gymnomitriaceae,Jungermanniales,Threatened - Poorly Sampled,1,1,152
urn:lsid:dyntaxa.se:Taxon:1023,Medicago minima,species,VU,Fabaceae,Fabales,Threatened - Poorly Sampled,1,1,738
urn:lsid:dyntaxa.se:Taxon:1025,Meesia longiseta,species,VU,Meesiaceae,Splachnales,Threatened - Poorly Sampled,1,1,512
urn:lsid:dyntaxa.se:Taxon:1027,Megalaria pulverea,species,VU,Ramalinaceae,Lecanorales,Threatened - Poorly Sampled,1,1,195
urn:lsid:dyntaxa.se:Taxon:101280,Megatoma pubescens,species,VU,Dermestidae,Coleoptera,Threatened - Poorly Sampled,1,1,4
urn:lsid:dyntaxa.se:Taxon:102109,Melanitta fusca,species,VU,Anatidae,Anseriformes,Threatened - Poorly Sampled,1,1,223245
urn:lsid:dyntaxa.se:Taxon:1032,Melanogaster tuberiformis,species,VU,Paxillaceae,Boletales,Threatened - Poorly Sampled,1,1,7
urn:lsid:dyntaxa.se:Taxon:206143,Melanogrammus aeglefinus,species,VU,Gadidae,Gadiformes,Threatened - Poorly Sampled,1,1,1127
urn:lsid:dyntaxa.se:Taxon:1033,Melanomphalia nigrescens,species,VU,"Agaricales, genera incertae sedis",Agaricales,Threatened - Poorly Sampled,1,1,15
urn:lsid:dyntaxa.se:Taxon:1034,Melanophyllum eyrei,species,VU,Agaricaceae,Agaricales,Threatened - Poorly Sampled,1,1,60
urn:lsid:dyntaxa.se:Taxon:102302,Meligethes lugubris,species,VU,Nitidulidae,Coleoptera,Threatened - Poorly Sampled,1,1,20
urn:lsid:dyntaxa.se:Taxon:101295,Meligethes nanus,species,VU,Nitidulidae,Coleoptera,Threatened - Poorly Sampled,1,1,15
urn:lsid:dyntaxa.se:Taxon:250165,Melitaea cinxia cinxia,subspecies,VU,Nymphalidae,Lepidoptera,Threatened - Poorly Sampled,1,1,6449
urn:lsid:dyntaxa.se:Taxon:1036,Menegazzia terebrata,species,VU,Parmeliaceae,Lecanorales,Threatened - Poorly Sampled,1,1,1090
urn:lsid:dyntaxa.se:Taxon:101306,Menephilus cylindricus,species,VU,Tenebrionidae,Coleoptera,Threatened - Poorly Sampled,1,1,65
urn:lsid:dyntaxa.se:Taxon:206144,Merlangius merlangus,species,VU,Gadidae,Gadiformes,Threatened - Poorly Sampled,1,1,7501
urn:lsid:dyntaxa.se:Taxon:206183,Merluccius merluccius,species,VU,Merlucciidae,Gadiformes,Threatened - Poorly Sampled,1,1,687
urn:lsid:dyntaxa.se:Taxon:101309,Mesogona oxalina,species,VU,Noctuidae,Lepidoptera,Threatened - Poorly Sampled,1,1,73
urn:lsid:dyntaxa.se:Taxon:1042,Micarea adnata,species,VU,Pilocarpaceae,Lecanorales,Threatened - Poorly Sampled,1,1,14
urn:lsid:dyntaxa.se:Taxon:1816,Micarea hedlundii,species,VU,Pilocarpaceae,Lecanorales,Threatened - Poorly Sampled,1,1,166
urn:lsid:dyntaxa.se:Taxon:101319,Micaria lenzi,species,VU,Gnaphosidae,Araneae,Threatened - Poorly Sampled,1,1,13
urn:lsid:dyntaxa.se:Taxon:1199,Microbryum curvicollum,species,VU,Pottiaceae,Pottiales,Threatened - Poorly Sampled,1,1,166
urn:lsid:dyntaxa.se:Taxon:1200,Microbryum floerkeanum,species,VU,Pottiaceae,Pottiales,Threatened - Poorly Sampled,1,1,57
urn:lsid:dyntaxa.se:Taxon:701,Microglossum atropurpureum,species,VU,Leotiaceae,Leotiales,Threatened - Poorly Sampled,1,1,21
urn:lsid:dyntaxa.se:Taxon:101326,Micronecta griseola,species,VU,Corixidae,Hemiptera,Threatened - Poorly Sampled,1,1,15
urn:lsid:dyntaxa.se:Taxon:102307,Micropeplus latus,species,VU,Staphylinidae,Coleoptera,Threatened - Poorly Sampled,1,1,19
urn:lsid:dyntaxa.se:Taxon:100186,Microporus nigrita,species,VU,Cydnidae,Hemiptera,Threatened - Not in GBIF,,,
urn:lsid:dyntaxa.se:Taxon:101329,Microrhagus emyi,species,VU,Eucnemidae,Coleoptera,Threatened - Poorly Sampled,1,1,4
urn:lsid:dyntaxa.se:Taxon:240282,Microsania vrydaghi,species,VU,Platypezidae,Diptera,Threatened - Not in GBIF,,,
urn:lsid:dyntaxa.se:Taxon:1057,Mielichhoferia elongata,species,VU,Mielichhoferiaceae,Bryales,Threatened - Poorly Sampled,1,1,71
urn:lsid:dyntaxa.se:Taxon:218383,Modiolus modiolus,species,VU,Mytilidae,Mytiloida,Threatened - Poorly Sampled,1,1,392
urn:lsid:dyntaxa.se:Taxon:1062,Moehringia lateriflora,species,VU,Caryophyllaceae,Caryophyllales,Threatened - Poorly Sampled,1,1,109
urn:lsid:dyntaxa.se:Taxon:214630,Monochroa saltenella,species,VU,Gelechiidae,Lepidoptera,Threatened - Poorly Sampled,1,1,17
urn:lsid:dyntaxa.se:Taxon:101348,Mordellochroa tournieri,species,VU,Mordellidae,Coleoptera,Threatened - Poorly Sampled,1,1,2
urn:lsid:dyntaxa.se:Taxon:101487,Morlina glabra,species,VU,Oxychilidae,Stylommatophora,Threatened - Poorly Sampled,1,1,19
urn:lsid:dyntaxa.se:Taxon:1067,Multiclavula mucida,species,VU,Hydnaceae,Cantharellales,Threatened - Poorly Sampled,1,1,705
urn:lsid:dyntaxa.se:Taxon:217752,Munida sarsi,species,VU,Munididae,Decapoda,Threatened - Poorly Sampled,1,1,31
urn:lsid:dyntaxa.se:Taxon:102837,Munida tenuimana,species,VU,Munididae,Decapoda,Threatened - Poorly Sampled,1,1,7
urn:lsid:dyntaxa.se:Taxon:218291,Mya truncata,species,VU,Myidae,Myoida,Threatened - Poorly Sampled,1,1,449
urn:lsid:dyntaxa.se:Taxon:1070,Mycena oregonensis,species,VU,Mycenaceae,Agaricales,Threatened - Poorly Sampled,1,1,86
urn:lsid:dyntaxa.se:Taxon:101362,Myolepta dubia,species,VU,Syrphidae,Diptera,Threatened - Poorly Sampled,1,1,83
urn:lsid:dyntaxa.se:Taxon:236240,Myopa variegata,species,VU,Conopidae,Diptera,Threatened - Poorly Sampled,1,1,15
urn:lsid:dyntaxa.se:Taxon:101365,Mythimna litoralis,species,VU,Noctuidae,Lepidoptera,Threatened - Poorly Sampled,1,1,103
urn:lsid:dyntaxa.se:Taxon:101368,Nacerdes carniolica,species,VU,Oedemeridae,Coleoptera,Threatened - Poorly Sampled,1,1,70
urn:lsid:dyntaxa.se:Taxon:1077,Najas flexilis,species,VU,Hydrocharitaceae,Alismatales,Threatened - Poorly Sampled,1,1,447
urn:lsid:dyntaxa.se:Taxon:101371,Nanophyes globulus,species,VU,Nanophyidae,Coleoptera,Threatened - Poorly Sampled,1,1,54
urn:lsid:dyntaxa.se:Taxon:1395,Nasturtium officinale,species,VU,Brassicaceae,Brassicales,Threatened - Poorly Sampled,1,1,1274
urn:lsid:dyntaxa.se:Taxon:103287,Nebria livida,species,VU,Carabidae,Coleoptera,Threatened - Poorly Sampled,1,1,217
urn:lsid:dyntaxa.se:Taxon:1079,Neckera pennata,species,VU,Neckeraceae,Hypnales,Threatened - Poorly Sampled,1,1,2348
urn:lsid:dyntaxa.se:Taxon:101376,Necrobia ruficollis,species,VU,Cleridae,Coleoptera,Threatened - Poorly Sampled,1,1,22
urn:lsid:dyntaxa.se:Taxon:101379,Nehalennia speciosa,species,VU,Coenagrionidae,Odonata,Threatened - Poorly Sampled,1,1,327
urn:lsid:dyntaxa.se:Taxon:102467,Nemapogon falstriellus,species,VU,Tineidae,Lepidoptera,Threatened - Not in GBIF,,,
urn:lsid:dyntaxa.se:Taxon:102468,Nemapogon fungivorellus,species,VU,Tineidae,Lepidoptera,Threatened - Not in GBIF,,,
urn:lsid:dyntaxa.se:Taxon:101381,Nematopogon adansoniellus,species,VU,Adelidae,Lepidoptera,Threatened - Not in GBIF,,,
urn:lsid:dyntaxa.se:Taxon:101382,Nemophora cupriacella,species,VU,Adelidae,Lepidoptera,Threatened - Poorly Sampled,1,1,66
urn:lsid:dyntaxa.se:Taxon:101384,Nemoura dubitans,species,VU,Nemouridae,Plecoptera,Threatened - Poorly Sampled,1,1,157
urn:lsid:dyntaxa.se:Taxon:101387,Neoalticomerus formosus,species,VU,Odiniidae,Diptera,Threatened - Poorly Sampled,1,1,9
urn:lsid:dyntaxa.se:Taxon:800,Neohygrocybe ingrata,species,VU,Hygrophoraceae,Agaricales,Threatened - Not in GBIF,,,
urn:lsid:dyntaxa.se:Taxon:804,Neohygrocybe ovina,species,VU,Hygrophoraceae,Agaricales,Threatened - Poorly Sampled,1,1,611
urn:lsid:dyntaxa.se:Taxon:1083,Nephroma laevigatum,species,VU,Nephromataceae,Peltigerales,Threatened - Poorly Sampled,1,1,2032
urn:lsid:dyntaxa.se:Taxon:102027,Nephrotoma croceiventris,species,VU,Tipulidae,Diptera,Threatened - Poorly Sampled,1,1,7
urn:lsid:dyntaxa.se:Taxon:102028,Nephrotoma lundbecki,species,VU,Tipulidae,Diptera,Threatened - Poorly Sampled,1,1,8
urn:lsid:dyntaxa.se:Taxon:102029,Nephrotoma quadristriata,species,VU,Tipulidae,Diptera,Threatened - Poorly Sampled,1,1,15
urn:lsid:dyntaxa.se:Taxon:101390,Neurigona erichsoni,species,VU,Dolichopodidae,Diptera,Threatened - Poorly Sampled,1,1,29
urn:lsid:dyntaxa.se:Taxon:101397,Nicrophorus vestigator,species,VU,Silphidae,Coleoptera,Threatened - Poorly Sampled,1,1,21
urn:lsid:dyntaxa.se:Taxon:1092,Nitella translucens,species,VU,Characeae,Charales,Threatened - Poorly Sampled,1,1,112
urn:lsid:dyntaxa.se:Taxon:1093,Nitellopsis obtusa,species,VU,Feistiellaceae,Charales,Threatened - Poorly Sampled,1,1,394
urn:lsid:dyntaxa.se:Taxon:102691,Nomada armata,species,VU,Apidae,Hymenoptera,Threatened - Poorly Sampled,1,1,493
urn:lsid:dyntaxa.se:Taxon:102694,Nomada fuscicornis,species,VU,Apidae,Hymenoptera,Threatened - Poorly Sampled,1,1,156
urn:lsid:dyntaxa.se:Taxon:102697,Nomada obtusifrons,species,VU,Apidae,Hymenoptera,Threatened - Poorly Sampled,1,1,34
urn:lsid:dyntaxa.se:Taxon:101406,Nomada similis,species,VU,Apidae,Hymenoptera,Threatened - Poorly Sampled,1,1,161
urn:lsid:dyntaxa.se:Taxon:106770,Nomada subcornuta,species,VU,Apidae,Hymenoptera,Threatened - Poorly Sampled,1,1,91
urn:lsid:dyntaxa.se:Taxon:232914,Nostoc calcicola,species,VU,Nostocaceae,Nostocales,Threatened - Poorly Sampled,1,1,1
urn:lsid:dyntaxa.se:Taxon:232915,Nostoc flagelliforme,species,VU,Nostocaceae,Nostocales,Threatened - Poorly Sampled,1,1,61
urn:lsid:dyntaxa.se:Taxon:232915,Nostoc flagelliforme,species,VU,Nostocaceae,Nostocales,Threatened - Poorly Sampled,1,1,1
urn:lsid:dyntaxa.se:Taxon:973,Notholepista subzonalis,species,VU,"Agaricales, genera incertae sedis",Agaricales,Threatened - Poorly Sampled,1,1,24
urn:lsid:dyntaxa.se:Taxon:101412,Notolaemus castaneus,species,VU,Laemophloeidae,Coleoptera,Threatened - Poorly Sampled,1,1,10
urn:lsid:dyntaxa.se:Taxon:101413,Notolaemus unifasciatus,species,VU,Laemophloeidae,Coleoptera,Threatened - Poorly Sampled,1,1,22
urn:lsid:dyntaxa.se:Taxon:218228,Nuculana pernula,species,VU,Nuculanidae,Nuculanoida,Threatened - Poorly Sampled,1,1,424
urn:lsid:dyntaxa.se:Taxon:232266,Nyctalus leisleri,species,VU,Vespertilionidae,Chiroptera,Threatened - Poorly Sampled,1,1,163
urn:lsid:dyntaxa.se:Taxon:1899,Nymphaea alba subsp. occidentalis,subspecies,VU,Nymphaeaceae,Nymphaeales,Threatened - Poorly Sampled,1,1,3786
urn:lsid:dyntaxa.se:Taxon:1899,Nymphaea alba subsp. occidentalis,subspecies,VU,Nymphaeaceae,Nymphaeales,Threatened - Poorly Sampled,1,1,216
urn:lsid:dyntaxa.se:Taxon:1899,Nymphaea alba subsp. occidentalis,subspecies,VU,Nymphaeaceae,Nymphaeales,Threatened - Poorly Sampled,1,1,51
urn:lsid:dyntaxa.se:Taxon:101422,Oberea linearis,species,VU,Cerambycidae,Coleoptera,Threatened - Poorly Sampled,1,1,194
urn:lsid:dyntaxa.se:Taxon:102317,Ochthebius viridis,species,VU,Hydraenidae,Coleoptera,Threatened - Poorly Sampled,1,1,18
urn:lsid:dyntaxa.se:Taxon:1096,Octaviania asterosperma,species,VU,Boletaceae,Boletales,Threatened - Poorly Sampled,1,1,29
urn:lsid:dyntaxa.se:Taxon:100469,Ocys quinquestriatus,species,VU,Carabidae,Coleoptera,Threatened - Poorly Sampled,1,1,24
urn:lsid:dyntaxa.se:Taxon:256283,Odontocolon appendiculatum,species,VU,Ichneumonidae,Hymenoptera,Threatened - Poorly Sampled,1,1,4
urn:lsid:dyntaxa.se:Taxon:249902,Oebalia unistriata,species,VU,Sarcophagidae,Diptera,Threatened - Poorly Sampled,1,1,2
urn:lsid:dyntaxa.se:Taxon:1097,Oedipodium griffithianum,species,VU,Oedipodiaceae,Oedipodiales,Threatened - Poorly Sampled,1,1,33
urn:lsid:dyntaxa.se:Taxon:1099,Oenanthe lachenalii,species,VU,Apiaceae,Apiales,Threatened - Poorly Sampled,1,1,215
urn:lsid:dyntaxa.se:Taxon:201097,Oeneis bore,species,VU,Nymphalidae,Lepidoptera,Threatened - Poorly Sampled,1,1,107
urn:lsid:dyntaxa.se:Taxon:101442,Oidaematophorus rogenhoferi,species,VU,Pterophoridae,Lepidoptera,Threatened - Poorly Sampled,1,1,5
urn:lsid:dyntaxa.se:Taxon:101443,Oidaematophorus vafradactylus,species,VU,Pterophoridae,Lepidoptera,Threatened - Poorly Sampled,1,1,41
urn:lsid:dyntaxa.se:Taxon:101446,Oligomerus brunneus,species,VU,Ptinidae,Coleoptera,Threatened - Poorly Sampled,1,1,39
urn:lsid:dyntaxa.se:Taxon:100349,Omphalapion dispar,species,VU,Apionidae,Coleoptera,Threatened - Poorly Sampled,1,1,111
urn:lsid:dyntaxa.se:Taxon:101454,Onthophagus illyricus,species,VU,Scarabaeidae,Coleoptera,Threatened - Poorly Sampled,1,1,258
urn:lsid:dyntaxa.se:Taxon:101455,Onthophagus joannae,species,VU,Scarabaeidae,Coleoptera,Threatened - Poorly Sampled,1,1,95
urn:lsid:dyntaxa.se:Taxon:101457,Onthophagus ovatus,species,VU,Scarabaeidae,Coleoptera,Threatened - Poorly Sampled,1,1,150
urn:lsid:dyntaxa.se:Taxon:102864,Ophiactis balli,species,VU,Ophiactidae,Ophiurida,Threatened - Poorly Sampled,1,1,42
urn:lsid:dyntaxa.se:Taxon:6040048,Ophion dispar,species,VU,Ichneumonidae,Hymenoptera,Threatened - Not in GBIF,,,
urn:lsid:dyntaxa.se:Taxon:102867,Ophiura robusta,species,VU,Ophiuridae,Ophiurida,Threatened - Poorly Sampled,1,1,191
urn:lsid:dyntaxa.se:Taxon:101462,Ophonus puncticollis,species,VU,Carabidae,Coleoptera,Threatened - Poorly Sampled,1,1,41
urn:lsid:dyntaxa.se:Taxon:101466,Orchesia luteipalpis,species,VU,Melandryidae,Coleoptera,Threatened - Poorly Sampled,1,1,36
urn:lsid:dyntaxa.se:Taxon:1122,Orchis spitzelii,species,VU,Orchidaceae,Asparagales,Threatened - Poorly Sampled,1,1,20
urn:lsid:dyntaxa.se:Taxon:101468,Orgyia antiquoides,species,VU,Erebidae,Lepidoptera,Threatened - Poorly Sampled,1,1,73
urn:lsid:dyntaxa.se:Taxon:244701,Ornatoscalpellum stroemi,species,VU,Scalpellidae,Thoracica,Threatened - Not in GBIF,,,
urn:lsid:dyntaxa.se:Taxon:52,Orthocaulis cavifolius,species,VU,Anastrophyllaceae,Jungermanniales,Threatened - Poorly Sampled,1,1,12
urn:lsid:dyntaxa.se:Taxon:2784,Orthothecium chryseon,species,VU,Plagiotheciaceae,Hypnales,Threatened - Poorly Sampled,1,1,326
urn:lsid:dyntaxa.se:Taxon:101474,Orthotomicus longicollis,species,VU,Curculionidae,Coleoptera,Threatened - Poorly Sampled,1,1,95
urn:lsid:dyntaxa.se:Taxon:1134,Orthotrichum pellucidum,species,VU,Orthotrichaceae,Orthotrichales,Threatened - Poorly Sampled,1,1,7
urn:lsid:dyntaxa.se:Taxon:101479,Osmoderma eremita,species,VU,Scarabaeidae,Coleoptera,Threatened - Poorly Sampled,1,1,3055
urn:lsid:dyntaxa.se:Taxon:714,Osmoporus protractus,species,VU,Gloeophyllaceae,Gloeophyllales,Threatened - Not in GBIF,,,
urn:lsid:dyntaxa.se:Taxon:101481,Osphya bipunctata,species,VU,Melandryidae,Coleoptera,Threatened - Poorly Sampled,1,1,136
urn:lsid:dyntaxa.se:Taxon:1106,Osteina undosa,species,VU,Dacryobolaceae,Polyporales,Threatened - Poorly Sampled,1,1,1275
urn:lsid:dyntaxa.se:Taxon:244175,Oulema septentrionis,species,VU,Chrysomelidae,Coleoptera,Threatened - Poorly Sampled,1,1,39
urn:lsid:dyntaxa.se:Taxon:101483,Oxycera fallenii,species,VU,Stratiomyidae,Diptera,Threatened - Poorly Sampled,1,1,12
urn:lsid:dyntaxa.se:Taxon:101486,Oxycera meigenii,species,VU,Stratiomyidae,Diptera,Threatened - Poorly Sampled,1,1,4
urn:lsid:dyntaxa.se:Taxon:101484,Oxycera nigricornis,species,VU,Stratiomyidae,Diptera,Threatened - Poorly Sampled,1,1,33
urn:lsid:dyntaxa.se:Taxon:102083,Oxycera pardalina,species,VU,Stratiomyidae,Diptera,Threatened - Poorly Sampled,1,1,9
urn:lsid:dyntaxa.se:Taxon:241125,Oxyna nebulosa,species,VU,Tephritidae,Diptera,Threatened - Poorly Sampled,1,1,47
urn:lsid:dyntaxa.se:Taxon:634,Oxyrrhynchium schleicheri,species,VU,Brachytheciaceae,Hypnales,Threatened - Poorly Sampled,1,1,118
urn:lsid:dyntaxa.se:Taxon:101497,Pachyneura fasciata,species,VU,Pachyneuridae,Diptera,Threatened - Poorly Sampled,1,1,15
urn:lsid:dyntaxa.se:Taxon:101499,Paederus littoralis,species,VU,Staphylinidae,Coleoptera,Threatened - Poorly Sampled,1,1,38
urn:lsid:dyntaxa.se:Taxon:102813,Palaemon varians,species,VU,Palaemonidae,Decapoda,Threatened - Poorly Sampled,1,1,23
urn:lsid:dyntaxa.se:Taxon:218182,Palio nothus,species,VU,Polyceridae,Nudibranchia,Threatened - Poorly Sampled,1,1,6
urn:lsid:dyntaxa.se:Taxon:218394,Palliolum incomparabile,species,VU,Pectinidae,Pectinoida,Threatened - Poorly Sampled,1,1,125
urn:lsid:dyntaxa.se:Taxon:241027,Palloptera bimaculata,species,VU,Pallopteridae,Diptera,Threatened - Poorly Sampled,1,1,4
urn:lsid:dyntaxa.se:Taxon:102090,Pandivirilia melaleuca,species,VU,Therevidae,Diptera,Threatened - Poorly Sampled,1,1,6
urn:lsid:dyntaxa.se:Taxon:102675,Panurgus banksianus,species,VU,Andrenidae,Hymenoptera,Threatened - Poorly Sampled,1,1,1067
urn:lsid:dyntaxa.se:Taxon:1157,Papaver radicatum subsp. laestadianum,subspecies,VU,Papaveraceae,Ranunculales,Threatened - Poorly Sampled,1,1,217
urn:lsid:dyntaxa.se:Taxon:200684,Paragus constrictus,species,VU,Syrphidae,Diptera,Threatened - Poorly Sampled,1,1,39
urn:lsid:dyntaxa.se:Taxon:1159,Paraleucobryum sauteri,species,VU,Dicranaceae,Dicranales,Threatened - Poorly Sampled,1,1,16
urn:lsid:dyntaxa.se:Taxon:234597,Paraliburnia clypealis,species,VU,Delphacidae,Hemiptera,Threatened - Poorly Sampled,1,1,2
urn:lsid:dyntaxa.se:Taxon:1160,Parapholis strigosa,species,VU,Poaceae,Poales,Threatened - Poorly Sampled,1,1,238
urn:lsid:dyntaxa.se:Taxon:101508,Pareulype berberata,species,VU,Geometridae,Lepidoptera,Threatened - Poorly Sampled,1,1,265
urn:lsid:dyntaxa.se:Taxon:1161,Parietaria officinalis,species,VU,Urticaceae,Rosales,Threatened - Poorly Sampled,1,1,465
urn:lsid:dyntaxa.se:Taxon:102737,Parvicardium hauniense,species,VU,Cardiidae,Veneroida,Threatened - Poorly Sampled,1,1,107
urn:lsid:dyntaxa.se:Taxon:102062,Pedicia littoralis,species,VU,Pediciidae,Diptera,Threatened - Poorly Sampled,1,1,12
urn:lsid:dyntaxa.se:Taxon:102532,Pelecocera lusitanica,species,VU,Syrphidae,Diptera,Threatened - Not in GBIF,,,
urn:lsid:dyntaxa.se:Taxon:101570,Pelenomus olssoni,species,VU,Curculionidae,Coleoptera,Threatened - Not in GBIF,,,
urn:lsid:dyntaxa.se:Taxon:100098,Pelobates fuscus,species,VU,Pelobatidae,Anura,Threatened - Poorly Sampled,1,1,853
urn:lsid:dyntaxa.se:Taxon:215094,Pelochrista infidana,species,VU,Tortricidae,Lepidoptera,Threatened - Poorly Sampled,1,1,132
urn:lsid:dyntaxa.se:Taxon:234263,Pelonaia corrugata,species,VU,Styelidae,Stolidobranchiata,Threatened - Poorly Sampled,1,1,5
urn:lsid:dyntaxa.se:Taxon:100119,Pelophylax lessonae,species,VU,Ranidae,Anura,Threatened - Poorly Sampled,1,1,8148
urn:lsid:dyntaxa.se:Taxon:1175,Peltula euploca,species,VU,Peltulaceae,Lichinales,Threatened - Poorly Sampled,1,1,143
urn:lsid:dyntaxa.se:Taxon:234349,Pemphredon mortifer,species,VU,Crabronidae,Hymenoptera,Threatened - Poorly Sampled,1,1,36
urn:lsid:dyntaxa.se:Taxon:5360,Peniophora lilacea,species,VU,Peniophoraceae,Russulales,Threatened - Poorly Sampled,1,1,42
urn:lsid:dyntaxa.se:Taxon:101524,Pentanota meuseli,species,VU,Staphylinidae,Coleoptera,Threatened - Not in GBIF,,,
urn:lsid:dyntaxa.se:Taxon:1179,Perenniporia subacida,species,VU,Polyporaceae,Polyporales,Threatened - Not in GBIF,,,
urn:lsid:dyntaxa.se:Taxon:102476,Perittia obscurepunctella,species,VU,Elachistidae,Lepidoptera,Threatened - Poorly Sampled,1,1,19
urn:lsid:dyntaxa.se:Taxon:1188,Peucedanum oreoselinum,species,VU,Apiaceae,Apiales,Threatened - Not in GBIF,,,
urn:lsid:dyntaxa.se:Taxon:1189,Peziza ammophila,species,VU,Pezizaceae,Pezizales,Threatened - Poorly Sampled,1,1,50
urn:lsid:dyntaxa.se:Taxon:229569,Phacopsis vulpina,species,VU,Parmeliaceae,Lecanorales,Threatened - Poorly Sampled,1,1,167
urn:lsid:dyntaxa.se:Taxon:229579,Phaeophyscia kairamoi,species,VU,Physciaceae,Caliciales,Threatened - Poorly Sampled,1,1,34
urn:lsid:dyntaxa.se:Taxon:205489,Phalacrocorax aristotelis,species,VU,Phalacrocoracidae,Suliformes,Threatened - Poorly Sampled,1,1,56625
urn:lsid:dyntaxa.se:Taxon:101535,Phaleria cadaverina,species,VU,Tenebrionidae,Coleoptera,Threatened - Poorly Sampled,1,1,60
urn:lsid:dyntaxa.se:Taxon:232140,Phellodon secretus,species,VU,Thelephoraceae,Thelephorales,Threatened - Poorly Sampled,1,1,1112
urn:lsid:dyntaxa.se:Taxon:101444,Phiaris heinrichana,species,VU,Tortricidae,Lepidoptera,Threatened - Not in GBIF,,,
urn:lsid:dyntaxa.se:Taxon:101542,Philodromus poecilus,species,VU,Philodromidae,Araneae,Threatened - Poorly Sampled,1,1,57
urn:lsid:dyntaxa.se:Taxon:101545,Philonthus corruscus,species,VU,Staphylinidae,Coleoptera,Threatened - Poorly Sampled,1,1,5
urn:lsid:dyntaxa.se:Taxon:104099,Philonthus rubripennis,species,VU,Staphylinidae,Coleoptera,Threatened - Poorly Sampled,1,1,27
urn:lsid:dyntaxa.se:Taxon:220995,Phippsia algida,species,VU,Poaceae,Poales,Threatened - Poorly Sampled,1,1,402
urn:lsid:dyntaxa.se:Taxon:1209,Phlebia centrifuga,species,VU,Meruliaceae,Polyporales,Threatened - Not in GBIF,,,
urn:lsid:dyntaxa.se:Taxon:1217,Phlebia lindtneri,species,VU,Meruliaceae,Polyporales,Threatened - Not in GBIF,,,
urn:lsid:dyntaxa.se:Taxon:1218,Phlebia subulata,species,VU,Meruliaceae,Polyporales,Threatened - Poorly Sampled,1,1,33
urn:lsid:dyntaxa.se:Taxon:1900,Phleum arenarium,species,VU,Poaceae,Poales,Threatened - Poorly Sampled,1,1,2079
urn:lsid:dyntaxa.se:Taxon:100105,Phoca vitulina (Baltic population),unranked,VU,Phocidae,Carnivora,Threatened - Poorly Sampled,1,1,20133
urn:lsid:dyntaxa.se:Taxon:1227,Pholiota squarrosoides,species,VU,Strophariaceae,Agaricales,Threatened - Poorly Sampled,1,1,48
urn:lsid:dyntaxa.se:Taxon:101557,Phragmatiphila nexa,species,VU,Noctuidae,Lepidoptera,Threatened - Poorly Sampled,1,1,70
urn:lsid:dyntaxa.se:Taxon:219080,Phrurolithus minimus,species,VU,Phrurolithidae,Araneae,Threatened - Poorly Sampled,1,1,24
urn:lsid:dyntaxa.se:Taxon:101559,Phylan gibbus,species,VU,Tenebrionidae,Coleoptera,Threatened - Poorly Sampled,1,1,80
urn:lsid:dyntaxa.se:Taxon:101041,Phyllodrepa salicis,species,VU,Staphylinidae,Coleoptera,Threatened - Poorly Sampled,1,1,7
urn:lsid:dyntaxa.se:Taxon:106088,Phyllotreta dilatata,species,VU,Chrysomelidae,Coleoptera,Threatened - Poorly Sampled,1,1,29
urn:lsid:dyntaxa.se:Taxon:101567,Phymatura brevicollis,species,VU,Staphylinidae,Coleoptera,Threatened - Poorly Sampled,1,1,26
urn:lsid:dyntaxa.se:Taxon:1232,Physcia leptalea,species,VU,Physciaceae,Caliciales,Threatened - Poorly Sampled,1,1,136
urn:lsid:dyntaxa.se:Taxon:1230,Physcia magnussonii,species,VU,Physciaceae,Caliciales,Threatened - Poorly Sampled,1,1,42
urn:lsid:dyntaxa.se:Taxon:229609,Physconia detersa,species,VU,Physciaceae,Caliciales,Threatened - Poorly Sampled,1,1,55
urn:lsid:dyntaxa.se:Taxon:236231,Physocephala nigra,species,VU,Conopidae,Diptera,Threatened - Poorly Sampled,1,1,29
urn:lsid:dyntaxa.se:Taxon:1235,Physodontia lundellii,species,VU,"Hymenochaetales, genera incertae sedis",Hymenochaetales,Threatened - Poorly Sampled,1,1,18
urn:lsid:dyntaxa.se:Taxon:101571,Phytoecia nigricornis,species,VU,Cerambycidae,Coleoptera,Threatened - Poorly Sampled,1,1,72
urn:lsid:dyntaxa.se:Taxon:101572,Phytosus balticus,species,VU,Staphylinidae,Coleoptera,Threatened - Poorly Sampled,1,1,77
urn:lsid:dyntaxa.se:Taxon:101573,Phytosus spinifer,species,VU,Staphylinidae,Coleoptera,Threatened - Poorly Sampled,1,1,10
urn:lsid:dyntaxa.se:Taxon:101575,Pilemostoma fastuosum,species,VU,Chrysomelidae,Coleoptera,Threatened - Not in GBIF,,,
urn:lsid:dyntaxa.se:Taxon:220275,Pilosella dichotoma,species,VU,Asteraceae,Asterales,Threatened - Poorly Sampled,1,1,1034
urn:lsid:dyntaxa.se:Taxon:220275,Pilosella dichotoma,species,VU,Asteraceae,Asterales,Threatened - Poorly Sampled,1,1,1
urn:lsid:dyntaxa.se:Taxon:220275,Pilosella dichotoma,species,VU,Asteraceae,Asterales,Threatened - Poorly Sampled,1,1,9
urn:lsid:dyntaxa.se:Taxon:1241,Pilularia globulifera,species,VU,Marsileaceae,Salviniales,Threatened - Poorly Sampled,1,1,2053
urn:lsid:dyntaxa.se:Taxon:1243,Pimpinella saxifraga subsp. nigra,subspecies,VU,Apiaceae,Apiales,Threatened - Poorly Sampled,1,1,50963
urn:lsid:dyntaxa.se:Taxon:102125,Pinicola enucleator,species,VU,Fringillidae,Passeriformes,Threatened - Poorly Sampled,1,1,77647
urn:lsid:dyntaxa.se:Taxon:205994,Pipistrellus pipistrellus,species,VU,Vespertilionidae,Chiroptera,Threatened - Poorly Sampled,1,1,969
urn:lsid:dyntaxa.se:Taxon:102325,Pityogenes irkutensis,species,VU,Curculionidae,Coleoptera,Threatened - Poorly Sampled,1,1,7
urn:lsid:dyntaxa.se:Taxon:102326,Pityogenes saalasi,species,VU,Curculionidae,Coleoptera,Threatened - Poorly Sampled,1,1,22
urn:lsid:dyntaxa.se:Taxon:101583,Planeustomus palpalis,species,VU,Staphylinidae,Coleoptera,Threatened - Poorly Sampled,1,1,11
urn:lsid:dyntaxa.se:Taxon:636,Plasteurhynchium striatulum,species,VU,Brachytheciaceae,Hypnales,Threatened - Poorly Sampled,1,1,97
urn:lsid:dyntaxa.se:Taxon:1249,Platismatia norvegica,species,VU,Parmeliaceae,Lecanorales,Threatened - Poorly Sampled,1,1,3705
urn:lsid:dyntaxa.se:Taxon:102481,Platyedra subcinerea,species,VU,Gelechiidae,Lepidoptera,Threatened - Poorly Sampled,1,1,39
urn:lsid:dyntaxa.se:Taxon:100159,Platyla polita,species,VU,Aciculidae,Architaenioglossa,Threatened - Poorly Sampled,1,1,24
urn:lsid:dyntaxa.se:Taxon:102482,Platyptilia tesseradactyla,species,VU,Pterophoridae,Lepidoptera,Threatened - Poorly Sampled,1,1,102
urn:lsid:dyntaxa.se:Taxon:101594,Platysoma compressum,species,VU,Histeridae,Coleoptera,Threatened - Poorly Sampled,1,1,113
urn:lsid:dyntaxa.se:Taxon:229651,Plectocarpon lichenum,species,VU,Lecanographaceae,Arthoniales,Threatened - Poorly Sampled,1,1,453
urn:lsid:dyntaxa.se:Taxon:101599,Plectophloeus nitidus,species,VU,Staphylinidae,Coleoptera,Threatened - Poorly Sampled,1,1,52
urn:lsid:dyntaxa.se:Taxon:6006096,Pleurobranchus membranaceus,species,VU,Pleurobranchidae,Pleurobranchida,Threatened - Poorly Sampled,1,1,5
urn:lsid:dyntaxa.se:Taxon:1253,Pleurospermum austriacum,species,VU,Apiaceae,Apiales,Threatened - Poorly Sampled,1,1,889
urn:lsid:dyntaxa.se:Taxon:5563,Pluteus chrysophaeus,species,VU,Pluteaceae,Agaricales,Threatened - Poorly Sampled,1,1,74
urn:lsid:dyntaxa.se:Taxon:101606,Podalonia luffii,species,VU,Sphecidae,Hymenoptera,Threatened - Poorly Sampled,1,1,81
urn:lsid:dyntaxa.se:Taxon:101566,Poecilium pusillum,species,VU,Cerambycidae,Coleoptera,Threatened - Not in GBIF,,,
urn:lsid:dyntaxa.se:Taxon:1259,Pohlia atropurpurea,species,VU,Mielichhoferiaceae,Bryales,Threatened - Poorly Sampled,1,1,14
urn:lsid:dyntaxa.se:Taxon:101613,Polistes biglumis,species,VU,Vespidae,Hymenoptera,Threatened - Poorly Sampled,1,1,5
urn:lsid:dyntaxa.se:Taxon:218183,Polycera faeroensis,species,VU,Polyceridae,Nudibranchia,Threatened - Poorly Sampled,1,1,1
urn:lsid:dyntaxa.se:Taxon:1262,Polygala comosa,species,VU,Polygalaceae,Fabales,Threatened - Poorly Sampled,1,1,3798
urn:lsid:dyntaxa.se:Taxon:1268,Polystichum aculeatum,species,VU,Dryopteridaceae,Polypodiales,Threatened - Poorly Sampled,1,1,486
urn:lsid:dyntaxa.se:Taxon:1272,Porella arboris-vitae,species,VU,Porellaceae,Jungermanniales,Threatened - Poorly Sampled,1,1,179
urn:lsid:dyntaxa.se:Taxon:1824,Porina leptalea,species,VU,Porinaceae,Ostropales,Threatened - Not in GBIF,,,
urn:lsid:dyntaxa.se:Taxon:218246,Poromya granulata,species,VU,Poromyidae,Anomalodesmata,Threatened - Poorly Sampled,1,1,10
urn:lsid:dyntaxa.se:Taxon:5600,Poronia erici,species,VU,Xylariaceae,Xylariales,Threatened - Poorly Sampled,1,1,74
urn:lsid:dyntaxa.se:Taxon:1279,Porpoloma metapodium,species,VU,Tricholomataceae,Agaricales,Threatened - Not in GBIF,,,
urn:lsid:dyntaxa.se:Taxon:100116,Porzana porzana,species,VU,Rallidae,Gruiformes,Threatened - Poorly Sampled,1,1,42061
urn:lsid:dyntaxa.se:Taxon:1618,Postia ceriflua,species,VU,Dacryobolaceae,Polyporales,Threatened - Poorly Sampled,1,1,205
urn:lsid:dyntaxa.se:Taxon:1100,Postia floriformis,species,VU,Dacryobolaceae,Polyporales,Threatened - Not in GBIF,,,
urn:lsid:dyntaxa.se:Taxon:5260,Postia lateritia,species,VU,Dacryobolaceae,Polyporales,Threatened - Not in GBIF,,,
urn:lsid:dyntaxa.se:Taxon:1281,Potamogeton acutifolius,species,VU,Potamogetonaceae,Alismatales,Threatened - Poorly Sampled,1,1,691
urn:lsid:dyntaxa.se:Taxon:1281,Potamogeton acutifolius,species,VU,Potamogetonaceae,Alismatales,Threatened - Poorly Sampled,1,1,2
urn:lsid:dyntaxa.se:Taxon:1281,Potamogeton acutifolius,species,VU,Potamogetonaceae,Alismatales,Threatened - Poorly Sampled,1,1,14
urn:lsid:dyntaxa.se:Taxon:1282,Potamogeton coloratus,species,VU,Potamogetonaceae,Alismatales,Threatened - Poorly Sampled,1,1,424
urn:lsid:dyntaxa.se:Taxon:1903,Potamogeton compressus,species,VU,Potamogetonaceae,Alismatales,Threatened - Poorly Sampled,1,1,1645
urn:lsid:dyntaxa.se:Taxon:1903,Potamogeton compressus,species,VU,Potamogetonaceae,Alismatales,Threatened - Poorly Sampled,1,1,1
urn:lsid:dyntaxa.se:Taxon:1283,Potamogeton rutilus,species,VU,Potamogetonaceae,Alismatales,Threatened - Poorly Sampled,1,1,569
urn:lsid:dyntaxa.se:Taxon:1284,Potamogeton trichoides,species,VU,Potamogetonaceae,Alismatales,Threatened - Poorly Sampled,1,1,233
urn:lsid:dyntaxa.se:Taxon:1906,Potentilla anglica,species,VU,Rosaceae,Rosales,Threatened - Poorly Sampled,1,1,1042
urn:lsid:dyntaxa.se:Taxon:1906,Potentilla anglica,species,VU,Rosaceae,Rosales,Threatened - Poorly Sampled,1,1,177
urn:lsid:dyntaxa.se:Taxon:1906,Potentilla anglica,species,VU,Rosaceae,Rosales,Threatened - Poorly Sampled,1,1,40
urn:lsid:dyntaxa.se:Taxon:1906,Potentilla anglica,species,VU,Rosaceae,Rosales,Threatened - Poorly Sampled,1,1,69
urn:lsid:dyntaxa.se:Taxon:1907,Potentilla chamissonis,species,VU,Rosaceae,Rosales,Threatened - Poorly Sampled,1,1,103
urn:lsid:dyntaxa.se:Taxon:1287,Potentilla hyparctica,species,VU,Rosaceae,Rosales,Threatened - Poorly Sampled,1,1,84
urn:lsid:dyntaxa.se:Taxon:2078,Potentilla incana,species,VU,Rosaceae,Rosales,Threatened - Poorly Sampled,1,1,26
urn:lsid:dyntaxa.se:Taxon:1288,Potentilla multifida,species,VU,Rosaceae,Rosales,Threatened - Poorly Sampled,1,1,172
urn:lsid:dyntaxa.se:Taxon:1289,Potentilla sterilis,species,VU,Rosaceae,Rosales,Threatened - Poorly Sampled,1,1,484
urn:lsid:dyntaxa.se:Taxon:1296,Primula scandinavica,species,VU,Primulaceae,Ericales,Threatened - Poorly Sampled,1,1,1209
urn:lsid:dyntaxa.se:Taxon:101625,Priocnemis minuta,species,VU,Pompilidae,Hymenoptera,Threatened - Poorly Sampled,1,1,17
urn:lsid:dyntaxa.se:Taxon:101631,Prionychus melanarius,species,VU,Tenebrionidae,Coleoptera,Threatened - Poorly Sampled,1,1,80
urn:lsid:dyntaxa.se:Taxon:102485,Pristerognatha penthinana,species,VU,Tortricidae,Lepidoptera,Threatened - Poorly Sampled,1,1,11
urn:lsid:dyntaxa.se:Taxon:101632,Proasellus coxalis,species,VU,Asellidae,Isopoda,Threatened - Poorly Sampled,1,1,16
urn:lsid:dyntaxa.se:Taxon:216147,Protarchanara brevilinea,species,VU,Noctuidae,Lepidoptera,Threatened - Poorly Sampled,1,1,70
urn:lsid:dyntaxa.se:Taxon:1298,Protoblastenia cyclospora,species,VU,Psoraceae,Lecanorales,Threatened - Poorly Sampled,1,1,155
urn:lsid:dyntaxa.se:Taxon:1290,Protobryum bryoides,species,VU,Pottiaceae,Pottiales,Threatened - Not in GBIF,,,
urn:lsid:dyntaxa.se:Taxon:219207,Psammitis sabulosus,species,VU,Thomisidae,Araneae,Threatened - Poorly Sampled,1,1,50
urn:lsid:dyntaxa.se:Taxon:5632,Psathyrella jacobssonii,species,VU,Psathyrellaceae,Agaricales,Threatened - Poorly Sampled,1,1,1
urn:lsid:dyntaxa.se:Taxon:102856,Pseudarchaster parelii,species,VU,Goniasteridae,Valvatida,Threatened - Poorly Sampled,1,1,3
urn:lsid:dyntaxa.se:Taxon:102641,Pseudochrysis neglecta,species,VU,Chrysididae,Hymenoptera,Threatened - Not in GBIF,,,
urn:lsid:dyntaxa.se:Taxon:233598,Pseudocuma similis,species,VU,Pseudocumatidae,Cumacea,Threatened - Not in GBIF,,,
urn:lsid:dyntaxa.se:Taxon:882,Pseudoinonotus dryadeus,species,VU,Hymenochaetaceae,Hymenochaetales,Threatened - Poorly Sampled,1,1,895
urn:lsid:dyntaxa.se:Taxon:958,Pseudoleptogium diffractum,species,VU,Collemataceae,Peltigerales,Threatened - Poorly Sampled,1,1,49
urn:lsid:dyntaxa.se:Taxon:1318,Psilopilum cavifolium,species,VU,Polytrichaceae,Polytrichales,Threatened - Poorly Sampled,1,1,12
urn:lsid:dyntaxa.se:Taxon:102547,Psilota atra,species,VU,Syrphidae,Diptera,Threatened - Poorly Sampled,1,1,1
urn:lsid:dyntaxa.se:Taxon:1322,Psora testacea,species,VU,Psoraceae,Lecanorales,Threatened - Poorly Sampled,1,1,311
urn:lsid:dyntaxa.se:Taxon:102487,Psychoides verhuella,species,VU,Tineidae,Lepidoptera,Threatened - Poorly Sampled,1,1,93
urn:lsid:dyntaxa.se:Taxon:101660,Psylliodes chalcomera,species,VU,Chrysomelidae,Coleoptera,Threatened - Poorly Sampled,1,1,68
urn:lsid:dyntaxa.se:Taxon:101661,Psylliodes cuprea,species,VU,Chrysomelidae,Coleoptera,Threatened - Poorly Sampled,1,1,41
urn:lsid:dyntaxa.se:Taxon:101664,Psylliodes tricolor,species,VU,Chrysomelidae,Coleoptera,Threatened - Poorly Sampled,1,1,155
urn:lsid:dyntaxa.se:Taxon:217690,Pteraster militaris,species,VU,Pterasteridae,Velatida,Threatened - Poorly Sampled,1,1,1
urn:lsid:dyntaxa.se:Taxon:217691,Pteraster pulvillus,species,VU,Pterasteridae,Velatida,Threatened - Poorly Sampled,1,1,11
urn:lsid:dyntaxa.se:Taxon:264414,Puccinellia nutkaënsis,species,VU,Poaceae,Poales,Threatened - Not in GBIF,,,
urn:lsid:dyntaxa.se:Taxon:1331,Pulmonaria officinalis,species,VU,Boraginaceae,Boraginales,Threatened - Poorly Sampled,1,1,802
urn:lsid:dyntaxa.se:Taxon:222886,Pulsatilla vulgaris,species,VU,Ranunculaceae,Ranunculales,Threatened - Poorly Sampled,1,1,28584
urn:lsid:dyntaxa.se:Taxon:1333,Pulsatilla vulgaris subsp. gotlandica,subspecies,VU,Ranunculaceae,Ranunculales,Threatened - Poorly Sampled,1,1,28584
urn:lsid:dyntaxa.se:Taxon:224913,Pulsatilla vulgaris subsp. vulgaris,subspecies,VU,Ranunculaceae,Ranunculales,Threatened - Poorly Sampled,1,1,28584
urn:lsid:dyntaxa.se:Taxon:101685,Pygaera timon,species,VU,Notodontidae,Lepidoptera,Threatened - Poorly Sampled,1,1,186
urn:lsid:dyntaxa.se:Taxon:102492,Pyrausta aerealis,species,VU,Crambidae,Lepidoptera,Threatened - Poorly Sampled,1,1,237
urn:lsid:dyntaxa.se:Taxon:102491,Pyrausta cingulata,species,VU,Crambidae,Lepidoptera,Threatened - Poorly Sampled,1,1,83
urn:lsid:dyntaxa.se:Taxon:102493,Pyrausta porphyralis,species,VU,Crambidae,Lepidoptera,Threatened - Poorly Sampled,1,1,101
urn:lsid:dyntaxa.se:Taxon:101688,Pyrgus alveus,species,VU,Hesperiidae,Lepidoptera,Threatened - Poorly Sampled,1,1,1038
urn:lsid:dyntaxa.se:Taxon:101689,Pyrgus armoricanus,species,VU,Hesperiidae,Lepidoptera,Threatened - Poorly Sampled,1,1,521
urn:lsid:dyntaxa.se:Taxon:101691,Pytho abieticola,species,VU,Pythidae,Coleoptera,Threatened - Poorly Sampled,1,1,115
urn:lsid:dyntaxa.se:Taxon:101697,Quedius truncicola,species,VU,Staphylinidae,Coleoptera,Threatened - Poorly Sampled,1,1,54
urn:lsid:dyntaxa.se:Taxon:101698,Quedius vexans,species,VU,Staphylinidae,Coleoptera,Threatened - Poorly Sampled,1,1,9
urn:lsid:dyntaxa.se:Taxon:2514,Racomitrium macounii,species,VU,Grimmiaceae,Grimmiales,Threatened - Not in GBIF,,,
urn:lsid:dyntaxa.se:Taxon:1347,Radulodon erikssonii,species,VU,Cerrenaceae,Polyporales,Threatened - Poorly Sampled,1,1,75
urn:lsid:dyntaxa.se:Taxon:1349,Ramalina calicaris,species,VU,Ramalinaceae,Lecanorales,Threatened - Poorly Sampled,1,1,506
urn:lsid:dyntaxa.se:Taxon:1350,Ramalina obtusata,species,VU,Ramalinaceae,Lecanorales,Threatened - Poorly Sampled,1,1,474
urn:lsid:dyntaxa.se:Taxon:1351,Ramalina roesleri,species,VU,Ramalinaceae,Lecanorales,Threatened - Poorly Sampled,1,1,146
urn:lsid:dyntaxa.se:Taxon:233191,Ramaria bataillei,species,VU,Gomphaceae,Gomphales,Threatened - Poorly Sampled,1,1,28
urn:lsid:dyntaxa.se:Taxon:2051,Ramaria boreimaxima,species,VU,Gomphaceae,Gomphales,Threatened - Poorly Sampled,1,1,1060
urn:lsid:dyntaxa.se:Taxon:5745,Ramaria brunneicontusa,species,VU,Gomphaceae,Gomphales,Threatened - Poorly Sampled,1,1,532
urn:lsid:dyntaxa.se:Taxon:6040063,Ramaria flava var. pinicola,variety,VU,Gomphaceae,Gomphales,Threatened - Poorly Sampled,1,1,120
urn:lsid:dyntaxa.se:Taxon:233194,Ramaria flavosalmonicolor,species,VU,Gomphaceae,Gomphales,Threatened - Poorly Sampled,1,1,88
urn:lsid:dyntaxa.se:Taxon:256335,Ramaria karstenii,species,VU,Gomphaceae,Gomphales,Threatened - Poorly Sampled,1,1,550
urn:lsid:dyntaxa.se:Taxon:1356,Ramaria roellinii,species,VU,Gomphaceae,Gomphales,Threatened - Not in GBIF,,,
urn:lsid:dyntaxa.se:Taxon:233196,Ramaria rufescens,species,VU,Gomphaceae,Gomphales,Threatened - Poorly Sampled,1,1,138
urn:lsid:dyntaxa.se:Taxon:5747,Ramaria safraniolens,species,VU,Gomphaceae,Gomphales,Threatened - Poorly Sampled,1,1,1520
urn:lsid:dyntaxa.se:Taxon:1357,Ramaria sanguinea,species,VU,Gomphaceae,Gomphales,Threatened - Poorly Sampled,1,1,638
urn:lsid:dyntaxa.se:Taxon:5749,Ramaria schildii,species,VU,Gomphaceae,Gomphales,Threatened - Not in GBIF,,,
urn:lsid:dyntaxa.se:Taxon:256842,Ramaria spinulosa,species,VU,Gomphaceae,Gomphales,Threatened - Poorly Sampled,1,1,138
urn:lsid:dyntaxa.se:Taxon:2049,Ramaria subbotrytis,species,VU,Gomphaceae,Gomphales,Threatened - Poorly Sampled,1,1,130
urn:lsid:dyntaxa.se:Taxon:1358,Ramariopsis crocea,species,VU,Clavariaceae,Agaricales,Threatened - Poorly Sampled,1,1,170
urn:lsid:dyntaxa.se:Taxon:1359,Ramariopsis pulchella,species,VU,Clavariaceae,Agaricales,Threatened - Poorly Sampled,1,1,72
urn:lsid:dyntaxa.se:Taxon:1812,Ramboldia insidiosa,species,VU,Ramboldiaceae,Lecanorales,Threatened - Poorly Sampled,1,1,167
urn:lsid:dyntaxa.se:Taxon:1363,Ranunculus fluitans,species,VU,Ranunculaceae,Ranunculales,Threatened - Poorly Sampled,1,1,574
urn:lsid:dyntaxa.se:Taxon:1363,Ranunculus fluitans,species,VU,Ranunculaceae,Ranunculales,Threatened - Poorly Sampled,1,1,7
urn:lsid:dyntaxa.se:Taxon:1368,Ranunculus sulphureus,species,VU,Ranunculaceae,Ranunculales,Threatened - Poorly Sampled,1,1,81
urn:lsid:dyntaxa.se:Taxon:220571,Raphanus raphanistrum,species,VU,Brassicaceae,Brassicales,Threatened - Poorly Sampled,1,1,3217
urn:lsid:dyntaxa.se:Taxon:220571,Raphanus raphanistrum,species,VU,Brassicaceae,Brassicales,Threatened - Poorly Sampled,1,1,5
urn:lsid:dyntaxa.se:Taxon:101701,Remus sericeus,species,VU,Staphylinidae,Coleoptera,Threatened - Not in GBIF,,,
urn:lsid:dyntaxa.se:Taxon:3009,Resinoporia piceata,species,VU,Fomitopsidaceae,Polyporales,Threatened - Poorly Sampled,1,1,18
urn:lsid:dyntaxa.se:Taxon:249088,Retusa nitidula,species,VU,Retusidae,Cephalaspidea,Threatened - Poorly Sampled,1,1,4
urn:lsid:dyntaxa.se:Taxon:101702,Rhacopus sahlbergi,species,VU,Eucnemidae,Coleoptera,Threatened - Poorly Sampled,1,1,32
urn:lsid:dyntaxa.se:Taxon:240168,Rhaphium basale,species,VU,Dolichopodidae,Diptera,Threatened - Poorly Sampled,1,1,34
urn:lsid:dyntaxa.se:Taxon:300,Rhizochaete sulphurina,species,VU,Phanerochaetaceae,Polyporales,Threatened - Poorly Sampled,1,1,5
urn:lsid:dyntaxa.se:Taxon:1376,Rhizomnium andrewsianum,species,VU,Cinclidiaceae,Bryales,Threatened - Poorly Sampled,1,1,10
urn:lsid:dyntaxa.se:Taxon:232192,Rhizomnium gracile,species,VU,Cinclidiaceae,Bryales,Threatened - Poorly Sampled,1,1,4
urn:lsid:dyntaxa.se:Taxon:101708,Rhizophagus brancsiki,species,VU,Monotomidae,Coleoptera,Threatened - Poorly Sampled,1,1,99
urn:lsid:dyntaxa.se:Taxon:1105,Rhodonia placenta,species,VU,"Polyporales, genera incertae sedis",Polyporales,Threatened - Poorly Sampled,1,1,319
urn:lsid:dyntaxa.se:Taxon:232923,Rhodospora sordida,species,VU,Stylonemataceae,Stylonematales,Threatened - Not in GBIF,,,
urn:lsid:dyntaxa.se:Taxon:1380,Rhynchostegium confertum,species,VU,Brachytheciaceae,Hypnales,Threatened - Poorly Sampled,1,1,36
urn:lsid:dyntaxa.se:Taxon:101716,Rhyncolus punctatulus,species,VU,Curculionidae,Coleoptera,Threatened - Poorly Sampled,1,1,18
urn:lsid:dyntaxa.se:Taxon:100178,Rhysothorax rufus,species,VU,Scarabaeidae,Coleoptera,Threatened - Poorly Sampled,1,1,9
urn:lsid:dyntaxa.se:Taxon:6006787,Rhyssa amoena,species,VU,Ichneumonidae,Hymenoptera,Threatened - Poorly Sampled,1,1,5
urn:lsid:dyntaxa.se:Taxon:256018,Rhyssella obliterata,species,VU,Ichneumonidae,Hymenoptera,Threatened - Poorly Sampled,1,1,5
urn:lsid:dyntaxa.se:Taxon:2617,Riccardia multifida,species,VU,Aneuraceae,Metzgeriales,Threatened - Poorly Sampled,1,1,713
urn:lsid:dyntaxa.se:Taxon:1384,Riccia ciliata,species,VU,Ricciaceae,Marchantiales,Threatened - Poorly Sampled,1,1,45
urn:lsid:dyntaxa.se:Taxon:1386,Riccia gothica,species,VU,Ricciaceae,Marchantiales,Threatened - Poorly Sampled,1,1,47
urn:lsid:dyntaxa.se:Taxon:5322,Rigidoporus obducens,species,VU,Meripilaceae,Polyporales,Threatened - Not in GBIF,,,
urn:lsid:dyntaxa.se:Taxon:1829,Rinodina pityrea,species,VU,Physciaceae,Caliciales,Threatened - Poorly Sampled,1,1,254
urn:lsid:dyntaxa.se:Taxon:100124,Riparia riparia,species,VU,Hirundinidae,Passeriformes,Threatened - Poorly Sampled,1,1,185421
urn:lsid:dyntaxa.se:Taxon:101712,Ropalopus femoratus,species,VU,Cerambycidae,Coleoptera,Threatened - Poorly Sampled,1,1,260
urn:lsid:dyntaxa.se:Taxon:1396,Rosa acicularis,species,VU,Rosaceae,Rosales,Threatened - Poorly Sampled,1,1,334
urn:lsid:dyntaxa.se:Taxon:156,Rubroboletus legaliae,species,VU,Boletaceae,Boletales,Threatened - Poorly Sampled,1,1,158
urn:lsid:dyntaxa.se:Taxon:267005,Rubus cordatiformis,species,VU,Rosaceae,Rosales,Threatened - Poorly Sampled,1,1,271
urn:lsid:dyntaxa.se:Taxon:1913,Rubus decurrentispinus,species,VU,Rosaceae,Rosales,Threatened - Poorly Sampled,1,1,244
urn:lsid:dyntaxa.se:Taxon:1914,Rubus dissimulans,species,VU,Rosaceae,Rosales,Threatened - Poorly Sampled,1,1,177
urn:lsid:dyntaxa.se:Taxon:1405,Rubus divaricatus,species,VU,Rosaceae,Rosales,Threatened - Poorly Sampled,1,1,265
urn:lsid:dyntaxa.se:Taxon:223143,Rubus echinatus,species,VU,Rosaceae,Rosales,Threatened - Poorly Sampled,1,1,103
urn:lsid:dyntaxa.se:Taxon:1916,Rubus fabrimontanus,species,VU,Rosaceae,Rosales,Threatened - Poorly Sampled,1,1,105
urn:lsid:dyntaxa.se:Taxon:6005228,Rubus oredssonii,species,VU,Rosaceae,Rosales,Threatened - Poorly Sampled,1,1,149
urn:lsid:dyntaxa.se:Taxon:1410,Rubus scissoides,species,VU,Rosaceae,Rosales,Threatened - Poorly Sampled,1,1,143
urn:lsid:dyntaxa.se:Taxon:6035014,Rubus wendtii,species,VU,Rosaceae,Rosales,Threatened - Poorly Sampled,1,1,217
urn:lsid:dyntaxa.se:Taxon:3192,Rugosomyces ionides,species,VU,Lyophyllaceae,Agaricales,Threatened - Not in GBIF,,,
urn:lsid:dyntaxa.se:Taxon:5858,Russula emeticicolor,species,VU,Russulaceae,Russulales,Threatened - Poorly Sampled,1,1,4
urn:lsid:dyntaxa.se:Taxon:5858,Russula emeticicolor,species,VU,Russulaceae,Russulales,Threatened - Poorly Sampled,1,1,19
urn:lsid:dyntaxa.se:Taxon:5879,Russula incarnata,species,VU,Russulaceae,Russulales,Threatened - Poorly Sampled,1,1,1
urn:lsid:dyntaxa.se:Taxon:1422,Russula laeta,species,VU,Russulaceae,Russulales,Threatened - Poorly Sampled,1,1,51
urn:lsid:dyntaxa.se:Taxon:1424,Russula melliolens,species,VU,Russulaceae,Russulales,Threatened - Poorly Sampled,1,1,23
urn:lsid:dyntaxa.se:Taxon:2055,Russula olivina,species,VU,Russulaceae,Russulales,Threatened - Poorly Sampled,1,1,61
urn:lsid:dyntaxa.se:Taxon:5906,Russula olivobrunnea,species,VU,Russulaceae,Russulales,Threatened - Poorly Sampled,1,1,58
urn:lsid:dyntaxa.se:Taxon:232183,Rutylapa ruficornis,species,VU,Keroplatidae,Diptera,Threatened - Poorly Sampled,1,1,19
urn:lsid:dyntaxa.se:Taxon:1429,Sagina apetala,species,VU,Caryophyllaceae,Caryophyllales,Threatened - Poorly Sampled,1,1,395
urn:lsid:dyntaxa.se:Taxon:220897,Sagina × normaniana,species,VU,Caryophyllaceae,Caryophyllales,Threatened - Not in GBIF,,,
urn:lsid:dyntaxa.se:Taxon:101727,Saldula melanoscela,species,VU,Saldidae,Hemiptera,Threatened - Poorly Sampled,1,1,2
urn:lsid:dyntaxa.se:Taxon:248318,Salebriopsis albicilla,species,VU,Pyralidae,Lepidoptera,Threatened - Poorly Sampled,1,1,23
urn:lsid:dyntaxa.se:Taxon:1931,Salix daphnoides,species,VU,Salicaceae,Malpighiales,Threatened - Poorly Sampled,1,1,691
urn:lsid:dyntaxa.se:Taxon:1931,Salix daphnoides,species,VU,Salicaceae,Malpighiales,Threatened - Poorly Sampled,1,1,2
urn:lsid:dyntaxa.se:Taxon:1931,Salix daphnoides,species,VU,Salicaceae,Malpighiales,Threatened - Poorly Sampled,1,1,27
urn:lsid:dyntaxa.se:Taxon:1932,Salix hastata subsp. vegeta,subspecies,VU,Salicaceae,Malpighiales,Threatened - Poorly Sampled,1,1,3353
urn:lsid:dyntaxa.se:Taxon:1932,Salix hastata subsp. vegeta,subspecies,VU,Salicaceae,Malpighiales,Threatened - Poorly Sampled,1,1,63
urn:lsid:dyntaxa.se:Taxon:1932,Salix hastata subsp. vegeta,subspecies,VU,Salicaceae,Malpighiales,Threatened - Poorly Sampled,1,1,54
urn:lsid:dyntaxa.se:Taxon:1932,Salix hastata subsp. vegeta,subspecies,VU,Salicaceae,Malpighiales,Threatened - Poorly Sampled,1,1,2
urn:lsid:dyntaxa.se:Taxon:1932,Salix hastata subsp. vegeta,subspecies,VU,Salicaceae,Malpighiales,Threatened - Poorly Sampled,1,1,2
urn:lsid:dyntaxa.se:Taxon:1932,Salix hastata subsp. vegeta,subspecies,VU,Salicaceae,Malpighiales,Threatened - Poorly Sampled,1,1,4
urn:lsid:dyntaxa.se:Taxon:1932,Salix hastata subsp. vegeta,subspecies,VU,Salicaceae,Malpighiales,Threatened - Poorly Sampled,1,1,3
urn:lsid:dyntaxa.se:Taxon:1932,Salix hastata subsp. vegeta,subspecies,VU,Salicaceae,Malpighiales,Threatened - Poorly Sampled,1,1,9
urn:lsid:dyntaxa.se:Taxon:1932,Salix hastata subsp. vegeta,subspecies,VU,Salicaceae,Malpighiales,Threatened - Poorly Sampled,1,1,3
urn:lsid:dyntaxa.se:Taxon:1432,Salvia pratensis,species,VU,Lamiaceae,Lamiales,Threatened - Poorly Sampled,1,1,558
urn:lsid:dyntaxa.se:Taxon:230554,Sarcogyne distinguenda,species,VU,Acarosporaceae,Acarosporales,Threatened - Poorly Sampled,1,1,11
urn:lsid:dyntaxa.se:Taxon:1445,Sarcosoma globosum,species,VU,Sarcosomataceae,Pezizales,Threatened - Poorly Sampled,1,1,98
urn:lsid:dyntaxa.se:Taxon:1445,Sarcosoma globosum,species,VU,Sarcosomataceae,Pezizales,Threatened - Poorly Sampled,1,1,5696
urn:lsid:dyntaxa.se:Taxon:233849,Saxicola rubicola,species,VU,Muscicapidae,Passeriformes,Threatened - Poorly Sampled,1,1,37968
urn:lsid:dyntaxa.se:Taxon:1449,Saxifraga osloënsis,species,VU,Saxifragaceae,Saxifragales,Threatened - Not in GBIF,,,
urn:lsid:dyntaxa.se:Taxon:1934,Saxifraga × opdalensis,species,VU,Saxifragaceae,Saxifragales,Threatened - Not in GBIF,,,
urn:lsid:dyntaxa.se:Taxon:1450,Scabiosa canescens,species,VU,Caprifoliaceae,Dipsacales,Threatened - Poorly Sampled,1,1,757
urn:lsid:dyntaxa.se:Taxon:1844,Scapania crassiretis,species,VU,Scapaniaceae,Jungermanniales,Threatened - Poorly Sampled,1,1,35
urn:lsid:dyntaxa.se:Taxon:1453,Scapania degenii,species,VU,Scapaniaceae,Jungermanniales,Threatened - Poorly Sampled,1,1,116
urn:lsid:dyntaxa.se:Taxon:1454,Scapania gracilis,species,VU,Scapaniaceae,Jungermanniales,Threatened - Poorly Sampled,1,1,161
urn:lsid:dyntaxa.se:Taxon:2504,Scapania tundrae,species,VU,Scapaniaceae,Jungermanniales,Threatened - Poorly Sampled,1,1,34
urn:lsid:dyntaxa.se:Taxon:104447,Scaphisoma balcanicum,species,VU,Staphylinidae,Coleoptera,Threatened - Poorly Sampled,1,1,9
urn:lsid:dyntaxa.se:Taxon:243773,Scathophaga scybalaria,species,VU,Scathophagidae,Diptera,Threatened - Not in GBIF,,,
urn:lsid:dyntaxa.se:Taxon:1461,Schismatomma umbrinum,species,VU,Roccellaceae,Arthoniales,Threatened - Poorly Sampled,1,1,19
urn:lsid:dyntaxa.se:Taxon:2472,Schistidium confertum,species,VU,Grimmiaceae,Grimmiales,Threatened - Poorly Sampled,1,1,67
urn:lsid:dyntaxa.se:Taxon:102336,Sciaphobus ningnidus,species,VU,Curculionidae,Coleoptera,Threatened - Poorly Sampled,1,1,3
urn:lsid:dyntaxa.se:Taxon:232535,Scinaia furcellata,species,VU,Scinaiaceae,Nemaliales,Threatened - Poorly Sampled,1,1,7
urn:lsid:dyntaxa.se:Taxon:259204,Sciuro-hypnum dovrense,species,VU,Brachytheciaceae,Hypnales,Threatened - Poorly Sampled,1,1,10
urn:lsid:dyntaxa.se:Taxon:2760,Sciuro-hypnum glaciale,species,VU,Brachytheciaceae,Hypnales,Threatened - Poorly Sampled,1,1,236
urn:lsid:dyntaxa.se:Taxon:2060,Scleroderma cepa,species,VU,Sclerodermataceae,Boletales,Threatened - Poorly Sampled,1,1,81
urn:lsid:dyntaxa.se:Taxon:1468,Sclerophora farinacea,species,VU,Coniocybaceae,Coniocybales,Threatened - Poorly Sampled,1,1,922
urn:lsid:dyntaxa.se:Taxon:6471,Sclerophora pallida,species,VU,Coniocybaceae,Coniocybales,Threatened - Poorly Sampled,1,1,10044
urn:lsid:dyntaxa.se:Taxon:1469,Sclerophora peronella,species,VU,Coniocybaceae,Coniocybales,Threatened - Poorly Sampled,1,1,1463
urn:lsid:dyntaxa.se:Taxon:101751,Scopula virgulata,species,VU,Geometridae,Lepidoptera,Threatened - Poorly Sampled,1,1,91
urn:lsid:dyntaxa.se:Taxon:101753,Scotopteryx luridata,species,VU,Geometridae,Lepidoptera,Threatened - Poorly Sampled,1,1,248
urn:lsid:dyntaxa.se:Taxon:102499,Scrobipalpa murinella,species,VU,Gelechiidae,Lepidoptera,Threatened - Poorly Sampled,1,1,63
urn:lsid:dyntaxa.se:Taxon:101756,Scydmaenus perrisi,species,VU,Staphylinidae,Coleoptera,Threatened - Poorly Sampled,1,1,17
urn:lsid:dyntaxa.se:Taxon:101762,Scythris productella,species,VU,Scythrididae,Lepidoptera,Threatened - Poorly Sampled,1,1,3
urn:lsid:dyntaxa.se:Taxon:214381,Scythris siccella,species,VU,Scythrididae,Lepidoptera,Threatened - Poorly Sampled,1,1,7
urn:lsid:dyntaxa.se:Taxon:960,Scytinium magnussonii,species,VU,Collemataceae,Peltigerales,Threatened - Poorly Sampled,1,1,130
urn:lsid:dyntaxa.se:Taxon:963,Scytinium schraderi,species,VU,Collemataceae,Peltigerales,Threatened - Poorly Sampled,1,1,241
urn:lsid:dyntaxa.se:Taxon:1482,Seligeria oelandica,species,VU,Seligeriaceae,Grimmiales,Threatened - Poorly Sampled,1,1,74
urn:lsid:dyntaxa.se:Taxon:1484,Seligeria subimmersa,species,VU,Seligeriaceae,Grimmiales,Threatened - Not in GBIF,,,
urn:lsid:dyntaxa.se:Taxon:1485,Seligeria tristichoides,species,VU,Seligeriaceae,Grimmiales,Threatened - Poorly Sampled,1,1,70
urn:lsid:dyntaxa.se:Taxon:100129,Serinus serinus,species,VU,Fringillidae,Passeriformes,Threatened - Poorly Sampled,1,1,22105
urn:lsid:dyntaxa.se:Taxon:101773,Sesia bembeciformis,species,VU,Sesiidae,Lepidoptera,Threatened - Poorly Sampled,1,1,135
urn:lsid:dyntaxa.se:Taxon:102891,Setodes punctatus,species,VU,Leptoceridae,Trichoptera,Threatened - Poorly Sampled,1,1,15
urn:lsid:dyntaxa.se:Taxon:1491,Sherardia arvensis,species,VU,Rubiaceae,Gentianales,Threatened - Poorly Sampled,1,1,1880
urn:lsid:dyntaxa.se:Taxon:1503,Sidera lenis,species,VU,"Hymenochaetales, genera incertae sedis",Hymenochaetales,Threatened - Poorly Sampled,1,1,11049
urn:lsid:dyntaxa.se:Taxon:249112,Sideractis glacialis,species,VU,Sideractiidae,Corallimorpharia,Threatened - Poorly Sampled,1,1,4
urn:lsid:dyntaxa.se:Taxon:101780,Sigara hellensii,species,VU,Corixidae,Hemiptera,Threatened - Poorly Sampled,1,1,35
urn:lsid:dyntaxa.se:Taxon:224047,Silene dioica var. serpentinicola,variety,VU,Caryophyllaceae,Caryophyllales,Threatened - Poorly Sampled,1,1,18709
urn:lsid:dyntaxa.se:Taxon:224047,Silene dioica var. serpentinicola,variety,VU,Caryophyllaceae,Caryophyllales,Threatened - Poorly Sampled,1,1,260
urn:lsid:dyntaxa.se:Taxon:224047,Silene dioica var. serpentinicola,variety,VU,Caryophyllaceae,Caryophyllales,Threatened - Poorly Sampled,1,1,158
urn:lsid:dyntaxa.se:Taxon:1495,Silene dioica var. smithii,variety,VU,Caryophyllaceae,Caryophyllales,Threatened - Poorly Sampled,1,1,18709
urn:lsid:dyntaxa.se:Taxon:1495,Silene dioica var. smithii,variety,VU,Caryophyllaceae,Caryophyllales,Threatened - Poorly Sampled,1,1,260
urn:lsid:dyntaxa.se:Taxon:1495,Silene dioica var. smithii,variety,VU,Caryophyllaceae,Caryophyllales,Threatened - Poorly Sampled,1,1,158
urn:lsid:dyntaxa.se:Taxon:101781,Silpha obscura,species,VU,Silphidae,Coleoptera,Threatened - Poorly Sampled,1,1,44
urn:lsid:dyntaxa.se:Taxon:101782,Silusa rubiginosa,species,VU,Staphylinidae,Coleoptera,Threatened - Poorly Sampled,1,1,111
urn:lsid:dyntaxa.se:Taxon:101784,Silvanus unidentatus,species,VU,Silvanidae,Coleoptera,Threatened - Poorly Sampled,1,1,51
urn:lsid:dyntaxa.se:Taxon:1497,Sistotrema citriforme,species,VU,Hydnaceae,Cantharellales,Threatened - Poorly Sampled,1,1,54
urn:lsid:dyntaxa.se:Taxon:101788,Sisyra terminalis,species,VU,Sisyridae,Neuroptera,Threatened - Poorly Sampled,1,1,2
urn:lsid:dyntaxa.se:Taxon:2062,Skeletocutis brevispora,species,VU,Incrustoporiaceae,Polyporales,Threatened - Not in GBIF,,,
urn:lsid:dyntaxa.se:Taxon:2063,Skeletocutis chrysella,species,VU,Incrustoporiaceae,Polyporales,Threatened - Not in GBIF,,,
urn:lsid:dyntaxa.se:Taxon:1506,Skeletocutis odora,species,VU,Incrustoporiaceae,Polyporales,Threatened - Not in GBIF,,,
urn:lsid:dyntaxa.se:Taxon:1505,Skeletocutis stellae,species,VU,Incrustoporiaceae,Polyporales,Threatened - Poorly Sampled,1,1,635
urn:lsid:dyntaxa.se:Taxon:101794,Smicronyx jungermanniae,species,VU,Curculionidae,Coleoptera,Threatened - Poorly Sampled,1,1,84
urn:lsid:dyntaxa.se:Taxon:101795,Smicronyx reichii,species,VU,Curculionidae,Coleoptera,Threatened - Poorly Sampled,1,1,25
urn:lsid:dyntaxa.se:Taxon:101796,Smicronyx smreczynskii,species,VU,Curculionidae,Coleoptera,Threatened - Poorly Sampled,1,1,50
urn:lsid:dyntaxa.se:Taxon:217694,Solaster endeca,species,VU,Solasteridae,Velatida,Threatened - Poorly Sampled,1,1,23
urn:lsid:dyntaxa.se:Taxon:102899,Solenopsis fugax,species,VU,Formicidae,Hymenoptera,Threatened - Poorly Sampled,1,1,14
urn:lsid:dyntaxa.se:Taxon:214755,Sophronia gelidella,species,VU,Gelechiidae,Lepidoptera,Threatened - Poorly Sampled,1,1,15
urn:lsid:dyntaxa.se:Taxon:6037533,Sorbus atrata,species,VU,Rosaceae,Rosales,Threatened - Poorly Sampled,1,1,2284
urn:lsid:dyntaxa.se:Taxon:227485,Sosane wireni,species,VU,Ampharetidae,Terebellida,Threatened - Poorly Sampled,1,1,19
urn:lsid:dyntaxa.se:Taxon:2067,Sowerbyella radiculata,species,VU,Pyronemataceae,Pezizales,Threatened - Poorly Sampled,1,1,66
urn:lsid:dyntaxa.se:Taxon:222685,Sparganium gramineum,species,VU,Typhaceae,Poales,Threatened - Poorly Sampled,1,1,1599
urn:lsid:dyntaxa.se:Taxon:103783,Sphaeridium substriatum,species,VU,Hydrophilidae,Coleoptera,Threatened - Poorly Sampled,1,1,19
urn:lsid:dyntaxa.se:Taxon:101802,Sphaeriestes reyi,species,VU,Salpingidae,Coleoptera,Threatened - Poorly Sampled,1,1,10
urn:lsid:dyntaxa.se:Taxon:106767,Sphecodes niger,species,VU,Halictidae,Hymenoptera,Threatened - Poorly Sampled,1,1,31
urn:lsid:dyntaxa.se:Taxon:101807,Sphecomyia vespiformis,species,VU,Syrphidae,Diptera,Threatened - Poorly Sampled,1,1,17
urn:lsid:dyntaxa.se:Taxon:101808,Sphex funerarius,species,VU,Sphecidae,Hymenoptera,Threatened - Poorly Sampled,1,1,243
urn:lsid:dyntaxa.se:Taxon:1516,Sphinctrina turbinata,species,VU,Sphinctrinaceae,Mycocaliciales,Threatened - Poorly Sampled,1,1,1001
urn:lsid:dyntaxa.se:Taxon:101814,Spiris striata,species,VU,Erebidae,Lepidoptera,Threatened - Poorly Sampled,1,1,748
urn:lsid:dyntaxa.se:Taxon:6037,Spongipellis delectans,species,VU,"Polyporales, genera incertae sedis",Polyporales,Threatened - Not in GBIF,,,
urn:lsid:dyntaxa.se:Taxon:101815,Spuleria flavicaput,species,VU,Parametriotidae,Lepidoptera,Threatened - Not in GBIF,,,
urn:lsid:dyntaxa.se:Taxon:1520,Squamanita contortipes,species,VU,Agaricaceae,Agaricales,Threatened - Not in GBIF,,,
urn:lsid:dyntaxa.se:Taxon:2070,Squamanita paradoxa,species,VU,Agaricaceae,Agaricales,Threatened - Poorly Sampled,1,1,135
urn:lsid:dyntaxa.se:Taxon:100358,Squamapion oblivium,species,VU,Apionidae,Coleoptera,Threatened - Poorly Sampled,1,1,23
urn:lsid:dyntaxa.se:Taxon:1521,Squamarina gypsacea,species,VU,Squamarinaceae,Lecanorales,Threatened - Poorly Sampled,1,1,1259
urn:lsid:dyntaxa.se:Taxon:1523,Stachys arvensis,species,VU,Lamiaceae,Lamiales,Threatened - Poorly Sampled,1,1,2233
urn:lsid:dyntaxa.se:Taxon:898,Steccherinum collabens,species,VU,Steccherinaceae,Polyporales,Threatened - Not in GBIF,,,
urn:lsid:dyntaxa.se:Taxon:103204,Stelis phaeoptera,species,VU,Megachilidae,Hymenoptera,Threatened - Poorly Sampled,1,1,129
urn:lsid:dyntaxa.se:Taxon:1528,Stellaria longipes,species,VU,Caryophyllaceae,Caryophyllales,Threatened - Poorly Sampled,1,1,115
urn:lsid:dyntaxa.se:Taxon:101820,Stenagostus rhombeus,species,VU,Elateridae,Coleoptera,Threatened - Poorly Sampled,1,1,118
urn:lsid:dyntaxa.se:Taxon:102341,Stenagostus rufus,species,VU,Elateridae,Coleoptera,Threatened - Poorly Sampled,1,1,106
urn:lsid:dyntaxa.se:Taxon:101826,Stenocarus cardui,species,VU,Curculionidae,Coleoptera,Threatened - Poorly Sampled,1,1,47
urn:lsid:dyntaxa.se:Taxon:215274,Stenoptilia islandica,species,VU,Pterophoridae,Lepidoptera,Threatened - Not in GBIF,,,
urn:lsid:dyntaxa.se:Taxon:101850,Stephanopachys substriatus,species,VU,Bostrichidae,Coleoptera,Threatened - Poorly Sampled,1,1,177
urn:lsid:dyntaxa.se:Taxon:6055,Stereopsis vitellina,species,VU,Stereopsidaceae,Stereopsidales,Threatened - Poorly Sampled,1,1,683
urn:lsid:dyntaxa.se:Taxon:100303,Stictoleptura scutellata,species,VU,Cerambycidae,Coleoptera,Threatened - Poorly Sampled,1,1,503
urn:lsid:dyntaxa.se:Taxon:214759,Stomopteryx remissella,species,VU,Gelechiidae,Lepidoptera,Threatened - Poorly Sampled,1,1,132
urn:lsid:dyntaxa.se:Taxon:217860,Stomphia coccinea,species,VU,Actinostolidae,Actiniaria,Threatened - Poorly Sampled,1,1,48
urn:lsid:dyntaxa.se:Taxon:1539,Strigula jamesii,species,VU,Strigulaceae,Strigulales,Threatened - Not in GBIF,,,
urn:lsid:dyntaxa.se:Taxon:100136,Strix nebulosa,species,VU,Strigidae,Strigiformes,Threatened - Poorly Sampled,1,1,19378
urn:lsid:dyntaxa.se:Taxon:101860,Strophosoma faber,species,VU,Curculionidae,Coleoptera,Threatened - Poorly Sampled,1,1,231
urn:lsid:dyntaxa.se:Taxon:103037,Sturnus vulgaris,species,VU,Sturnidae,Passeriformes,Threatened - Poorly Sampled,1,1,942376
urn:lsid:dyntaxa.se:Taxon:217846,Stylatula elegans,species,VU,Virgulariidae,Pennatulacea,Threatened - Poorly Sampled,1,1,18
urn:lsid:dyntaxa.se:Taxon:158,Suillellus queletii,species,VU,Boletaceae,Boletales,Threatened - Poorly Sampled,1,1,44
urn:lsid:dyntaxa.se:Taxon:102123,Sylvia nisoria,species,VU,Sylviidae,Passeriformes,Threatened - Poorly Sampled,1,1,28454
urn:lsid:dyntaxa.se:Taxon:214762,Syncopacma wormiella,species,VU,Gelechiidae,Lepidoptera,Threatened - Not in GBIF,,,
urn:lsid:dyntaxa.se:Taxon:215949,Syngrapha hochenwarthi,species,VU,Noctuidae,Lepidoptera,Threatened - Poorly Sampled,1,1,43
urn:lsid:dyntaxa.se:Taxon:240220,Syntormon filiger,species,VU,Dolichopodidae,Diptera,Threatened - Poorly Sampled,1,1,1
urn:lsid:dyntaxa.se:Taxon:101878,Systenus scholtzi,species,VU,Dolichopodidae,Diptera,Threatened - Not in GBIF,,,
urn:lsid:dyntaxa.se:Taxon:6008997,Syzeuctus irrisorius,species,VU,Ichneumonidae,Hymenoptera,Threatened - Poorly Sampled,1,1,25
urn:lsid:dyntaxa.se:Taxon:102078,Tabanus glaucopis,species,VU,Tabanidae,Diptera,Threatened - Poorly Sampled,1,1,47
urn:lsid:dyntaxa.se:Taxon:234388,Tachysphex unicolor,species,VU,Crabronidae,Hymenoptera,Threatened - Poorly Sampled,1,1,3
urn:lsid:dyntaxa.se:Taxon:101881,Tachyusida gracilis,species,VU,Staphylinidae,Coleoptera,Threatened - Poorly Sampled,1,1,23
urn:lsid:dyntaxa.se:Taxon:6130,Taphrina ulmi,species,VU,Taphrinaceae,Taphrinales,Threatened - Poorly Sampled,1,1,16
urn:lsid:dyntaxa.se:Taxon:230614,Taraxacum abietifolium,species,VU,Asteraceae,Asterales,Threatened - Poorly Sampled,1,1,72
urn:lsid:dyntaxa.se:Taxon:1752,Taraxacum duplidentifrons,species,VU,Asteraceae,Asterales,Threatened - Poorly Sampled,1,1,602
urn:lsid:dyntaxa.se:Taxon:230659,Taraxacum fusciflorum,species,VU,Asteraceae,Asterales,Threatened - Poorly Sampled,1,1,20
urn:lsid:dyntaxa.se:Taxon:230571,Taraxacum laceratum,species,VU,Asteraceae,Asterales,Threatened - Poorly Sampled,1,1,139
urn:lsid:dyntaxa.se:Taxon:1758,Taraxacum maculigerum,species,VU,Asteraceae,Asterales,Threatened - Poorly Sampled,1,1,1121
urn:lsid:dyntaxa.se:Taxon:230679,Taraxacum naevosiforme,species,VU,Asteraceae,Asterales,Threatened - Poorly Sampled,1,1,25
urn:lsid:dyntaxa.se:Taxon:1760,Taraxacum praestans,species,VU,Asteraceae,Asterales,Threatened - Poorly Sampled,1,1,774
urn:lsid:dyntaxa.se:Taxon:244090,Taraxacum prionum,species,VU,Asteraceae,Asterales,Threatened - Poorly Sampled,1,1,58
urn:lsid:dyntaxa.se:Taxon:230644,Taraxacum retroversum,species,VU,Asteraceae,Asterales,Threatened - Poorly Sampled,1,1,73
urn:lsid:dyntaxa.se:Taxon:230656,Taraxacum xerophilum,species,VU,Asteraceae,Asterales,Threatened - Poorly Sampled,1,1,135
urn:lsid:dyntaxa.se:Taxon:244009,Taxigramma heteroneura,species,VU,Sarcophagidae,Diptera,Threatened - Not in GBIF,,,
urn:lsid:dyntaxa.se:Taxon:1548,Tayloria serrata,species,VU,Splachnaceae,Splachnales,Threatened - Poorly Sampled,1,1,36
urn:lsid:dyntaxa.se:Taxon:102900,Temnothorax parvulus,species,VU,Formicidae,Hymenoptera,Threatened - Not in GBIF,,,
urn:lsid:dyntaxa.se:Taxon:101887,Tenebrio opacus,species,VU,Tenebrionidae,Coleoptera,Threatened - Poorly Sampled,1,1,323
urn:lsid:dyntaxa.se:Taxon:101891,Tetratoma desmarestii,species,VU,Tetratomidae,Coleoptera,Threatened - Poorly Sampled,1,1,13
urn:lsid:dyntaxa.se:Taxon:1552,Tetrodontium ovatum,species,VU,Tetraphidaceae,Tetraphidales,Threatened - Poorly Sampled,1,1,48
urn:lsid:dyntaxa.se:Taxon:101892,Tetrops starkii,species,VU,Cerambycidae,Coleoptera,Threatened - Poorly Sampled,1,1,106
urn:lsid:dyntaxa.se:Taxon:2076,Thalictrum simplex subsp. tenuifolium,subspecies,VU,Ranunculaceae,Ranunculales,Threatened - Poorly Sampled,1,1,5230
urn:lsid:dyntaxa.se:Taxon:6002928,Thamnobryum neckeroides,species,VU,Neckeraceae,Hypnales,Threatened - Poorly Sampled,1,1,70
urn:lsid:dyntaxa.se:Taxon:1555,Thelopsis flaveola,species,VU,Stictidaceae,Ostropales,Threatened - Poorly Sampled,1,1,85
urn:lsid:dyntaxa.se:Taxon:1557,Thelopsis rubella,species,VU,Stictidaceae,Ostropales,Threatened - Poorly Sampled,1,1,376
urn:lsid:dyntaxa.se:Taxon:1558,Thelotrema suecicum,species,VU,Graphidaceae,Ostropales,Threatened - Poorly Sampled,1,1,224
urn:lsid:dyntaxa.se:Taxon:255975,Theronia laevigata,species,VU,Ichneumonidae,Hymenoptera,Threatened - Poorly Sampled,1,1,11
urn:lsid:dyntaxa.se:Taxon:102843,Thia scutellata,species,VU,Thiidae,Decapoda,Threatened - Poorly Sampled,1,1,4
urn:lsid:dyntaxa.se:Taxon:240247,Thinophilus flavipalpis,species,VU,Dolichopodidae,Diptera,Threatened - Poorly Sampled,1,1,50
urn:lsid:dyntaxa.se:Taxon:101905,Thymalus oblongus,species,VU,Trogossitidae,Coleoptera,Threatened - Poorly Sampled,1,1,28
urn:lsid:dyntaxa.se:Taxon:1562,Thymus pulegioides,species,VU,Lamiaceae,Lamiales,Threatened - Poorly Sampled,1,1,3235
urn:lsid:dyntaxa.se:Taxon:1562,Thymus pulegioides,species,VU,Lamiaceae,Lamiales,Threatened - Poorly Sampled,1,1,29
urn:lsid:dyntaxa.se:Taxon:1562,Thymus pulegioides,species,VU,Lamiaceae,Lamiales,Threatened - Poorly Sampled,1,1,48
urn:lsid:dyntaxa.se:Taxon:232647,Tilopteris mertensii,species,VU,Tilopteridaceae,Tilopteridales,Threatened - Poorly Sampled,1,1,4
urn:lsid:dyntaxa.se:Taxon:101909,Tiphia unicolor,species,VU,Tiphiidae,Hymenoptera,Threatened - Poorly Sampled,1,1,8
urn:lsid:dyntaxa.se:Taxon:102036,Tipula zonaria,species,VU,Tipulidae,Diptera,Threatened - Poorly Sampled,1,1,4
urn:lsid:dyntaxa.se:Taxon:101910,Titanoeca spominima,species,VU,Titanoecidae,Araneae,Threatened - Poorly Sampled,1,1,11
urn:lsid:dyntaxa.se:Taxon:218048,Tjaernoeia exquisita,species,VU,Tjaernoeiidae,Euthyneura ordo incertae sedis,Threatened - Poorly Sampled,1,1,7
urn:lsid:dyntaxa.se:Taxon:1564,Tolypella glomerata,species,VU,Characeae,Charales,Threatened - Poorly Sampled,1,1,102
urn:lsid:dyntaxa.se:Taxon:1565,Tolypella intricata,species,VU,Characeae,Charales,Threatened - Poorly Sampled,1,1,138
urn:lsid:dyntaxa.se:Taxon:524,Tortula leucostoma,species,VU,Pottiaceae,Pottiales,Threatened - Poorly Sampled,1,1,8
urn:lsid:dyntaxa.se:Taxon:1846,Tortula mucronifolia,species,VU,Pottiaceae,Pottiales,Threatened - Poorly Sampled,1,1,33
urn:lsid:dyntaxa.se:Taxon:526,Tortula systylia,species,VU,Pottiaceae,Pottiales,Threatened - Poorly Sampled,1,1,9
urn:lsid:dyntaxa.se:Taxon:106339,Tournotaris bimaculata,species,VU,Erirhinidae,Coleoptera,Threatened - Poorly Sampled,1,1,52
urn:lsid:dyntaxa.se:Taxon:101913,Trachypachus zetterstedti,species,VU,Trachypachidae,Coleoptera,Threatened - Not in GBIF,,,
urn:lsid:dyntaxa.se:Taxon:211273,Trachys scrobiculata,species,VU,Buprestidae,Coleoptera,Threatened - Not in GBIF,,,
urn:lsid:dyntaxa.se:Taxon:1575,Tragopogon crocifolius,species,VU,Asteraceae,Asterales,Threatened - Poorly Sampled,1,1,406
urn:lsid:dyntaxa.se:Taxon:1575,Tragopogon crocifolius,species,VU,Asteraceae,Asterales,Threatened - Poorly Sampled,1,1,3
urn:lsid:dyntaxa.se:Taxon:1575,Tragopogon crocifolius,species,VU,Asteraceae,Asterales,Threatened - Poorly Sampled,1,1,1
urn:lsid:dyntaxa.se:Taxon:1575,Tragopogon crocifolius,species,VU,Asteraceae,Asterales,Threatened - Poorly Sampled,1,1,6
urn:lsid:dyntaxa.se:Taxon:1575,Tragopogon crocifolius,species,VU,Asteraceae,Asterales,Threatened - Poorly Sampled,1,1,2
urn:lsid:dyntaxa.se:Taxon:101920,Tragosoma depsarium,species,VU,Cerambycidae,Coleoptera,Threatened - Poorly Sampled,1,1,3137
urn:lsid:dyntaxa.se:Taxon:2111,Trematodon brevicollis,species,VU,Bruchiaceae,Dicranales,Threatened - Poorly Sampled,1,1,12
urn:lsid:dyntaxa.se:Taxon:1585,Trematodon laetevirens,species,VU,Bruchiaceae,Dicranales,Threatened - Poorly Sampled,1,1,10
urn:lsid:dyntaxa.se:Taxon:211,Tretomyces lutescens,species,VU,Atheliaceae,Atheliales,Threatened - Poorly Sampled,1,1,3
urn:lsid:dyntaxa.se:Taxon:1591,Trichoglossum walteri,species,VU,Geoglossaceae,Geoglossales,Threatened - Poorly Sampled,1,1,242
urn:lsid:dyntaxa.se:Taxon:1593,Tricholoma apium,species,VU,Tricholomataceae,Agaricales,Threatened - Poorly Sampled,1,1,1599
urn:lsid:dyntaxa.se:Taxon:1594,Tricholoma atrosquamosum,species,VU,Tricholomataceae,Agaricales,Threatened - Poorly Sampled,1,1,549
urn:lsid:dyntaxa.se:Taxon:6260,Tricholoma basirubens,species,VU,Tricholomataceae,Agaricales,Threatened - Poorly Sampled,1,1,59
urn:lsid:dyntaxa.se:Taxon:245031,Tricholoma borgsjoeënse,species,VU,Tricholomataceae,Agaricales,Threatened - Not in GBIF,,,
urn:lsid:dyntaxa.se:Taxon:2071,Tricholoma bresadolanum,species,VU,Tricholomataceae,Agaricales,Threatened - Poorly Sampled,1,1,94
urn:lsid:dyntaxa.se:Taxon:1596,Tricholoma colossus,species,VU,Tricholomataceae,Agaricales,Threatened - Poorly Sampled,1,1,1187
urn:lsid:dyntaxa.se:Taxon:6003117,Tricholoma dulciolens,species,VU,Tricholomataceae,Agaricales,Threatened - Poorly Sampled,1,1,65
urn:lsid:dyntaxa.se:Taxon:1598,Tricholoma filamentosum,species,VU,Tricholomataceae,Agaricales,Threatened - Poorly Sampled,1,1,73
urn:lsid:dyntaxa.se:Taxon:6003116,Tricholoma ilkkae,species,VU,Tricholomataceae,Agaricales,Threatened - Poorly Sampled,1,1,49
urn:lsid:dyntaxa.se:Taxon:6276,Tricholoma matsutake,species,VU,Tricholomataceae,Agaricales,Threatened - Poorly Sampled,1,1,5302
urn:lsid:dyntaxa.se:Taxon:1599,Tricholoma olivaceotinctum,species,VU,Tricholomataceae,Agaricales,Threatened - Poorly Sampled,1,1,323
urn:lsid:dyntaxa.se:Taxon:1597,Tricholoma orirubens,species,VU,Tricholomataceae,Agaricales,Threatened - Poorly Sampled,1,1,178
urn:lsid:dyntaxa.se:Taxon:245044,Tricholoma roseoacerbum,species,VU,Tricholomataceae,Agaricales,Threatened - Not in GBIF,,,
urn:lsid:dyntaxa.se:Taxon:6286,Tricholoma sudum,species,VU,Tricholomataceae,Agaricales,Threatened - Poorly Sampled,1,1,938
urn:lsid:dyntaxa.se:Taxon:6003137,Tricholoma sulphurescens,species,VU,Tricholomataceae,Agaricales,Threatened - Poorly Sampled,1,1,46
urn:lsid:dyntaxa.se:Taxon:100335,Trichonotulus scrofa,species,VU,Scarabaeidae,Coleoptera,Threatened - Poorly Sampled,1,1,149
urn:lsid:dyntaxa.se:Taxon:6040150,Trinchesia caerulea,species,VU,Trinchesiidae,Nudibranchia,Threatened - Poorly Sampled,1,1,7
urn:lsid:dyntaxa.se:Taxon:6040149,Trinchesia cuanensis,species,VU,Trinchesiidae,Nudibranchia,Threatened - Poorly Sampled,1,1,2
urn:lsid:dyntaxa.se:Taxon:218189,Trinchesia foliata,species,VU,Trinchesiidae,Nudibranchia,Threatened - Poorly Sampled,1,1,9
urn:lsid:dyntaxa.se:Taxon:991,Tritomaria capitata,species,VU,Jungermanniaceae,Jungermanniales,Threatened - Not in GBIF,,,
urn:lsid:dyntaxa.se:Taxon:105025,Trox hispidus,species,VU,Trogidae,Coleoptera,Threatened - Poorly Sampled,1,1,54
urn:lsid:dyntaxa.se:Taxon:102356,Trox sabulosus,species,VU,Trogidae,Coleoptera,Threatened - Poorly Sampled,1,1,135
urn:lsid:dyntaxa.se:Taxon:1608,Tuber aestivum,species,VU,Tuberaceae,Pezizales,Threatened - Poorly Sampled,1,1,1
urn:lsid:dyntaxa.se:Taxon:1608,Tuber aestivum,species,VU,Tuberaceae,Pezizales,Threatened - Poorly Sampled,1,1,7
urn:lsid:dyntaxa.se:Taxon:6308,Tuber mesentericum,species,VU,Tuberaceae,Pezizales,Threatened - Poorly Sampled,1,1,4
urn:lsid:dyntaxa.se:Taxon:6020361,Tulostoma simulans,species,VU,Agaricaceae,Agaricales,Threatened - Poorly Sampled,1,1,13
urn:lsid:dyntaxa.se:Taxon:1629,Ulota coarctata,species,VU,Orthotrichaceae,Orthotrichales,Threatened - Poorly Sampled,1,1,98
urn:lsid:dyntaxa.se:Taxon:102831,Upogebia stellata,species,VU,Upogebiidae,Decapoda,Threatened - Poorly Sampled,1,1,9
urn:lsid:dyntaxa.se:Taxon:241161,Urophora aprica,species,VU,Tephritidae,Diptera,Threatened - Not in GBIF,,,
urn:lsid:dyntaxa.se:Taxon:232185,Urytalpa trivittata,species,VU,Keroplatidae,Diptera,Threatened - Poorly Sampled,1,1,22
urn:lsid:dyntaxa.se:Taxon:230552,Usnea barbata,species,VU,Parmeliaceae,Lecanorales,Threatened - Poorly Sampled,1,1,521
urn:lsid:dyntaxa.se:Taxon:1642,Usnea longissima,species,VU,Parmeliaceae,Lecanorales,Threatened - Not in GBIF,,,
urn:lsid:dyntaxa.se:Taxon:221049,Valeriana dioica,species,VU,Caprifoliaceae,Dipsacales,Threatened - Poorly Sampled,1,1,6844
urn:lsid:dyntaxa.se:Taxon:1644,Valerianella dentata,species,VU,Caprifoliaceae,Dipsacales,Threatened - Poorly Sampled,1,1,1442
urn:lsid:dyntaxa.se:Taxon:102952,Vanellus vanellus,species,VU,Charadriidae,Charadriiformes,Threatened - Poorly Sampled,1,1,865044
urn:lsid:dyntaxa.se:Taxon:101959,Vanonus brevicornis,species,VU,Aderidae,Coleoptera,Threatened - Poorly Sampled,1,1,5
urn:lsid:dyntaxa.se:Taxon:101960,Variimorda villosa,species,VU,Mordellidae,Coleoptera,Threatened - Poorly Sampled,1,1,157
urn:lsid:dyntaxa.se:Taxon:1652,Verbascum lychnitis,species,VU,Scrophulariaceae,Lamiales,Threatened - Poorly Sampled,1,1,2039
urn:lsid:dyntaxa.se:Taxon:1652,Verbascum lychnitis,species,VU,Scrophulariaceae,Lamiales,Threatened - Poorly Sampled,1,1,2
urn:lsid:dyntaxa.se:Taxon:1652,Verbascum lychnitis,species,VU,Scrophulariaceae,Lamiales,Threatened - Poorly Sampled,1,1,8
urn:lsid:dyntaxa.se:Taxon:1652,Verbascum lychnitis,species,VU,Scrophulariaceae,Lamiales,Threatened - Poorly Sampled,1,1,3
urn:lsid:dyntaxa.se:Taxon:1652,Verbascum lychnitis,species,VU,Scrophulariaceae,Lamiales,Threatened - Poorly Sampled,1,1,44
urn:lsid:dyntaxa.se:Taxon:1652,Verbascum lychnitis,species,VU,Scrophulariaceae,Lamiales,Threatened - Poorly Sampled,1,1,18
urn:lsid:dyntaxa.se:Taxon:101968,Vertigo moulinsiana,species,VU,Vertiginidae,Stylommatophora,Threatened - Poorly Sampled,1,1,86
urn:lsid:dyntaxa.se:Taxon:1660,Vicia villosa,species,VU,Fabaceae,Fabales,Threatened - Poorly Sampled,1,1,3494
urn:lsid:dyntaxa.se:Taxon:236175,Villa cingulata,species,VU,Bombyliidae,Diptera,Threatened - Poorly Sampled,1,1,70
urn:lsid:dyntaxa.se:Taxon:236198,Villa longicornis,species,VU,Bombyliidae,Diptera,Threatened - Poorly Sampled,1,1,63
urn:lsid:dyntaxa.se:Taxon:101974,Vincenzellus ruficollis,species,VU,Salpingidae,Coleoptera,Threatened - Poorly Sampled,1,1,2
urn:lsid:dyntaxa.se:Taxon:1662,Viola collina,species,VU,Violaceae,Malpighiales,Threatened - Poorly Sampled,1,1,1127
urn:lsid:dyntaxa.se:Taxon:1662,Viola collina,species,VU,Violaceae,Malpighiales,Threatened - Poorly Sampled,1,1,1
urn:lsid:dyntaxa.se:Taxon:222005,Viola stagnina,species,VU,Violaceae,Malpighiales,Threatened - Poorly Sampled,1,1,2557
urn:lsid:dyntaxa.se:Taxon:222005,Viola stagnina,species,VU,Violaceae,Malpighiales,Threatened - Poorly Sampled,1,1,8
urn:lsid:dyntaxa.se:Taxon:1955,Viola tricolor subsp. curtisii,subspecies,VU,Violaceae,Malpighiales,Threatened - Poorly Sampled,1,1,24273
urn:lsid:dyntaxa.se:Taxon:1955,Viola tricolor subsp. curtisii,subspecies,VU,Violaceae,Malpighiales,Threatened - Poorly Sampled,1,1,263
urn:lsid:dyntaxa.se:Taxon:251452,Virescentia vogesiaca,species,VU,Batrachospermaceae,Batrachospermales,Threatened - Poorly Sampled,1,1,3
urn:lsid:dyntaxa.se:Taxon:217845,Virgularia tuberculata,species,VU,Virgulariidae,Pennatulacea,Threatened - Poorly Sampled,1,1,3
urn:lsid:dyntaxa.se:Taxon:1668,Volvariella bombycina,species,VU,Pluteaceae,Agaricales,Threatened - Poorly Sampled,1,1,490
urn:lsid:dyntaxa.se:Taxon:1669,Volvariella caesiotincta,species,VU,Pluteaceae,Agaricales,Threatened - Poorly Sampled,1,1,28
urn:lsid:dyntaxa.se:Taxon:234732,Wagneriala minima,species,VU,Cicadellidae,Hemiptera,Threatened - Not in GBIF,,,
urn:lsid:dyntaxa.se:Taxon:1646,Weissia perssonii,species,VU,Pottiaceae,Pottiales,Threatened - Poorly Sampled,1,1,35
urn:lsid:dyntaxa.se:Taxon:102894,Wormaldia occipitalis,species,VU,Philopotamidae,Trichoptera,Threatened - Poorly Sampled,1,1,69
urn:lsid:dyntaxa.se:Taxon:218192,Xenocratena suecica,species,VU,Xenocratenidae,Nudibranchia,Threatened - Poorly Sampled,1,1,6
urn:lsid:dyntaxa.se:Taxon:214907,Xerocnephasia rigana,species,VU,Tortricidae,Lepidoptera,Threatened - Poorly Sampled,1,1,156
urn:lsid:dyntaxa.se:Taxon:101931,Xerocrassa geyeri,species,VU,Geomitridae,Stylommatophora,Threatened - Poorly Sampled,1,1,80
urn:lsid:dyntaxa.se:Taxon:1680,Xerula pudens,species,VU,Physalacriaceae,Agaricales,Threatened - Poorly Sampled,1,1,409
urn:lsid:dyntaxa.se:Taxon:101982,Xestia distensa,species,VU,Noctuidae,Lepidoptera,Threatened - Poorly Sampled,1,1,42
urn:lsid:dyntaxa.se:Taxon:101984,Xestia gelida,species,VU,Noctuidae,Lepidoptera,Threatened - Poorly Sampled,1,1,70
urn:lsid:dyntaxa.se:Taxon:216252,Xestia laetabilis,species,VU,Noctuidae,Lepidoptera,Threatened - Poorly Sampled,1,1,115
urn:lsid:dyntaxa.se:Taxon:216246,Xestia quieta,species,VU,Noctuidae,Lepidoptera,Threatened - Poorly Sampled,1,1,13
urn:lsid:dyntaxa.se:Taxon:236137,Xiphydria betulae,species,VU,Xiphydriidae,Hymenoptera,Threatened - Poorly Sampled,1,1,1
urn:lsid:dyntaxa.se:Taxon:101995,Xyletinus vaederoeensis,species,VU,Ptinidae,Coleoptera,Threatened - Poorly Sampled,1,1,19
urn:lsid:dyntaxa.se:Taxon:101997,Xylodromus testaceus,species,VU,Staphylinidae,Coleoptera,Threatened - Poorly Sampled,1,1,20
urn:lsid:dyntaxa.se:Taxon:230393,Xylographa opegraphella,species,VU,Xylographaceae,Baeomycetales,Threatened - Poorly Sampled,1,1,25
urn:lsid:dyntaxa.se:Taxon:230393,Xylographa opegraphella,species,VU,Xylographaceae,Baeomycetales,Threatened - Poorly Sampled,1,1,36
urn:lsid:dyntaxa.se:Taxon:102556,Xylota xanthocnema,species,VU,Syrphidae,Diptera,Threatened - Poorly Sampled,1,1,12
urn:lsid:dyntaxa.se:Taxon:249457,Yoldiella nana,species,VU,Yoldiidae,Nuculanoida,Threatened - Poorly Sampled,1,1,9
urn:lsid:dyntaxa.se:Taxon:102010,Zabrus tenebrioides,species,VU,Carabidae,Coleoptera,Threatened - Poorly Sampled,1,1,14
urn:lsid:dyntaxa.se:Taxon:218191,Zelentia pustulata,species,VU,Trinchesiidae,Nudibranchia,Threatened - Poorly Sampled,1,1,1
urn:lsid:dyntaxa.se:Taxon:219616,Zostera marina,species,VU,Zosteraceae,Alismatales,Threatened - Poorly Sampled,1,1,10190
urn:lsid:dyntaxa.se:Taxon:1683,Zostera noltii,species,VU,Zosteraceae,Alismatales,Threatened - Poorly Sampled,1,1,346
